Protein	PDB ID	Description	Residues (Length)	Dep. Date	Method	Resolution	Authors	From Patient	Sample origin	Disease	Tissue	Role (P/F/S)	BMRB	EMDB	PubMed	UniProt	Organism	Mutation	Modification
12S seed storage protein CRC	9QFM	LY12 Main Morphology	223-234 (12)	2025-03-12	ELECTRON MICROSCOPY	2.86	Kumar, V.; Stoyanov, N.; Kaushik, V.; Kumar, S.; Schmidt, M.; Fandrich, M.; Segal, D.		in_vitro			F		EMD-53117	41932473	Q96318	Arabidopsis thaliana (Mouse-ear cress)		
17kDa alpha-amylase/trypsin inhibitor 2	9QLU	Amyloid structure of 17kDa alpha-amylase/trypsin inhibitor 2 (Uniprot ID: AI172_ORYSJ)	90-155 (66)	2025-03-21	ELECTRON MICROSCOPY	2.54	Rhyner, D.; Frey, L.; Zhou, J.; Kwiatkowski, W.; Mezzenga, R.; Riek, R.; Greenwald, J.		in_vitro			F		EMD-53234	41123416	Q7X8H9	Oryza sativa subsp. japonica (Rice)		
Abeta40	12GB	High Resolution Structure of Monomorphic AB1-40 Fibrils	10-40 (31)	2026-04-03	SOLID-STATE NMR		Bahri, S.; Palani, R.S.; Silvers, R.; Michael, B.; Lattanzi, V.; Andre, I.; Linse, S.; Griffin, R.G.		in_vitro			P	31300			P05067	Homo sapiens (Human)		
Abeta40	2LMN	Structural Model for a 40-Residue Beta-Amyloid Fibril with Two-Fold Symmetry, Positive Stagger	9-40 (32)	2011-12-08	SOLID-STATE NMR		Paravastu, A.K.; Leapman, R.D.; Yau, W.M.; Tycko, R.		in_vitro			P	18127		19015532	P05067	Homo sapiens (Human)		
Abeta40	2LMO	Structural Model for a 40-Residue Beta-Amyloid Fibril with Two-Fold Symmetry, Negative Stagger	9-40 (32)	2011-12-08	SOLID-STATE NMR		Paravastu, A.K.; Leapman, R.D.; Yau, W.M.; Tycko, R.		in_vitro			P	18128		19015532	P05067	Homo sapiens (Human)		
Abeta40	2LMP	Structural Model for a 40-residue Beta-Amyloid Fibril with Three-Fold Symmetry, Positive Stagger	9-40 (32)	2011-12-08	SOLID-STATE NMR		Paravastu, A.; Leapman, R.; Yau, W.; Tycko, R.		in_vitro			P	18129		19015532	P05067	Homo sapiens (Human)		
Abeta40	2LMQ	Structural Model for a 40-residue Beta-Amyloid Fibril with Three-Fold Symmetry, Negative Stagger	9-40 (32)	2011-12-09	SOLID-STATE NMR		Paravastu, A.K.; Leapman, R.D.; Yau, W.M.; Tycko, R.		in_vitro			P	18131		19015532	P05067	Homo sapiens (Human)		
Abeta40	2LNQ	40-residue D23N beta amyloid fibril	15-40 (26)	2012-01-03	SOLID-STATE NMR		Qiang, W.; Yau, W.M.; Luo, Y.; Mattson, M.P.; Tycko, R.		in_vitro			P	18175		22403062	P05067	Homo sapiens (Human)	D23N	
Abeta40	2M4J	40-residue beta-amyloid fibril derived from Alzheimer's disease brain	1-40 (40)	2013-02-05	SOLID-STATE NMR		Lu, J.X.; Qiang, W.; Yau, W.M.; Schwieters, C.D.; Meredith, S.C.; Tycko, R.		seeded_amplified	Alzheimer's disease 	Seeded by brain (patient I: occipital lobe and temporal/parietal lobe)	P	19009		24034249	P05067	Homo sapiens (Human)		
Abeta40	2MPZ	"Atomic model of the Abeta D23N ""Iowa"" mutant using solid-state NMR, EM and Rosetta modeling"	15-40 (26)	2014-06-10	SOLID-STATE NMR		Sgourakis, N.G.; Yau, W.M.; Qiang, W.		in_vitro			P	25004		25543257	P05067	Homo sapiens (Human)	D23N	
Abeta40	2MVX	Atomic-resolution 3D structure of amyloid-beta fibrils: the Osaka mutation	1-40 (40)	2014-10-17	SOLID-STATE NMR		Schutz, A.K.; Vagt, T.; Huber, M.; Ovchinnikova, O.Y.; Cadalbert, R.; Wall, J.; Guntert, P.; Bockmann, A.; Glockshuber, R.; Meier, B.H.		in_vitro			P	25289		25395337	P05067	Homo sapiens (Human)	E22D	
Abeta40	6OC9	S8 phosphorylated beta amyloid 40 fibrils	1-40 (40)	2019-03-22	SOLID-STATE NMR		Hu, Z.W.; Vugmeyster, L.; Au, D.F.; Ostrovsky, D.; Sun, Y.; Qiang, W.		in_vitro			P	30596		31097588	P05067	Homo sapiens (Human)		pS8
Abeta40	6SHS	Abeta fibril (Morphology I)	1-40 (40)	2019-08-08	ELECTRON MICROSCOPY	4.40	Kollmer, M.; Close, W.; Funk, L.; Rasmussen, J.; Bsoul, A.; Schierhorn, A.; Schmidt, M.; Sigurdson, C.J.; Jucker, M.; Fandrich, M.	√	human_ex_vivo	Alzheimer's disease	human meningeal tissue	P		EMD-10204	31664019	P05067	Homo sapiens (Human)		
Abeta40	6TI5	A New Structural Model of Abeta(1-40) Fibrils	11-40 (30)	2019-11-21	SOLID-STATE NMR		Cerofolini, L.; Ravera, E.; Bologna, S.; Wiglenda, T.; Boddrich, A.; Purfurst, B.; Benilova, I.; Korsak, M.; Gallo, G.; Rizzo, D.; Gonnelli, L.; Fragai, M.; De Strooper, B.; Wanker, E.E.; Luchinat, C.		in_vitro			P	34454		32749391	P05067	Homo sapiens (Human)		
Abeta40; Abeta42	6TI6	Mixing Abeta(1-40) and Abeta(1-42) peptides generates unique amyloid fibrils	11-40 (30); 11-42 (32)	2019-11-21	SOLID-STATE NMR		Cerofolini, L.; Ravera, E.; Bologna, S.; Wiglenda, T.; Boddrich, A.; Purfurst, B.; Benilova, I.; Korsak, M.; Gallo, G.; Rizzo, D.; Gonnelli, L.; Fragai, M.; De Strooper, B.; Wanker, E.E.; Luchinat, C.		in_vitro			P	34455		32749391	P05067	Homo sapiens (Human)		
Abeta40; Abeta42	6TI7	Mixing Abeta(1-40) and Abeta(1-42) peptides generates unique amyloid fibrils	11-40 (30); 11-42 (32)	2019-11-21	SOLID-STATE NMR		Cerofolini, L.; Ravera, E.; Bologna, S.; Wiglenda, T.; Boddrich, A.; Purfurst, B.; Benilova, I.; Korsak, M.; Gallo, G.; Rizzo, D.; Gonnelli, L.; Fragai, M.; De Strooper, B.; Wanker, E.E.; Luchinat, C.		in_vitro			P	34456		32749391	P05067	Homo sapiens (Human)		
Abeta40	6W0O	Amyloid-beta(1-40) fibril derived from Alzheimer's disease cortical tissue	10-40 (31)	2020-03-02	ELECTRON MICROSCOPY, SOLID-STATE NMR	2.77	Ghosh, U.; Thurber, K.R.; Yau, W.M.; Tycko, R.		seeded_amplified	Alzheimer's disease 	Seeded by AD patient cortical tissue (parietal lobe, patient t-AD3)	P	30731	EMD-21501	33431654	P05067	Homo sapiens (Human)		
Abeta40	7Y8Q	Amyloid-beta assemblage on GM1-containing membranes	12-40 (29)	2022-06-24	SOLID-STATE NMR		Yagi-Utsumi, M.; Itoh, S.G.; Okumura, H.; Yanagisawa, K.; Kato, K.; Nishimura, K.		in_vitro			P	36495		37482658	P05067	Homo sapiens (Human)		
Abeta40	8BG0	Amyloid-beta tetrameric filaments with the Arctic mutation (E22G) from Alzheimer's disease brains | ABeta40	11-37 (27); 12-40 (29)	2022-10-27	ELECTRON MICROSCOPY	1.99	Yang, Y.; Zhang, W.; Murzin, A.G.; Schweighauser, M.; Huang, M.; Lovestam, S.; Peak-Chew, S.Y.; Saito, T.; Saido, T.C.; Macdonald, J.; Lavenir, I.; Ghetti, B.; Graff, C.; Kumar, A.; Nordberg, A.; Goedert, M.; Scheres, S.H.W.	√	human_ex_vivo	Alzheimer's disease	human frontal cortex	P		EMD-16023	36611124	P05067	Homo sapiens (Human)	E22G	
Abeta40	8BG9	Murine amyloid-beta filaments with the Arctic mutation (E22G) from APP(NL-G-F) mouse brains | ABeta	1-37 (37)	2022-10-27	ELECTRON MICROSCOPY	3.50	Yang, Y.; Zhang, W.; Murzin, A.G.; Schweighauser, M.; Huang, M.; Lovestam, S.; Peak-Chew, S.Y.; Saito, T.; Saido, T.C.; Macdonald, J.; Lavenir, I.; Ghetti, B.; Graff, C.; Kumar, A.; Nordberg, A.; Goedert, M.; Scheres, S.H.W.		animal_ex_vivo		AppNL-G-F mouse brain	P		EMD-16027	36611124	P12023	Mus musculus (Mouse)	E22G	
Abeta40	8FF2	Amyloid-beta (1-40) fibrils derived from a CAA patient	1-38 (38)	2022-12-07	ELECTRON MICROSCOPY	2.87	Fu, Z.; Crooks, E.J.; Irizarry, B.A.; Zhu, X.; Chowdhury, S.; Van Nostrand, W.E.; Smith, S.O.		seeded_amplified		Seeded by sCAA patient (cerebral vasculature)	P		EMD-29036	38615725	P05067	Homo sapiens (Human)		
Abeta40	8FF3	Amyloid-beta (1-40) fibrils derived from familial Dutch-type CAA patient (population B)	15-39 (25)	2022-12-07	ELECTRON MICROSCOPY	3.09	Fu, Z.; Crooks, E.J.; Irizarry, B.A.; Zhu, X.; Chowdhury, S.; Van Nostrand, W.E.; Smith, S.O.		seeded_amplified		Seeded by fCAA-Dutch patient vascular amyloid	P		EMD-29037	38615725	P05067	Homo sapiens (Human)		
Abeta40	8J47	CryoEM Structure of 40-Residue Arctic (E22G) Beta-Amyloid Fibril Derived by Co-Analysis with Solid-State NMR | E22G Abeta40	12-40 (28)	2023-04-19	ELECTRON MICROSCOPY	2.50	Tehrani, M.J.; Matsuda, I.; Yamagata, A.; Kodama, Y.; Matsunaga, T.; Sato, M.; Toyooka, K.; McElheny, D.; Kobayashi, N.; Shirouzu, M.; Ishii, Y.		in_vitro			P		EMD-35972	39147751	P05067	Homo sapiens (Human)	E22G	
Abeta40	8OT1	unseeded Abeta(1-40) amyloid fibril (morphology i)	13-40 (28)	2023-04-20	ELECTRON MICROSCOPY	2.59	Pfeiffer, P.B.; Ugrina, M.; Schwierz, N.; Sigurdson, C.J.; Schmidt, M.; Fandrich, M.		in_vitro			P		EMD-17166	38158175	P05067	Homo sapiens (Human)		
Abeta40	8OT3	unseeded Abeta(1-40) amyloid fibril (morphology ii)	13-40 (28)	2023-04-20	ELECTRON MICROSCOPY	2.73	Pfeiffer, P.B.; Ugrina, M.; Schwierz, N.; Sigurdson, C.J.; Schmidt, M.; Fandrich, M.		in_vitro			P		EMD-17167	38158175	P05067	Homo sapiens (Human)		
Abeta40	8OT4	seeded Abeta(1-40) amyloid fibril (morphology I)	1-37 (37)	2023-04-20	ELECTRON MICROSCOPY	2.97	Pfeiffer, P.B.; Ugrina, M.; Schwierz, N.; Sigurdson, C.J.; Schmidt, M.; Fandrich, M.		seeded_amplified		Seeded by AD patient meningeal tissue	P		EMD-17168	38158175	P05067	Homo sapiens (Human)		
Abeta40	8OVK	Lipidic amyloid-beta(1-40) fibril - polymorph L1	1-40 (40)	2023-04-26	ELECTRON MICROSCOPY	2.88	Frieg, B.; Han, M.; Giller, K.; Dienemann, C.; Riedel, D.; Becker, S.; Andreas, L.B.; Griesinger, C.; Schroder, G.F.		in_vitro			P		EMD-17218	38351005	P05067	Homo sapiens (Human)		
Abeta40	8OVM	Lipidic amyloid-beta(1-40) fibril - polymorph L2	5-40 (36)	2023-04-26	ELECTRON MICROSCOPY	3.24	Frieg, B.; Han, M.; Giller, K.; Dienemann, C.; Riedel, D.; Becker, S.; Andreas, L.B.; Griesinger, C.; Schroder, G.F.		in_vitro			P		EMD-17223	38351005	P05067	Homo sapiens (Human)		
Abeta40	8OWD	Lipidic amyloid-beta(1-40) fibril - polymorph L3	1-40 (40)	2023-04-27	ELECTRON MICROSCOPY	3.28	Frieg, B.; Han, M.; Giller, K.; Dienemann, C.; Riedel, D.; Becker, S.; Andreas, L.B.; Griesinger, C.; Schroder, G.F.		in_vitro			P		EMD-17234	38351005	P05067	Homo sapiens (Human)		
Abeta40	8OWE	Lipidic amyloid-beta(1-40) fibril - polymorph L2-L3	1-40 (40); 4-40 (37)	2023-04-27	ELECTRON MICROSCOPY	3.75	Frieg, B.; Han, M.; Giller, K.; Dienemann, C.; Riedel, D.; Becker, S.; Andreas, L.B.; Griesinger, C.; Schroder, G.F.		in_vitro			P		EMD-17235	38351005	P05067	Homo sapiens (Human)		
Abeta40	8OWJ	Lipidic amyloid-beta(1-40) fibril - polymorph L2-L2	5-40 (36)	2023-04-28	ELECTRON MICROSCOPY	3.75	Frieg, B.; Han, M.; Giller, K.; Dienemann, C.; Riedel, D.; Becker, S.; Andreas, L.B.; Griesinger, C.; Schroder, G.F.		in_vitro			P		EMD-17238	38351005	P05067	Homo sapiens (Human)		
Abeta40	8OWK	Lipidic amyloid-beta(1-40) fibril - polymorph L3-L3	1-40 (40)	2023-04-28	ELECTRON MICROSCOPY	3.86	Frieg, B.; Han, M.; Giller, K.; Dienemann, C.; Riedel, D.; Becker, S.; Andreas, L.B.; Griesinger, C.; Schroder, G.F.		in_vitro			P		EMD-17239	38351005	P05067	Homo sapiens (Human)		
Abeta40	8QN6	Amyloid-beta 40 type 2 filament from the leptomeninges of individual with Alzheimer's disease and cerebral amyloid angiopathy	1-38 (38)	2023-09-25	ELECTRON MICROSCOPY	2.40	Yang, Y.; Murzin, A.G.; Peak-Chew, S.; Franco, C.; Garringer, H.J.; Newell, K.L.; Ghetti, B.; Goedert, M.; Scheres, S.H.W.	√	human_ex_vivo	Alzheimer's disease and cerebral amyloid angiopathy	human leptomeninges	P		EMD-18508	38049918	P05067	Homo sapiens (Human)		
Abeta40	8QN7	Amyloid-beta 40 type 1 filament from the leptomeninges of individual with Alzheimer's disease and cerebral amyloid angiopathy	1-38 (38)	2023-09-25	ELECTRON MICROSCOPY	2.70	Yang, Y.; Murzin, A.G.; Peak-Chew, S.; Franco, C.; Garringer, H.J.; Newell, K.L.; Ghetti, B.; Goedert, M.; Scheres, S.H.W.	√	human_ex_vivo	Alzheimer's disease and cerebral amyloid angiopathy	human leptomeninges	P		EMD-18509	38049918	P05067	Homo sapiens (Human)		
Abeta40	8SEK	Type IIIa beta-amyloid 40 Filaments from Down syndrome	9-40 (32)	2023-04-10	ELECTRON MICROSCOPY	3.50	Fernandez, A.; Hoq, M.R.; Hallinan, G.I.; Li, D.; Bharath, S.R.; Vago, F.S.; Zhang, X.; Ozcan, K.A.; Newell, K.L.; Garringer, H.J.; Jiang, W.; Ghetti, B.; Vidal, R.	√	human_ex_vivo	Down syndrome	human brain (temporal cortex, Down syndrome case 2)	P		EMD-40419	38553642	P05067	Homo sapiens (Human)		
Abeta40	8SEL	Type IIIb beta-amyloid 40 Filaments from Down Syndrome	8-40 (33)	2023-04-10	ELECTRON MICROSCOPY	3.80	Fernandez, A.; Hoq, M.R.; Hallinan, G.I.; Li, D.; Bharath, S.R.; Vago, F.S.; Zhang, X.; Ozcan, K.A.; Newell, K.L.; Garringer, H.J.; Jiang, W.; Ghetti, B.; Vidal, R.	√	human_ex_vivo	Alzheimer's disease	human temporal cortex	P		EMD-40421	38553642	P05067	Homo sapiens (Human)		
Abeta42	9FH2	Cryo-EM Structure of Amyloid-beta Fibrils Carrying the Uppsala AbetaUpp(1-42)delta(19-24) Mutation - Polymorph 1	9-18; 25-42 (28)	2024-05-26	ELECTRON MICROSCOPY	3.70	Zielinski, M.; Peralta Reyes, F.S.; Gremer, L.; Sommerhage, S.; Pagnon de la Vega, M.; Roder, C.; Heidler, T.V.; Syvanen, S.; Willbold, D.; Sehlin, D.; Ingelsson, M.; Schroder, G.F.		in_vitro			P		EMD-50437	41044681	P05067	Homo sapiens (Human)		d19-24
Abeta42	9FH3	Cryo-EM Structure of Amyloid-beta Fibrils Carrying the Uppsala AbetaUpp(1-42)delta(19-24) Mutation - Polymorph 2	9-18; 25-42 (28)	2024-05-26	ELECTRON MICROSCOPY	3.90	Zielinski, M.; Peralta Reyes, F.S.; Gremer, L.; Sommerhage, S.; Pagnon de la Vega, M.; Roder, C.; Heidler, T.V.; Syvanen, S.; Willbold, D.; Sehlin, D.; Ingelsson, M.; Schroder, G.F.		in_vitro			P		EMD-50438	41044681	P05067	Homo sapiens (Human)		d19-24
Abeta42	9FH5	Cryo-EM Structure of Amyloid-beta Fibrils Carrying the Uppsala AbetaUpp(1-42)delta(19-24) Mutation - Polymorph 4	29-42 (14)	2024-05-26	ELECTRON MICROSCOPY	3.80	Zielinski, M.; Peralta Reyes, F.S.; Gremer, L.; Sommerhage, S.; Pagnon de la Vega, M.; Roder, C.; Heidler, T.V.; Syvanen, S.; Willbold, D.; Sehlin, D.; Ingelsson, M.; Schroder, G.F.		in_vitro			P		EMD-50440	41044681	P05067	Homo sapiens (Human)		d19-24
Abeta40	9IIO	J-shaped conformer of amyloid beta (1-40)	1-40 (40)	2024-06-21	ELECTRON MICROSCOPY	3.30	Burton-Smith, R.N.; Yagi-Utsumi, M.; Yanaka, S.; Song, C.; Murata, K.; Kato, K.		in_vitro			P		EMD-60603	39940945	P05067	Homo sapiens (Human)		
Abeta42	9K0E	Cryo-EM structure of Amyloid-beta42-4b polymorph 2	11-42 (32); 11-19 (9)	2024-10-15	ELECTRON MICROSCOPY	2.80	Wei, Q.; Liu, D.; Xia, W.; Wang, F.; Huang, L.; Zhang, J.; Wang, X.; Xu, Z.; He, C.; Li, W.; Shi, X.; Wang, C.; Liu, Y.; Liu, C.; Dong, S.		in_vitro			P		EMD-61945	40593714	P05067	Homo sapiens (Human)		
Abeta40	9M5P	I-type amyloid fibril (40) of Tottori (D7N) mutant	16-37 (22)	2025-03-06	ELECTRON MICROSCOPY	3.30	Yagi-Utsumi, M.; Yanaka, S.; Burton-Smith, R.N.; Song, C.; Ganser, C.; Yamazaki, C.; Kasahara, H.; Shimazu, T.; Uchihashi, T.; Murata, K.; Kato, K.		in_vitro			P		EMD-63646	40554613	P05067	Homo sapiens (Human)		D7N
Abeta40	9M5Q	V-type (V1-type) amyloid fibril (40) of Tottori (D7N) mutant	13-39 (27)	2025-03-06	ELECTRON MICROSCOPY	3.30	Yagi-Utsumi, M.; Yanaka, S.; Burton-Smith, R.N.; Song, C.; Ganser, C.; Yamazaki, C.; Kasahara, H.; Shimazu, T.; Uchihashi, T.; Murata, K.; Kato, K.		in_vitro			P		EMD-63647	40554613	P05067	Homo sapiens (Human)		D7N
Abeta40	9M5R	ES-type (short pitch) amyloid fibril (40) of Tottori (D7N) mutant	17-39 (23)	2025-03-06	ELECTRON MICROSCOPY	3.60	Yagi-Utsumi, M.; Yanaka, S.; Burton-Smith, R.N.; Song, C.; Ganser, C.; Yamazaki, C.; Kasahara, H.; Shimazu, T.; Uchihashi, T.; Murata, K.; Kato, K.		in_vitro			P		EMD-63648	40554613	P05067	Homo sapiens (Human)		D7N
Abeta40	9RAW	The L1 amyloid-beta(1-40)fibril in the presence of anle138b (post-treatment)	1-40 (40)	2025-05-21	ELECTRON MICROSCOPY	2.79	Han, M.; Frieg, B.; Matthes, D.; Leonov, A.; Ryazanov, S.; Giller, K.; Nimerovsky, E.; Stampolaki, M.; Xue, K.; Overkamp, K.; Dienemann, C.; Riedel, D.; Giese, A.; Becker, S.; de Groot, B.L.; Schroder, G.F.; Andreas, L.B.; Griesinger, C.		in_vitro			P		EMD-53880	41044155	P05067	Homo sapiens (Human)		
Abeta40	9RAX	The L1 amyloid-beta(1-40)fibril in the presence of anle138b (pre-treatment)	1-40 (40)	2025-05-21	ELECTRON MICROSCOPY	2.76	Han, M.; Frieg, B.; Matthes, D.; Leonov, A.; Ryazanov, S.; Giller, K.; Nimerovsky, E.; Stampolaki, M.; Xue, K.; Overkamp, K.; Dienemann, C.; Riedel, D.; Giese, A.; Becker, S.; de Groot, B.L.; Schroder, G.F.; Andreas, L.B.; Griesinger, C.		in_vitro			P		EMD-53882	41044155	P05067	Homo sapiens (Human)		
Abeta40	9RIV	Population B fibril generated from the Heterotypic interaction of Abeta40 and Medin.	1-40 (40)	2025-06-11	ELECTRON MICROSCOPY	2.63	Pradhan, B.; Kumar, S.T.; Wagner, J.; Gallardo, R.; Orlando, G.; Vleeschouwer, M.D.; Madine, J.; Louros, N.; Neher, J.; Schymkowitz, J.; Rousseau, F.		in_vitro			P		EMD-54006		P05067	Homo sapiens (Human)		
Abeta40	9RIW	Population A fibril generated from the Heterotypic interaction of Abeta40 and Medin.	15-40 (26)	2025-06-11	ELECTRON MICROSCOPY	3.10	Pradhan, B.; Kumar, S.T.; Wagner, J.; Gallardo, R.; Orlando, G.; Vleeschouwer, M.D.; Madine, J.; Louros, N.; Neher, J.; Schymkowitz, J.; Rousseau, F.		in_vitro			P		EMD-54007		P05067	Homo sapiens (Human)		
Abeta40	9UMH	V-type (V2-type) amyloid fibril (40) of Tottori (D7N) mutant	13-39 (27)	2025-04-22	ELECTRON MICROSCOPY	3.10	Yagi-Utsumi, M.; Yanaka, S.; Burton-Smith, R.N.; Song, C.; Ganser, C.; Yamazaki, C.; Kasahara, H.; Shimazu, T.; Uchihashi, T.; Murata, K.; Kato, K.		in_vitro			P		EMD-64274	40554613	P05067	Homo sapiens (Human)		D7N
Abeta42	21FB	Structure of minor species of Abeta fibrils from AppNL-FPsen1P117L mice	9-42 (34)	2025-12-10	ELECTRON MICROSCOPY	3.40	Cao, Q.; Zhang, D.; Song, M.; Zheng, H.; Han, J.; Xu, K.		animal_ex_vivo		AppNL-FPsen1P117L mouse brain	P		EMD-67622		P05067	Homo sapiens (Human)		
Abeta42	2BEG	3D Structure of Alzheimer's Abeta(1-42) fibrils	17-42 (26)	2005-10-24	SOLUTION NMR		Luhrs, T.; Ritter, C.; Adrian, M.; Riek-Loher, D.; Bohrmann, B.; Dobeli, H.; Schubert, D.; Riek, R.		in_vitro			P	5057		16293696	P05067	Homo sapiens (Human)		
Abeta42	2MXU	42-Residue Beta Amyloid Fibril	11-42 (32)	2015-01-14	SOLID-STATE NMR		Xiao, Y.; Ma, B.; McElheny, D.; Parthasarathy, S.; Long, F.; Hoshi, M.; Nussinov, R.; Ishii, Y.		in_vitro			P	25429		25938662	P05067	Homo sapiens (Human)		
Abeta42	2NAO	Atomic resolution structure of a disease-relevant Abeta(1-42) amyloid fibril	1-42 (42)	2016-01-07	SOLUTION NMR		Walti, M.A.; Ravotti, F.; Arai, H.; Glabe, C.G.; Wall, J.S.; Bockmann, A.; Guntert, P.; Meier, B.H.; Riek, R.		in_vitro			P	26692		27469165	P05067	Homo sapiens (Human)		
Abeta42	5AEF	Electron cryo-microscopy of an Abeta(1-42)amyloid fibril	15-42 (28)	2015-08-29	ELECTRON MICROSCOPY	5.00	Schmidt, M.; Rohou, A.; Lasker, K.; Yadav, J.K.; Schiene-Fischer, C.; Fandrich, M.; Grigorie, N.		in_vitro			P		EMD-3132	26351699	P05067	Homo sapiens (Human)		
Abeta42	5KK3	Atomic Resolution Structure of Monomorphic AB42 Amyloid Fibrils	11-42 (32)	2016-06-20	SOLID-STATE NMR		Colvin, M.T.; Silvers, R.; Ni, Q.Z.; Can, T.V.; Sergeyev, I.; Rosay, M.; Donovan, K.J.; Michael, B.; Wall, J.; Linse, S.; Griffin, R.G.		in_vitro			P	30121		27355699	P05067	Homo sapiens (Human)		
Abeta42	5OQV	Near-atomic resolution fibril structure of complete amyloid-beta(1-42) by cryo-EM	1-42 (42)	2017-08-14	ELECTRON MICROSCOPY	4.00	Gremer, L.; Scholzel, D.; Schenk, C.; Reinartz, E.; Labahn, J.; Ravelli, R.B.G.; Tusche, M.; Lopez-Iglesias, C.; Hoyer, W.; Heise, H.; Willbold, D.; Schroder, G.F.		in_vitro			P	27212	EMD-3851	28882996	P05067	Homo sapiens (Human)		
Abeta42	7F29	Cryo-EM structure of the fibril formed by disaccharide-modified amyloid-beta(1-42)	6-42 (37)	2021-06-10	ELECTRON MICROSCOPY	3.10	Liu, D.; Wei, Q.; Xia, W.; He, C.; Zhang, Q.; Huang, L.; Wang, X.; Sun, Y.; Ma, Y.; Zhang, X.; Wang, Y.; Shi, X.; Liu, C.; Dong, S.		in_vitro			P		EMD-31428	34841862	P05067	Homo sapiens (Human)		gY10
Abeta42	7Q4B	Type I beta-amyloid 42 Filaments from Human Brain	9-42 (34)	2021-10-30	ELECTRON MICROSCOPY	2.50	Yang, Y.; Arseni, D.; Zhang, W.; Huang, M.; Lovestam, S.; Schweighauser, M.; Kotecha, A.; Murzin, A.G.; Peak-Chew, S.Y.; Macdonald, J.; Lavenir, I.; Garringer, H.J.; Gelpi, E.; Newell, K.L.; Kovacs, G.G.; Vidal, R.; Ghetti, B.; Ryskeldi-Falcon, B.; Scheres, S.H.W.; Goedert, M.	√	human_ex_vivo	Alzheimer's disease	human brain (frontal cortex)	P		EMD-13800	35025654	P05067	Homo sapiens (Human)		
Abeta42	7Q4M	Type II beta-amyloid 42 Filaments from Human Brain	12-42 (31)	2021-11-01	ELECTRON MICROSCOPY	2.80	Yang, Y.; Arseni, D.; Zhang, W.; Huang, M.; Lovestam, S.; Schweighauser, M.; Kotecha, A.; Murzin, A.G.; Peak-Chew, S.Y.; Macdonald, J.; Lavenir, I.; Garringer, H.J.; Gelpi, E.; Newell, K.L.; Kovacs, G.G.; Vidal, R.; Ghetti, B.; Ryskeldi-Falcon, B.; Scheres, S.H.W.; Goedert, M.	√	human_ex_vivo	Alzheimer's disease	human brain (frontal cortex)	P		EMD-13809	35025654	P05067	Homo sapiens (Human)		
Abeta42	8AZS	Type I amyloid-beta 42 filaments from high-spin supernatants of aqueous extracts from Alzheimer's disease brains | ABeta42	9-42 (34)	2022-09-06	ELECTRON MICROSCOPY	2.90	Stern, A.M.; Yang, Y.; Jin, S.; Yamashita, K.; Meunier, A.L.; Liu, W.; Cai, Y.; Ericsson, M.; Liu, L.; Goedert, M.; Scheres, S.H.W.; Selkoe, D.J.	√	human_ex_vivo	Alzheimer's disease	human brain (frontal, parietal, and temporal cortex)	P		EMD-15770	37167969	P05067	Homo sapiens (Human)		
Abeta42	8AZT	Type II amyloid-beta 42 filaments from high-spin supernatants of aqueous extracts from Alzheimer's disease brains | ABeta42	12-42 (31)	2022-09-06	ELECTRON MICROSCOPY	3.70	Stern, A.M.; Yang, Y.; Jin, S.; Yamashita, K.; Meunier, A.L.; Liu, W.; Cai, Y.; Ericsson, M.; Liu, L.; Goedert, M.; Scheres, S.H.W.; Selkoe, D.J.	√	human_ex_vivo	Alzheimer's disease	human Alzheimer's disease brain cortex (aqueous soaking extract supernatant)	P		EMD-15771	37167969	P05067	Homo sapiens (Human)		
Abeta42	8BFA	Sarkosyl-extracted AppNL-G-F Abeta42 fibril structure	1-38 (38)	2022-10-24	ELECTRON MICROSCOPY	3.00	Leistner, C.; Wilkinson, M.; Burgess, A.; Lovatt, M.; Goodbody, S.; Xu, Y.; Deuchars, S.; Radford, S.E.; Ranson, N.A.; Frank, R.A.W.		animal_ex_vivo		AppNL-G-F mouse forebrain (cortex and hippocampus)	P		EMD-16018	37198197	P05067	Homo sapiens (Human)	E22G	
Abeta42	8BFB	Sarkosyl-extracted AppNL-G-F Abeta42 fibril structure (Methoxy-X04-labelled mice)	1-38 (38)	2022-10-24	ELECTRON MICROSCOPY	3.20	Leistner, C.; Wilkinson, M.; Burgess, A.; Lovatt, M.; Goodbody, S.; Xu, Y.; Deuchars, S.; Radford, S.E.; Ranson, N.A.; Frank, R.A.W.		animal_ex_vivo		AppNL-G-F mouse forebrain (cortex and hippocampus), Methoxy-X04-labelled	P		EMD-16019	37198197	P05067	Homo sapiens (Human)	E22G	
Abeta42	8BFZ	Amyloid-beta 42 filaments extracted from the human brain with Arctic mutation (E22G) of Alzheimer's disease | ABeta42	12-42 (31)	2022-10-27	ELECTRON MICROSCOPY	2.80	Yang, Y.; Zhang, W.; Murzin, A.G.; Schweighauser, M.; Huang, M.; Lovestam, S.; Peak-Chew, S.Y.; Saito, T.; Saido, T.C.; Macdonald, J.; Lavenir, I.; Ghetti, B.; Graff, C.; Kumar, A.; Nordberg, A.; Goedert, M.; Scheres, S.H.W.	√	human_ex_vivo	Alzheimer's disease	human frontal cortex (case A_PParc1)	P		EMD-16022	36611124	P05067	Homo sapiens (Human)	E22G	
Abeta42	8EZD	Brain-derived 42-residue amyloid-beta fibril type A	12-42 (31)	2022-10-31	ELECTRON MICROSCOPY	2.83	Lee, M.; Yau, W.M.; Louis, J.M.; Tycko, R.		seeded_amplified		Seeded by AD patient parietal lobe brain tissue	P		EMD-28740	36893281	P05067	Homo sapiens (Human)		
Abeta42	8EZE	Brain-derived 42-residue amyloid-beta fibril type B	1-42 (42)	2022-10-31	ELECTRON MICROSCOPY	2.76	Lee, M.; Yau, W.M.; Louis, J.M.; Tycko, R.		seeded_amplified		Seeded by AD patient parietal lobe tissue (second-generation brain-seeded)	P		EMD-28741	36893281	P05067	Homo sapiens (Human)		
Abeta42	8KEW	The cryo-EM structure of type1 amyloid beta 42 fibril.	9-42 (34)	2023-08-13	ELECTRON MICROSCOPY	3.30	Zhao, Q.Y.; Tao, Y.Q.; Liu, C.; Li, D.		in_vitro			P		EMD-37170		P05067	Homo sapiens (Human)		
Abeta42	8KF1	The cryo-EM structure of AV-45 bound type1 amyloid beta 42 fibril.	9-42 (34)	2023-08-15	ELECTRON MICROSCOPY	3.30	Zhao, Q.Y.; Tao, Y.Q.; Liu, C.; Li, D.		in_vitro			P		EMD-37195		P05067	Homo sapiens (Human)		
Abeta42	8KF3	The cryo-EM structure of type3 amyloid beta 42 fibril.	12-42 (31); 9-42 (34)	2023-08-15	ELECTRON MICROSCOPY	3.50	Zhao, Q.Y.; Tao, Y.Q.; Liu, C.; Li, D.		in_vitro			P		EMD-37197		P05067	Homo sapiens (Human)		
Abeta42	8KF4	The cryo-EM structure of type1 amyloid beta 42 fibril in AD2 patient.	9-42 (34)	2023-08-15	ELECTRON MICROSCOPY	3.00	Zhao, Q.Y.; Tao, Y.Q.; Liu, C.; Li, D.	√	human_ex_vivo	Alzheimer's disease	AD2 patient	P		EMD-37198		P05067	Homo sapiens (Human)		
Abeta42	8KF5	The cryo-EM structure of type1 amyloid beta 42 fibril in AD3.	9-42 (34)	2023-08-15	ELECTRON MICROSCOPY	3.40	Zhao, Q.Y.; Tao, Y.Q.; Liu, C.; Li, D.	√	human_ex_vivo	Alzheimer's disease	AD3	P		EMD-37199		P05067	Homo sapiens (Human)		
Abeta42	8KF6	The cryo-EM structure of AV-45 bound type3 amyloid beta 42 fibril.	12-42 (31); 9-42 (34)	2023-08-15	ELECTRON MICROSCOPY	3.70	Zhao, Q.Y.; Tao, Y.Q.; Liu, C.; Li, D.		in_vitro			P		EMD-37200		P05067	Homo sapiens (Human)		
Abeta42	8OL2	Murine type II Abeta fibril from APP23 mouse	12-42 (31)	2023-03-30	ELECTRON MICROSCOPY	3.00	Zielinski, M.; Peralta Reyes, F.S.; Gremer, L.; Schemmert, S.; Frieg, B.; Schafer, L.U.; Willuweit, A.; Donner, L.; Elvers, M.; Nilsson, L.N.G.; Syvanen, S.; Sehlin, D.; Ingelsson, M.; Willbold, D.; Schroder, G.F.		animal_ex_vivo		APP23 mouse brain	P		EMD-16942	37973869	P05067	Homo sapiens (Human)		
Abeta42	8OL3	Murine type III Abeta fibril from APP/PS1 mouse	10-42 (33)	2023-03-30	ELECTRON MICROSCOPY	3.50	Zielinski, M.; Peralta Reyes, F.S.; Gremer, L.; Schemmert, S.; Frieg, B.; Schafer, L.U.; Willuweit, A.; Donner, L.; Elvers, M.; Nilsson, L.N.G.; Syvanen, S.; Sehlin, D.; Ingelsson, M.; Willbold, D.; Schroder, G.F.		animal_ex_vivo		APP/PS1 mouse brain	P		EMD-16944	37973869	P05067	Homo sapiens (Human)		
Abeta42	8OL5	Murine type II Abeta fibril from ARTE10 mouse	12-42 (31)	2023-03-30	ELECTRON MICROSCOPY	3.40	Zielinski, M.; Peralta Reyes, F.S.; Gremer, L.; Schemmert, S.; Frieg, B.; Schafer, L.U.; Willuweit, A.; Donner, L.; Elvers, M.; Nilsson, L.N.G.; Syvanen, S.; Sehlin, D.; Ingelsson, M.; Willbold, D.; Schroder, G.F.		animal_ex_vivo		ARTE10 mouse brain	P		EMD-16949	37973869	P05067	Homo sapiens (Human)		
Abeta42	8OL6	Murine type II Abeta fibril from tgAPPSwe mouse	12-42 (31)	2023-03-30	ELECTRON MICROSCOPY	3.80	Zielinski, M.; Peralta Reyes, F.S.; Gremer, L.; Schemmert, S.; Frieg, B.; Schafer, L.U.; Willuweit, A.; Donner, L.; Elvers, M.; Nilsson, L.N.G.; Syvanen, S.; Sehlin, D.; Ingelsson, M.; Willbold, D.; Schroder, G.F.		animal_ex_vivo		tgAPPSwe mouse brain	P		EMD-16952	37973869	P05067	Homo sapiens (Human)		
Abeta42	8OL7	MurineArc type I Abeta fibril from tg-APPArcSwe mouse	9-40 (32)	2023-03-30	ELECTRON MICROSCOPY	3.00	Zielinski, M.; Peralta Reyes, F.S.; Gremer, L.; Schemmert, S.; Frieg, B.; Schafer, L.U.; Willuweit, A.; Donner, L.; Elvers, M.; Nilsson, L.N.G.; Syvanen, S.; Sehlin, D.; Ingelsson, M.; Willbold, D.; Schroder, G.F.		animal_ex_vivo		tg-APPArcSwe mouse brain	P		EMD-16953	37973869	P05067	Homo sapiens (Human)	E22G	
Abeta42	8OLG	DI2 Abeta fibril from tg-SwDI mouse	1-39 (39)	2023-03-30	ELECTRON MICROSCOPY	4.20	Zielinski, M.; Peralta Reyes, F.S.; Gremer, L.; Schemmert, S.; Frieg, B.; Schafer, L.U.; Willuweit, A.; Donner, L.; Elvers, M.; Nilsson, L.N.G.; Syvanen, S.; Sehlin, D.; Ingelsson, M.; Willbold, D.; Schroder, G.F.		animal_ex_vivo		tg-SwDI mouse brain	P		EMD-16957	37973869	P05067	Homo sapiens (Human)	E22Q, D23N	
Abeta42	8OLN	DI1 Abeta fibril from tg-SwDI mouse	1-36 (36)	2023-03-30	ELECTRON MICROSCOPY	3.30	Zielinski, M.; Peralta Reyes, F.S.; Gremer, L.; Schemmert, S.; Frieg, B.; Schafer, L.U.; Willuweit, A.; Donner, L.; Elvers, M.; Nilsson, L.N.G.; Syvanen, S.; Sehlin, D.; Ingelsson, M.; Willbold, D.; Schroder, G.F.		animal_ex_vivo		tg-SwDI mouse brain	P		EMD-16959	37973869	P05067	Homo sapiens (Human)	E22Q, D23N	
Abeta42	8OLO	Murine type III Abeta fibril from ARTE10 mouse	10-40 (31)	2023-03-30	ELECTRON MICROSCOPY	3.50	Zielinski, M.; Peralta Reyes, F.S.; Gremer, L.; Schemmert, S.; Frieg, B.; Schafer, L.U.; Willuweit, A.; Donner, L.; Elvers, M.; Nilsson, L.N.G.; Syvanen, S.; Sehlin, D.; Ingelsson, M.; Willbold, D.; Schroder, G.F.		animal_ex_vivo		ARTE10 mouse brain	P		EMD-16960	37973869	P05067	Homo sapiens (Human)		
Abeta42	8OLQ	DI3 Abeta fibril from tg-SwDI mouse	2-33 (32)	2023-03-30	ELECTRON MICROSCOPY	4.00	Zielinski, M.; Peralta Reyes, F.S.; Gremer, L.; Schemmert, S.; Frieg, B.; Schafer, L.U.; Willuweit, A.; Donner, L.; Elvers, M.; Nilsson, L.N.G.; Syvanen, S.; Sehlin, D.; Ingelsson, M.; Willbold, D.; Schroder, G.F.		animal_ex_vivo		tg-SwDI mouse brain	P		EMD-16961	37973869	P05067	Homo sapiens (Human)	E22Q, D23N	
Abeta42	8OTF	Ab typeII filament from Guam ALS/PDC	12-42 (31)	2023-04-20	ELECTRON MICROSCOPY	3.30	Qi, C.; Verheijen, B.M.; Kokubo, Y.; Shi, Y.; Tetter, S.; Murzin, A.G.; Nakahara, A.; Morimoto, S.; Vermulst, M.; Sasaki, R.; Aronica, E.; Hirokawa, Y.; Oyanagi, K.; Kakita, A.; Ryskeldi-Falcon, B.; Yoshida, M.; Hasegawa, M.; Scheres, S.H.W.; Goedert, M.	√	human_ex_vivo	amyotrophic lateral sclerosis/parkinsonism-dementia complex	Guam ALS/PDC human frontal cortex	P		EMD-17177	38100415	P05067	Homo sapiens (Human)		
Abeta42	8SEJ	Type I beta-amyloid 42 Filaments from Down syndrome	9-42 (34)	2023-04-10	ELECTRON MICROSCOPY	3.17	Fernandez, A.; Hoq, M.R.; Hallinan, G.I.; Li, D.; Bharath, S.R.; Vago, F.S.; Zhang, X.; Ozcan, K.A.; Newell, K.L.; Garringer, H.J.; Jiang, W.; Ghetti, B.; Vidal, R.	√	human_ex_vivo	Alzheimer's disease in Down syndrome	human temporal cortex	P		EMD-40416	38553642	P05067	Homo sapiens (Human)		
Abeta42	9CK6	Cryo-EM structure of sarkosyl insoluble amyloid-beta 42 filaments extracted from human brain tissue	9-42 (34)	2024-07-08	ELECTRON MICROSCOPY	3.00	Butan, C.; Strittmatter, S.	√	human_ex_vivo		human brain tissue	P		EMD-45642		P05067	Homo sapiens (Human)		
Abeta42	9CKI	Cryo-EM structure of the poly(4-styrenesulfonic acid-co-maleic acid) [PSCMA]-extractable amyloid-beta 42 oligomer from human brain tissue (Conformation 2)	9-42 (34)	2024-07-09	ELECTRON MICROSCOPY	3.10	Butan, C.; Strittmatter, S.	√	human_ex_vivo		human brain tissue	P		EMD-45647		P05067	Homo sapiens (Human)		
Abeta42	9CO4	Cryo-EM structure of the receptor-bound amyloid-beta 42 oligomer from human brain tissue (Conformation 1)	9-42 (34)	2024-07-16	ELECTRON MICROSCOPY	2.80	Butan, C.; Strittmatter, S.	√	human_ex_vivo		human brain tissue	P		EMD-45770		P05067	Homo sapiens (Human)		
Abeta42	9CZN	Type Ic amyloid-beta 42 filaments in dominantly inherited Alzheimer disease with cotton wool plaques	9-42 (34)	2024-08-05	ELECTRON MICROSCOPY	2.60	Hoq, M.R.; Fernandez, A.; Vago, F.S.; Hallinan, G.I.; Bharath, S.R.; Li, D.; Ozcan, K.A.; Garringer, H.J.; Jiang, W.; Vidal, R.; Ghetti, B.	√	human_ex_vivo	Alzheimer's disease	human cerebral cortex	P		EMD-46422	39147931	P05067	Homo sapiens (Human)		
Abeta42	9CZP	Type Id amyloid-beta 42 filaments in dominantly inherited Alzheimer disease with cotton wool plaques	9-42 (34)	2024-08-05	ELECTRON MICROSCOPY	3.30	Hoq, M.R.; Fernandez, A.; Vago, F.S.; Hallinan, G.I.; Bharath, S.R.; Li, D.; Ozcan, K.A.; Garringer, H.J.; Jiang, W.; Vidal, R.; Ghetti, B.	√	human_ex_vivo	Alzheimer's disease	human cerebral cortex (DIAD, PSEN1 V261I and A431E)	P		EMD-46424	39147931	P05067	Homo sapiens (Human)		
Abeta42	9FH1	Cryo-EM Structure of Amyloid-beta Fibrils from Mouse Brain Carrying the Uppsala AbetaUpp(1-42)delta(19-24) Mutation	8-18; 25-42 (28)	2024-05-26	ELECTRON MICROSCOPY	3.20	Zielinski, M.; Peralta Reyes, F.S.; Gremer, L.; Sommerhage, S.; Pagnon de la Vega, M.; Roder, C.; Heidler, T.V.; Syvanen, S.; Willbold, D.; Sehlin, D.; Ingelsson, M.; Schroder, G.F.		animal_ex_vivo		tg-UppSwe mouse brain	P		EMD-50436	41044681	P05067	Homo sapiens (Human)		d19-24
Abeta42	9FH4	Cryo-EM Structure of Amyloid-beta Fibrils Carrying the Uppsala AbetaUpp(1-42)delta(19-24) Mutation - Polymorph 3	9-18; 25-42 (29)	2024-05-26	ELECTRON MICROSCOPY	4.00	Zielinski, M.; Peralta Reyes, F.S.; Gremer, L.; Sommerhage, S.; Pagnon de la Vega, M.; Roder, C.; Heidler, T.V.; Syvanen, S.; Willbold, D.; Sehlin, D.; Ingelsson, M.; Schroder, G.F.		in_vitro			P		EMD-50439	41044681	P05067	Homo sapiens (Human)		d19-24
Abeta42	9JAZ	Cryo-EM structure of the class I amyloid-beta 42 fibril containing a D-Asp at position 23	9-42 (34)	2024-08-26	ELECTRON MICROSCOPY	3.00	Hsiao, L.C.; Lee, C.H.; Mazmanian, K.; Yoshida, M.; Ito, G.; Murata, T.; Utsunomiya-Tate, N.; Haino, T.; Tate, S.I.; Hsu, S.D.		in_vitro			P		EMD-61302	40090459	P05067	Homo sapiens (Human)		D-Asp23
Abeta42	9JB0	Cryo-EM structure of the class II amyloid-beta 42 fibril containing a D-Asp at position 23	9-42 (34)	2024-08-26	ELECTRON MICROSCOPY	2.90	Hsiao, L.C.; Lee, C.H.; Mazmanian, K.; Yoshida, M.; Ito, G.; Murata, T.; Utsunomiya-Tate, N.; Haino, T.; Tate, S.I.; Hsu, S.D.		in_vitro			P		EMD-61303	40090459	P05067	Homo sapiens (Human)		D-Asp23
Abeta42	9JB1	Cryo-EM structure of the type I amyloid-beta 42 fibril containing a D-Asp at positions 7 and 23	9-42 (34)	2024-08-26	ELECTRON MICROSCOPY	2.50	Hsiao, L.C.; Lee, C.H.; Mazmanian, K.; Yoshida, M.; Ito, G.; Murata, T.; Utsunomiya-Tate, N.; Haino, T.; Tate, S.I.; Hsu, S.D.		in_vitro			P		EMD-61304	40090459	P05067	Homo sapiens (Human)		D-Asp7, D-Asp23
Abeta42	9JB2	Cryo-EM structure of the type II amyloid-beta 42 fibril containing a D-Asp at positions 7 and 23	1-42 (42); 15-42 (28)	2024-08-26	ELECTRON MICROSCOPY	2.90	Hsiao, L.C.; Lee, C.H.; Mazmanian, K.; Yoshida, M.; Ito, G.; Murata, T.; Utsunomiya-Tate, N.; Haino, T.; Tate, S.I.; Hsu, S.D.		in_vitro			P		EMD-61305	40090459	P05067	Homo sapiens (Human)		D-Asp7, D-Asp23
Abeta42	9K0D	Cryo-EM structure of Amyloid-beta42-4b polymorph 1	8-42 (35); 26-42 (17); 9-21 (13)	2024-10-15	ELECTRON MICROSCOPY	2.60	Wei, Q.; Liu, D.; Xia, W.; Wang, F.; Huang, L.; Zhang, J.; Wang, X.; Xu, Z.; He, C.; Li, W.; Shi, X.; Wang, C.; Liu, Y.; Liu, C.; Dong, S.		in_vitro			P		EMD-61944	40593714	P05067	Homo sapiens (Human)		
Abeta42	9K0F	Cryo-EM structure of Amyloid-beta42-4b polymorph 3	8-42 (35); 26-42 (17); 9-21 (13)	2024-10-15	ELECTRON MICROSCOPY	2.80	Wei, Q.; Liu, D.; Xia, W.; Wang, F.; Huang, L.; Zhang, J.; Wang, X.; Xu, Z.; He, C.; Li, W.; Shi, X.; Wang, C.; Liu, Y.; Liu, C.; Dong, S.		in_vitro			P		EMD-61946	40593714	P05067	Homo sapiens (Human)		
Abeta42	9OBK	A-beta42-Met-R-SO amyloidal fibril	14-41 (28)	2025-04-22	ELECTRON MICROSCOPY	3.01	Chan, K.L.; Boyer, D.; Balasco Serrao, V.H.; Raskatov, J.A.		in_vitro			P		EMD-70294		P05067	Homo sapiens (Human)		Met oxidation
Abeta42	9WAO	Structure of type II Abeta fibrils from 5xFAD mice	12-42 (31)	2025-08-12	ELECTRON MICROSCOPY	3.50	Cao, Q.; Zhang, D.; Song, M.; Zheng, H.; Han, J.; Xu, K.		animal_ex_vivo		5xFAD mouse brain	P		EMD-65825		P05067	Homo sapiens (Human)		
Abeta42	9WAP	Structure of Type II Abeta fibrils from AppNL-FPsen1P117L mice	12-42 (31)	2025-08-12	ELECTRON MICROSCOPY	3.22	Cao, Q.; Zhang, D.; Song, M.; Zheng, H.; Han, J.; Xu, K.		animal_ex_vivo		AppNL-FPsen1P117L mouse brain	P		EMD-65826		P05067	Homo sapiens (Human)		
Apolipoprotein A-I	9PVY	Cryo-EM structure of cardiac amyloid fibril from a variant apolipoprotein A-I L90P amyloidosis patient	14-73 (60)	2025-08-04	ELECTRON MICROSCOPY	2.15	Nguyen, B.A.; Fernandez-Ramirez, M.D.C.; Bassett, P.; Singh, V.; Singh, P.; Pekala, M.; Villalon, L.; Ahmed, Y.; Lemoff, A.; Evers, B.; Lopez, C.; Kluve-Beckerman, B.; Saelices, L.	√	human_ex_vivo	hereditary apolipoprotein A-I amyloidosis	human heart	P		EMD-71896	41991931	P02647	Homo sapiens (Human)		L90P
Apolipoprotein A-I	9PVZ	Cryo-EM structure of cardiac amyloid fibril from a variant apolipoprotein A-I R173P amyloidosis patient	14-73 (60)	2025-08-04	ELECTRON MICROSCOPY	2.30	Nguyen, B.A.; Fernandez-Ramirez, M.D.C.; Bassett, P.; Singh, V.; Singh, P.; Pekala, M.; Villalon, L.; Ahmed, Y.; Lemoff, A.; Evers, B.; Lopez, C.; Kluve-Beckerman, B.; Saelices, L.	√	human_ex_vivo	hereditary apolipoprotein A-I amyloidosis	human heart	P		EMD-71897	41991931	P02647	Homo sapiens (Human)		R173P
Apolipoprotein A-I	9PW3	Cryo-EM structure of renal amyloid fibril from a variant apolipoprotein A-I R173P amyloidosis patient	15-72 (58)	2025-08-04	ELECTRON MICROSCOPY	2.73	Nguyen, B.A.; Fernandez-Ramirez, M.D.C.; Bassett, P.; Singh, V.; Singh, P.; Pekala, M.; Villalon, L.; Ahmed, Y.; Lemoff, A.; Evers, B.; Lopez, C.; Kluve-Beckerman, B.; Saelices, L.	√	human_ex_vivo	hereditary apolipoprotein A-I amyloidosis	human kidney tissue	P		EMD-71898	41991931	P02647	Homo sapiens (Human)		R173P
Apolipoprotein A-II	8OQ4	AApoAII amyloid fibril Morphology II (ex vivo)	4-71 (68)	2023-04-11	ELECTRON MICROSCOPY	2.60	Andreotti, G.; Baur, J.; Ugrina, M.; Pfeiffer, P.B.; Hartmann, M.; Wiese, S.; Miyahara, H.; Higuchi, K.; Schwierz, N.; Schmidt, M.; Fandrich, M.		animal_ex_vivo		SAMR1C mouse liver	P		EMD-17104	38199491	P09813	Mus musculus (Mouse)		
Apolipoprotein A-II	8OQ5	AApoAII amyloid fibril Morphology I (ex vivo)	4-71 (68)	2023-04-11	ELECTRON MICROSCOPY	2.40	Andreotti, G.; Baur, J.; Ugrina, M.; Pfeiffer, P.B.; Hartmann, M.; Wiese, S.; Miyahara, H.; Higuchi, K.; Schwierz, N.; Schmidt, M.; Fandrich, M.		animal_ex_vivo		SAMR1C mouse liver	P		EMD-17105	38199491	P09813	Mus musculus (Mouse)		
Apolipoprotein A-IV	9HX4	Amyloid fibril of apolipoprotein A-IV	21-81 (61)	2025-01-06	ELECTRON MICROSCOPY	3.30	Aibara, S.; Kassner, A.; Wong, E.; Klingel, K.; Papworth, M.; Althage, M.; Wang, Q.D.; Correia, C.; Milting, H.; de Oliveira, T.M.	√	human_ex_vivo	cardiac amyloidosis	human ventricular myocardium	P		EMD-52457	41115976	P06727	Homo sapiens (Human)		
Aurein-3.3	7QV6	Amyloid fibril from the antimicrobial peptide aurein 3.3	1-17 (17)	2022-01-19	ELECTRON MICROSCOPY	3.50	Bucker, R.; Seuring, C.; Cazey, C.; Veith, K.; Garcia-Alai, M.; Grunewald, K.; Landau, M.		in_vitro			F		EMD-14168	35896552	P82396	Ranoidea raniformis (Southern bell frog)		
Beta-2 microglobulin	2E8D	3D Structure of amyloid protofilaments of beta2-microglobulin fragment probed by solid-state NMR	20-41 (22)	2007-01-19	SOLID-STATE NMR		Iwata, K.; Fujiwara, T.; Matsuki, Y.; Akutsu, H.; Takahashi, S.; Naiki, H.; Goto, Y.		in_vitro			P	10022		17108084	P61769	Homo sapiens (Human)		
Beta-2 microglobulin	6GK3	Two protofilament beta-2-microglobulin amyloid fibril	22-85 (64)	2018-05-18	ELECTRON MICROSCOPY	3.98	Iadanza, M.G.; Silvers, R.; Boardman, J.; Smith, H.I.; Karamanos, T.K.; Debelouchina, G.T.; Su, Y.; Griffin, R.G.; Ranson, N.A.; Radford, S.E.		in_vitro			P		EMD-0014	30375379	P61769	Homo sapiens (Human)		
Beta-2 microglobulin	8A7O	beta-2-microglobulin DeltaN6 amyloid fibril form 2PFa	7-93 (88)	2022-06-21	ELECTRON MICROSCOPY	3.00	Wilkinson, M.; Gallardo, R.U.; Martinez, R.M.; Guthertz, N.; So, M.; Aubrey, L.D.; Radford, S.E.; Ranson, N.A.		in_vitro			P		EMD-15222	36864041	P61769	Homo sapiens (Human)		d6
Beta-2 microglobulin	8A7P	beta-2-microglobulin DeltaN6 amyloid fibril form 2PFb	7-92 (87)	2022-06-21	ELECTRON MICROSCOPY	3.40	Wilkinson, M.; Gallardo, R.U.; Martinez, R.M.; Guthertz, N.; So, M.; Aubrey, L.D.; Radford, S.E.; Ranson, N.A.		in_vitro			P		EMD-15223	36864041	P61769	Homo sapiens (Human)		d6
Beta-2 microglobulin	8A7Q	beta-2-microglobulin V27M amyloid fibril form 4PF	21-84 (64)	2022-06-21	ELECTRON MICROSCOPY	2.80	Wilkinson, M.; Gallardo, R.U.; Martinez, R.M.; Guthertz, N.; So, M.; Aubrey, L.D.; Radford, S.E.; Ranson, N.A.		in_vitro			P		EMD-15224	36864041	P61769	Homo sapiens (Human)	V27M	
Beta-2 microglobulin	8A7T	beta-2-microglobulin D76N amyloid fibril form 2PFa	6-90 (85)	2022-06-21	ELECTRON MICROSCOPY	3.00	Wilkinson, M.; Gallardo, R.U.; Martinez, R.M.; Guthertz, N.; So, M.; Aubrey, L.D.; Radford, S.E.; Ranson, N.A.		in_vitro			P		EMD-15225	36864041	P61769	Homo sapiens (Human)	D76N	
CHCHD10	9CWW	Structure of D10-NT amyloid fibrils	42-75 (34)	2024-07-30	ELECTRON MICROSCOPY	2.30	Lv, G.; Sayles, N.M.; Huang, Y.; Mancinelli, C.; McAvoy, K.; Shneider, N.A.; Manfredi, G.; Kawamata, H.; Eliezer, D.		in_vitro			P		EMD-45976	40753073	Q8WYQ3	Homo sapiens (Human)		
CHCHD10	9OYO	Structure of R15L D10-NT amyloid fibrils	43-76 (34)	2025-06-04	ELECTRON MICROSCOPY	3.15	Lv, G.; Sayles, N.M.; Huang, Y.; Mancinelli, C.; McAvoy, K.; Shneider, N.A.; Manfredi, G.; Kawamata, H.; Eliezer, D.		in_vitro			P		EMD-71028	40753073	Q8WYQ3	Homo sapiens (Human)		R15L
CHCHD10	9OYQ	Structure of D10-NT amyloid fibrils	43-76 (34)	2025-06-04	ELECTRON MICROSCOPY	2.70	Lv, G.; Sayles, N.M.; Huang, Y.; Mancinelli, C.; McAvoy, K.; Shneider, N.A.; Manfredi, G.; Kawamata, H.; Eliezer, D.		in_vitro			P		EMD-71031	40753073	Q8WYQ3	Homo sapiens (Human)		
CHCHD10	9OYS	Structure of S59L D10-NT amyloid fibrils	43-75 (33)	2025-06-04	ELECTRON MICROSCOPY	3.06	Lv, G.; Sayles, N.M.; Huang, Y.; Mancinelli, C.; McAvoy, K.; Shneider, N.A.; Manfredi, G.; Kawamata, H.; Eliezer, D.		in_vitro			P		EMD-71033	40753073	Q8WYQ3	Homo sapiens (Human)	S59L	
CHCHD10	9OYW	Structure of D10-NT amyloid fibrils	50-76 (27)	2025-06-04	ELECTRON MICROSCOPY	2.63	Lv, G.; Sayles, N.M.; Huang, Y.; Mancinelli, C.; McAvoy, K.; Shneider, N.A.; Manfredi, G.; Kawamata, H.; Eliezer, D.		in_vitro			P		EMD-71037	40753073	Q8WYQ3	Homo sapiens (Human)		
CHCHD2	9OYR	Structure of D2-NT amyloid fibrils	54-86 (33)	2025-06-04	ELECTRON MICROSCOPY	2.03	Lv, G.; Sayles, N.M.; Huang, Y.; Mancinelli, C.; McAvoy, K.; Shneider, N.A.; Manfredi, G.; Kawamata, H.; Eliezer, D.		in_vitro			P		EMD-71032	40753073	Q9Y6H1	Homo sapiens (Human)		
CHCHD2	9OYT	Structure of T61I D2-NT amyloid fibrils	54-87 (34)	2025-06-04	ELECTRON MICROSCOPY	3.10	Lv, G.; Sayles, N.M.; Huang, Y.; Mancinelli, C.; McAvoy, K.; Shneider, N.A.; Manfredi, G.; Kawamata, H.; Eliezer, D.		in_vitro			P		EMD-71034	40753073	Q9Y6H1	Homo sapiens (Human)	T61I	
Citropin-1.3	9HGB	Amyloid fibril from the antimicrobial peptide citropin 1-3 - Polymorph Nr.3	1-16 (16)	2024-11-19	ELECTRON MICROSCOPY	3.10	Strati, F.; Cali, M.P.; Bloch, Y.; Mostafavi, S.; Monistrol, J.; Golubev, A.; Rayan, B.; Gustavsson, E.; Landau, M.		in_vitro			F		EMD-52133	41016026	P81846	Ranoidea citropa (Australian Blue Mountains tree frog)		
Citropin-1.3	9HGL	Amyloid fibril from the antimicrobial peptide citropin 1-3 - Polymorph Nr.2	1-16 (16)	2024-11-19	ELECTRON MICROSCOPY	2.80	Strati, F.; Cali, M.P.; Bloch, Y.; Mostafavi, S.; Monistrol, J.; Golubev, A.; Rayan, B.; Gustavsson, E.; Landau, M.		in_vitro			F		EMD-52151	41016026	P81846	Ranoidea citropa (Australian Blue Mountains tree frog)		
Citropin-1.3	9HGT	Amyloid fibril from the antimicrobial peptide citropin 1-3 - Polymorph Nr.1L	1-16 (16)	2024-11-20	ELECTRON MICROSCOPY	3.00	Strati, F.; Cali, M.P.; Bloch, Y.; Mostafavi, S.; Monistrol, J.; Golubev, A.; Rayan, B.; Gustavsson, E.; Landau, M.		in_vitro			F		EMD-52167	41016026	P81846	Ranoidea citropa (Australian Blue Mountains tree frog)		
Citropin-1.3	9HI8	Amyloid fibril from the antimicrobial peptide citropin 1-3 - Polymorph Nr.3L	1-16 (16)	2024-11-25	ELECTRON MICROSCOPY	3.56	Strati, F.; Cali, M.P.; Bloch, Y.; Mostafavi, S.; Monistrol, J.; Golubev, A.; Rayan, B.; Gustavsson, E.; Landau, M.		in_vitro			F		EMD-52185	41016026	P81846	Ranoidea citropa (Australian Blue Mountains tree frog)		
Citropin-1.3	9HID	Amyloid fibril from the antimicrobial peptide citropin 1-3 - Polymorph Nr.2L	1-16 (16)	2024-11-25	ELECTRON MICROSCOPY	3.20	Strati, F.; Cali, M.P.; Bloch, Y.; Mostafavi, S.; Monistrol, J.; Golubev, A.; Rayan, B.; Gustavsson, E.; Landau, M.		in_vitro			F		EMD-52186	41016026	P81846	Ranoidea citropa (Australian Blue Mountains tree frog)		
CPEB3	8SPA	Structural insights into cellular control of the human CPEB3 prion, functionally regulated by a labile-amyloid-forming segment	103-151 (49)	2023-05-02	ELECTRON MICROSCOPY	3.00	Flores, M.D.; Sawaya, M.R.; Boyer, D.R.; Zink, S.; Tovmasyan, S.; Saucedo, A.; Richards, L.S.; Zee, C.T.; Cardenas, J.; Fioriti, L.; Rodriguez, J.A.		in_vitro			F		EMD-40677	40480223	Q8NE35	Homo sapiens (Human)		
CsgA	8ENQ	E. coli CsgA fibril (218-pixel box size)	41-151 (111)	2022-09-30	ELECTRON MICROSCOPY	3.60	Bu, F.; Dee, D.R.; Liu, B.		in_vitro			F		EMD-28276	38501920	P28307	Escherichia coli (strain K12)	A63C, V140C	
CsgA	8ENR	Cryo-EM structure of E. coli CsgA fibril (260 pixel box size)	41-151 (111)	2022-09-30	ELECTRON MICROSCOPY	3.80	Bu, F.; Dee, D.R.; Liu, B.		in_vitro			F		EMD-28277	38501920	P28307	Escherichia coli (strain K12)	A63C, V140C	
Curlin associated repeat-containing protein	8C50	Pontibacter korlensis curli subunit CsgA	25-379 (355)	2023-01-05	ELECTRON MICROSCOPY	7.60	Sleutel, M.; Pradhan, B.; Volkov, A.N.; Remaut, H.		in_vitro			F		EMD-16431	37198180	A0A0E3UX01	Pontibacter korlensis		
Functional amyloid subunit FapC	9NQD	Structure of Pseudomonas FapC Biofilm-Forming Functional Amyloid	34-238 (205)	2025-03-12	ELECTRON MICROSCOPY	3.30	Hansen, K.H.; Golcuk, M.; Byeon, C.H.; Tunc, A.; Plechinger, E.B.; Dueholm, M.K.D.; Conway, J.F.; Andreasen, M.; Gur, M.; Akbey, U.		in_vitro			F		EMD-49649	40991694	P0DXF5	Pseudomonas fluorescens		
Functional amyloid subunit FapC	9U4U	Structure of the functional amyloid FapC from Pseudomonas sp.UK4	45-96; 110-122; 125-161; 173-185; 198-234 (161)	2025-03-20	ELECTRON MICROSCOPY	3.20	Jiang, Y.; Pena-Diaz, S.; Zhang, Z.; Daugberg, A.O.H.; Lopez Hernandez, M.; Nielsen, J.; Huang, Q.; Qin, S.; Dueholm, M.K.D.; Dong, M.; Pedersen, J.S.; Cao, Q.; Otzen, D.E.; Wang, H.		in_vitro			F		EMD-63855	40495649	P0DXF5	Pseudomonas fluorescens		
FUS	5W3N	Molecular structure of FUS low sequence complexity domain protein fibrils	37-97 (61)	2017-06-08	SOLID-STATE NMR		Murray, D.T.; Kato, M.; Lin, Y.; Thurber, K.R.; Hung, I.; McKnight, S.L.; Tycko, R.		in_vitro			P	30304		28942918	P35637	Homo sapiens (Human)		
FUS	6XFM	Molecular structure of the core of amyloid-like fibrils formed by residues 111-214 of FUS	112-150 (39)	2020-06-15	ELECTRON MICROSCOPY	2.62	Lee, M.; Ghosh, U.; Thurber, K.R.; Kato, M.; Tycko, R.		in_vitro			P		EMD-22169	33184287	P35637	Homo sapiens (Human)		
FUS	7VQQ	Cryo-EM structure of amyloid fibril formed by FUS low complexity domain	34-124 (91)	2021-10-20	ELECTRON MICROSCOPY	2.90	Sun, Y.; Zhang, S.; Hu, J.; Tao, Y.; Xia, W.; Gu, J.; Li, Y.; Cao, Q.; Li, D.; Liu, C.		in_vitro			P		EMD-32092	35036880	P35637	Homo sapiens (Human)		
Glucagon	6NZN	Dimer-of-dimer amyloid fibril structure of glucagon	1-29 (29)	2019-02-14	SOLID-STATE NMR		Gelenter, M.D.; Smith, K.J.; Liao, S.Y.; Mandala, V.S.; Dregni, A.J.; Lamm, M.S.; Tian, Y.; Xu, W.; Pochan, D.J.; Tucker, T.J.; Su, Y.; Hong, M.		in_vitro			P	30572		31235909	P01275	Homo sapiens (Human)		
Glucagon	7XM8	Glucagon amyloid fibril	1-29 (29)	2022-04-25	ELECTRON MICROSCOPY	3.90	Jeong, H.; Lee, Y.		in_vitro			P		EMD-33290		P01275	Homo sapiens (Human)		
Glycinin G4	9V45	Soy storage protein fibril (glycinin A) PM1	164-190 (27)	2025-05-22	ELECTRON MICROSCOPY	3.41	Li, S.; Li, S.; Cheng, Y.; Fang, Y.; Cao, Q.; Cao, Y.		in_vitro			F		EMD-64767	40883254	P02858	Glycine max (Soybean)		
Glycinin G4	9V4F	Soy storage protein fibril (glycinin A) PM2	146-171 (26)	2025-05-23	ELECTRON MICROSCOPY	3.52	Li, S.; Li, S.; Cheng, Y.; Fang, Y.; Cao, Q.; Cao, Y.		in_vitro			F		EMD-64778	40883254	P02858	Glycine max (Soybean)		
HELLF prion	6EKA	Solid-state MAS NMR structure of the HELLF prion amyloid fibrils	220-272 (53)	2017-09-25	SOLID-STATE NMR		Daskalov, A.; Martinez, D.; Coustou, V.; Berbon, M.; Andreas, L.B.; Bardiaux, B.; Stanek, J.; Noubhani, A.; Kauffmann, B.; Wall, J.S.; Pintacuda, G.; Saupe, S.J.; Habenstein, B.; Loquet, A.		in_vitro			F	34178		33443172	B2B1E9	Podospora anserina (strain S / ATCC MYA-4624 / DSM 980 / FGSC 10383) (Pleurage anserina)		
Heterogeneous nuclear ribonucleoprotein D-like	7ZIR	Cryo-EM structure of hnRNPDL amyloid fibrils	345-395 (51)	2022-04-08	ELECTRON MICROSCOPY	2.50	Garcia-Pardo, J.; Bartolome-Nafria, A.; Chaves-Sanjuan, A.; Gil-Garcia, M.; Visentin, C.; Bolognesi, M.; Ricagno, S.; Ventura, S.		in_vitro			F		EMD-14738	36646699	O14979	Homo sapiens (Human)		
Heterokaryon incompatibility protein s	2KJ3	High-resolution structure of the HET-s(218-289) prion in its amyloid form obtained by solid-state NMR	217-295 (79)	2009-05-20	SOLID-STATE NMR		Van Melckebeke, H.; Wasmer, C.; Lange, A.; AB, E.; Loquet, A.; Bockmann, A.; Meier, B.H.		in_vitro			F	11064;11028		20828131	Q03689	Podospora anserina (Pleurage anserina)		His-tag and N-term Met
Heterokaryon incompatibility protein s	2LBU	HADDOCK calculated model of Congo red bound to the HET-s amyloid	225-295 (71)	2011-04-07	SOLID-STATE NMR		Schutz, A.K.; Soragni, A.; Hornemann, S.; Aguzzi, A.; Ernst, M.; Bockmann, A.; Meier, B.H.		in_vitro			F	11064		21591034	Q03689	Podospora anserina (Pleurage anserina)		His-tag
HnRNPA1	7BX7	Cryo-EM structure of amyloid fibril formed by hnRNPA1 low complexity domain	303-347 (45)	2020-04-17	ELECTRON MICROSCOPY	2.80	Sun, Y.; Zhao, K.; Xia, W.; Feng, G.; Gu, J.; Ma, Y.; Gui, X.; Zhang, X.; Fang, Y.; Sun, B.; Wang, R.; Liu, C.; Li, D.		in_vitro			P		EMD-30235	33311513	P09651	Homo sapiens (Human)		
HnRNPA1	7ZJ2	Amyloid fibril (in vitro) from full-length hnRNPA1 protein	303-347 (45)	2022-04-08	ELECTRON MICROSCOPY	3.32	Sharma, K.; Banerjee, S.; Savran, D.; Rajes, C.; Wiese, S.; Girdhar, A.; Schwierz, N.; Lee, C.; Shorter, J.; Schmidt, M.; Guo, L.; Fandrich, M.		in_vitro			P		EMD-14739	37481159	P09651	Homo sapiens (Human)		
HnRNPA1	8IK7	Cryo-EM structure of hnRAC1 fibril.	209-217 (9)	2023-02-28	ELECTRON MICROSCOPY	3.69	Li, D.N.; Ma, Y.Y.; Li, D.; Dai, B.; Liu, C.		in_vitro			P		EMD-35505		P09651	Homo sapiens (Human)		
HnRNPA1	9GKF	Amyloid Fibril of Heterogeneous nuclear ribonucleoprotein A1A induced by RNA binding	293-349 (57)	2024-08-23	ELECTRON MICROSCOPY	3.21	Frey, L.; Riek, R.P.		in_vitro			P		EMD-51419		P09651	Homo sapiens (Human)		
HnRNPA2	6WQK	hnRNPA2 Low complexity domain (LCD) determined by cryoEM	275-331 (57)	2020-04-29	ELECTRON MICROSCOPY	3.10	Lu, J.; Cao, Q.; Hughes, M.P.; Sawaya, M.R.; Boyer, D.R.; Cascio, D.; Eisenberg, D.S.		in_vitro			P		EMD-21871	32796831	P22626	Homo sapiens (Human)		
HnRNPA2	8DU2	HnRNPA2 D290V LCD PM1	275-328 (54)	2022-07-26	ELECTRON MICROSCOPY	3.30	Lu, J.; Ge, P.; Sawaya, M.R.; Hughes, M.P.; Boyer, D.R.; Cao, Q.; Abskharon, R.; Cascio, D.; Tayeb-Fligelman, E.; Eisenberg, D.S.		in_vitro			P		EMD-27713	38072051	P22626	Homo sapiens (Human)	D290V	
HnRNPA2	8DUW	HnRNPA2 D290V LCD PM2	275-328 (54)	2022-07-27	ELECTRON MICROSCOPY	3.20	Lu, J.; Ge, P.; Sawaya, M.R.; Hughes, M.P.; Boyer, D.R.; Cao, Q.; Abskharon, R.; Cascio, D.; Tayeb-Fligelman, E.; Eisenberg, D.S.		in_vitro			P		EMD-27728	38072051	P22626	Homo sapiens (Human)	D290V	
HnRNPA2	8EC7	HnRNPA2 D290V LCD PM3	275-328 (54)	2022-09-01	ELECTRON MICROSCOPY	3.90	Lu, J.; Ge, P.; Sawaya, M.R.; Hughes, M.P.; Boyer, D.R.; Cao, Q.; Abskharon, R.; Cascio, D.; Tayeb-Fligelman, E.; Eisenberg, D.S.		in_vitro			P		EMD-28014	38072051	P22626	Homo sapiens (Human)	D290V	
IAPP	6VW2	Cryo-EM structure of human islet amyloid polypeptide (hIAPP, or amylin) fibrils	14-37 (24)	2020-02-18	ELECTRON MICROSCOPY	3.40	Cao, Q.; Boyer, D.R.; Sawaya, M.R.; Ge, P.; Eisenberg, D.S.		in_vitro			P		EMD-21410	32541896	P10997	Homo sapiens (Human)		
IAPP	6Y1A	Amyloid fibril structure of islet amyloid polypeptide	13-37 (25)	2020-02-11	ELECTRON MICROSCOPY	4.20	Roder, C.; Kupreichyk, T.; Gremer, L.; Schafer, L.U.; Pothula, K.R.; Ravelli, R.B.G.; Willbold, D.; Hoyer, W.; Schroder, G.F.		in_vitro			P		EMD-10669	32541895	P10997	Homo sapiens (Human)		
IAPP	6ZRF	amyloid structure of amylin (IAPP - islet amyloid polypeptide)	13-36 (24)	2020-07-13	ELECTRON MICROSCOPY	3.60	Gallardo, R.; Iadanza, M.G.; Xu, Y.; Heath, G.R.; Foster, R.; Radford, S.E.; Ranson, N.A.		in_vitro			P		EMD-11380	32929282	P10997	Homo sapiens (Human)		
IAPP	6ZRQ	two-protofilament amyloid structure of S20G variant of human amylin (IAPP - islet amyloid polypeptide)	15-36 (22)	2020-07-14	ELECTRON MICROSCOPY	3.90	Gallardo, R.; Iadanza, M.G.; Xu, Y.; Heath, G.R.; Foster, R.; Radford, S.E.; Ranson, N.A.		in_vitro			P		EMD-11382	32929282	P10997	Homo sapiens (Human)	S20G	
IAPP	6ZRR	three-protofilament amyloid structure of S20G variant of human amylin (IAPP - Islet Amyloid Polypeptide)	15-36 (22)	2020-07-14	ELECTRON MICROSCOPY	4.00	Gallardo, R.; Iadanza, M.G.; Xu, Y.; Heath, G.R.; Foster, R.; Radford, S.E.; Ranson, N.A.		in_vitro			P		EMD-11383	32929282	P10997	Homo sapiens (Human)	S20G	
IAPP	7M61	Cryo-EM structure of human islet amyloid polypeptide (hIAPP, or amylin) fibrils seeded by patient extracted fibrils, polymorph 1	13-37 (25)	2021-03-25	ELECTRON MICROSCOPY	3.80	Cao, Q.; Boyer, D.R.; Sawaya, M.R.; Abskharon, R.; Saelices, L.; Nguyen, B.A.; Lu, J.; Murray, K.A.; Kandeel, F.; Eisenberg, D.S.		seeded_amplified		Seeded by T2D patient islet cells	P		EMD-23686	34518699	P10997	Homo sapiens (Human)		
IAPP	7M62	Cryo-EM structure of human islet amyloid polypeptide (hIAPP, or amylin) fibrils seeded by patient extracted fibrils, polymorph 2	6-37 (32)	2021-03-25	ELECTRON MICROSCOPY	3.90	Cao, Q.; Boyer, D.R.; Sawaya, M.R.; Abskharon, R.; Saelices, L.; Nguyen, B.A.; Lu, J.; Murray, K.A.; Kandeel, F.; Eisenberg, D.S.		seeded_amplified		Seeded by T2D patient islet cells	P		EMD-23687	34518699	P10997	Homo sapiens (Human)		
IAPP	7M64	Cryo-EM structure of human islet amyloid polypeptide (hIAPP, or amylin) fibrils seeded by patient extracted fibrils, polymorph 3	13-37 (25)	2021-03-25	ELECTRON MICROSCOPY	4.00	Cao, Q.; Boyer, D.R.; Sawaya, M.R.; Abskharon, R.; Saelices, L.; Nguyen, B.A.; Lu, J.; Murray, K.A.; Kandeel, F.; Eisenberg, D.S.		seeded_amplified		Seeded by T2D patient islet cells	P		EMD-23688	34518699	P10997	Homo sapiens (Human)		
IAPP	7M65	Cryo-EM structure of human islet amyloid polypeptide (hIAPP, or amylin) fibrils seeded by patient extracted fibrils, polymorph 4	6-37 (32)	2021-03-25	ELECTRON MICROSCOPY	4.10	Cao, Q.; Boyer, D.R.; Sawaya, M.R.; Abskharon, R.; Saelices, L.; Nguyen, B.A.; Lu, J.; Murray, K.A.; Kandeel, F.; Eisenberg, D.S.		seeded_amplified		Seeded by T2D patient islet cells	P		EMD-23689	34518699	P10997	Homo sapiens (Human)		
IAPP	7YKW	Structure of hIAPP fibril at 3.6 Angstroms resolution	1-36 (36); 11-36 (26)	2022-07-25	ELECTRON MICROSCOPY	3.60	Li, D.; Zhang, X.; Wang, Y.; Zhang, H.; Song, K.; Bao, K.; Zhu, P.		in_vitro			P		EMD-33897	36567711	P10997	Homo sapiens (Human)		
IAPP	7YL0	Structure of hIAPP-TF-type2	1-36 (36); 11-36 (26)	2022-07-25	ELECTRON MICROSCOPY	3.20	Li, D.; Zhang, X.; Wang, Y.; Zhang, H.; Song, K.; Bao, K.; Zhu, P.		in_vitro			P		EMD-33901	36567711	P10997	Homo sapiens (Human)		
IAPP	7YL3	Structure of hIAPP-TF-type1	1-36 (36); 9-36 (28)	2022-07-25	ELECTRON MICROSCOPY	3.20	Li, D.; Zhang, X.; Wang, Y.; Zhang, H.; Song, K.; Bao, K.; Zhu, P.		in_vitro			P		EMD-33902	36567711	P10997	Homo sapiens (Human)		
IAPP	7YL7	Structure of hIAPP-TF-type3	1-36 (36); 8-36 (29)	2022-07-25	ELECTRON MICROSCOPY	3.30	Li, D.; Zhang, X.; Wang, Y.; Zhang, H.; Song, K.; Bao, K.; Zhu, P.		in_vitro			P		EMD-33903	36567711	P10997	Homo sapiens (Human)		
IAPP	8AWT	IAPP S20G lag-phase fibril polymorph 2PF-P	12-37 (26)	2022-08-30	ELECTRON MICROSCOPY	3.00	Wilkinson, M.; Xu, Y.; Thacker, D.; Taylor, A.I.P.; Fisher, D.G.; Gallardo, R.U.; Radford, S.E.; Ranson, N.A.		in_vitro			P		EMD-15696	38134875	P10997	Homo sapiens (Human)	S20G	
IAPP	8AZ0	IAPP S20G growth-phase fibril polymorph 2PF-L	10-37 (28)	2022-09-05	ELECTRON MICROSCOPY	3.40	Wilkinson, M.; Xu, Y.; Thacker, D.; Taylor, A.I.P.; Fisher, D.G.; Gallardo, R.U.; Radford, S.E.; Ranson, N.A.		in_vitro			P		EMD-15728	38134875	P10997	Homo sapiens (Human)	S20G	
IAPP	8AZ1	IAPP S20G growth-phase fibril polymorph 2PF-C	13-37 (25)	2022-09-05	ELECTRON MICROSCOPY	3.10	Wilkinson, M.; Xu, Y.; Thacker, D.; Taylor, A.I.P.; Fisher, D.G.; Gallardo, R.U.; Radford, S.E.; Ranson, N.A.		in_vitro			P		EMD-15729	38134875	P10997	Homo sapiens (Human)	S20G	
IAPP	8AZ2	IAPP S20G growth-phase fibril polymorph 3PF-CU	11-37 (27)	2022-09-05	ELECTRON MICROSCOPY	3.40	Wilkinson, M.; Xu, Y.; Thacker, D.; Taylor, A.I.P.; Fisher, D.G.; Gallardo, R.U.; Radford, S.E.; Ranson, N.A.		in_vitro			P		EMD-15730	38134875	P10997	Homo sapiens (Human)	S20G	
IAPP	8AZ3	IAPP S20G growth-phase fibril polymorph 4PF-CU	11-37 (27)	2022-09-05	ELECTRON MICROSCOPY	3.40	Wilkinson, M.; Xu, Y.; Thacker, D.; Taylor, A.I.P.; Fisher, D.G.; Gallardo, R.U.; Radford, S.E.; Ranson, N.A.		in_vitro			P		EMD-15731	38134875	P10997	Homo sapiens (Human)	S20G	
IAPP	8AZ4	IAPP S20G plateau-phase fibril polymorph 2PF-L	10-37 (28)	2022-09-05	ELECTRON MICROSCOPY	2.20	Wilkinson, M.; Xu, Y.; Thacker, D.; Taylor, A.I.P.; Fisher, D.G.; Gallardo, R.U.; Radford, S.E.; Ranson, N.A.		in_vitro			P		EMD-15753	38134875	P10997	Homo sapiens (Human)	S20G	
IAPP	8AZ5	IAPP S20G plateau-phase fibril polymorph 4PF-CU	11-37 (27)	2022-09-05	ELECTRON MICROSCOPY	2.30	Wilkinson, M.; Xu, Y.; Thacker, D.; Taylor, A.I.P.; Fisher, D.G.; Gallardo, R.U.; Radford, S.E.; Ranson, N.A.		in_vitro			P		EMD-15754	38134875	P10997	Homo sapiens (Human)	S20G	
IAPP	8AZ6	IAPP S20G plateau-phase fibril polymorph 4PF-LU	9-37 (29)	2022-09-05	ELECTRON MICROSCOPY	3.10	Wilkinson, M.; Xu, Y.; Thacker, D.; Taylor, A.I.P.; Fisher, D.G.; Gallardo, R.U.; Radford, S.E.; Ranson, N.A.		in_vitro			P		EMD-15755	38134875	P10997	Homo sapiens (Human)	S20G	
IAPP	8AZ7	IAPP S20G plateau-phase fibril polymorph 4PF-LJ	9-37 (29)	2022-09-05	ELECTRON MICROSCOPY	2.90	Wilkinson, M.; Xu, Y.; Thacker, D.; Taylor, A.I.P.; Fisher, D.G.; Gallardo, R.U.; Radford, S.E.; Ranson, N.A.		in_vitro			P		EMD-15756	38134875	P10997	Homo sapiens (Human)	S20G	
IAPP	8QJ1	Cryo-EM structure of human islet amyloid polypeptide (hIAPP) mutant A25P, polymorph 1	2-37 (36)	2023-09-12	ELECTRON MICROSCOPY	3.06	Ooi, S.A.; Valli, D.; Kuska, M.I.; Mari, H.; Chaudhary, H.; Wahlgren, W.Y.; Westenhoff, S.; Tietze, A.A.; Novials, A.; Servitja, J.M.; Maj, M.		in_vitro			P		EMD-18441	40850490	P10997	Homo sapiens (Human)	A25P	
IAPP	8QVP	Cryo-EM structure of human islet amyloid polypeptide (hIAPP) mutant S29P, polymorph 1	8-37 (30)	2023-11-02	ELECTRON MICROSCOPY	3.75	Ooi, S.A.; Valli, D.; Kuska, M.I.; Mari, H.; Chaudhary, H.; Wahlgren, W.Y.; Westenhoff, S.; Tietze, A.A.; Novials, A.; Servitja, J.M.; Maj, M.		in_vitro			P		EMD-18671	40850490	P10997	Homo sapiens (Human)	S29P	
IAPP	8QVQ	Cryo-EM structure of human islet amyloid polypeptide (hIAPP) mutant S29P, polymorph 2	13-37 (25)	2023-10-18	ELECTRON MICROSCOPY	4.07	Ooi, S.A.; Valli, D.; Kuska, M.I.; Mari, H.; Chaudhary, H.; Wahlgren, W.Y.; Westenhoff, S.; Tietze, A.A.; Novials, A.; Servitja, J.M.; Maj, M.		in_vitro			P		EMD-18672	40850490	P10997	Homo sapiens (Human)	S29P	
IAPP	8QVR	Cryo-EM structure of human islet amyloid polypeptide (hIAPP) mutant S29P, polymorph 3	2-37 (36)	2023-10-18	ELECTRON MICROSCOPY	3.80	Ooi, S.A.; Valli, D.; Maj, M.		in_vitro			P		EMD-18673		P10997	Homo sapiens (Human)	S29P	
IAPP	8R1S	Cryo-EM structure of human islet amyloid polypeptide (hIAPP) mutant A25P, polymorph 2	14-33 (20); 16-33 (18)	2023-11-02	ELECTRON MICROSCOPY	4.11	Ooi, S.A.; Valli, D.; Maj, M.		in_vitro			P		EMD-18827		P10997	Homo sapiens (Human)	A25P	
IAPP	8R4I	Cryo-EM structure of human islet amyloid polypeptide (hIAPP)	13-37 (25)	2023-11-13	ELECTRON MICROSCOPY	4.01	Valli, D.; Ooi, S.A.; Scattolini, G.; Chaudhary, H.; Tietze, A.A.; Maj, M.		in_vitro			P		EMD-18887	38368506	P10997	Homo sapiens (Human)		
IAPP	8RM8	Cryo-EM structure of human islet amyloid polypeptide (hIAPP) mutant S28P, polymorph 1	8-37 (30); 14-37 (24)	2024-01-05	ELECTRON MICROSCOPY	3.00	Ooi, S.A.; Valli, D.; Kuska, M.I.; Mari, H.; Chaudhary, H.; Wahlgren, W.Y.; Westenhoff, S.; Tietze, A.A.; Novials, A.; Servitja, J.M.; Maj, M.		in_vitro			P		EMD-19353	40850490	P10997	Homo sapiens (Human)	S28P	
IAPP	8RM9	Cryo-EM structure of human islet amyloid polypeptide (hIAPP) mutant S28P, polymorph 2	2-37 (36); 14-37 (24)	2024-01-05	ELECTRON MICROSCOPY	4.06	Ooi, S.A.; Valli, D.; Kuska, M.I.; Mari, H.; Chaudhary, H.; Wahlgren, W.Y.; Westenhoff, S.; Tietze, A.A.; Novials, A.; Servitja, J.M.; Maj, M.		in_vitro			P		EMD-19354	40850490	P10997	Homo sapiens (Human)	S28P	
IAPP	9GZ6	WT-IAPP cryo-EM structure Type SS - control reaction	12-37 (26)	2024-10-03	ELECTRON MICROSCOPY	3.30	Taylor, A.I.P.; Xu, Y.; Wilkinson, M.; Chakraborty, P.; Brinkworth, A.; Willis, L.F.; Zhuravleva, A.; Ranson, N.A.; Foster, R.; Radford, S.E.		in_vitro			P		EMD-51726	39985130	P10997	Homo sapiens (Human)		
IAPP	9GZP	WT-IAPP cryo-EM structure Type LL - control reaction	15-37 (23)	2024-10-04	ELECTRON MICROSCOPY	2.90	Taylor, A.I.P.; Xu, Y.; Wilkinson, M.; Chakraborty, P.; Brinkworth, A.; Willis, L.F.; Zhuravleva, A.; Ranson, N.A.; Foster, R.; Radford, S.E.		in_vitro			P		EMD-51730	39985130	P10997	Homo sapiens (Human)		
IAPP	9GZS	WT-IAPP cryo-EM structure Type LLU - control reaction	13-37 (25)	2024-10-04	ELECTRON MICROSCOPY	3.10	Taylor, A.I.P.; Xu, Y.; Wilkinson, M.; Chakraborty, P.; Brinkworth, A.; Willis, L.F.; Zhuravleva, A.; Ranson, N.A.; Foster, R.; Radford, S.E.		in_vitro			P		EMD-51733	39985130	P10997	Homo sapiens (Human)		
IAPP	9GZT	WT-IAPP cryo-EM structure Type LLUU - control reaction	13-37 (25); 14-37 (24)	2024-10-04	ELECTRON MICROSCOPY	2.90	Taylor, A.I.P.; Xu, Y.; Wilkinson, M.; Chakraborty, P.; Brinkworth, A.; Willis, L.F.; Zhuravleva, A.; Ranson, N.A.; Foster, R.; Radford, S.E.		in_vitro			P		EMD-51734	39985130	P10997	Homo sapiens (Human)		
IAPP	9GZW	WT-IAPP cryo-EM structure Type LL, doxazosin reaction	14-37 (24)	2024-10-04	ELECTRON MICROSCOPY	2.90	Taylor, A.I.P.; Xu, Y.; Wilkinson, M.; Chakraborty, P.; Brinkworth, A.; Willis, L.F.; Zhuravleva, A.; Ranson, N.A.; Foster, R.; Radford, S.E.		in_vitro			P		EMD-51735	39985130	P10997	Homo sapiens (Human)		
IAPP	9GZX	WT-IAPP cryo-EM structure Type LLU, doxazosin reaction	10-37 (28); 14-37 (24)	2024-10-04	ELECTRON MICROSCOPY	3.10	Taylor, A.I.P.; Xu, Y.; Wilkinson, M.; Chakraborty, P.; Brinkworth, A.; Willis, L.F.; Zhuravleva, A.; Ranson, N.A.; Foster, R.; Radford, S.E.		in_vitro			P		EMD-51736	39985130	P10997	Homo sapiens (Human)		
IAPP	9GZY	WT-IAPP cryo-EM structure Type LLUU, doxazosin reaction	15-37 (23); 16-37 (22)	2024-10-04	ELECTRON MICROSCOPY	3.00	Taylor, A.I.P.; Xu, Y.; Wilkinson, M.; Chakraborty, P.; Brinkworth, A.; Willis, L.F.; Zhuravleva, A.; Ranson, N.A.; Foster, R.; Radford, S.E.		in_vitro			P		EMD-51737	39985130	P10997	Homo sapiens (Human)		
IAPP	9ULZ	Cryo-EM structure of hIAPP fibrils extracted from a donor with T2D and pancreatic cancer	2-37 (36)	2025-04-21	ELECTRON MICROSCOPY	2.90	Liu, W.; Han, J.; Gong, W.; Zhang, F.; Cao, Q.	√	human_ex_vivo	type 2 diabetes	human pancreas	P		EMD-64268	41483806	P10997	Homo sapiens (Human)		
IAPP_fragment	2KIB	Protein Fibril	22-28 (7)	2009-05-01	SOLID-STATE NMR		Nielsen, J.T.; Bjerring, M.; Jeppesen, M.D.; Pedersen, R.O.; Pedersen, J.M.; Hein, K.L.; Vosegaard, T.; Skrydstrup, T.; Otzen, D.E.; Nielsen, N.C.		in_vitro			P	20074		19130518	P10997	Homo sapiens (Human)		
IG c956_light_IGLV1-44_IGLJ3	9V91	Cryo-EM structure of renal amyloid fibril from an immunoglobulin light chain amyloidosis patient in polymorph B	16-95 (80)	2025-05-30	ELECTRON MICROSCOPY	3.00	Zhao, K.; Yu, C.Y.; Ma, Y.Y.; Huang, H.	√	human_ex_vivo	immunoglobulin light chain amyloidosis	renal tissue	P		EMD-64858		A0A5C2GJC2	Homo sapiens (Human)		
IG c956_light_IGLV1-44_IGLJ3	9X45	Cryo-EM structure of renal amyloid fibril from an immunoglobulin light chain amyloidosis patient in polymorph A	16-95 (80)	2025-10-10	ELECTRON MICROSCOPY	2.93	Zhao, K.; Yu, C.Y.; Ma, Y.Y.; Huang, H.	√	human_ex_vivo	immunoglobulin light chain amyloidosis	renal tissue	P		EMD-66530		A0A5C2GJC2	Homo sapiens (Human)		
IgLC_001	6IC3	AL amyloid fibril from a lambda 1 light chain	15-105 (91)	2018-12-02	ELECTRON MICROSCOPY	3.30	Radamaker, L.; Lin, Y.H.; Annamalai, K.; Huhn, S.; Hegenbart, U.; Schonland, S.O.; Fritz, G.; Schmidt, M.; Fandrich, M.	√	human_ex_vivo	AL amyloidosis	human heart muscle tissue	P		EMD-4452	30894526		Homo sapiens (Human)		
IgLC_002	8R47	AL amyloid fibril from the FOR010 light chain	13-49; 61-106 (103)	2023-11-13	ELECTRON MICROSCOPY	2.25	Karimi-Farsijani, S.; Pfeiffer, P.B.; Banerjee, S.; Baur, J.; Kuhn, L.; Kupfer, N.; Hegenbart, U.; Schonland, S.O.; Wiese, S.; Haupt, C.; Schmidt, M.; Fandrich, M.	√	human_ex_vivo	AL amyloidosis	human cardiac tissue	P		EMD-18881	38879609		Homo sapiens (Human)		
IgLC_003	9EME	AL amyloid fibril from the FOR103 light chain	9-52; 61-108 (92)	2024-03-08	ELECTRON MICROSCOPY	2.92	Karimi-Farsijani, S.; Pfeiffer, P.B.; Banerjee, S.; Baur, J.; Kuhn, L.; Kupfer, N.; Hegenbart, U.; Schonland, S.O.; Wiese, S.; Haupt, C.; Schmidt, M.; Fandrich, M.	√	human_ex_vivo	AL amyloidosis	human abdominal fat tissue	P		EMD-19818	38879609		Homo sapiens (Human)		
IgLC_004	6HUD	Cryo-EM structure of cardiac amyloid fibrils from an immunoglobulin light chain (AL) amyloidosis patient.	1-37; 66-105 (77)	2018-10-06	ELECTRON MICROSCOPY	4.00	Swuec, P.; Lavatelli, F.; Tasaki, M.; Paissoni, C.; Rognoni, P.; Maritan, M.; Brambilla, F.; Milani, P.; Mauri, P.; Camilloni, C.; Palladini, G.; Merlini, G.; Ricagno, S.; Bolognesi, M.	√	human_ex_vivo	AL amyloidosis	human heart (left ventricle)	P		EMD-0274	30894521		Homo sapiens (Human)		
IgLC_005	6Z1O	AL amyloid fibril from a lambda 3 light chain in conformation A	28-68; 79-126 (89)	2020-05-14	ELECTRON MICROSCOPY	3.20	Radamaker, L.; Baur, J.; Huhn, S.; Haupt, C.; Hegenbart, U.; Schonland, S.; Bansal, A.; Schmidt, M.; Fandrich, M.	√	human_ex_vivo	AL amyloidosis	human heart tissue	P		EMD-11031	33558536	P01714	Homo sapiens (Human)		
IgLC_006	7NSL	AL amyloid fibril from a lambda 1 light chain	9-52; 68-108 (85)	2021-03-08	ELECTRON MICROSCOPY	3.10	Radamaker, L.; Karimi-Farsijani, S.; Andreotti, G.; Baur, J.; Neumann, M.; Schreiner, S.; Berghaus, N.; Motika, R.; Haupt, C.; Walther, P.; Schmidt, V.; Huhn, S.; Hegenbart, U.; Schonland, S.O.; Wiese, S.; Read, C.; Schmidt, M.; Fandrich, M.	√	human_ex_vivo	AL amyloidosis	human heart	P		EMD-12570	34741031		Homo sapiens (Human)		
IgLC_007	8CPE	CryoEM structure of AL55 amyloid fibrils extracted from the kidney of an AL amyloidosis patient.	1-37; 66-105 (77)	2023-03-02	ELECTRON MICROSCOPY	4.00	Puri, S.; Schulte, T.; Chaves-Sanjuan, A.; Mazzini, G.; Caminito, S.; Pappone, C.; Anastasia, L.; Milani, P.; Merlini, G.; Bolognesi, M.; Nuvolone, M.; Palladini, G.; Ricagno, S.	√	human_ex_vivo	AL amyloidosis	human kidney	P		EMD-16780	37516426		Homo sapiens (Human)		
IgLC_008	9FAA	Cryo-EM structure of cardiac collagen-associated amyloid AL59	1-118 (118)	2024-05-10	ELECTRON MICROSCOPY	3.60	Schulte, T.; Chaves-Sanjuan, A.; Speranzini, V.; Sicking, K.; Milazzo, M.; Mazzini, G.; Rognoni, P.; Caminito, S.; Milani, P.; Marabelli, C.; Corbelli, A.; Diomede, L.; Fiordaliso, F.; Anastasia, L.; Pappone, C.; Merlini, G.; Bolognesi, M.; Nuvolone, M.; Fernandez-Busnadiego, R.; Palladini, G.; Ricagno, S.	√	human_ex_vivo	AL amyloidosis	human heart (cardiac tissue, apex)	P		EMD-50270	39069558		Homo sapiens (Human)		
IgLC_008	9FAB	Additional cryo-EM structure of cardiac amyloid AL59 - bent polymorph	1-117 (117)	2024-05-10	ELECTRON MICROSCOPY	3.90	Schulte, T.; Chaves-Sanjuan, A.; Speranzini, V.; Sicking, K.; Milazzo, M.; Mazzini, G.; Rognoni, P.; Caminito, S.; Milani, P.; Marabelli, C.; Corbelli, A.; Diomede, L.; Fiordaliso, F.; Anastasia, L.; Pappone, C.; Merlini, G.; Bolognesi, M.; Nuvolone, M.; Fernandez-Busnadiego, R.; Palladini, G.; Ricagno, S.	√	human_ex_vivo	AL amyloidosis	cardiac	P		EMD-50271			Homo sapiens (Human)		
IgLC_008	9FAC	Additional cryo-EM structure of cardiac amyloid AL59 - mixed polymorph	1-117 (117)	2024-05-10	ELECTRON MICROSCOPY	3.90	Schulte, T.; Chaves-Sanjuan, A.; Speranzini, V.; Sicking, K.; Milazzo, M.; Mazzini, G.; Rognoni, P.; Caminito, S.; Milani, P.; Marabelli, C.; Corbelli, A.; Diomede, L.; Fiordaliso, F.; Anastasia, L.; Pappone, C.; Merlini, G.; Bolognesi, M.; Nuvolone, M.; Fernandez-Busnadiego, R.; Palladini, G.; Ricagno, S.	√	human_ex_vivo	AL amyloidosis	human heart (apex)	P		EMD-50272	39069558		Homo sapiens (Human)		
IgLC_009	9LIV	The cryo-EM structure of amyloid fibrils from abdominal fat of an AL amyloidosis patient (case 1) - polymorph 1.	8-109 (102)	2025-01-14	ELECTRON MICROSCOPY	3.10	Yao, Y.; Zhao, Q.; Yao, S.; Xu, Y.; Liu, K.; Cao, T.; Sun, B.; Zhou, J.; Liu, C.; Li, D.	√	human_ex_vivo	AL amyloidosis	human abdominal fat biopsy (case 1)	P		EMD-63124	41493812		Homo sapiens (Human)		
IgLC_009	9LIW	The cryo-EM structure of amyloid fibrils from heart of an AL amyloidosis patient (case 1) - polymorph 1.	8-109 (102)	2025-01-14	ELECTRON MICROSCOPY	3.20	Yao, Y.; Zhao, Q.; Yao, S.; Xu, Y.; Liu, K.; Cao, T.; Sun, B.; Zhou, J.; Liu, C.; Li, D.	√	human_ex_vivo	AL amyloidosis	human heart	P		EMD-63125	41493812		Homo sapiens (Human)		
IgLC_010	9LIX	The cryo-EM structure of amyloid fibrils from abdominal fat of an AL amyloidosis patient (case 2) - polymorph 1.	16-54; 61-110 (89)	2025-01-14	ELECTRON MICROSCOPY	3.00	Yao, Y.; Zhao, Q.; Yao, S.; Xu, Y.; Liu, K.; Cao, T.; Sun, B.; Zhou, J.; Liu, C.; Li, D.	√	human_ex_vivo	AL amyloidosis	human abdominal fat	P		EMD-63126	41493812		Homo sapiens (Human)		
IgLC_010	9LIY	The cryo-EM structure of amyloid fibrils from abdominal fat of an AL amyloidosis patient (case 2) - polymorph 2.	16-54; 70-110 (80)	2025-01-14	ELECTRON MICROSCOPY	3.20	Yao, Y.; Zhao, Q.; Yao, S.; Xu, Y.; Liu, K.; Cao, T.; Sun, B.; Zhou, J.; Liu, C.; Li, D.	√	human_ex_vivo	AL amyloidosis	human abdominal fat biopsy (case 2)	P		EMD-63127	41493812		Homo sapiens (Human)		
IgLC_011	9LJ0	The cryo-EM structure of amyloid fibrils from abdominal fat of an AL amyloidosis patient (case 3).	17-110 (94)	2025-01-14	ELECTRON MICROSCOPY	3.30	Yao, Y.; Zhao, Q.; Yao, S.; Xu, Y.; Liu, K.; Cao, T.; Sun, B.; Zhou, J.; Liu, C.; Li, D.	√	human_ex_vivo	AL amyloidosis	human abdominal fat biopsy	P		EMD-63129	41493812		Homo sapiens (Human)		
IgLC_012	9LJA	The cryo-EM structure of amyloid fibrils from abdominal fat of a multiple myeloma patient (case 1)- polymorph 1.	6-107 (102)	2025-01-14	ELECTRON MICROSCOPY	3.10	Yao, Y.X.; Zhao, Q.Y.; Liu, C.; Li, D.	√	human_ex_vivo	Multiple Myeloma	human abdominal fat	P		EMD-63140			Homo sapiens (Human)		
IgLC_012	9LJB	The cryo-EM structure of amyloid fibrils from abdominal fat of a multiple myeloma patient (case 1)- polymorph 2.	7-107 (101)	2025-01-14	ELECTRON MICROSCOPY	3.20	Yao, Y.X.; Zhao, Q.Y.; Liu, C.; Li, D.	√	human_ex_vivo	Multiple Myeloma	human abdominal fat	P		EMD-63141			Homo sapiens (Human)		
IgLC_013	9LJC	The cryo-EM structure of amyloid fibrils from abdominal fat of a multiple myeloma patient (case 2).	1-39; 61-101 (80)	2025-01-14	ELECTRON MICROSCOPY	2.70	Yao, Y.X.; Zhao, Q.Y.; Liu, C.; Li, D.	√	human_ex_vivo	Multiple Myeloma	human abdominal fat	P		EMD-63142			Homo sapiens (Human)		
IgLC_014	9OKA	Cardiac lambda-6 light chain amyloid AL-224L single protofilament	1-41; 59-104 (87)	2025-05-09	ELECTRON MICROSCOPY	2.92	Hicks, C.W.; Prokaeva, T.; Spencer, B.; Jayaraman, S.; Huda, N.; Wong, S.; Chen, H.; Sanchorawala, V.; Lavatelli, F.; Gursky, O.	√	human_ex_vivo	AL amyloidosis	human heart tissue	P		EMD-70557	41389958		Homo sapiens (Human)		
Immunoglobulin lambda variable 3-19	6Z1I	AL amyloid fibril from a lambda 3 light chain in conformation B	9-107 (99)	2020-05-13	ELECTRON MICROSCOPY	3.40	Radamaker, L.; Baur, J.; Huhn, S.; Haupt, C.; Hegenbart, U.; Schonland, S.; Bansal, A.; Schmidt, M.; Fandrich, M.	√	human_ex_vivo	AL amyloidosis	human heart	P		EMD-11030	33558536	P01714	Homo sapiens (Human)		
Insulin	8RVT	Structure of full-length human insulin fibrils	25-45 (21); 90-110 (21)	2024-02-02	SOLID-STATE NMR		Suladze, S.; Sarkar, R.; Rodina, N.; Bokvist, K.; Krewinkel, M.; Scheps, D.; Nagel, N.; Bardiaux, B.; Reif, B.		in_vitro			P	51867		38809711	P01308	Homo sapiens (Human)		
Insulin	8SBD	Cryo-EM structure of insulin amyloid-like fibril that is composed of two antiparallel protofilaments	29-51 (23); 91-109 (19)	2023-04-03	ELECTRON MICROSCOPY	3.20	Wang, L.; Hall, C.E.; Uchikawa, E.; Chen, D.; Choi, E.; Zhang, X.; Bai, X.C.		in_vitro			P		EMD-40305	37713485	P01308	Homo sapiens (Human)		
Lactadherin	9U02	Medin fibril generated from the heterotypic interaction of Abeta40 and Medin.	1-50 (50)	2026-01-26	ELECTRON MICROSCOPY	2.70	Pradhan, B.; Kumar, S.T.; Wagner, J.; Gallardo, R.; Zorzini, V.; Orlando, G.; Vleeschouwer, M.D.; Madine, J.; Louros, N.; Neher, J.; Schymkowitz, J.; Rousseau, F.		in_vitro			P		EMD-56480		Q08431	Homo sapiens (Human)		
LECT2	8G2V	Cryo-EM structure of recombinant human LECT2 amyloid fibril core	55-75 (21)	2023-02-06	ELECTRON MICROSCOPY	2.71	Richards, L.S.; Flores, M.D.; Zink, S.; Schibrowsky, N.A.; Sawaya, M.R.; Rodriguez, J.A.		in_vitro			P		EMD-29682	37657439	O14960	Homo sapiens (Human)		
LECT2	9NON	Cryo-EM structure of amyloid fibril isolated from the kidney of a variant Alect2-I40V amyloidosis patient	1-133 (133)	2025-03-10	ELECTRON MICROSCOPY	2.40	Afrin, S.; Nguyen, B.A.; Singh, V.; Singh, P.; Bassett, P.; Pekala, M.; Evers, B.; Lopez, C.; Ahmed, Y.; Li, L.; Kallem, R.R.; Lemoff, A.; Argyropoulos, C.; Kluve-Beckerman, B.; Saelices, L.	√	human_ex_vivo	ALECT2 amyloidosis	human kidney	P		EMD-49601	41965342	O14960	Homo sapiens (Human)	I40V	
Lysozyme	8QUT	Cryo-EM structure of the heat-irreversible amyloid fibrils of human lysozyme	22-34; 50-128 (92)	2023-10-17	ELECTRON MICROSCOPY	2.80	Frey, L.; Zhou, J.; Cereghetti, G.; Weber, M.E.; Rhyner, D.; Pokharna, A.; Wenchel, L.; Kadavath, H.; Cao, Y.; Meier, B.H.; Peter, M.; Greenwald, J.; Riek, R.; Mezzenga, R.		in_vitro			P		EMD-18663	39349464	P61626	Homo sapiens (Human)		
Lysozyme	8QV8	Cryo-EM structure of the heat-irreversible amyloid fibrils of hen egg-white lysozyme	26-100(75)	2023-10-17	ELECTRON MICROSCOPY	3.26	Frey, L.; Zhou, J.; Cereghetti, G.; Weber, M.E.; Rhyner, D.; Pokharna, A.; Wenchel, L.; Kadavath, H.; Cao, Y.; Meier, B.H.; Peter, M.; Greenwald, J.; Riek, R.; Mezzenga, R.		in_vitro			S		EMD-18669	39349464	P00698	Gallus gallus (Chicken)		
Lysozyme	8R4A	Cryo-EM structure of the D87G lysozyme amyloid fibril	1-130 (130)	2023-11-13	ELECTRON MICROSCOPY	2.80	Karimi-Farsijani, S.; Sharma, K.; Ugrina, M.; Kuhn, L.; Pfeiffer, P.B.; Haupt, C.; Wiese, S.; Hegenbart, U.; Schonland, S.O.; Schwierz, N.; Schmidt, M.; Fandrich, M.	√	human_ex_vivo	hereditary lysozyme amyloidosis	human abdominal fat tissue	P		EMD-18883	39511224	P61626	Homo sapiens (Human)	D87G	
Lysozyme	9J0L	Cryo-EM Structure of Lysozyme Type 1 Amyloid Fibrils	5-129 (125)	2024-08-02	ELECTRON MICROSCOPY	2.29	Kawabata, H.; Li, Y.; Lin, Y.; Ishimoto, N.; Yun, Y.; Heo, Y.; Park, J.H.; Lee, Y.H.; Park, S.Y.		in_vitro			S		EMD-61056		P00698	Gallus gallus (Chicken)		
Lysozyme	9J0M	Cryo-EM Structure of Lysozyme Type 2 Amyloid Fibrils	5-129 (125)	2024-08-02	ELECTRON MICROSCOPY	3.21	Kawabata, H.; Li, Y.; Umezawa, H.; Lin, Y.; Ishimoto, N.; Yun, Y.; Heo, Y.; Park, J.H.; Lee, Y.H.; Park, S.Y.		in_vitro			S		EMD-61057		P00698	Gallus gallus (Chicken)		
MaSp1	9KZB	Cryo-EM structure of amyloid peptide-silk block protein fibril, Type 1	9-23 (15)	2024-12-10	ELECTRON MICROSCOPY	3.27	Zhang, Y.L.; Dai, B.		in_vitro			S		EMD-62658			Latrodectus hesperus (Western black widow spider)		
MaSp1	9L2S	Cryo-EM structure of amyloid peptide-silk block protein fibril, Type 2	23-62 (40)	2024-12-17	ELECTRON MICROSCOPY	3.08	Zhang, Y.L.; Dai, B.		in_vitro			S		EMD-62779		A6YIY1	Latrodectus hesperus (Western black widow spider)		
Max1 peptide	2N1E	MAX1 peptide fibril	1-20 (20)	2015-03-30	SOLID-STATE NMR		Nagy-Smith, K.; Moore, E.; Schneider, J.; Tycko, R.		in_vitro			S	25558		26216960				
Natriuretic peptide A	9RBD	Cryo-EM structure of ANP amyloids from left atrial appendage of atrial fibrillation patient - polymorph A	128-151 (24)	2025-05-22	ELECTRON MICROSCOPY	2.96	Broggini, L.; Piccoli, M.; Chaves-Sanjuan, A.; Bonnet, D.M.V.; Cirillo, F.; Visentin, C.; Sonzini, F.; Signorelli, P.; Lavota, I.; Milazzo, M.; Nonnis, S.; Menicanti, L.; Ciconte, G.; Pappone, C.; Anastasia, L.; Ricagno, S.	√	human_ex_vivo	atrial fibrillation	human left atrial appendage	P		EMD-53891	41162370	P01160	Homo sapiens (Human)		
Natriuretic peptide A	9RBW	Cryo-EM structure of ANP amyloids from left atrial appendage of atrial fibrillation patient - polymorph B	126-151 (26)	2025-05-27	ELECTRON MICROSCOPY	3.30	Broggini, L.; Piccoli, M.; Chaves-Sanjuan, A.; Bonnet, D.M.V.; Cirillo, F.; Visentin, C.; Sonzini, F.; Signorelli, P.; Lavota, I.; Milazzo, M.; Nonnis, S.; Menicanti, L.; Ciconte, G.; Pappone, C.; Anastasia, L.; Ricagno, S.	√	human_ex_vivo	atrial fibrillation	human left atrial appendage	P		EMD-53910	41162370	P01160	Homo sapiens (Human)		
Ninjurin-1	9K8S	Cryo-EM structure of HE30 polymorph 1	43-67 (25); 51-69 (19)	2024-10-24	ELECTRON MICROSCOPY	2.90	Wang, M.; Xia, W.; Zhao, D.; Zhai, Z.; Chen, R.; Bai, X.; Zhang, Z.; Fan, H.; Zhang, J.P.; Liu, C.; Jiao, F.		in_vitro			S		EMD-62179	41037056	Q92982	Homo sapiens (Human)		
Ninjurin-1	9K8T	Cryo-EM structure of HE30 polymorph 2	45-69 (25); 50-69 (70)	2024-10-24	ELECTRON MICROSCOPY	3.20	Wang, M.; Xia, W.; Zhao, D.; Zhai, Z.; Chen, R.; Bai, X.; Zhang, Z.; Fan, H.; Zhang, J.P.; Liu, C.; Jiao, F.		in_vitro			S		EMD-62180	41037056	Q92982	Homo sapiens (Human)		
Nup98	7Q64	Cryo-em structure of the Nup98 fibril polymorph 1	85-124 (40)	2021-11-05	ELECTRON MICROSCOPY	2.76	Ibanez de Opakua, A.; Geraets, J.A.; Frieg, B.; Dienemann, C.; Savastano, A.; Rankovic, M.; Cima-Omori, M.S.; Schroder, G.F.; Zweckstetter, M.		in_vitro			F		EMD-13851	36138110	P52948	Homo sapiens (Human)		
Nup98	7Q65	Cryo-em structure of the Nup98 fibril polymorph 2	85-124 (40)	2021-11-05	ELECTRON MICROSCOPY	3.32	Ibanez de Opakua, A.; Geraets, J.A.; Frieg, B.; Dienemann, C.; Savastano, A.; Rankovic, M.; Cima-Omori, M.S.; Schroder, G.F.; Zweckstetter, M.		in_vitro			F		EMD-13852	36138110	P52948	Homo sapiens (Human)		
Nup98	7Q66	Cryo-em structure of the Nup98 fibril polymorph 3	85-121 (37)	2021-11-05	ELECTRON MICROSCOPY	2.79	Ibanez de Opakua, A.; Geraets, J.A.; Frieg, B.; Dienemann, C.; Savastano, A.; Rankovic, M.; Cima-Omori, M.S.; Schroder, G.F.; Zweckstetter, M.		in_vitro			F		EMD-13853	36138110	P52948	Homo sapiens (Human)		
Nup98	7Q67	Cryo-em structure of the Nup98 fibril polymorph 4	90-122 (33)	2021-11-05	ELECTRON MICROSCOPY	3.37	Ibanez de Opakua, A.; Geraets, J.A.; Frieg, B.; Dienemann, C.; Savastano, A.; Rankovic, M.; Cima-Omori, M.S.; Schroder, G.F.; Zweckstetter, M.		in_vitro			F		EMD-13854	36138110	P52948	Homo sapiens (Human)		
Nup98	8CI8	Cryo-EM structure of the Nup98(298-327) fibril	299-326 (28); 317-326 (10);299-323 (25);299-324 (26); 300-309 (10)	2023-02-09	ELECTRON MICROSCOPY	2.67	Ibanez de Opakua, A.; Pantoja, C.F.; Cima-Omori, M.S.; Dienemann, C.; Zweckstetter, M.		in_vitro			F		EMD-16671	38714656	P52948	Homo sapiens (Human)		
Phenol-soluble modulin alpha 1 peptide	9ATW	Structure of biofilm-forming functional amyloid PSMa1 from Staphylococcus aureus	1-21 (21)	2024-02-27	ELECTRON MICROSCOPY	3.50	Hansen, K.H.; Byeon, C.H.; Liu, Q.; Drace, T.; Boesen, T.; Conway, J.F.; Andreasen, M.; Akbey, U.		in_vitro			F		EMD-43835	39116134	P0C7Y1	Staphylococcus aureus (strain NCTC 8325 / PS 47)		
Phosphatidylinositol 3-kinase regulatory subunit alpha	6R4R	Cryo-EM Structure of the PI3-Kinase SH3 Domain Amyloid Fibril	1-77 (77)	2019-03-23	ELECTRON MICROSCOPY	3.40	Roder, C.; Vettore, N.; Mangels, L.N.; Gremer, L.; Ravelli, R.B.G.; Willbold, D.; Hoyer, W.; Buell, A.K.; Schroder, G.F.		in_vitro			S		EMD-4727	31434882	P23727	Bos taurus (Bovine)		
PMEL	9JST	Wild-type native PMEL amyloid - polymorph 1	148-182 (35)	2024-10-01	ELECTRON MICROSCOPY	1.79	Yanagisawa, H.; Arai, H.; Wang, T.; Miyazawa, H.; Kikkawa, M.; Oda, T.		cell extracts		human melanoma cell line HMV-II	F		EMD-61782	40595665	P40967	Homo sapiens (Human)		
PMEL	9JSU	Wild-type native PMEL amyloid - polymorph 2	151-183 (33)	2024-10-01	ELECTRON MICROSCOPY	1.79	Yanagisawa, H.; Arai, H.; Wang, T.; Miyazawa, H.; Kikkawa, M.; Oda, T.		cell extracts		human melanoma cell line HMV-II	F		EMD-61783	40595665	P40967	Homo sapiens (Human)		
PMEL	9JSV	G175S mutant native PMEL amyloid	149-182 (34)	2024-10-01	ELECTRON MICROSCOPY	1.79	Yanagisawa, H.; Arai, H.; Wang, T.; Miyazawa, H.; Kikkawa, M.; Oda, T.		cell extracts		HMV-II human melanoma cells	F		EMD-61784	40595665	P40967	Homo sapiens (Human)	G175S	
PMEL	9JSW	Wild-type PMEL CAF amyloid -in vitro polymerized	148-182 (35)	2024-10-01	ELECTRON MICROSCOPY	1.94	Yanagisawa, H.; Arai, H.; Wang, T.; Miyazawa, H.; Kikkawa, M.; Oda, T.		in_vitro			F		EMD-61785	40595665	P40967	Homo sapiens (Human)		
PMEL	9JSX	G175S PMEL CAF amyloid - in vitro polymerized	149-182 (34)	2024-10-01	ELECTRON MICROSCOPY	1.79	Yanagisawa, H.; Arai, H.; Wang, T.; Miyazawa, H.; Kikkawa, M.; Oda, T.		in_vitro			F		EMD-61786	40595665	P40967	Homo sapiens (Human)	G175S	
POMC	6TUB	Beta-endorphin amyloid fibril	237-267 (31)	2020-01-05	SOLID-STATE NMR		Seuring, C.; Verasdonck, J.; Gath, J.; Ghosh, D.; Nespovitaya, N.; Walti, M.A.; Maji, S.K.; Cadalbert, R.; Guntert, P.; Meier, B.H.; Riek, R.		in_vitro			F	26715		33046908	P01189	Homo sapiens (Human)		
PrP	6LNI	Cryo-EM structure of amyloid fibril formed by full-length human prion protein	170-229 (60)	2019-12-30	ELECTRON MICROSCOPY	2.70	Wang, L.Q.; Zhao, K.; Yuan, H.Y.; Wang, Q.; Guan, Z.; Tao, J.; Li, X.N.; Sun, Y.; Yi, C.W.; Chen, J.; Li, D.; Zhang, D.; Yin, P.; Liu, C.; Liang, Y.		in_vitro			P		EMD-0931	32514176	P04156	Homo sapiens (Human)		
PrP	6UUR	Human prion protein fibril, M129 variant	106-145 (40)	2019-10-31	ELECTRON MICROSCOPY	3.50	Glynn, C.; Sawaya, M.R.; Ge, P.; Gallagher-Jones, M.; Short, C.W.; Bowman, R.; Apostol, M.; Zhou, Z.H.; Eisenberg, D.S.; Rodriguez, J.A.		in_vitro			P		EMD-20900	32284600	P04156	Homo sapiens (Human)		
PrP	7DWV	Cryo-EM structure of amyloid fibril formed by familial prion disease-related mutation E196K	175-217 (43)	2021-01-18	ELECTRON MICROSCOPY	3.07	Wang, L.Q.; Zhao, K.; Yuan, H.Y.; Li, X.N.; Dang, H.B.; Ma, Y.; Wang, Q.; Wang, C.; Sun, Y.; Chen, J.; Li, D.; Zhang, D.; Yin, P.; Liu, C.; Liang, Y.		in_vitro			P		EMD-30887	34516876	P04156	Homo sapiens (Human)	E196K	
PrP	7LNA	Infectious mammalian prion fibril (263K scrapie)	95-227 (133)	2021-02-06	ELECTRON MICROSCOPY	3.14	Kraus, A.; Hoyt, F.; Schwartz, C.L.; Hansen, B.; Artikis, E.; Hughson, A.G.; Raymond, G.J.; Race, B.; Baron, G.S.; Caughey, B.		animal_ex_vivo		hamster brain	P		EMD-23459	34433091	P04273	Mesocricetus auratus (Golden hamster)		
PrP	7QIG	Infectious mouse-adapted RML scrapie prion fibril purified from terminally-infected mouse brains	94-225 (132)	2021-12-14	ELECTRON MICROSCOPY	2.70	Manka, S.W.; Zhang, W.; Wenborn, A.; Betts, J.; Joiner, S.; Saibil, H.R.; Collinge, J.; Wadsworth, J.D.F.		animal_ex_vivo		mouse brain	P		EMD-13989	35831275	P04925	Mus musculus (Mouse)		
PrP	7RL4	Cryo-EM structure of human PrP23-144 amyloid fibrils	108-141 (34)	2021-07-23	ELECTRON MICROSCOPY	2.86	Li, Q.; Jaroniec, C.P.; Surewicz, W.K.		in_vitro			P		EMD-24514	36097290	P04156	Homo sapiens (Human)		Y145Stop
PrP	7TD6	aRML prion fibril	93-230 (138)	2021-12-30	ELECTRON MICROSCOPY	3.00	Hoyt, F.; Standke, H.G.; Artikis, E.; Schwartz, C.L.; Hansen, B.; Li, K.; Hughson, A.G.; Manca, M.; Thomas, O.R.; Raymond, G.J.; Race, B.; Baron, G.S.; Caughey, B.; Kraus, A.		animal_ex_vivo		transgenic mouse brains (anchorless PrP)	P		EMD-25824	35831291	P04925	Mus musculus (Mouse)		
PrP	7UMQ	Structure of Type I Prion filaments from Gerstmann-Straussler-Scheinker disease	80-141 (62)	2022-04-07	ELECTRON MICROSCOPY	3.29	Hallinan, G.I.; Ozcan, K.A.; Hoq, M.R.; Cracco, L.; Vago, F.S.; Bharath, S.R.; Li, D.; Jacobsen, M.; Doud, E.H.; Mosley, A.L.; Fernandez, A.; Garringer, H.J.; Jiang, W.; Ghetti, B.; Vidal, R.	√	human_ex_vivo	Gerstmann-Sträussler-Scheinker disease	human cerebellar gray matter	P		EMD-26607	35819518	P04156	Homo sapiens (Human)		F198S
PrP	7UN5	Structure of Type II Prion filaments from Gerstmann-Straussler-Scheinker disease	80-141 (62)	2022-04-08	ELECTRON MICROSCOPY	3.13	Hallinan, G.I.; Ozcan, K.A.; Hoq, M.R.; Cracco, L.; Vago, F.S.; Bharath, S.R.; Li, D.; Jacobsen, M.; Doud, E.H.; Mosley, A.L.; Fernandez, A.; Garringer, H.J.; Jiang, W.; Ghetti, B.; Vidal, R.	√	human_ex_vivo	Gerstmann-Sträussler-Scheinker disease	human cerebellar gray matter	P		EMD-26613	35819518	P04156	Homo sapiens (Human)		F198S
PrP	7YAT	CryoEM tetra protofilament structure of the hamster prion 108-144 fibril	119-143 (25)	2022-06-28	ELECTRON MICROSCOPY	2.20	Chen, E.H.; Kao, H.W.; Lee, C.H.; Huang, J.Y.C.; Wu, K.P.; Chen, R.P.		in_vitro			P		EMD-33719	35857020	P04273	Mesocricetus auratus (Golden hamster)		
PrP	8A00	Infectious mouse-adapted ME7 scrapie prion fibril purified from terminally-infected mouse brains	94-229 (136)	2022-05-26	ELECTRON MICROSCOPY	2.60	Manka, S.W.; Wenborn, A.; Betts, J.; Joiner, S.; Saibil, H.R.; Collinge, J.; Wadsworth, J.D.F.		animal_ex_vivo		C57Bl/6 mouse brain	P		EMD-15043	36646960	P04925	Mus musculus (Mouse)		
PrP	8DJA	Cryo-EM structure of mouse PrP23-144 amyloid fibrils (polymorph 1)	108-141 (34)	2022-06-30	ELECTRON MICROSCOPY	3.92	Li, Q.; Jaroniec, C.P.; Surewicz, W.K.		in_vitro			P		EMD-27458	36097290	P04925	Mus musculus (Mouse)		
PrP	8EFU	a22L prion fibril	94-226 (133)	2022-09-09	ELECTRON MICROSCOPY	3.20	Hoyt, F.; Alam, P.; Artikis, E.; Schwartz, C.L.; Hughson, A.G.; Race, B.; Baune, C.; Raymond, G.J.; Baron, G.S.; Kraus, A.; Caughey, B.		animal_ex_vivo		GPI-anchorless PrP transgenic mouse brain	P		EMD-28089	36342968	P04925	Mus musculus (Mouse)		
PrP	8WZX	Cryo-EM structure of the hamster prion 23-144 fibril at pH 3.7	94-144 (51)	2023-11-02	ELECTRON MICROSCOPY	2.88	Lee, C.H.; Saw, J.E.; Chen, E.H.; Wang, C.H.; Uchihashi, T.; Chen, R.P.		in_vitro			P		EMD-37963	38641239	P04273	Mesocricetus auratus (Golden hamster)		
PrP	9DMY	Chronic wasting disease prion fibril	92-229 (138)	2024-09-16	ELECTRON MICROSCOPY	2.80	Alam, P.; Hoyt, F.; Artikis, E.; Soukup, J.; Hughson, A.G.; Schwartz, C.L.; Barbian, K.; Miller, M.W.; Race, B.; Caughey, B.		animal_ex_vivo		white-tailed deer brain	P		EMD-47020	39448454	Q7JIQ1	Odocoileus virginianus (White-tailed deer)		
PrP	9DMZ	Glycosylated chronic wasting disease prion fibril	92-229 (138)	2024-09-16	ELECTRON MICROSCOPY	2.80	Alam, P.; Hoyt, F.; Artikis, E.; Soukup, J.; Hughson, A.G.; Schwartz, C.L.; Barbian, K.; Miller, M.W.; Race, B.; Caughey, B.		animal_ex_vivo		white-tailed deer brain	P		EMD-47021	39448454	Q7JIQ1	Odocoileus virginianus (White-tailed deer)		
RIPK1; RIPK3	5V7Z	SSNMR Structure of the Human RIP1/RIP3 Necrosome	448-462 (15); 532-549 (18)	2017-03-21	SOLID-STATE NMR		Mompean, M.; Li, W.; Li, J.; Laage, S.; Siemer, A.B.; Bozkurt, G.; Wu, H.; McDermott, A.E.		in_vitro			F	30273		29681455	Q13546;Q9Y572	Homo sapiens (Human)		
RIPK1	8IB0	The amyloid structure of mouse RIPK1 RHIM-containing domain by solid-state NMR	516-539 (24)	2023-02-09	SOLID-STATE NMR		Liu, J.; Wu, X.L.; Zhang, J.; Li, B.; Wang, H.Y.; Wang, J.; Lu, J.X.		in_vitro			F	36547		39143113	Q60855	Mus musculus (Mouse)		
RIPK1	8Z93	Cryo-EM structure of amyloid fibril formed by human RIPK1 RHIM protein	531-550 (20)	2024-04-22	ELECTRON MICROSCOPY	4.65	Ma, Y.; Zhao, K.; Liu, C.		in_vitro			F		EMD-39853		Q13546	Homo sapiens (Human)		
RIPK1	9HR6	cryoEM structure of amyloid fibrils formed by human RIPK1	528-551 (24)	2024-12-17	ELECTRON MICROSCOPY	2.57	Polonio, P.; Lopez-Alonso, J.P.; Jiang, H.; Andres-Campos, S.; Escobedo-Gonzalez, F.C.; Titaux-Delgado, G.A.; Ubarretxena-Belandia, I.; Mompean, M.		in_vitro			F		EMD-52356	41168207	Q13546	Homo sapiens (Human)		
RIPK1	9HR9	SSNMR structure of amyloid fibrils formed by human RIPK1	529-550 (22)	2024-12-17	SOLID-STATE NMR		Polonio, P.; Mompean, M.		in_vitro			F	34971		40952585	Q13546	Homo sapiens (Human)		
RIPK1	9M6M	Atomic-Level Architecture and Assembly Mechanism of High-order Structures of RIPK1 Fibril Network Revealed by Integrated Structural Biology	515-539 (25)	2025-03-07	SOLID-STATE NMR		Liu, J.; Mu, A.; Ma, S.; Liu, Y.; Zhang, J.; Zhao, J.Z.; Wang, J.; Wu, X.L.; Lu, J.X.		in_vitro			F	36734		41855259	Q60855	Mus musculus (Mouse)		
RIPK3; M45	12KL	SSNMR Structure of Anti-necroptosis Viral:Human Functional Hetero-amyloid M45:RIPK3	447-473 (27); 48-75 (28)	2026-04-09	SOLID-STATE NMR		He, C.; Varghese, N.R.; Keeler, E.G.; Pham, C.L.L.; Xie, T.; Williams, B.; Tetter, S.; Semaan, C.; Wilde, K.L.; Brown, S.H.J.; Bouwer, J.C.; Gambin, Y.; Sierecki, E.; Steain, M.; Zhou, R.; Sunde, M.; McDermott, A.E.		in_vitro			F	31301		42044340	Q9Y572; Q06A28	Homo sapiens (Human); Murid herpesvirus 1 (strain Smith) (MuHV-1) (Mouse cytomegalovirus)		
RIPK3	6JPD	Mouse receptor-interacting protein kinase 3 (RIP3) amyloid structure by solid-state NMR	441-461 (21)	2019-03-26	SOLID-STATE NMR		Wu, X.L.; Hu, H.; Dong, X.Q.; Zhang, J.; Wang, J.; Schwieters, C.D.; Liu, J.; Wu, G.X.; Li, B.; Lin, J.Y.; Wang, H.Y.; Lu, J.X.		in_vitro			F	36243		33712586	Q9QZL0	Mus musculus (Mouse)		
RIPK3	7DA4	Cryo-EM structure of amyloid fibril formed by human RIPK3	448-469 (22)	2020-10-14	ELECTRON MICROSCOPY	4.24	Wu, X.; Ma, Y.; Zhao, K.; Zhang, J.; Sun, Y.; Li, Y.; Dong, X.; Hu, H.; Liu, J.; Wang, J.; Zhang, X.; Li, B.; Wang, H.; Li, D.; Sun, B.; Lu, J.; Liu, C.		in_vitro			F		EMD-30622	33790016	Q9Y572	Homo sapiens (Human)		
RIPK3	7DAC	Human RIPK3 amyloid fibril revealed by solid-state NMR	447-475 (29)	2020-10-16	SOLID-STATE NMR		Wu, X.; Ma, Y.; Zhao, K.; Zhang, J.; Sun, Y.; Li, Y.; Dong, X.; Hu, H.; Liu, J.; Wang, J.; Zhang, X.; Li, B.; Wang, H.; Li, D.; Sun, B.; Lu, J.; Liu, C.		in_vitro			F	36392		33790016	Q9Y572	Homo sapiens (Human)		
RIPK3	8Z94	Cryo-EM structure of RIPK1 RHIM PFFs cross seeded RIPK3 RHIM amyloid fibril	448-469 (22)	2024-04-22	ELECTRON MICROSCOPY	4.56	Ma, Y.; Zhao, K.; Liu, C.		in_vitro			F		EMD-39854		Q9Y572	Homo sapiens (Human)		
SAA	6DSO	Cryo-EM structure of murine AA amyloid fibril	20-88 (69)	2018-06-14	ELECTRON MICROSCOPY	3.00	Liberta, F.; Loerch, S.; Rennegarbe, M.; Schierhorn, A.; Westermark, P.; Westermark, G.T.; Hazenberg, B.P.C.; Grigorieff, N.; Fandrich, M.; Schmidt, M.		animal_ex_vivo		mouse spleen	P		EMD-8910	30846696	P05367	Mus musculus (Mouse)		
SAA	6MST	Cryo-EM structure of human AA amyloid fibril	20-73 (54)	2018-10-18	ELECTRON MICROSCOPY	2.70	Liberta, F.; Loerch, S.; Rennegarbe, M.; Schierhorn, A.; Westermark, P.; Westermark, G.T.; Hazenberg, B.P.C.; Grigorieff, N.; Fandrich, M.; Schmidt, M.	√	human_ex_vivo	AA amyloidosis	human kidney	P		EMD-9232	30846696	P0DJI8	Homo sapiens (Human)		
SAA	6ZCF	Amyloid fibril morphology i (in vitro) from murine SAA1.1 protein	20-56 (37)	2020-06-11	ELECTRON MICROSCOPY	2.73	Bansal, A.; Schmidt, M.; Rennegarbe, M.; Haupt, C.; Liberta, F.; Stecher, S.; Puscalau-Girtu, I.; Biedermann, A.; Fandrich, M.		in_vitro			P		EMD-11162	33579941	P05367	Mus musculus (Mouse)		
SAA	6ZCG	Amyloid fibril morphology ii (in vitro) from murine SAA1.1 protein	20-56 (37)	2020-06-11	ELECTRON MICROSCOPY	2.95	Bansal, A.; Schmidt, M.; Rennegarbe, M.; Haupt, C.; Liberta, F.; Stecher, S.; Puscalau-Girtu, I.; Biedermann, A.; Fandrich, M.		in_vitro			P		EMD-11163	33579941	P05367	Mus musculus (Mouse)		
SAA	6ZCH	Amyloid fibril morphology II (ex vivo) from murine SAA1.1 protein.	20-88 (69)	2020-06-11	ELECTRON MICROSCOPY	3.50	Bansal, A.; Schmidt, M.; Rennegarbe, M.; Haupt, C.; Liberta, F.; Stecher, S.; Puscalau-Girtu, I.; Biedermann, A.; Fandrich, M.		animal_ex_vivo		mouse liver	P		EMD-11164	33579941	P05367	Mus musculus (Mouse)		
SAA	7OVT	major seeded in vitro fibril morphology from murine SAA1.1 protein	20-88 (69)	2021-06-15	ELECTRON MICROSCOPY	2.69	Heerde, T.; Rennegarbe, M.; Biedermann, A.; Savran, D.; Pfeiffer, P.B.; Hitzenberger, M.; Baur, J.; Puscalau-Girtu, I.; Zacharias, M.; Schwierz, N.; Haupt, C.; Schmidt, M.; Fandrich, M.		seeded_amplified		Seeded by ex vivo AA amyloid fibrils (murine liver)	P		EMD-13089	35013242	P05367	Mus musculus (Mouse)		
SAA	7ZH7	Cryo-EM structure of ex vivo AA amyloid from renal tissue of a short hair cat deceased in a shelter	19-94 (76)	2022-04-05	ELECTRON MICROSCOPY	3.30	Schulte, T.; Chaves-Sanjuan, A.; Mazzini, G.; Speranzini, V.; Lavatelli, F.; Ferri, F.; Palizzotto, C.; Mazza, M.; Milani, P.; Nuvolone, M.; Vogt, A.C.; Vogel, M.; Palladini, G.; Merlini, G.; Bolognesi, M.; Ferro, S.; Zini, E.; Ricagno, S.		animal_ex_vivo		cat kidney	P		EMD-14726	36396658	Q1T770	Felis catus (Cat)		
SAA	7ZKY	Amyloid fibril from human systemic AA amyloidosis (vascular variant)	20-87 (68)	2022-04-13	ELECTRON MICROSCOPY	2.56	Banerjee, S.; Baur, J.; Daniel, C.; Pfeiffer, P.B.; Hitzenberger, M.; Kuhn, L.; Wiese, S.; Bijzet, J.; Haupt, C.; Amann, K.U.; Zacharias, M.; Hazenberg, B.P.C.; Westermark, G.T.; Schmidt, M.; Fandrich, M.	√	human_ex_vivo	AA amyloidosis	human kidney tissue	P		EMD-14771	36433936	P0DJI8	Homo sapiens (Human)		
SAA	9R4Z	Murine AA amyloid fibril morphology III (AA III)	20-88 (69)	2025-05-08	ELECTRON MICROSCOPY	3.50	Andreotti, G.; Higuchi, K.; Schmidt, M.; Fandrich, M.		animal_ex_vivo		SAMR1C mouse liver	P		EMD-53573	40945578	P05367	Mus musculus (Mouse)		
SOD1	7VZF	Cryo-EM structure of amyloid fibril formed by full-length human SOD1	4-56; 87-154 (121)	2021-11-16	ELECTRON MICROSCOPY	2.95	Wang, L.Q.; Ma, Y.; Yuan, H.Y.; Zhao, K.; Zhang, M.Y.; Wang, Q.; Huang, X.; Xu, W.C.; Dai, B.; Chen, J.; Li, D.; Zhang, D.; Wang, Z.; Zou, L.; Yin, P.; Liu, C.; Liang, Y.		in_vitro			P		EMD-32227	35715417	P00441	Homo sapiens (Human)		
SOD1	8IHU	Cryo-EM structure of an amyloid fibril formed by ALS-causing SOD1 mutation G85R	83-154 (72)	2023-02-23	ELECTRON MICROSCOPY	2.97	Wang, L.Q.; Ma, Y.Y.; Zhang, M.Y.; Yuan, H.Y.; Li, X.N.; Zhao, K.; Chen, J.; Li, D.; Wang, Z.Z.; Le, W.D.; Liu, C.; Liang, Y.		in_vitro			P		EMD-35459	39475611	P00441	Homo sapiens (Human)	G85R	
SOD1	8IHV	Cryo-EM structure of an amyloid fibril formed by ALS-causing SOD1 mutation H46R	86-154 (69)	2023-02-23	ELECTRON MICROSCOPY	3.11	Wang, L.Q.; Ma, Y.Y.; Zhang, M.Y.; Yuan, H.Y.; Li, X.N.; Zhao, K.; Chen, J.; Li, D.; Wang, Z.Z.; Le, W.D.; Liu, C.; Liang, Y.		in_vitro			P		EMD-35460	39475611	P00441	Homo sapiens (Human)		H46R
SOD1	9IYD	Cryo-EM structure of an amyloid fibril formed by SOD1 mutant - G93A	83-154 (72)	2024-07-30	ELECTRON MICROSCOPY	3.09	Zhang, M.Y.; Ma, Y.; Wang, L.Q.; Xia, W.; Li, X.N.; Zhao, K.; Chen, J.; Li, D.; Zou, L.; Wang, Z.; Liu, C.; Liang, Y.		in_vitro			P		EMD-60996	40859014	P00441	Homo sapiens (Human)	G93A	
SOD1	9IYJ	Cryo-EM structure of an amyloid fibril formed by SOD1 mutant - D101N	96-154 (59)	2024-07-30	ELECTRON MICROSCOPY	2.92	Zhang, M.Y.; Ma, Y.; Wang, L.Q.; Xia, W.; Li, X.N.; Zhao, K.; Chen, J.; Li, D.; Zou, L.; Wang, Z.; Liu, C.; Liang, Y.		in_vitro			P		EMD-60998	40859014	P00441	Homo sapiens (Human)	D101N	
SOD1	9JBO	Cryo-EM structure of human SOD1 (WT) amyloid filament	2-46; 82-122 (86)	2024-08-27	ELECTRON MICROSCOPY	3.39	Baek, Y.; Kim, H.; Lee, D.; Kim, D.; Jo, E.; Roh, S.H.; Ha, N.C.		in_vitro			P		EMD-61321	39874287	P00441	Homo sapiens (Human)		
SOD1	9JBP	Cryo-EM structure of human SOD1 (C6A/C111A) amyloid filament	2-42 (41)	2024-08-27	ELECTRON MICROSCOPY	3.18	Baek, Y.; Kim, H.; Lee, D.; Kim, D.; Jo, E.; Roh, S.H.; Ha, N.C.		in_vitro			P		EMD-61322	39874287	P00441	Homo sapiens (Human)	C6A	C111A
SOD1	9LI1	Cryo-EM structure of human SOD1 (G93A) amyloid filament	2-42; 84-122 (80)	2025-01-13	ELECTRON MICROSCOPY	4.74	Baek, Y.; Kim, H.; Lee, H.; Lee, H.; Roh, S.-H.; Ha, N.-C.		in_vitro			P		EMD-63109		P00441	Homo sapiens (Human)	G93A	
Sup35	9XBK	Cryo-EM structure of Sup35NM S17R fibril formed at 4 degrees (S17R4N)	4-38; 108-115 (43)	2025-10-24	ELECTRON MICROSCOPY	2.40	Tanaka, M.; Nomura, T.; Boyer, D.; Komi, Y.; Ge, P.; Maillard, R.A.; Rodriguez, P.; Yamagata, A.; Shirouzu, M.; Legname, G.; Samori, B.; Eisenberg, D.		in_vitro			F		EMD-66703	41282265	P05453	Saccharomyces cerevisiae (strain ATCC 204508 / S288c) (Baker's yeast)	S17R	
Sup35	9XBL	Cryo-EM structure of Sup35NM S17R fibril formed at 37 degrees (S17R37N)	7-62 (56)	2025-10-24	ELECTRON MICROSCOPY	2.40	Tanaka, M.; Nomura, T.; Boyer, D.; Komi, Y.; Ge, P.; Maillard, R.A.; Rodriguez, P.; Yamagata, A.; Shirouzu, M.; Legname, G.; Samori, B.; Eisenberg, D.		in_vitro			F		EMD-66704	41282265	P05453	Saccharomyces cerevisiae (strain ATCC 204508 / S288c) (Baker's yeast)	S17R	
Sup35	9XBM	Cryo-EM structure of Sup35NM S17R fibril formed at 37 degrees (S17R37C)	69-133 (65)	2025-10-24	ELECTRON MICROSCOPY	2.40	Tanaka, M.; Nomura, T.; Boyer, D.; Komi, Y.; Ge, P.; Maillard, R.A.; Rodriguez, P.; Yamagata, A.; Shirouzu, M.; Legname, G.; Samori, B.; Eisenberg, D.		in_vitro			F		EMD-66705	41282265	P05453	Saccharomyces cerevisiae (strain ATCC 204508 / S288c) (Baker's yeast)		S17R
Sup35	9XBN	Cryo-EM structure of Sup35NM fibril formed at 4 degrees (Sc4)	4-35; 47-53 (39)	2025-10-24	ELECTRON MICROSCOPY	3.10	Tanaka, M.; Nomura, T.; Boyer, D.; Komi, Y.; Ge, P.; Maillard, R.A.; Rodriguez, P.; Yamagata, A.; Shirouzu, M.; Legname, G.; Samori, B.; Eisenberg, D.		in_vitro			F		EMD-66706	41282265	P05453	Saccharomyces cerevisiae (strain ATCC 204508 / S288c) (Baker's yeast)		
Sup35	9XBO	Cryo-EM structure of Sup35NM fibril formed at 37 degrees (Sc37)	5-65; 102-132 (92)	2025-10-24	ELECTRON MICROSCOPY	3.10	Tanaka, M.; Nomura, T.; Boyer, D.; Komi, Y.; Ge, P.; Maillard, R.A.; Rodriguez, P.; Yamagata, A.; Shirouzu, M.; Legname, G.; Samori, B.; Eisenberg, D.		in_vitro			F		EMD-66707	41282265	P05453	Saccharomyces cerevisiae (strain ATCC 204508 / S288c) (Baker's yeast)		
Sup35	9XBP	Cryo-EM structure of Sup35NM S17R fibril formed at 4 degrees (S17R4C)	87-129; 217-229 (56)	2025-10-24	ELECTRON MICROSCOPY	2.20	Tanaka, M.; Nomura, T.; Boyer, D.; Komi, Y.; Ge, P.; Maillard, R.A.; Rodriguez, P.; Yamagata, A.; Shirouzu, M.; Legname, G.; Samori, B.; Eisenberg, D.		in_vitro			F		EMD-66708	41282265	P05453	Saccharomyces cerevisiae (strain ATCC 204508 / S288c) (Baker's yeast)		S17R
synthetic_amyloid_001	8B3A	catalytic amyloid fibril formed by Ac-LHLHLRL-amide	1-7 (7)	2022-09-16	ELECTRON MICROSCOPY	3.80	Heerde, T.; Bansal, A.; Schmidt, M.; Fandrich, M.		in_vitro			S		EMD-15824	36906667				
synthetic_amyloid_002	8OKR	virus enhancing amyloid fibril formed by CKFKFQF	1-7 (7)	2023-03-29	ELECTRON MICROSCOPY	2.86	Heerde, T.; Schutz, D.; Lin, Y.J.; Munch, J.; Schmidt, M.; Fandrich, M.		in_vitro			S		EMD-16930	37464004				
synthetic_amyloid_003	9CZ3	Self assembled nanotube of L5	1-6 (6)	2024-08-03	ELECTRON MICROSCOPY	2.70	Das, A.; Gnewou, O.; Zuo, X.; Wang, F.; Conticello, V.P.		in_vitro			S		EMD-46060	40376775				
synthetic_amyloid_004	9D2N	Nanotube of F5	1-6 (6)	2024-08-08	ELECTRON MICROSCOPY	3.50	Das, A.; Conticello, V.; Wang, F.; Gnewou, O.; Xuo, Z.		in_vitro			S		EMD-46501					
synthetic_amyloid_005	9H7U	Hexagonally Ordered Nanofibrils Easily Yield by dual Amphiphilic Self-Assembling Peptide	1-9 (9)	2024-10-28	ELECTRON MICROSCOPY	2.96	Mazzotta, F.; Baptista, L.A.; Schmidt, M.; Lieberwirth, I.; Landfester, K.		in_vitro			S		EMD-51914					
synthetic_amyloid_006	9KZO	Cryo-EM structure of amyloid peptide-silk block protein fibril, Type 3	39-54 (16)	2024-12-11	ELECTRON MICROSCOPY	3.08	Zhang, Y.L.; Dai, B.		in_vitro			S		EMD-62666					
synthetic_amyloid_007	9R7E	Cryo-EM Structure of catalytic amyloids	1-13 (13)	2025-05-14	ELECTRON MICROSCOPY	5.00	Kunnath, S.M.; Arad, E.; Zalk, R.; Kass, I.; Shahar, A.; Batushansky, A.; Rapaport, H.; Jelinek, R.		in_vitro			S		EMD-53305	40450012				
synthetic_amyloid_008	8GZ8	Cryo-EM structure of Abeta2 fibril polymorph1	1-12 (12)	2022-09-26	ELECTRON MICROSCOPY	2.35	Wang, F.; Xia, W.; Zhang, M.; Wu, R.; Song, X.; Hao, Y.; Feng, Y.; Zhang, L.; Li, D.; Kang, W.; Liu, C.; Liu, L.		in_vitro			S		EMD-34392	37829030				
synthetic_amyloid_008	8GZ9	Cryo-EM structure of Abeta2 fibril polymorph2	1-12 (12)	2022-09-26	ELECTRON MICROSCOPY	2.62	Wang, F.; Xia, W.; Zhang, M.; Wu, R.; Song, X.; Hao, Y.; Feng, Y.; Zhang, L.; Li, D.; Kang, W.; Liu, C.; Liu, L.		in_vitro			S		EMD-34393	37829030				
TAF15	8ONS	TAF15 amyloid fold in atypical FTLD - Individual 1	7-99 (93)	2023-04-03	ELECTRON MICROSCOPY	1.97	Tetter, S.; Arseni, D.; Murzin, A.G.; Buhidma, Y.; Peak-Chew, S.Y.; Garringer, H.J.; Newell, K.L.; Vidal, R.; Apostolova, L.G.; Lashley, T.; Ghetti, B.; Ryskeldi-Falcon, B.	√	human_ex_vivo	frontotemporal lobar degeneration with FET protein inclusions (aFTLD-U subtype)	human prefrontal and temporal cortices	P		EMD-16999	38057661	Q92804	Homo sapiens (Human)		
TAF15	9THM	TAF15 amyloid filament fold B variant 1	8-93; 135-145 (97)	2025-12-03	ELECTRON MICROSCOPY	1.64	Tetter, S.; Varghese, N.R.; Murzin, A.G.; De Coster, W.; Van den Broeck, M.; Roeber, S.; Joseph, J.T.; Newell, K.; Castellani, R.; Das, S.; Ang, L.C.; Synofzik, M.; Herms, J.; Rademakers, R.; Ghetti, B.; Lashley, T.; Mackenzie, I.R.A.; Neumann, M.; Ryskeldi-Falcon, B.	√	human_ex_vivo	frontotemporal lobar degeneration with FET protein inclusions (NIFID subtype)	human prefrontal cortex	P		EMD-55930	41648099	Q92804	Homo sapiens (Human)		
TAF15	9THN	TAF15 amyloid filament fold B variant 2	5-93 (89)	2025-12-03	ELECTRON MICROSCOPY	1.97	Tetter, S.; Varghese, N.R.; Murzin, A.G.; De Coster, W.; Van den Broeck, M.; Roeber, S.; Joseph, J.T.; Newell, K.; Castellani, R.; Das, S.; Ang, L.C.; Synofzik, M.; Herms, J.; Rademakers, R.; Ghetti, B.; Lashley, T.; Mackenzie, I.R.A.; Neumann, M.; Ryskeldi-Falcon, B.	√	human_ex_vivo	frontotemporal lobar degeneration with FET protein inclusions (NIFID subtype)	human prefrontal cortex (NIFID)	P		EMD-55931	41648099	Q92804	Homo sapiens (Human)		
TAF15	9THP	TAF15 amyloid filament fold B variant 3	6-93 (88)	2025-12-03	ELECTRON MICROSCOPY	1.98	Tetter, S.; Varghese, N.R.; Murzin, A.G.; De Coster, W.; Van den Broeck, M.; Roeber, S.; Joseph, J.T.; Newell, K.; Castellani, R.; Das, S.; Ang, L.C.; Synofzik, M.; Herms, J.; Rademakers, R.; Ghetti, B.; Lashley, T.; Mackenzie, I.R.A.; Neumann, M.; Ryskeldi-Falcon, B.	√	human_ex_vivo	frontotemporal lobar degeneration with FET protein inclusions (NIFID subtype)	human prefrontal cortex	P		EMD-55932	41648099	Q92804	Homo sapiens (Human)		
TAF15	9TKE	TAF15 amyloid filament fold H (Y38C)	8-92 (85)	2025-12-10	ELECTRON MICROSCOPY	2.74	Tetter, S.; Varghese, N.R.; Murzin, A.G.; De Coster, W.; Van den Broeck, M.; Roeber, S.; Joseph, J.T.; Newell, K.; Castellani, R.; Das, S.; Ang, L.C.; Synofzik, M.; Herms, J.; Rademakers, R.; Ghetti, B.; Lashley, T.; Mackenzie, I.R.A.; Neumann, M.; Ryskeldi-Falcon, B.	√	human_ex_vivo	frontotemporal lobar degeneration with FET protein inclusions (BIBD subtype)	human prefrontal cortex (BIBD case 3)	P		EMD-56025	41648099	Q92804	Homo sapiens (Human)	Y38C	
TAF15	9TKF	TAF15 amyloid filament fold G	13-99 (87)	2025-12-10	ELECTRON MICROSCOPY	2.55	Tetter, S.; Varghese, N.R.; Murzin, A.G.; De Coster, W.; Van den Broeck, M.; Roeber, S.; Joseph, J.T.; Newell, K.; Castellani, R.; Das, S.; Ang, L.C.; Synofzik, M.; Herms, J.; Rademakers, R.; Ghetti, B.; Lashley, T.; Mackenzie, I.R.A.; Neumann, M.; Ryskeldi-Falcon, B.	√	human_ex_vivo	frontotemporal lobar degeneration with FET protein inclusions (BIBD subtype)	human prefrontal cortex (BIBD case 2)	P		EMD-56026	41648099	Q92804	Homo sapiens (Human)		
TAF15	9TKG	TAF15 amyloid filament fold F	14-95 (82)	2025-12-10	ELECTRON MICROSCOPY	2.08	Tetter, S.; Varghese, N.R.; Murzin, A.G.; De Coster, W.; Van den Broeck, M.; Roeber, S.; Joseph, J.T.; Newell, K.; Castellani, R.; Das, S.; Ang, L.C.; Synofzik, M.; Herms, J.; Rademakers, R.; Ghetti, B.; Lashley, T.; Mackenzie, I.R.A.; Neumann, M.; Ryskeldi-Falcon, B.	√	human_ex_vivo	frontotemporal lobar degeneration with FET protein inclusions (BIBD subtype)	human prefrontal cortex	P		EMD-56027	41648099	Q92804	Homo sapiens (Human)		
TAF15	9TKH	TAF15 amyloid filament fold E variant 1	4-100 (97)	2025-12-10	ELECTRON MICROSCOPY	2.05	Tetter, S.; Varghese, N.R.; Murzin, A.G.; De Coster, W.; Van den Broeck, M.; Roeber, S.; Joseph, J.T.; Newell, K.; Castellani, R.; Das, S.; Ang, L.C.; Synofzik, M.; Herms, J.; Rademakers, R.; Ghetti, B.; Lashley, T.; Mackenzie, I.R.A.; Neumann, M.; Ryskeldi-Falcon, B.	√	human_ex_vivo	frontotemporal lobar degeneration with FET protein inclusions (NIFID subtype)	human prefrontal cortex	P		EMD-56028	41648099	Q92804	Homo sapiens (Human)		
TAF15	9TKI	TAF15 amyloid filament fold E variant 2	4-100 (97)	2025-12-10	ELECTRON MICROSCOPY	2.39	Tetter, S.; Varghese, N.R.; Murzin, A.G.; De Coster, W.; Van den Broeck, M.; Roeber, S.; Joseph, J.T.; Newell, K.; Castellani, R.; Das, S.; Ang, L.C.; Synofzik, M.; Herms, J.; Rademakers, R.; Ghetti, B.; Lashley, T.; Mackenzie, I.R.A.; Neumann, M.; Ryskeldi-Falcon, B.	√	human_ex_vivo	frontotemporal lobar degeneration with FET protein inclusions (NIFID subtype)	human prefrontal cortex	P		EMD-56029	41648099	Q92804	Homo sapiens (Human)		
TAF15	9TKJ	TAF15 amyloid filament fold D	6-99 (94)	2025-12-10	ELECTRON MICROSCOPY	2.21	Tetter, S.; Varghese, N.R.; Murzin, A.G.; De Coster, W.; Van den Broeck, M.; Roeber, S.; Joseph, J.T.; Newell, K.; Castellani, R.; Das, S.; Ang, L.C.; Synofzik, M.; Herms, J.; Rademakers, R.; Ghetti, B.; Lashley, T.; Mackenzie, I.R.A.; Neumann, M.; Ryskeldi-Falcon, B.	√	human_ex_vivo	frontotemporal lobar degeneration with FET protein inclusions (NIFID subtype)	human prefrontal cortex (NIFID case 10)	P		EMD-56030	41648099	Q92804	Homo sapiens (Human)		
TAF15	9TKK	TAF15 amyloid filament fold C variant 1	20-98 (79)	2025-12-10	ELECTRON MICROSCOPY	2.38	Tetter, S.; Varghese, N.R.; Murzin, A.G.; De Coster, W.; Van den Broeck, M.; Roeber, S.; Joseph, J.T.; Newell, K.; Castellani, R.; Das, S.; Ang, L.C.; Synofzik, M.; Herms, J.; Rademakers, R.; Ghetti, B.; Lashley, T.; Mackenzie, I.R.A.; Neumann, M.; Ryskeldi-Falcon, B.	√	human_ex_vivo	frontotemporal lobar degeneration with FET protein inclusions (NIFID subtype)	human prefrontal cortex	P		EMD-56031	41648099	Q92804	Homo sapiens (Human)		
TAF15	9TKL	TAF15 amyloid filament fold C variant 1 doublet	20-98 (79)	2025-12-10	ELECTRON MICROSCOPY	2.60	Tetter, S.; Varghese, N.R.; Murzin, A.G.; De Coster, W.; Van den Broeck, M.; Roeber, S.; Joseph, J.T.; Newell, K.; Castellani, R.; Das, S.; Ang, L.C.; Synofzik, M.; Herms, J.; Rademakers, R.; Ghetti, B.; Lashley, T.; Mackenzie, I.R.A.; Neumann, M.; Ryskeldi-Falcon, B.	√	human_ex_vivo	frontotemporal lobar degeneration with FET protein inclusions (NIFID subtype)	human prefrontal cortex (NIFID case 9)	P		EMD-56032	41648099	Q92804	Homo sapiens (Human)		
TAF15	9TKZ	TAF15 amyloid filament fold D prime	6-100 (95)	2025-12-10	ELECTRON MICROSCOPY	3.59	Tetter, S.; Varghese, N.R.; Murzin, A.G.; De Coster, W.; Van den Broeck, M.; Roeber, S.; Joseph, J.T.; Newell, K.; Castellani, R.; Das, S.; Ang, L.C.; Synofzik, M.; Herms, J.; Rademakers, R.; Ghetti, B.; Lashley, T.; Mackenzie, I.R.A.; Neumann, M.; Ryskeldi-Falcon, B.	√	human_ex_vivo	frontotemporal lobar degeneration with FET protein inclusions (NIFID subtype)	human prefrontal cortex	P		EMD-56040	41648099	Q92804	Homo sapiens (Human)		
TAF15	9TL2	TAF15 amyloid filament fold C variant 2	3-98 (96)	2025-12-10	ELECTRON MICROSCOPY	2.82	Tetter, S.; Varghese, N.R.; Murzin, A.G.; De Coster, W.; Van den Broeck, M.; Roeber, S.; Joseph, J.T.; Newell, K.; Castellani, R.; Das, S.; Ang, L.C.; Synofzik, M.; Herms, J.; Rademakers, R.; Ghetti, B.; Lashley, T.; Mackenzie, I.R.A.; Neumann, M.; Ryskeldi-Falcon, B.	√	human_ex_vivo	frontotemporal lobar degeneration with FET protein inclusions (NIFID subtype)	human prefrontal cortex (NIFID case 9)	P		EMD-56041	41648099	Q92804	Homo sapiens (Human)		
Tau	10IJ	S305I Frontotemporal Lobar Degeneration (FTLD) type I tau filament	273-379 (107)	2026-01-21	ELECTRON MICROSCOPY	3.10	Pan, H.S.; Merz, G.E.; Li, A.N.; Le, M.Q.; Jo, H.; Quddus, A.; Yung, A.; Kormos, R.C.; Melo, A.A.; Ramos, E.M.; Lago, A.L.; Spina, S.; Grinberg, L.T.; Rosen, H.J.; Tse, E.; Gorno-Tempini, M.L.; DeGrado, W.F.; Seeley, W.W.; Southworth, D.R.	√	human_ex_vivo	frontotemporal lobar degeneration	human inferior frontal gyrus	P		EMD-75195	41726928	P10636	Homo sapiens (Human)	S305I	
Tau	10IK	S305I Frontotemporal Lobar Degeneration (FTLD) type II tau filament	273-379 (107)	2026-01-21	ELECTRON MICROSCOPY	3.20	Pan, H.S.; Merz, G.E.; Li, A.N.; Le, M.Q.; Jo, H.; Quddus, A.; Yung, A.; Kormos, R.C.; Melo, A.A.; Ramos, E.M.; Lago, A.L.; Spina, S.; Grinberg, L.T.; Rosen, H.J.; Tse, E.; Gorno-Tempini, M.L.; DeGrado, W.F.; Seeley, W.W.; Southworth, D.R.	√	human_ex_vivo	frontotemporal lobar degeneration	human inferior frontal gyrus	P		EMD-75196	41726928	P10636	Homo sapiens (Human)	S305I	
Tau	10KR	Cryo-EM structure of tau filament	307-377 (71)	2026-01-25	ELECTRON MICROSCOPY	3.57	Banerjee, V.; Gorksi, D.; Baker, M.; Soto, C.		in_vitro			P		EMD-75254		P10636	Homo sapiens (Human)		
Tau	22JY	P301L/S320F human tau filaments from mouse brain	279-329 (51)	2026-01-14	ELECTRON MICROSCOPY	2.20	Kano, M.; Kimura, T.; Yanagisawa, H.; Tatsumi, L.; Yamashita, K.; Sakai, A.; Li, X.; Saido, T.C.; Saito, T.; Takatori, S.; Kikkawa, M.; Tomita, T.		animal_ex_vivo		AppNL-G-F/hMAPT mouse brain	P		EMD-68389		P10636	Homo sapiens (Human)	P301L, S320F	
Tau	5O3L	Paired helical filament in Alzheimer's disease brain	306-378 (73)	2017-05-24	ELECTRON MICROSCOPY	3.40	Fitzpatrick, A.W.P.; Falcon, B.; He, S.; Murzin, A.G.; Murshudov, G.; Garringer, H.J.; Crowther, R.A.; Ghetti, B.; Goedert, M.; Scheres, S.H.W.	√	human_ex_vivo	Alzheimer's disease	human frontal and temporal cortex	P		EMD-3741	28678775	P10636	Homo sapiens (Human)		
Tau	5O3O	Pronase-treated paired helical filament in Alzheimer's disease brain	306-378 (73)	2017-05-24	ELECTRON MICROSCOPY	3.50	Fitzpatrick, A.W.P.; Falcon, B.; He, S.; Murzin, A.G.; Murshudov, G.; Garringer, H.J.; Crowther, R.A.; Ghetti, B.; Goedert, M.; Scheres, S.H.W.	√	human_ex_vivo	Alzheimer's disease	human frontal and temporal cortex	P		EMD-3742	28678775	P10636	Homo sapiens (Human)		
Tau	5O3T	Straight filament in Alzheimer's disease brain	306-378 (73)	2017-05-24	ELECTRON MICROSCOPY	3.40	Fitzpatrick, A.W.P.; Falcon, B.; He, S.; Murzin, A.G.; Murshudov, G.; Garringer, H.J.; Crowther, R.A.; Ghetti, B.; Goedert, M.; Scheres, S.H.W.	√	human_ex_vivo	Alzheimer's disease	human frontal and temporal cortex	P		EMD-3743	28678775	P10636	Homo sapiens (Human)		
Tau	6GX5	Narrow Pick Filament from Pick's disease brain	254-274; 306-378 (94)	2018-06-26	ELECTRON MICROSCOPY	3.20	Falcon, B.; Zhang, W.; Murzin, A.G.; Murshudov, G.; Garringer, H.J.; Vidal, R.; Crowther, R.A.; Ghetti, B.; Scheres, S.H.W.; Goedert, M.	√	human_ex_vivo	Pick's disease	human frontotemporal cortex	P		EMD-0077	30158706	P10636	Homo sapiens (Human)		
Tau	6HRE	Paired helical filament from sporadic Alzheimer's disease brain	304-380 (77)	2018-09-26	ELECTRON MICROSCOPY	3.20	Falcon, B.; Zhang, W.; Schweighauser, M.; Murzin, A.G.; Vidal, R.; Garringer, H.J.; Ghetti, B.; Scheres, S.H.W.; Goedert, M.	√	human_ex_vivo	Alzheimer's disease	human frontal cortex	P		EMD-0259	30276465	P10636	Homo sapiens (Human)		
Tau	6HRF	Straight filament from sporadic Alzheimer's disease brain	304-380 (77)	2018-09-26	ELECTRON MICROSCOPY	3.30	Falcon, B.; Zhang, W.; Schweighauser, M.; Murzin, A.G.; Vidal, R.; Garringer, H.J.; Ghetti, B.; Scheres, S.H.W.; Goedert, M.	√	human_ex_vivo	Alzheimer's disease	human frontal cortex	P		EMD-0260	30276465	P10636	Homo sapiens (Human)		
Tau	6NWP	Chronic traumatic encephalopathy Type I Tau filament	305-379 (75)	2019-02-07	ELECTRON MICROSCOPY	2.30	Falcon, B.; Zivanov, J.; Zhang, W.; Murzin, A.G.; Garringer, H.J.; Vidal, R.; Crowther, R.A.; Newell, K.L.; Ghetti, B.; Goedert, M.; Scheres, S.H.W.	√	human_ex_vivo	chronic traumatic encephalopathy	human temporal cortex	P		EMD-0527	30894745	P10636	Homo sapiens (Human)		
Tau	6NWQ	Chronic traumatic encephalopathy Type II Tau filament	305-379 (75)	2019-02-07	ELECTRON MICROSCOPY	3.40	Falcon, B.; Zivanov, J.; Zhang, W.; Murzin, A.G.; Garringer, H.J.; Vidal, R.; Crowther, R.A.; Newell, K.L.; Ghetti, B.; Goedert, M.; Scheres, S.H.W.	√	human_ex_vivo	chronic traumatic encephalopathy	human temporal cortex (case 1, retired American football player)	P		EMD-0528	30894745	P10636	Homo sapiens (Human)		
Tau	6QJH	Cryo-EM structure of heparin-induced 2N4R tau snake filaments	272-330 (59)	2019-01-24	ELECTRON MICROSCOPY	3.30	Zhang, W.; Falcon, B.; Murzin, A.G.; Fan, J.; Crowther, R.A.; Goedert, M.; Scheres, S.H.		in_vitro			P		EMD-4563	30720432	P10636	Homo sapiens (Human)		
Tau	6QJM	Cryo-EM structure of heparin-induced 2N4R tau twister filaments	274-292; 304-321 (37)	2019-01-24	ELECTRON MICROSCOPY	3.30	Zhang, W.; Falcon, B.; Murzin, A.G.; Fan, J.; Crowther, R.A.; Goedert, M.; Scheres, S.H.		in_vitro			P		EMD-4564	30720432	P10636	Homo sapiens (Human)		
Tau	6QJP	Cryo-EM structure of heparin-induced 2N4R tau jagged filaments	274-290; 304-321 (35)	2019-01-24	ELECTRON MICROSCOPY	3.50	Zhang, W.; Falcon, B.; Murzin, A.G.; Fan, J.; Crowther, R.A.; Goedert, M.; Scheres, S.H.		in_vitro			P		EMD-4565	30720432	P10636	Homo sapiens (Human)		
Tau	6QJQ	Cryo-EM structure of heparin-induced 2N3R tau filaments	272-274; 306-330 (28)	2019-01-24	ELECTRON MICROSCOPY	3.70	Zhang, W.; Falcon, B.; Murzin, A.G.; Fan, J.; Crowther, R.A.; Goedert, M.; Scheres, S.H.		in_vitro			P		EMD-4566	30720432	P10636	Homo sapiens (Human)		
Tau	6TJO	Cryo-EM structure of TypeI tau filaments extracted from the brains of individuals with Corticobasal degeneration	274-380 (107)	2019-11-26	ELECTRON MICROSCOPY	3.20	Zhang, W.; Tarutani, A.; Newell, K.L.; Murzin, A.G.; Matsubara, T.; Falcon, B.; Vidal, R.; Garringer, H.J.; Shi, Y.; Ikeuchi, T.; Murayama, S.; Ghetti, B.; Hasegawa, M.; Goedert, M.; Scheres, S.H.W.	√	human_ex_vivo	Corticobasal degeneration	human frontal cortex	P		EMD-10512	32050258	P10636	Homo sapiens (Human)		
Tau	6TJX	Cryo-EM structure of TypeII tau filaments extracted from the brains of individuals with Corticobasal degeneration	274-380 (107)	2019-11-27	ELECTRON MICROSCOPY	3.00	Zhang, W.; Tarutani, A.; Newell, K.L.; Murzin, A.G.; Matsubara, T.; Falcon, B.; Vidal, R.; Garringer, H.J.; Shi, Y.; Ikeuchi, T.; Murayama, S.; Ghetti, B.; Hasegawa, M.; Goedert, M.; Scheres, S.H.W.	√	human_ex_vivo	Corticobasal degeneration	human frontal cortex	P		EMD-10514	32050258	P10636	Homo sapiens (Human)		
Tau	6VH7	Doublet Tau Fibril from Corticobasal Degeneration Human Brain Tissue	274-380 (107)	2020-01-09	ELECTRON MICROSCOPY	3.80	Arakhamia, T.; Lee, C.E.; Carlomagno, Y.; Duong, D.M.; Kundinger, S.R.; Wang, K.; Williams, D.; DeTure, M.; Dickson, D.W.; Cook, C.N.; Seyfried, N.T.; Petrucelli, L.; Fitzpatrick, A.W.P.	√	human_ex_vivo	corticobasal degeneration	human medial frontal cortex	P		EMD-21200	32032505	P10636	Homo sapiens (Human)		
Tau	6VHA	Singlet Tau Fibril from Corticobasal Degeneration Human Brain Tissue	274-380 (107)	2020-01-09	ELECTRON MICROSCOPY	4.30	Arakhamia, T.; Lee, C.E.; Carlomagno, Y.; Duong, D.M.; Kundinger, S.R.; Wang, K.; Williams, D.; DeTure, M.; Dickson, D.W.; Cook, C.N.; Seyfried, N.T.; Petrucelli, L.; Fitzpatrick, A.W.P.	√	human_ex_vivo	corticobasal degeneration	human brain (medial frontal cortex)	P		EMD-21201	32032505	P10636	Homo sapiens (Human)		
Tau	6VHL	Paired Helical Filament from Alzheimer's Disease Human Brain Tissue	304-380 (77)	2020-01-10	ELECTRON MICROSCOPY	3.30	Arakhamia, T.; Lee, C.E.; Carlomagno, Y.; Duong, D.M.; Kundinger, S.R.; Wang, K.; Williams, D.; DeTure, M.; Dickson, D.W.; Cook, C.N.; Seyfried, N.T.; Petrucelli, L.; Fitzpatrick, A.W.P.	√	human_ex_vivo	Alzheimer's disease	human brain tissue (medial frontal cortex)	P		EMD-21207	32032505	P10636	Homo sapiens (Human)		
Tau	6VI3	Straight Filament from Alzheimer's Disease Human Brain Tissue	304-380 (77)	2020-01-11	ELECTRON MICROSCOPY	3.30	Arakhamia, T.; Lee, C.E.; Carlomagno, Y.; Duong, D.M.; Kundinger, S.R.; Wang, K.; Williams, D.; DeTure, M.; Dickson, D.W.; Cook, C.N.; Seyfried, N.T.; Petrucelli, L.; Fitzpatrick, A.W.P.	√	human_ex_vivo	Alzheimer's disease	human brain tissue	P		EMD-0260	32032505	P10636	Homo sapiens (Human)		
Tau	7MKF	Paired helical tau filament extracted from PrP-CAA Patient brain tissue | tau filament | PHF Tau	306-378 (73)	2021-04-23	ELECTRON MICROSCOPY	3.00	Hallinan, G.I.; Hoq, M.R.; Ghosh, M.; Vago, F.S.; Fernandez, A.; Garringer, H.J.; Vidal, R.; Jiang, W.; Ghetti, B.	√	human_ex_vivo	Prion-protein cerebral amyloid angiopathy	human frontal cortex (PrP-CAA Q160X patient)	P		EMD-23871	34128081	P10636	Homo sapiens (Human)		
Tau	7MKG	Straight tau filament extracted from PrP-CAA Patient brain tissue | tau filament | SF Tau	306-378 (73)	2021-04-23	ELECTRON MICROSCOPY	3.07	Hallinan, G.I.; Hoq, M.R.; Ghosh, M.; Vago, F.S.; Fernandez, A.; Garringer, H.J.; Vidal, R.; Jiang, W.; Ghetti, B.	√	human_ex_vivo	Prion-protein cerebral amyloid angiopathy	human frontal cortex (PrP-CAA Q160X patient)	P		EMD-23890	34128081	P10636	Homo sapiens (Human)		
Tau	7MKH	Paired helical tau filament extracted from GSS Patient brain tissue | tau filament from Gerstmann Straussler Scheinker disease | PHF Tau	305-379 (75)	2021-04-23	ELECTRON MICROSCOPY	3.30	Hallinan, G.I.; Hoq, M.R.; Ghosh, M.; Vago, F.S.; Fernandez, A.; Garringer, H.J.; Vidal, R.; Jiang, W.; Ghetti, B.	√	human_ex_vivo	Gerstmann-Sträussler-Scheinker disease	GSS (F198S) patient brain (frontal cortex)	P		EMD-23894	34128081	P10636	Homo sapiens (Human)		
Tau	7NRQ	Paired helical filament from primary age-related tauopathy brain	304-380 (77)	2021-03-04	ELECTRON MICROSCOPY	2.76	Shi, Y.; Murzin, A.G.; Falcon, B.; Epstein, A.; Machin, J.; Tempest, P.; Newell, K.L.; Vidal, R.; Garringer, H.J.; Sahara, N.; Higuchi, M.; Ghetti, B.; Jang, M.K.; Scheres, S.H.W.; Goedert, M.	√	human_ex_vivo	primary age-related tauopathy	human hippocampus	P		EMD-12549	33723967	P10636	Homo sapiens (Human)		
Tau	7NRS	Conformation 1 of straight filament from primary age-related tauopathy brain	304-380 (77)	2021-03-04	ELECTRON MICROSCOPY	2.68	Shi, Y.; Murzin, A.G.; Falcon, B.; Epstein, A.; Machin, J.; Tempest, P.; Newell, K.L.; Vidal, R.; Garringer, H.J.; Sahara, N.; Higuchi, M.; Ghetti, B.; Jang, M.K.; Scheres, S.H.W.; Goedert, M.	√	human_ex_vivo	primary age-related tauopathy	human hippocampus	P		EMD-12550	33723967	P10636	Homo sapiens (Human)		
Tau	7NRT	Conformation 2 of straight filament from primary age-related tauopathy brain	304-380 (77)	2021-03-04	ELECTRON MICROSCOPY	2.68	Shi, Y.; Murzin, A.G.; Falcon, B.; Epstein, A.; Machin, J.; Tempest, P.; Newell, K.L.; Vidal, R.; Garringer, H.J.; Sahara, N.; Higuchi, M.; Ghetti, B.; Jang, M.K.; Scheres, S.H.W.; Goedert, M.	√	human_ex_vivo	primary age-related tauopathy	human hippocampus (PART case 3)	P		EMD-12550	33723967	P10636	Homo sapiens (Human)		
Tau	7NRV	Paired helical filament from Alzheimer's disease with PET ligand APN-1607	304-380 (77)	2021-03-04	ELECTRON MICROSCOPY	3.00	Shi, Y.; Murzin, A.G.; Falcon, B.; Epstein, A.; Machin, J.; Tempest, P.; Newell, K.L.; Vidal, R.; Garringer, H.J.; Sahara, N.; Higuchi, M.; Ghetti, B.; Jang, M.K.; Scheres, S.H.W.; Goedert, M.	√	human_ex_vivo	Alzheimer's disease	human frontal cortex	P		EMD-12551	33723967	P10636	Homo sapiens (Human)		
Tau	7NRX	Straight filament from Alzheimer's disease with PET ligand APN-1607	304-380 (77)	2021-03-04	ELECTRON MICROSCOPY	3.55	Shi, Y.; Murzin, A.G.; Falcon, B.; Epstein, A.; Machin, J.; Tempest, P.; Newell, K.L.; Vidal, R.; Garringer, H.J.; Sahara, N.; Higuchi, M.; Ghetti, B.; Jang, M.K.; Scheres, S.H.W.; Goedert, M.	√	human_ex_vivo	Alzheimer's disease	human frontal cortex	P		EMD-12552	33723967	P10636	Homo sapiens (Human)		
Tau	7P65	Progressive supranuclear palsy tau filament	272-381 (110)	2021-07-15	ELECTRON MICROSCOPY	2.70	Shi, Y.; Zhang, W.; Yang, Y.; Murzin, A.G.; Falcon, B.; Kotecha, A.; van Beers, M.; Tarutani, A.; Kametani, F.; Garringer, H.J.; Vidal, R.; Hallinan, G.I.; Lashley, T.; Saito, Y.; Murayama, S.; Yoshida, M.; Tanaka, H.; Kakita, A.; Ikeuchi, T.; Robinson, A.C.; Mann, D.M.A.; Kovacs, G.G.; Revesz, T.; Ghetti, B.; Hasegawa, M.; Goedert, M.; Scheres, S.H.W.	√	human_ex_vivo	progressive supranuclear palsy	human frontal cortex	P		EMD-13218	34588692	P10636	Homo sapiens (Human)		
Tau	7P66	Globular glial tauopathy type 1 tau filament	272-379 (108)	2021-07-15	ELECTRON MICROSCOPY	3.00	Shi, Y.; Zhang, W.; Yang, Y.; Murzin, A.G.; Falcon, B.; Kotecha, A.; van Beers, M.; Tarutani, A.; Kametani, F.; Garringer, H.J.; Vidal, R.; Hallinan, G.I.; Lashley, T.; Saito, Y.; Murayama, S.; Yoshida, M.; Tanaka, H.; Kakita, A.; Ikeuchi, T.; Robinson, A.C.; Mann, D.M.A.; Kovacs, G.G.; Revesz, T.; Ghetti, B.; Hasegawa, M.; Goedert, M.; Scheres, S.H.W.	√	human_ex_vivo	globular glial tauopathy	human frontal cortex	P		EMD-13219	34588692	P10636	Homo sapiens (Human)		
Tau	7P67	Globular glial tauopathy type 2 tau filament	272-379 (108)	2021-07-15	ELECTRON MICROSCOPY	3.10	Shi, Y.; Zhang, W.; Yang, Y.; Murzin, A.G.; Falcon, B.; Kotecha, A.; van Beers, M.; Tarutani, A.; Kametani, F.; Garringer, H.J.; Vidal, R.; Hallinan, G.I.; Lashley, T.; Saito, Y.; Murayama, S.; Yoshida, M.; Tanaka, H.; Kakita, A.; Ikeuchi, T.; Robinson, A.C.; Mann, D.M.A.; Kovacs, G.G.; Revesz, T.; Ghetti, B.; Hasegawa, M.; Goedert, M.; Scheres, S.H.W.	√	human_ex_vivo	globular glial tauopathy	human frontal cortex	P		EMD-13220	34588692	P10636	Homo sapiens (Human)		
Tau	7P68	Globular glial tauopathy type 3 tau filament	272-379 (108)	2021-07-15	ELECTRON MICROSCOPY	2.90	Shi, Y.; Zhang, W.; Yang, Y.; Murzin, A.G.; Falcon, B.; Kotecha, A.; van Beers, M.; Tarutani, A.; Kametani, F.; Garringer, H.J.; Vidal, R.; Hallinan, G.I.; Lashley, T.; Saito, Y.; Murayama, S.; Yoshida, M.; Tanaka, H.; Kakita, A.; Ikeuchi, T.; Robinson, A.C.; Mann, D.M.A.; Kovacs, G.G.; Revesz, T.; Ghetti, B.; Hasegawa, M.; Goedert, M.; Scheres, S.H.W.	√	human_ex_vivo	globular glial tauopathy	human frontal cortex	P		EMD-13221	34588692	P10636	Homo sapiens (Human)		
Tau	7P6A	Limbic-predominant neuronal inclusion body 4R tauopathy type 1a tau filament	272-379 (108)	2021-07-15	ELECTRON MICROSCOPY	1.90	Shi, Y.; Zhang, W.; Yang, Y.; Murzin, A.G.; Falcon, B.; Kotecha, A.; van Beers, M.; Tarutani, A.; Kametani, F.; Garringer, H.J.; Vidal, R.; Hallinan, G.I.; Lashley, T.; Saito, Y.; Murayama, S.; Yoshida, M.; Tanaka, H.; Kakita, A.; Ikeuchi, T.; Robinson, A.C.; Mann, D.M.A.; Kovacs, G.G.; Revesz, T.; Ghetti, B.; Hasegawa, M.; Goedert, M.; Scheres, S.H.W.	√	human_ex_vivo	Limbic-predominant neuronal inclusion body 4R tauopathy	human temporal cortex	P		EMD-13223	34588692	P10636	Homo sapiens (Human)		
Tau	7P6B	Limbic-predominant neuronal inclusion body 4R tauopathy type 1b tau filament	272-379 (108)	2021-07-15	ELECTRON MICROSCOPY	2.20	Shi, Y.; Zhang, W.; Yang, Y.; Murzin, A.G.; Falcon, B.; Kotecha, A.; van Beers, M.; Tarutani, A.; Kametani, F.; Garringer, H.J.; Vidal, R.; Hallinan, G.I.; Lashley, T.; Saito, Y.; Murayama, S.; Yoshida, M.; Tanaka, H.; Kakita, A.; Ikeuchi, T.; Robinson, A.C.; Mann, D.M.A.; Kovacs, G.G.; Revesz, T.; Ghetti, B.; Hasegawa, M.; Goedert, M.; Scheres, S.H.W.	√	human_ex_vivo	Limbic-predominant neuronal inclusion body 4R tauopathy	human temporal cortex	P		EMD-13224	34588692	P10636	Homo sapiens (Human)		
Tau	7P6C	Limbic-predominant neuronal inclusion body 4R tauopathy type 2 tau filament	272-379 (108)	2021-07-15	ELECTRON MICROSCOPY	2.50	Shi, Y.; Zhang, W.; Yang, Y.; Murzin, A.G.; Falcon, B.; Kotecha, A.; van Beers, M.; Tarutani, A.; Kametani, F.; Garringer, H.J.; Vidal, R.; Hallinan, G.I.; Lashley, T.; Saito, Y.; Murayama, S.; Yoshida, M.; Tanaka, H.; Kakita, A.; Ikeuchi, T.; Robinson, A.C.; Mann, D.M.A.; Kovacs, G.G.; Revesz, T.; Ghetti, B.; Hasegawa, M.; Goedert, M.; Scheres, S.H.W.	√	human_ex_vivo	Limbic-predominant Neuronal inclusion body 4R Tauopathy	human temporal cortex	P		EMD-13225	34588692	P10636	Homo sapiens (Human)		
Tau	7P6D	Argyrophilic grain disease type 1 tau filament	273-387 (115)	2021-07-15	ELECTRON MICROSCOPY	3.30	Shi, Y.; Zhang, W.; Yang, Y.; Murzin, A.G.; Falcon, B.; Kotecha, A.; van Beers, M.; Tarutani, A.; Kametani, F.; Garringer, H.J.; Vidal, R.; Hallinan, G.I.; Lashley, T.; Saito, Y.; Murayama, S.; Yoshida, M.; Tanaka, H.; Kakita, A.; Ikeuchi, T.; Robinson, A.C.; Mann, D.M.A.; Kovacs, G.G.; Revesz, T.; Ghetti, B.; Hasegawa, M.; Goedert, M.; Scheres, S.H.W.	√	human_ex_vivo	Argyrophilic grain disease	human nucleus accumbens	P		EMD-13226	34588692	P10636	Homo sapiens (Human)		
Tau	7P6E	Argyrophilic grain disease type 2 tau filament	274-381 (108)	2021-07-15	ELECTRON MICROSCOPY	3.40	Shi, Y.; Zhang, W.; Yang, Y.; Murzin, A.G.; Falcon, B.; Kotecha, A.; van Beers, M.; Tarutani, A.; Kametani, F.; Garringer, H.J.; Vidal, R.; Hallinan, G.I.; Lashley, T.; Saito, Y.; Murayama, S.; Yoshida, M.; Tanaka, H.; Kakita, A.; Ikeuchi, T.; Robinson, A.C.; Mann, D.M.A.; Kovacs, G.G.; Revesz, T.; Ghetti, B.; Hasegawa, M.; Goedert, M.; Scheres, S.H.W.	√	human_ex_vivo	frontotemporal dementia	human frontal cortex (MAPT intron 10 +16 mutation)	P		EMD-13227	34588692	P10636	Homo sapiens (Human)		
Tau	7QJV	In vitro assembled tau filaments into Quadruple Helical Filaments type 1 (2c)	304-378 (75)	2021-12-17	ELECTRON MICROSCOPY	3.29	Lovestam, S.; Koh, F.A.; van Knippenberg, B.; Kotecha, A.; Murzin, A.G.; Goedert, M.; Scheres, S.H.W.		in_vitro			P		EMD-14023	35244536	P10636	Homo sapiens (Human)		
Tau	7QJW	In vitro assembled tau filaments with structures like chronic traumatic encephalopathy type II (8a)	305-379 (75)	2021-12-17	ELECTRON MICROSCOPY	2.81	Lovestam, S.; Koh, F.A.; van Knippenberg, B.; Kotecha, A.; Murzin, A.G.; Goedert, M.; Scheres, S.H.W.		in_vitro			P		EMD-14024	35244536	P10636	Homo sapiens (Human)		
Tau	7QJX	In vitro assembled 297-394 tau filaments, 700 rpm (34b)	304-378 (75)	2021-12-17	ELECTRON MICROSCOPY	2.99	Lovestam, S.; Koh, F.A.; van Knippenberg, B.; Kotecha, A.; Murzin, A.G.; Goedert, M.; Scheres, S.H.W.		in_vitro			P		EMD-14025	35244536	P10636	Homo sapiens (Human)		
Tau	7QJY	In vitro assembled 266/297 - 391 tau filaments with LiCl (9a)	305-379 (75)	2021-12-17	ELECTRON MICROSCOPY	3.14	Lovestam, S.; Koh, F.A.; van Knippenberg, B.; Kotecha, A.; Murzin, A.G.; Goedert, M.; Scheres, S.H.W.		in_vitro			P		EMD-14026	35244536	P10636	Homo sapiens (Human)		
Tau	7QJZ	In vitro assembled 266/297 - 391 tau filaments with LiCl (9b)	305-378 (74)	2021-12-17	ELECTRON MICROSCOPY	3.40	Lovestam, S.; Koh, F.A.; van Knippenberg, B.; Kotecha, A.; Murzin, A.G.; Goedert, M.; Scheres, S.H.W.		in_vitro			P		EMD-14027	35244536	P10636	Homo sapiens (Human)		
Tau	7QK1	In vitro assembled 297-394 tau filaments in PBS (35d)	305-379 (75)	2021-12-17	ELECTRON MICROSCOPY	3.03	Lovestam, S.; Koh, F.A.; van Knippenberg, B.; Kotecha, A.; Murzin, A.G.; Goedert, M.; Scheres, S.H.W.		in_vitro			P		EMD-14028	35244536	P10636	Homo sapiens (Human)		
Tau	7QK2	In vitro assembled 300-391 tau filaments in PBS (36a)	308-378 (71)	2021-12-17	ELECTRON MICROSCOPY	2.61	Lovestam, S.; Koh, F.A.; van Knippenberg, B.; Kotecha, A.; Murzin, A.G.; Goedert, M.; Scheres, S.H.W.		in_vitro			P		EMD-14029	35244536	P10636	Homo sapiens (Human)		
Tau	7QK3	In vitro assembled 258-391 tau filaments, 700 rpm (38a)	270-330 (61)	2021-12-17	ELECTRON MICROSCOPY	2.44	Lovestam, S.; Koh, F.A.; van Knippenberg, B.; Kotecha, A.; Murzin, A.G.; Goedert, M.; Scheres, S.H.W.		in_vitro			P		EMD-14030	35244536	P10636	Homo sapiens (Human)		
Tau	7QK5	In vitro assembled 266/297 - 391 tau filaments with KCl (10a)	306-379 (74)	2021-12-17	ELECTRON MICROSCOPY	1.92	Lovestam, S.; Koh, F.A.; van Knippenberg, B.; Kotecha, A.; Murzin, A.G.; Goedert, M.; Scheres, S.H.W.		in_vitro			P		EMD-14038	35244536	P10636	Homo sapiens (Human)		
Tau	7QK6	In vitro assembled 258-391 tau filaments with heparan sulfate, 700 rpm (40a)	275-328 (54)	2021-12-17	ELECTRON MICROSCOPY	2.27	Lovestam, S.; Koh, F.A.; van Knippenberg, B.; Kotecha, A.; Murzin, A.G.; Goedert, M.; Scheres, S.H.W.		in_vitro			P		EMD-14039	35244536	P10636	Homo sapiens (Human)		
Tau	7QKF	In vitro assembled 266/297 - 391 tau filaments with CuCl2 (12a)	305-335 (31); 309-360 (51)	2021-12-17	ELECTRON MICROSCOPY	2.83	Lovestam, S.; Koh, F.A.; van Knippenberg, B.; Kotecha, A.; Murzin, A.G.; Goedert, M.; Scheres, S.H.W.		in_vitro			P		EMD-14040	35244536	P10636	Homo sapiens (Human)		
Tau	7QKG	In vitro assembled 258-391 tau filaments with phosphoglycerate, 700 rpm (39a)	275-328 (54)	2021-12-17	ELECTRON MICROSCOPY	3.36	Lovestam, S.; Koh, F.A.; van Knippenberg, B.; Kotecha, A.; Murzin, A.G.; Goedert, M.; Scheres, S.H.W.		in_vitro			P		EMD-14041	35244536	P10636	Homo sapiens (Human)		
Tau	7QKH	In vitro assembled 258-391 tau filaments with sodium azide, (41a)	277-310 (34); 284-317 (34)	2021-12-17	ELECTRON MICROSCOPY	3.17	Lovestam, S.; Koh, F.A.; van Knippenberg, B.; Kotecha, A.; Murzin, A.G.; Goedert, M.; Scheres, S.H.W.		in_vitro			P		EMD-14042	35244536	P10636	Homo sapiens (Human)		
Tau	7QKI	In vitro assembled 297-408 S396D S400D T403D S404D tau filaments (42a)	304-379 (76)	2021-12-17	ELECTRON MICROSCOPY	3.13	Lovestam, S.; Koh, F.A.; van Knippenberg, B.; Kotecha, A.; Murzin, A.G.; Goedert, M.; Scheres, S.H.W.		in_vitro			P		EMD-14043	35244536	P10636	Homo sapiens (Human)		S396D, S400D, T403D, S404D
Tau	7QKJ	In vitro assembled 266/297 - 391 tau filaments with MgCl2 and NaCl (14b)	305-379 (75)	2021-12-17	ELECTRON MICROSCOPY	3.26	Lovestam, S.; Koh, F.A.; van Knippenberg, B.; Kotecha, A.; Murzin, A.G.; Goedert, M.; Scheres, S.H.W.		in_vitro			P		EMD-14044	35244536	P10636	Homo sapiens (Human)		
Tau	7QKK	In vitro assembled 258-391 tau filaments with phosphoglycerate, 700 rpm (39a)	304-379 (76)	2021-12-17	ELECTRON MICROSCOPY	2.80	Lovestam, S.; Koh, F.A.; van Knippenberg, B.; Kotecha, A.; Murzin, A.G.; Goedert, M.; Scheres, S.H.W.		in_vitro			P		EMD-14045	35244536	P10636	Homo sapiens (Human)		
Tau	7QKL	In vitro assembled 266/297 - 391 tau filaments with ZnCl2 (11a)	304-379 (76)	2021-12-17	ELECTRON MICROSCOPY	2.07	Lovestam, S.; Koh, F.A.; van Knippenberg, B.; Kotecha, A.; Murzin, A.G.; Goedert, M.; Scheres, S.H.W.		in_vitro			P		EMD-14046	35244536	P10636	Homo sapiens (Human)		
Tau	7QKM	In vitro assembled 266-391 S356D tau filaments with NaCl (45a)	274-328 (55)	2021-12-17	ELECTRON MICROSCOPY	2.66	Lovestam, S.; Koh, F.A.; van Knippenberg, B.; Kotecha, A.; Murzin, A.G.; Goedert, M.; Scheres, S.H.W.		in_vitro			P		EMD-14047	35244536	P10636	Homo sapiens (Human)		S356D
Tau	7QKU	in vitro assembled 266/297 - 391 tau filaments with MgCl2 and NaCl (14a)	304-379 (76)	2021-12-19	ELECTRON MICROSCOPY	2.57	Lovestam, S.; Koh, F.A.; van Knippenberg, B.; Kotecha, A.; Murzin, A.G.; Goedert, M.; Scheres, S.H.W.		in_vitro			P		EMD-14053	35244536	P10636	Homo sapiens (Human)		
Tau	7QKV	In vitro assembled tau filaments with MgSO4 and NaCl (15a)	309-377 (69)	2021-12-19	ELECTRON MICROSCOPY	3.23	Lovestam, S.; Koh, F.A.; van Knippenberg, B.; Kotecha, A.; Murzin, A.G.; Goedert, M.; Scheres, S.H.W.		in_vitro			P		EMD-14054	35244536	P10636	Homo sapiens (Human)		
Tau	7QKW	In vitro assembled 266-391 S356D tau filaments with KCl (44a)	275-328 (54)	2021-12-19	ELECTRON MICROSCOPY	2.32	Lovestam, S.; Koh, F.A.; van Knippenberg, B.; Kotecha, A.; Murzin, A.G.; Goedert, M.; Scheres, S.H.W.		in_vitro			P		EMD-14055	35244536	P10636	Homo sapiens (Human)		S356D
Tau	7QKX	In vitro assembled 266/297 - 391 tau filaments with MgSO4 and NaCl (15b)	306-378 (73)	2021-12-19	ELECTRON MICROSCOPY	3.16	Lovestam, S.; Koh, F.A.; van Knippenberg, B.; Kotecha, A.; Murzin, A.G.; Goedert, M.; Scheres, S.H.W.		in_vitro			P		EMD-14056	35244536	P10636	Homo sapiens (Human)		
Tau	7QKY	In vitro assembled 0N4R tau filaments with phosphoserine (47a)	376-441 (66)	2021-12-19	ELECTRON MICROSCOPY	1.86	Lovestam, S.; Koh, F.A.; van Knippenberg, B.; Kotecha, A.; Murzin, A.G.; Goedert, M.; Scheres, S.H.W.		in_vitro			P		EMD-14057	35244536	P10636	Homo sapiens (Human)		
Tau	7QKZ	In vitro assembled 305-379 tau filaments (27a)	307-317 (11)	2021-12-19	ELECTRON MICROSCOPY	2.65	Lovestam, S.; Koh, F.A.; van Knippenberg, B.; Kotecha, A.; Murzin, A.G.; Goedert, M.; Scheres, S.H.W.		in_vitro			P		EMD-14058	35244536	P10636	Homo sapiens (Human)		
Tau	7QL0	In vitro assembled 266/297 - 391 tau filaments with MgSO4 and NaCl (15c)	309-377 (69)	2021-12-19	ELECTRON MICROSCOPY	3.13	Lovestam, S.; Koh, F.A.; van Knippenberg, B.; Kotecha, A.; Murzin, A.G.; Goedert, M.; Scheres, S.H.W.		in_vitro			P		EMD-14059	35244536	P10636	Homo sapiens (Human)		
Tau	7QL1	In vitro assembled 266-391 tau filaments in PBS (23a)	306-378 (73)	2021-12-19	ELECTRON MICROSCOPY	3.34	Lovestam, S.; Koh, F.A.; van Knippenberg, B.; Kotecha, A.; Murzin, A.G.; Goedert, M.; Scheres, S.H.W.		in_vitro			P		EMD-14060	35244536	P10636	Homo sapiens (Human)		
Tau	7QL2	In vitro assembled 244-391 tau filaments with Na2P2O7 (20a)	275-324 (50)	2021-12-19	ELECTRON MICROSCOPY	2.95	Lovestam, S.; Koh, F.A.; van Knippenberg, B.; Kotecha, A.; Murzin, A.G.; Goedert, M.; Scheres, S.H.W.		in_vitro			P		EMD-14061	35244536	P10636	Homo sapiens (Human)		
Tau	7QL3	in vitro assembled 266/297 - 391 tau filaments with NaCl (8b)	308-378 (71)	2021-12-19	ELECTRON MICROSCOPY	3.32	Lovestam, S.; Koh, F.A.; van Knippenberg, B.; Kotecha, A.; Murzin, A.G.; Goedert, M.; Scheres, S.H.W.		in_vitro			P		EMD-14062	35244536	P10636	Homo sapiens (Human)		
Tau	7QL4	in vitro assembled tau filaments with structures like Paired Helical Filaments from Alzheimer's Disease	304-379 (76)	2021-12-19	ELECTRON MICROSCOPY	3.20	Lovestam, S.; Koh, F.A.; van Knippenberg, B.; Kotecha, A.; Murzin, A.G.; Goedert, M.; Scheres, S.H.W.		in_vitro			P		EMD-14063	35244536	P10636	Homo sapiens (Human)		
Tau	7R4T	In vitro assembled 266/297 - 391 tau filaments with NaHCO3 and NaCl (16a)	304-379 (76)	2022-02-09	ELECTRON MICROSCOPY	2.75	Lovestam, S.; Koh, F.A.; van Knippenberg, B.; Kotecha, A.; Murzin, A.G.; Goedert, M.; Scheres, S.H.W.		in_vitro			P		EMD-14316	35244536	P10636	Homo sapiens (Human)		
Tau	7R5H	In vitro assembled 266/297 - 391 tau filaments with KCl (10b)	305-388 (84)	2022-02-10	ELECTRON MICROSCOPY	2.59	Lovestam, S.; Koh, F.A.; van Knippenberg, B.; Kotecha, A.; Murzin, A.G.; Goedert, M.; Scheres, S.H.W.		in_vitro			P		EMD-14320	35244536	P10636	Homo sapiens (Human)		
Tau	7SP1	RNA-induced tau amyloid fibril	391-426 (36)	2021-11-02	ELECTRON MICROSCOPY	3.40	Abskharon, R.; Sawaya, M.R.; Boyer, D.R.; Cao, Q.; Nguyen, B.A.; Cascio, D.; Eisenberg, D.S.		in_vitro			P		EMD-25364	35377792	P10636	Homo sapiens (Human)		
Tau	7U0Z	High-resolution map of tau filament from progressive supranuclear palsy (PSP) case 1	272-381 (110)	2022-02-19	ELECTRON MICROSCOPY	4.20	Chang, A.; Xiang, X.; Wang, J.; Lee, C.; Arakhamia, T.; Simjanoska, M.; Wang, C.; Carlomagno, Y.; Zhang, G.; Dhingra, S.; Thierry, M.; Perneel, J.; Heeman, B.; Forgrave, L.M.; DeTure, M.; DeMarco, M.L.; Cook, C.N.; Rademakers, R.; Dickson, D.W.; Petrucelli, L.; Stowell, M.H.B.; Mackenzie, I.R.A.; Fitzpatrick, A.W.P.	√	human_ex_vivo	progressive supranuclear palsy	human caudate	P		EMD-26268	35247328	P10636	Homo sapiens (Human)		
Tau	7UPE	Tau Paired Helical Filament from Alzheimer's Disease not incubated with EGCG	306-379 (74)	2022-04-15	ELECTRON MICROSCOPY	3.40	Seidler, P.M.; Murray, K.A.; Boyer, D.R.; Ge, P.; Sawaya, M.R.; Hu, C.J.; Cheng, X.; Abskharon, R.; Pan, H.; DeTure, M.A.; Williams, C.K.; Dickson, D.W.; Vinters, H.V.; Eisenberg, D.S.	√	human_ex_vivo	Alzheimer's disease	human brain (AD patient post-mortem)	P		EMD-26663	36114178	P10636	Homo sapiens (Human)		
Tau	7UPF	Tau Paired Helical Filament from Alzheimer's Disease incubated 1 hr. with EGCG	306-379 (74)	2022-04-15	ELECTRON MICROSCOPY	3.30	Seidler, P.M.; Murray, K.A.; Boyer, D.R.; Ge, P.; Sawaya, M.R.; Hu, C.J.; Cheng, X.; Abskharon, R.; Pan, H.; DeTure, M.A.; Williams, C.K.; Dickson, D.W.; Vinters, H.V.; Eisenberg, D.S.	√	human_ex_vivo	Alzheimer's disease	human brain (AD patient autopsy)	P		EMD-26664	36114178	P10636	Homo sapiens (Human)		
Tau	7UPG	Tau Paired Helical Filament from Alzheimer's Disease incubated with EGCG for 3 hours	305-379 (75)	2022-04-15	ELECTRON MICROSCOPY	3.80	Seidler, P.M.; Murray, K.A.; Boyer, D.R.; Ge, P.; Sawaya, M.R.; Hu, C.J.; Cheng, X.; Abskharon, R.; Pan, H.; DeTure, M.A.; Williams, C.K.; Dickson, D.W.; Vinters, H.V.; Eisenberg, D.S.	√	human_ex_vivo	Alzheimer's disease	human brain	P		EMD-26665	36114178	P10636	Homo sapiens (Human)		
Tau	7YMN	Cryo-EM structure of in vitro PHF fibril	304-379 (76)	2022-07-28	ELECTRON MICROSCOPY	3.46	Li, X.; Zhang, S.; Liu, Z.; Tao, Y.; Xia, W.; Sun, Y.; Liu, C.; Le, W.; Sun, B.; Li, D.		in_vitro			P		EMD-33934	36505939	P10636	Homo sapiens (Human)		
Tau	7YPG	Cryo-EM structure of amyloid fibril formed by tau (297-391)	304-362 (59)	2022-08-03	ELECTRON MICROSCOPY	2.50	Li, X.; Zhang, S.; Liu, Z.; Tao, Y.; Xia, W.; Sun, Y.; Liu, C.; Le, W.; Sun, B.; Li, D.		in_vitro			P		EMD-33999	36505939	P10636	Homo sapiens (Human)		
Tau	8AZU	Paired helical tau filaments from high-spin supernatants of aqueous extracts from Alzheimer's disease brains | PHF Tau	306-379 (74)	2022-09-06	ELECTRON MICROSCOPY	3.10	Stern, A.M.; Yang, Y.; Jin, S.; Yamashita, K.; Meunier, A.L.; Liu, W.; Cai, Y.; Ericsson, M.; Liu, L.; Goedert, M.; Scheres, S.H.W.; Selkoe, D.J.	√	human_ex_vivo	Alzheimer's disease	human cerebral cortex (frontal, parietal, temporal lobes)	P		EMD-15772	37167969	P10636	Homo sapiens (Human)		
Tau	8BGS	Tau Paired Helical Filament from Extracellular Vesicles from Alzheimer's disease brain	305-379 (75)	2022-10-28	ELECTRON MICROSCOPY	3.16	Fowler, S.L.; Behr, T.S.; Turkes, E.; Cauhy, P.M.; Foiani, M.S.; Schaler, A.; Crowley, G.; Bez, S.; Ficulle, E.; Tsefou, E.; O'Brien, D.P.; Fischer, R.; Geary, B.; Gaur, P.; Miller, C.; D'Acunzo, P.; Levy, E.; Duff, K.E.; Ryskeldi-Falcon, B.	√	human_ex_vivo	Alzheimer's disease	human brain extracellular vesicles (frontal cortex, temporal cortex, hippocampus)	P		EMD-16035	37163117	P10636	Homo sapiens (Human)		
Tau	8BGV	Tau Paired Helical Filament from Cellular Fraction of Alzheimer's disease brain	304-380 (77)	2022-10-28	ELECTRON MICROSCOPY	3.27	Fowler, S.L.; Behr, T.S.; Turkes, E.; Cauhy, P.M.; Foiani, M.S.; Schaler, A.; Crowley, G.; Bez, S.; Ficulle, E.; Tsefou, E.; O'Brien, D.P.; Fischer, R.; Geary, B.; Gaur, P.; Miller, C.; D'Acunzo, P.; Levy, E.; Duff, K.E.; Ryskeldi-Falcon, B.		cellular model			P		EMD-16039	37163117	P10636	Homo sapiens (Human)		
Tau	8BYN	Chronic traumatic encephalopathy tau filaments with PET ligand flortaucipir	305-379 (75)	2022-12-13	ELECTRON MICROSCOPY	2.60	Shi, Y.; Ghetti, B.; Goedert, M.; Scheres, S.H.W.	√	human_ex_vivo	chronic traumatic encephalopathy	human hippocampus	P		EMD-16329	37330290	P10636	Homo sapiens (Human)		
Tau	8CAQ	Structure of Tau filaments Type I from Subacute Sclerosing Panencephalitis	305-379 (75)	2023-01-24	ELECTRON MICROSCOPY	2.30	Qi, C.; Hasegawa, M.; Takao, M.; Sakai, M.; Sasaki, M.; Mizutani, M.; Akagi, A.; Iwasaki, Y.; Miyahara, H.; Yoshida, M.; Scheres, S.H.W.; Goedert, M.	√	human_ex_vivo	subacute sclerosing panencephalitis	human frontal cortex	P		EMD-16532	37143123	P10636	Homo sapiens (Human)		
Tau	8CAX	Structure of Tau filaments Type II from Subacute Sclerosing Panencephalitis	305-379 (75)	2023-01-24	ELECTRON MICROSCOPY	3.70	Qi, C.; Hasegawa, M.; Takao, M.; Sakai, M.; Sasaki, M.; Mizutani, M.; Akagi, A.; Iwasaki, Y.; Miyahara, H.; Yoshida, M.; Scheres, S.H.W.; Goedert, M.	√	human_ex_vivo	Subacute sclerosing panencephalitis	human frontal cortex (SSPE cases 1 and 2)	P		EMD-16535	37143123	P10636	Homo sapiens (Human)		
Tau	8FNZ	Acetylated tau repeat 1 and 2 fragment (AcR1R2)	263-274; 306-311 (18)	2022-12-29	ELECTRON MICROSCOPY	3.88	Li, L.; Nguyen, B.A.; Mullapudi, V.; Li, Y.; Saelices, L.; Joachimiak, L.A.		in_vitro			P		EMD-28721	37348495	P10636	Homo sapiens (Human)		
Tau	8FUG	Alzheimer's disease paired-helical filament in complex with PET tracer GTP-1	306-378 (73)	2023-01-17	ELECTRON MICROSCOPY	2.70	Merz, G.E.; Chalkley, M.J.; Tan, S.K.; Tse, E.; Lee, J.; Prusiner, S.B.; Paras, N.A.; DeGrado, W.F.; Southworth, D.R.	√	human_ex_vivo	Alzheimer's disease	human frontal cortex	P		EMD-29458	37236970	P10636	Homo sapiens (Human)		
Tau	8G54	Temperature-dependent structures of tau aggregates	274-325 (52)	2023-02-11	SOLID-STATE NMR		El Mammeri, N.; Duan, P.; Dregni, A.J.; Hong, M.		in_vitro			P	31074		37450599	P10636	Homo sapiens (Human)		
Tau	8G55	Temperature-dependent structures of tau aggregates	264-326 (63)	2023-02-11	SOLID-STATE NMR		El Mammeri, N.; Duan, P.; Dregni, A.J.; Hong, M.		in_vitro			P	31075		37450599	P10636	Homo sapiens (Human)		
Tau	8G58	Tau (297-391) in vitro untwisted fibril	300-362 (63)	2023-02-12	SOLID-STATE NMR		Duan, P.; Dregni, A.J.; Mammeri, N.E.; Hong, M.		in_vitro			P	31059		37878719	P10636	Homo sapiens (Human)		
Tau	8OH2	Structure of the Tau-PAM4 Type 1 amyloid fibril	305-362 (13)	2023-03-20	ELECTRON MICROSCOPY	2.60	Louros, N.; Wilkinson, M.; Tsaka, G.; Ramakers, M.; Morelli, C.; Garcia, T.; Gallardo, R.; D'Haeyer, S.; Goossens, V.; Audenaert, D.; Thal, D.R.; Mackenzie, I.R.; Rademakers, R.; Ranson, N.A.; Radford, S.E.; Rousseau, F.; Schymkowitz, J.		in_vitro			P		EMD-16876	38310108	P10636	Homo sapiens (Human)		
Tau	8OHI	Structure of the Fmoc-Tau-PAM4 Type 2 amyloid fibril	305-362 (13)	2023-03-21	ELECTRON MICROSCOPY	2.80	Louros, N.; Wilkinson, M.; Tsaka, G.; Ramakers, M.; Morelli, C.; Garcia, T.; Gallardo, R.; D'Haeyer, S.; Goossens, V.; Audenaert, D.; Thal, D.R.; Mackenzie, I.R.; Rademakers, R.; Ranson, N.A.; Radford, S.E.; Rousseau, F.; Schymkowitz, J.		in_vitro			P		EMD-16881	38310108	P10636	Homo sapiens (Human)		
Tau	8OHP	Structure of the Fmoc-Tau-PAM4 Type 3 amyloid fibril	305-362 (13)	2023-03-21	ELECTRON MICROSCOPY	2.70	Louros, N.; Wilkinson, M.; Tsaka, G.; Ramakers, M.; Morelli, C.; Garcia, T.; Gallardo, R.; D'Haeyer, S.; Goossens, V.; Audenaert, D.; Thal, D.R.; Mackenzie, I.R.; Rademakers, R.; Ranson, N.A.; Radford, S.E.; Rousseau, F.; Schymkowitz, J.		in_vitro			P		EMD-16883	38310108	P10636	Homo sapiens (Human)		
Tau	8OI0	Structure of the Fmoc-Tau-PAM4 Type 4 amyloid fibril	305-362 (13)	2023-03-21	ELECTRON MICROSCOPY	2.90	Louros, N.; Wilkinson, M.; Tsaka, G.; Ramakers, M.; Morelli, C.; Garcia, T.; Gallardo, R.; D'Haeyer, S.; Goossens, V.; Audenaert, D.; Thal, D.R.; Mackenzie, I.R.; Rademakers, R.; Ranson, N.A.; Radford, S.E.; Rousseau, F.; Schymkowitz, J.		in_vitro			P		EMD-16886	38310108	P10636	Homo sapiens (Human)		
Tau	8ORE	Cryo-EM structure of SH-SY5Y seeded with filaments from Alzheimer's Disease	273-380 (108)	2023-04-13	ELECTRON MICROSCOPY	2.50	Tarutani, A.; Lovestam, S.; Zhang, X.; Kotecha, A.; Robinson, A.C.; Mann, D.M.A.; Saito, Y.; Murayama, S.; Tomita, T.; Goedert, M.; Scheres, S.H.W.; Hasegawa, M.		seeded_amplified	Alzheimer's disease	Seeded in cells (occipital cortex)	P		EMD-17121	37337995	P10636	Homo sapiens (Human)		
Tau	8ORF	Cryo-EM structure of SH-SY5Y seeded with filaments from corticobasal degeneration extracts	277-377 (101)	2023-04-13	ELECTRON MICROSCOPY	2.50	Tarutani, A.; Lovestam, S.; Zhang, X.; Kotecha, A.; Robinson, A.C.; Mann, D.M.A.; Saito, Y.; Murayama, S.; Tomita, T.; Goedert, M.; Scheres, S.H.W.; Hasegawa, M.		seeded_amplified	CBD	Seeded in cells (putamen)	P		EMD-17122	37337995	P10636	Homo sapiens (Human)		
Tau	8ORG	Cryo-EM structure of SH-SY5Y seeded with filaments from corticobasal degeneration extracts (Type II)	277-362 (86)	2023-04-13	ELECTRON MICROSCOPY	2.30	Tarutani, A.; Lovestam, S.; Zhang, X.; Kotecha, A.; Robinson, A.C.; Mann, D.M.A.; Saito, Y.; Murayama, S.; Tomita, T.; Goedert, M.; Scheres, S.H.W.; Hasegawa, M.		seeded_amplified	CBD	Seeded in cells (putamen)	P		EMD-17123	37337995	P10636	Homo sapiens (Human)		
Tau	8OT6	CTE typeI tau filament from Guam ALS/PDC	305-379 (75)	2023-04-20	ELECTRON MICROSCOPY	2.00	Qi, C.; Verheijen, B.M.; Kokubo, Y.; Shi, Y.; Tetter, S.; Murzin, A.G.; Nakahara, A.; Morimoto, S.; Vermulst, M.; Sasaki, R.; Aronica, E.; Hirokawa, Y.; Oyanagi, K.; Kakita, A.; Ryskeldi-Falcon, B.; Yoshida, M.; Hasegawa, M.; Scheres, S.H.W.; Goedert, M.	√	human_ex_vivo	 Guam amyotrophic lateral sclerosis/parkinsonism-dementia complex	human frontal cortex (Guam ALS/PDC)	P		EMD-17171	38100415	P10636	Homo sapiens (Human)		
Tau	8OT9	CTE typeIII tau filament from Guam ALS/PDC	305-379 (75)	2023-04-20	ELECTRON MICROSCOPY	3.40	Qi, C.; Verheijen, B.M.; Kokubo, Y.; Shi, Y.; Tetter, S.; Murzin, A.G.; Nakahara, A.; Morimoto, S.; Vermulst, M.; Sasaki, R.; Aronica, E.; Hirokawa, Y.; Oyanagi, K.; Kakita, A.; Ryskeldi-Falcon, B.; Yoshida, M.; Hasegawa, M.; Scheres, S.H.W.; Goedert, M.	√	human_ex_vivo	 Guam amyotrophic lateral sclerosis/parkinsonism-dementia complex	human spinal cord (Guam ALS/PDC)	P		EMD-17173	38100415	P10636	Homo sapiens (Human)		
Tau	8OTC	CTE typeII tau filament from Guam ALS/PDC	305-379 (75)	2023-04-20	ELECTRON MICROSCOPY	3.20	Qi, C.; Verheijen, B.M.; Kokubo, Y.; Shi, Y.; Tetter, S.; Murzin, A.G.; Nakahara, A.; Morimoto, S.; Vermulst, M.; Sasaki, R.; Aronica, E.; Hirokawa, Y.; Oyanagi, K.; Kakita, A.; Ryskeldi-Falcon, B.; Yoshida, M.; Hasegawa, M.; Scheres, S.H.W.; Goedert, M.	√	human_ex_vivo	 Guam amyotrophic lateral sclerosis/parkinsonism-dementia complex	Guam ALS/PDC frontal cortex	P		EMD-17174	38100415	P10636	Homo sapiens (Human)		
Tau	8OTG	CTE typeI tau filament from Kii ALS/PDC	305-379 (75)	2023-04-20	ELECTRON MICROSCOPY	2.10	Qi, C.; Verheijen, B.M.; Kokubo, Y.; Shi, Y.; Tetter, S.; Murzin, A.G.; Nakahara, A.; Morimoto, S.; Vermulst, M.; Sasaki, R.; Aronica, E.; Hirokawa, Y.; Oyanagi, K.; Kakita, A.; Ryskeldi-Falcon, B.; Yoshida, M.; Hasegawa, M.; Scheres, S.H.W.; Goedert, M.	√	human_ex_vivo	Kii amyotrophic lateral sclerosis/parkinsonism-dementia complex	Kii ALS/PDC human temporal cortex	P		EMD-17178	38100415	P10636	Homo sapiens (Human)		
Tau	8OTH	TypeII tau filament from Kii ALS/PDC	305-379 (75)	2023-04-20	ELECTRON MICROSCOPY	3.40	Qi, C.; Verheijen, B.M.; Kokubo, Y.; Shi, Y.; Tetter, S.; Murzin, A.G.; Nakahara, A.; Morimoto, S.; Vermulst, M.; Sasaki, R.; Aronica, E.; Hirokawa, Y.; Oyanagi, K.; Kakita, A.; Ryskeldi-Falcon, B.; Yoshida, M.; Hasegawa, M.; Scheres, S.H.W.; Goedert, M.	√	human_ex_vivo	Kii amyotrophic lateral sclerosis/parkinsonism-dementia complex	Kii ALS/PDC human temporal cortex	P		EMD-17179	38100415	P10636	Homo sapiens (Human)		
Tau	8OTI	CTE typeIII tau filament	305-379 (75)	2023-04-20	ELECTRON MICROSCOPY	2.70	Qi, C.; Verheijen, B.M.; Kokubo, Y.; Shi, Y.; Tetter, S.; Murzin, A.G.; Nakahara, A.; Morimoto, S.; Vermulst, M.; Sasaki, R.; Aronica, E.; Hirokawa, Y.; Oyanagi, K.; Kakita, A.; Ryskeldi-Falcon, B.; Yoshida, M.; Hasegawa, M.; Scheres, S.H.W.; Goedert, M.	√	human_ex_vivo	chronic traumatic encephalopathy	human temporal cortex	P		EMD-17180	38100415	P10636	Homo sapiens (Human)		
Tau	8OTJ	PHF tau filament from Kii ALS/PDC	304-380 (77)	2023-04-20	ELECTRON MICROSCOPY	3.30	Qi, C.; Verheijen, B.M.; Kokubo, Y.; Shi, Y.; Tetter, S.; Murzin, A.G.; Nakahara, A.; Morimoto, S.; Vermulst, M.; Sasaki, R.; Aronica, E.; Hirokawa, Y.; Oyanagi, K.; Kakita, A.; Ryskeldi-Falcon, B.; Yoshida, M.; Hasegawa, M.; Scheres, S.H.W.; Goedert, M.	√	human_ex_vivo	amyotrophic lateral sclerosis/parkinsonism-dementia complex	human temporal cortex (Kii ALS/PDC)	P		EMD-17181	38100415	P10636	Homo sapiens (Human)		
Tau	8P34	Tau filaments extracted from human brain with the DeltaK281 mutation in MAPT	254-274;306-378 (94)	2023-05-17	ELECTRON MICROSCOPY	2.61	Schweighauser, M.; Garringer, H.J.; Klingstedt, T.; Nilsson, K.P.R.; Masuda-Suzukake, M.; Murrell, J.R.; Risacher, S.L.; Vidal, R.; Scheres, S.H.W.; Goedert, M.; Ghetti, B.; Newell, K.L.	√	human_ex_vivo	Pick's disease	human frontal cortex grey matter (case 2)	P		EMD-17383	37351604	P10636	Homo sapiens (Human)		d281
Tau	8PPO	First Intermediate Amyloid (FIA) - Tau	302-316 (15)	2023-07-07	ELECTRON MICROSCOPY	2.00	Lovestam, S.; Li, D.; Wagstaff, J.L.; Kotecha, A.; Kimanius, D.; McLaughlin, S.H.; Murzin, A.G.; Freund, S.M.V.; Goedert, M.; Scheres, S.H.W.		in_vitro			P		EMD-17806	38030728	P10636	Homo sapiens (Human)		
Tau	8Q27	Tau: AD-MIA1	303-379 (77)	2023-08-01	ELECTRON MICROSCOPY	2.02	Lovestam, S.; Li, D.; Wagstaff, J.L.; Kotecha, A.; Kimanius, D.; McLaughlin, S.H.; Murzin, A.G.; Freund, S.M.V.; Goedert, M.; Scheres, S.H.W.		in_vitro			P		EMD-18070	38030728	P10636	Homo sapiens (Human)		
Tau	8Q2J	Tau - AD-MIA2	303-380 (78)	2023-08-02	ELECTRON MICROSCOPY	2.23	Lovestam, S.; Li, D.; Wagstaff, J.L.; Kotecha, A.; Kimanius, D.; McLaughlin, S.H.; Murzin, A.G.; Freund, S.M.V.; Goedert, M.; Scheres, S.H.W.		in_vitro			P		EMD-18109	38030728	P10636	Homo sapiens (Human)		
Tau	8Q2K	Tau - AD-MIA3	305-379 (75)	2023-08-02	ELECTRON MICROSCOPY	2.88	Lovestam, S.; Li, D.; Wagstaff, J.L.; Kotecha, A.; Kimanius, D.; McLaughlin, S.H.; Murzin, A.G.; Freund, S.M.V.; Goedert, M.; Scheres, S.H.W.		in_vitro			P		EMD-18111	38030728	P10636	Homo sapiens (Human)		
Tau	8Q2L	Tau - AD-MIA4	307-378 (72)	2023-08-02	ELECTRON MICROSCOPY	2.20	Lovestam, S.; Li, D.; Wagstaff, J.L.; Kotecha, A.; Kimanius, D.; McLaughlin, S.H.; Murzin, A.G.; Freund, S.M.V.; Goedert, M.; Scheres, S.H.W.		in_vitro			P		EMD-18112	38030728	P10636	Homo sapiens (Human)		
Tau	8Q7F	Tau - AD-MIA5	304-378 (75)	2023-08-16	ELECTRON MICROSCOPY	3.72	Lovestam, S.; Li, D.; Wagstaff, J.L.; Kotecha, A.; Kimanius, D.; McLaughlin, S.H.; Murzin, A.G.; Freund, S.M.V.; Goedert, M.; Scheres, S.H.W.		in_vitro			P		EMD-18215	38030728	P10636	Homo sapiens (Human)		
Tau	8Q7L	Tau - AD-MIA6 (tau intermediate amyloid)	306-379 (74)	2023-08-16	ELECTRON MICROSCOPY	2.82	Lovestam, S.; Li, D.; Wagstaff, J.L.; Kotecha, A.; Kimanius, D.; McLaughlin, S.H.; Murzin, A.G.; Freund, S.M.V.; Goedert, M.; Scheres, S.H.W.		in_vitro			P		EMD-18219	38030728	P10636	Homo sapiens (Human)		
Tau	8Q7M	Tau - AD-MIA7 (tau intermediate amyloid)	304-379 (76)	2023-08-16	ELECTRON MICROSCOPY	3.26	Lovestam, S.; Li, D.; Wagstaff, J.L.; Kotecha, A.; Kimanius, D.; McLaughlin, S.H.; Murzin, A.G.; Freund, S.M.V.; Goedert, M.; Scheres, S.H.W.		in_vitro			P		EMD-18224	38030728	P10636	Homo sapiens (Human)		
Tau	8Q7P	Tau - AD-MIA8 (intermediate amyloid)	304-378 (75)	2023-08-16	ELECTRON MICROSCOPY	3.28	Lovestam, S.; Li, D.; Wagstaff, J.L.; Kotecha, A.; Kimanius, D.; McLaughlin, S.H.; Murzin, A.G.; Freund, S.M.V.; Goedert, M.; Scheres, S.H.W.		in_vitro			P		EMD-18228	38030728	P10636	Homo sapiens (Human)		
Tau	8Q7T	Tau - AD-MIA11	304-378 (75)	2023-08-17	ELECTRON MICROSCOPY	3.00	Lovestam, S.; Li, D.; Wagstaff, J.L.; Kotecha, A.; Kimanius, D.; McLaughlin, S.H.; Murzin, A.G.; Freund, S.M.V.; Goedert, M.; Scheres, S.H.W.		in_vitro			P		EMD-18233	38030728	P10636	Homo sapiens (Human)		
Tau	8Q88	Tau - AD-LIA2 (tau intermediate amyloid)	304-379 (76)	2023-08-18	ELECTRON MICROSCOPY	2.95	Lovestam, S.; Li, D.; Wagstaff, J.L.; Kotecha, A.; Kimanius, D.; McLaughlin, S.H.; Murzin, A.G.; Freund, S.M.V.; Goedert, M.; Scheres, S.H.W.		in_vitro			P		EMD-18249	38030728	P10636	Homo sapiens (Human)		
Tau	8Q8C	Tau - AD-MIA10 (intermediate amyloid)	304-378 (75)	2023-08-18	ELECTRON MICROSCOPY	1.92	Lovestam, S.; Li, D.; Wagstaff, J.L.; Kotecha, A.; Kimanius, D.; McLaughlin, S.H.; Murzin, A.G.; Freund, S.M.V.; Goedert, M.; Scheres, S.H.W.		in_vitro			P		EMD-18250	38030728	P10636	Homo sapiens (Human)		
Tau	8Q8D	Tau - AD-LIA6 (tau intermediate amyloid)	304-379 (76)	2023-08-18	ELECTRON MICROSCOPY	3.04	Lovestam, S.; Li, D.; Wagstaff, J.L.; Kotecha, A.; Kimanius, D.; McLaughlin, S.H.; Murzin, A.G.; Freund, S.M.V.; Goedert, M.; Scheres, S.H.W.		in_vitro			P		EMD-18251	38030728	P10636	Homo sapiens (Human)		
Tau	8Q8E	Tau - AD-LIA4 (tau intermediate amyloid)	304-379 (76)	2023-08-18	ELECTRON MICROSCOPY	3.81	Lovestam, S.; Li, D.; Wagstaff, J.L.; Kotecha, A.; Kimanius, D.; McLaughlin, S.H.; Murzin, A.G.; Freund, S.M.V.; Goedert, M.; Scheres, S.H.W.		in_vitro			P		EMD-18252	38030728	P10636	Homo sapiens (Human)		
Tau	8Q8F	Tau - AD-LIA5 (tau intermediate amyloid)	304-379 (76)	2023-08-18	ELECTRON MICROSCOPY	2.93	Lovestam, S.; Li, D.; Wagstaff, J.L.; Kotecha, A.; Kimanius, D.; McLaughlin, S.H.; Murzin, A.G.; Freund, S.M.V.; Goedert, M.; Scheres, S.H.W.		in_vitro			P		EMD-18253	38030728	P10636	Homo sapiens (Human)		
Tau	8Q8L	Tau - AD-LIA7 (tau intermediate amyloid)	304-379 (76)	2023-08-18	ELECTRON MICROSCOPY	3.04	Lovestam, S.; Li, D.; Wagstaff, J.L.; Kotecha, A.; Kimanius, D.; McLaughlin, S.H.; Murzin, A.G.; Freund, S.M.V.; Goedert, M.; Scheres, S.H.W.		in_vitro			P		EMD-18254	38030728	P10636	Homo sapiens (Human)		
Tau	8Q8M	Tau - AD-PHF long crossover	304-379 (76)	2023-08-18	ELECTRON MICROSCOPY	2.95	Lovestam, S.; Li, D.; Wagstaff, J.L.; Kotecha, A.; Kimanius, D.; McLaughlin, S.H.; Murzin, A.G.; Freund, S.M.V.; Goedert, M.; Scheres, S.H.W.		in_vitro			P		EMD-18255	38030728	P10636	Homo sapiens (Human)		
Tau	8Q8R	Tau - AD-PHF	304-379 (76)	2023-08-18	ELECTRON MICROSCOPY	2.10	Lovestam, S.; Li, D.; Wagstaff, J.L.; Kotecha, A.; Kimanius, D.; McLaughlin, S.H.; Murzin, A.G.; Freund, S.M.V.; Goedert, M.; Scheres, S.H.W.		in_vitro			P		EMD-18258	38030728	P10636	Homo sapiens (Human)		
Tau	8Q8S	Tau - AD-THF	304-379 (76)	2023-08-18	ELECTRON MICROSCOPY	2.68	Lovestam, S.; Li, D.; Wagstaff, J.L.; Kotecha, A.; Kimanius, D.; McLaughlin, S.H.; Murzin, A.G.; Freund, S.M.V.; Goedert, M.; Scheres, S.H.W.		in_vitro			P		EMD-18259	38030728	P10636	Homo sapiens (Human)		
Tau	8Q8U	Tau - CTE-MIA1 (tau intermediate amyloid)	308-378 (71)	2023-08-18	ELECTRON MICROSCOPY	3.30	Lovestam, S.; Li, D.; Wagstaff, J.L.; Kotecha, A.; Kimanius, D.; McLaughlin, S.H.; Murzin, A.G.; Freund, S.M.V.; Goedert, M.; Scheres, S.H.W.		in_vitro			P		EMD-18261	38030728	P10636	Homo sapiens (Human)		
Tau	8Q8V	Tau - CTE-MIA3	305-379 (75)	2023-08-18	ELECTRON MICROSCOPY	3.80	Lovestam, S.; Li, D.; Wagstaff, J.L.; Kotecha, A.; Kimanius, D.; McLaughlin, S.H.; Murzin, A.G.; Freund, S.M.V.; Goedert, M.; Scheres, S.H.W.		in_vitro			P		EMD-18262	38030728	P10636	Homo sapiens (Human)		
Tau	8Q8W	Tau - CTE-MIA4 (tau intermediate amyloid)	304-378 (75)	2023-08-19	ELECTRON MICROSCOPY	2.85	Lovestam, S.; Li, D.; Wagstaff, J.L.; Kotecha, A.; Kimanius, D.; McLaughlin, S.H.; Murzin, A.G.; Freund, S.M.V.; Goedert, M.; Scheres, S.H.W.		in_vitro			P		EMD-18263	38030728	P10636	Homo sapiens (Human)		
Tau	8Q8X	Tau - CTE-MIA5 (tau intermediate amyloid)	303-379 (77)	2023-08-19	ELECTRON MICROSCOPY	2.54	Lovestam, S.; Li, D.; Wagstaff, J.L.; Kotecha, A.; Kimanius, D.; McLaughlin, S.H.; Murzin, A.G.; Freund, S.M.V.; Goedert, M.; Scheres, S.H.W.		in_vitro			P		EMD-18264	38030728	P10636	Homo sapiens (Human)		
Tau	8Q8Y	Tau - CTE-MIA6 (tau intermediate amyloid)	306-379 (74)	2023-08-19	ELECTRON MICROSCOPY	2.88	Lovestam, S.; Li, D.; Wagstaff, J.L.; Kotecha, A.; Kimanius, D.; McLaughlin, S.H.; Murzin, A.G.; Freund, S.M.V.; Goedert, M.; Scheres, S.H.W.		in_vitro			P		EMD-18265	38030728	P10636	Homo sapiens (Human)		
Tau	8Q8Z	Tau - CTE-MIA7 (tau intermediate amyloid)	305-379 (75)	2023-08-19	ELECTRON MICROSCOPY	3.16	Lovestam, S.; Li, D.; Wagstaff, J.L.; Kotecha, A.; Kimanius, D.; McLaughlin, S.H.; Murzin, A.G.; Freund, S.M.V.; Goedert, M.; Scheres, S.H.W.		in_vitro			P		EMD-18266	38030728	P10636	Homo sapiens (Human)		
Tau	8Q92	P301S Tau Filaments from the Brains of PS19 Transgenic Mouse Line	271-364 (94)	2023-08-19	ELECTRON MICROSCOPY	3.05	Schweighauser, M.; Murzin, A.G.; Macdonald, J.; Lavenir, I.; Crowther, R.A.; Scheres, S.H.W.; Goedert, M.		animal_ex_vivo		PS19 transgenic mouse cerebral cortex	P		EMD-18268	37798679	P10636	Homo sapiens (Human)	P301S	
Tau	8Q96	P301S Tau Filaments from the Brains of Tg2541 Transgenic Mouse Line	274-329 (56)	2023-08-19	ELECTRON MICROSCOPY	3.09	Schweighauser, M.; Murzin, A.G.; Macdonald, J.; Lavenir, I.; Crowther, R.A.; Scheres, S.H.W.; Goedert, M.		animal_ex_vivo		Tg2541 transgenic mouse brainstem and spinal cord	P		EMD-18269	37798679	P10637	Mus musculus (Mouse)	P301S	
Tau	8Q97	Tau - CTE-MIA9 (tau intermediate amyloid)	308-378 (71)	2023-08-20	ELECTRON MICROSCOPY	2.99	Lovestam, S.; Li, D.; Wagstaff, J.L.; Kotecha, A.; Kimanius, D.; McLaughlin, S.H.; Murzin, A.G.; Freund, S.M.V.; Goedert, M.; Scheres, S.H.W.		in_vitro			P		EMD-18270	38030728	P10636	Homo sapiens (Human)		
Tau	8Q98	Tau - CTE-MIA8 (tau intermediate amyloid)	305-379 (75)	2023-08-20	ELECTRON MICROSCOPY	1.75	Lovestam, S.; Li, D.; Wagstaff, J.L.; Kotecha, A.; Kimanius, D.; McLaughlin, S.H.; Murzin, A.G.; Freund, S.M.V.; Goedert, M.; Scheres, S.H.W.		in_vitro			P		EMD-18271	38030728	P10636	Homo sapiens (Human)		
Tau	8Q99	Tau - CTE-MIA10 (tau intermediate amyloid)	308-378 (71)	2023-08-20	ELECTRON MICROSCOPY	2.70	Lovestam, S.; Li, D.; Wagstaff, J.L.; Kotecha, A.; Kimanius, D.; McLaughlin, S.H.; Murzin, A.G.; Freund, S.M.V.; Goedert, M.; Scheres, S.H.W.		in_vitro			P		EMD-18272	38030728	P10636	Homo sapiens (Human)		
Tau	8Q9A	Tau - CTE-MIA11 (tau intermediate amyloid)	303-380 (78)	2023-08-20	ELECTRON MICROSCOPY	3.04	Lovestam, S.; Li, D.; Wagstaff, J.L.; Kotecha, A.; Kimanius, D.; McLaughlin, S.H.; Murzin, A.G.; Freund, S.M.V.; Goedert, M.; Scheres, S.H.W.		in_vitro			P		EMD-18273	38030728	P10636	Homo sapiens (Human)		
Tau	8Q9B	Tau - CTE-MIA13 (tau intermediate amyloid)	305-379 (75)	2023-08-20	ELECTRON MICROSCOPY	3.10	Lovestam, S.; Li, D.; Wagstaff, J.L.; Kotecha, A.; Kimanius, D.; McLaughlin, S.H.; Murzin, A.G.; Freund, S.M.V.; Goedert, M.; Scheres, S.H.W.		in_vitro			P		EMD-18275	38030728	P10636	Homo sapiens (Human)		
Tau	8Q9C	Tau - CTE-MIA14 (tau intermediate amyloid)	305-379 (75)	2023-08-20	ELECTRON MICROSCOPY	3.40	Lovestam, S.; Li, D.; Wagstaff, J.L.; Kotecha, A.; Kimanius, D.; McLaughlin, S.H.; Murzin, A.G.; Freund, S.M.V.; Goedert, M.; Scheres, S.H.W.		in_vitro			P		EMD-18276	38030728	P10636	Homo sapiens (Human)		
Tau	8Q9D	Tau - CTE-MIA15 (tau intermediate amyloid)	305-379 (75)	2023-08-20	ELECTRON MICROSCOPY	3.16	Lovestam, S.; Li, D.; Wagstaff, J.L.; Kotecha, A.; Kimanius, D.; McLaughlin, S.H.; Murzin, A.G.; Freund, S.M.V.; Goedert, M.; Scheres, S.H.W.		in_vitro			P		EMD-18277	38030728	P10636	Homo sapiens (Human)		
Tau	8Q9E	Tau - CTE-MIA18 (tau intermediate amyloid)	308-379 (72)	2023-08-20	ELECTRON MICROSCOPY	2.97	Lovestam, S.; Li, D.; Wagstaff, J.L.; Kotecha, A.; Kimanius, D.; McLaughlin, S.H.; Murzin, A.G.; Freund, S.M.V.; Goedert, M.; Scheres, S.H.W.		in_vitro			P		EMD-18278	38030728	P10636	Homo sapiens (Human)		
Tau	8Q9F	Tau - CTE-LIA3 (tau intermediate amyloid)	309-377 (69)	2023-08-20	ELECTRON MICROSCOPY	1.91	Lovestam, S.; Li, D.; Wagstaff, J.L.; Kotecha, A.; Kimanius, D.; McLaughlin, S.H.; Murzin, A.G.; Freund, S.M.V.; Goedert, M.; Scheres, S.H.W.		in_vitro			P		EMD-18279	38030728	P10636	Homo sapiens (Human)		
Tau	8Q9G	Tau - CTE-LIA5 (tau intermediate amyloid)	306-378 (73)	2023-08-20	ELECTRON MICROSCOPY	2.65	Lovestam, S.; Li, D.; Wagstaff, J.L.; Kotecha, A.; Kimanius, D.; McLaughlin, S.H.; Murzin, A.G.; Freund, S.M.V.; Goedert, M.; Scheres, S.H.W.		in_vitro			P		EMD-18280	38030728	P10636	Homo sapiens (Human)		
Tau	8Q9H	Tau - CTE-LIA4 (tau intermediate amyloid)	306-378 (73)	2023-08-20	ELECTRON MICROSCOPY	2.18	Lovestam, S.; Li, D.; Wagstaff, J.L.; Kotecha, A.; Kimanius, D.; McLaughlin, S.H.; Murzin, A.G.; Freund, S.M.V.; Goedert, M.; Scheres, S.H.W.		in_vitro			P		EMD-18281	38030728	P10636	Homo sapiens (Human)		
Tau	8Q9I	Tau - CTE-LIA6 (tau intermediate amyloid)	306-378 (73)	2023-08-20	ELECTRON MICROSCOPY	2.56	Lovestam, S.; Li, D.; Wagstaff, J.L.; Kotecha, A.; Kimanius, D.; McLaughlin, S.H.; Murzin, A.G.; Freund, S.M.V.; Goedert, M.; Scheres, S.H.W.		in_vitro			P		EMD-18282	38030728	P10636	Homo sapiens (Human)		
Tau	8Q9J	Tau - CTE-LIA7 (tau intermediate amyloid)	306-378 (73)	2023-08-20	ELECTRON MICROSCOPY	2.96	Lovestam, S.; Li, D.; Wagstaff, J.L.; Kotecha, A.; Kimanius, D.; McLaughlin, S.H.; Murzin, A.G.; Freund, S.M.V.; Goedert, M.; Scheres, S.H.W.		in_vitro			P		EMD-18283	38030728	P10636	Homo sapiens (Human)		
Tau	8Q9K	Tau - CTE-LIA13 (tau intermediate amyloid)	308-375 (68)	2023-08-20	ELECTRON MICROSCOPY	3.20	Lovestam, S.; Li, D.; Wagstaff, J.L.; Kotecha, A.; Kimanius, D.; McLaughlin, S.H.; Murzin, A.G.; Freund, S.M.V.; Goedert, M.; Scheres, S.H.W.		in_vitro			P		EMD-18284	38030728	P10636	Homo sapiens (Human)		
Tau	8Q9L	Tau - CTE-LIA14 (tau intermediate amyloid)	306-378 (73)	2023-08-20	ELECTRON MICROSCOPY	2.76	Lovestam, S.; Li, D.; Wagstaff, J.L.; Kotecha, A.; Kimanius, D.; McLaughlin, S.H.; Murzin, A.G.; Freund, S.M.V.; Goedert, M.; Scheres, S.H.W.		in_vitro			P		EMD-18285	38030728	P10636	Homo sapiens (Human)		
Tau	8Q9M	Tau - CTE-type I (tau intermediate amyloid)	305-379 (75)	2023-08-20	ELECTRON MICROSCOPY	2.65	Lovestam, S.; Li, D.; Wagstaff, J.L.; Kotecha, A.; Kimanius, D.; McLaughlin, S.H.; Murzin, A.G.; Freund, S.M.V.; Goedert, M.; Scheres, S.H.W.		in_vitro			P		EMD-18286	38030728	P10636	Homo sapiens (Human)		
Tau	8Q9O	CTE tau intermediate amyloid (LIA-17)	305-379 (75)	2023-08-20	ELECTRON MICROSCOPY	3.10	Lovestam, S.; Li, D.; Wagstaff, J.L.; Kotecha, A.; Kimanius, D.; McLaughlin, S.H.; Murzin, A.G.; Freund, S.M.V.; Goedert, M.; Scheres, S.H.W.		in_vitro			P		EMD-18287	38030728	P10636	Homo sapiens (Human)		
Tau	8QCP	Tau - AD-LIA8 (tau intermediate amyloid)	304-379 (76)	2023-08-28	ELECTRON MICROSCOPY	3.21	Lovestam, S.; Li, D.; Wagstaff, J.L.; Kotecha, A.; Kimanius, D.; McLaughlin, S.H.; Murzin, A.G.; Freund, S.M.V.; Goedert, M.; Scheres, S.H.W.		in_vitro			P		EMD-18331	38030728	P10636	Homo sapiens (Human)		
Tau	8QCR	Tau - CTE-MIA12 (tau intermediate amyloid)	308-375 (68)	2023-08-28	ELECTRON MICROSCOPY	2.75	Lovestam, S.; Li, D.; Wagstaff, J.L.; Kotecha, A.; Kimanius, D.; McLaughlin, S.H.; Murzin, A.G.; Freund, S.M.V.; Goedert, M.; Scheres, S.H.W.		in_vitro			P		EMD-18333	38030728	P10636	Homo sapiens (Human)		
Tau	8QJJ	CTE type II (tau intermediate amyloid)	305-379 (75)	2023-09-13	ELECTRON MICROSCOPY	3.35	Lovestam, S.; Li, D.; Wagstaff, J.L.; Kotecha, A.; Kimanius, D.; McLaughlin, S.H.; Murzin, A.G.; Freund, S.M.V.; Goedert, M.; Scheres, S.H.W.		in_vitro			P		EMD-18448	38030728	P10636	Homo sapiens (Human)		
Tau	8R3T	Cofactor-free Tau 4R2N isoform	273-331 (59)	2023-11-10	ELECTRON MICROSCOPY	3.10	Limorenko, G.; Tatli, M.; Kolla, R.; Nazarov, S.; Weil, M.T.; Schondorf, D.C.; Geist, D.; Reinhardt, P.; Ehrnhoefer, D.E.; Stahlberg, H.; Gasparini, L.; Lashuel, H.A.		in_vitro			P		EMD-18874	37402718	P10636	Homo sapiens (Human)		
Tau	8SEH	PHF Tau from Down Syndrome	306-378 (73)	2023-04-10	ELECTRON MICROSCOPY	2.90	Fernandez, A.; Hoq, M.R.; Hallinan, G.I.; Li, D.; Bharath, S.R.; Vago, F.S.; Zhang, X.; Ozcan, K.A.; Newell, K.L.; Garringer, H.J.; Jiang, W.; Ghetti, B.; Vidal, R.	√	human_ex_vivo	Down syndrome	human temporal cortex (Down syndrome case 2)	P		EMD-40411	38553642	P10636	Homo sapiens (Human)		
Tau	8SEI	SF Tau from Down Syndrome	306-378 (73)	2023-04-10	ELECTRON MICROSCOPY	2.90	Fernandez, A.; Hoq, M.R.; Hallinan, G.I.; Li, D.; Bharath, S.R.; Vago, F.S.; Zhang, X.; Ozcan, K.A.; Newell, K.L.; Garringer, H.J.; Jiang, W.; Ghetti, B.; Vidal, R.	√	human_ex_vivo	Alzheimer's disease	Down syndrome human temporal cortex	P		EMD-40413	38553642	P10636	Homo sapiens (Human)		
Tau	8TTL	AT8-Phosphomimetic Tau Filaments (Full-length, Cofactor-Free 0N4R Tau S202E, T205E, S208E)	304-330 (27); 351-440 (90)	2023-08-14	ELECTRON MICROSCOPY	2.60	Mammeri, N.E.; Dregni, A.J.; Duan, P.; Hong, M.		in_vitro			P		EMD-41610	38408247	P10636	Homo sapiens (Human)		S202E, T205E, S208E
Tau	8TTN	PHF1-Phosphomimetic Tau Filaments (Full-length, Cofactor-Free 0N4R Tau S396E, S400E, T403E, S404E)	273-362 (90)	2023-08-14	ELECTRON MICROSCOPY	2.40	Mammeri, N.E.; Dregni, A.J.; Duan, P.; Hong, M.		in_vitro			P		EMD-41611	38408247	P10636	Homo sapiens (Human)		S396E, S400E, T403E, S404E
Tau	8UQ7	Alzheimer's disease PHF complexed with PET ligand MK-6240	305-379 (75)	2023-10-23	ELECTRON MICROSCOPY	2.31	Kunach, P.; Vaquer-Alicea, J.; Smith, M.S.; Monistrol, J.; Hopewell, R.; Moquin, L.; Therriault, J.; Tissot, C.; Rahmouni, N.; Massarweh, G.; Soucy, J.P.; Guiot, M.C.; Shoichet, B.K.; Rosa-Neto, P.; Diamond, M.I.; Shahmoradian, S.H.	√	human_ex_vivo	Alzheimer's disease	human frontal cortex	P		EMD-42463	39353896	P10636	Homo sapiens (Human)		
Tau	8V1N	Cryo-EM structure of tau filaments made from jR2R3-P301L peptides induced with heparin	295-311 (17)	2023-11-20	ELECTRON MICROSCOPY	3.00	Vigers, M.P.; Lobo, S.; Najafi, S.; Dubose, A.; Tsay, K.; Ganguly, P.; Longhini, A.P.; Jin, Y.; Buratto, S.K.; Kosik, K.S.; Shell, M.S.; Shea, J.E.; Han, S.		in_vitro			P		EMD-42886	40294272	P10636	Homo sapiens (Human)	P301L	
Tau	8WCP	Cryo-EM structure of human disease-associated P301L Tau amyloid fibril from mouse brain	274-345 (72)	2023-09-13	ELECTRON MICROSCOPY	3.28	Zhao, W.; Liu, K.; Fan, Y.; Zhao, Q.; Tao, Y.; Zhang, M.; Gan, L.; Yu, W.; Sun, B.; Li, D.; Liu, C.; Wang, J.		animal_ex_vivo		rTg4510 mouse brain	P		EMD-37445	38448404	P10636	Homo sapiens (Human)	P301L	
Tau	8ZWL	Heparin bound Tau fibril polymorph 3	304-379 (76)	2024-06-13	ELECTRON MICROSCOPY	3.40	Tao, Y.Q.; Liu, C.; Li, D.		in_vitro			P		EMD-60532		P10636	Homo sapiens (Human)		
Tau	8ZWM	Heparin bound Tau fibril polymorph 4	303-379 (77)	2024-06-13	ELECTRON MICROSCOPY	3.20	Tao, Y.Q.; Liu, C.; Li, D.		in_vitro			P		EMD-60533		P10636	Homo sapiens (Human)		
Tau	8ZX6	Heparin bound Tau fibril PHF	304-379 (76)	2024-06-13	ELECTRON MICROSCOPY	3.50	Tao, Y.Q.; Liu, C.; Li, D.		in_vitro			P		EMD-60539		P10636	Homo sapiens (Human)		
Tau	9AXZ	geranine G-induced 2N4R tau filaments	273-330 (58)	2024-03-06	ELECTRON MICROSCOPY	3.30	Malyshka, D.; Kuret, J.		in_vitro			P		EMD-43977		P10636	Homo sapiens (Human)		
Tau	9B3A	filament of type 1 KD-mxyl miniature tau macrocycle derived from 4R tauopathic fold	293-314 (22)	2024-03-18	ELECTRON MICROSCOPY	3.20	Angera, I.J.; Xu, X.; Rajewski, B.H.; Hallinan, G.I.; Zhang, X.; Ghetti, B.; Vidal, R.; Jiang, W.; Del Valle, J.R.		in_vitro			S		EMD-44133	40307419	P10636	Homo sapiens (Human)		
Tau	9B3C	type 2 KD-mxyl filament of miniature tau macrocycle derived from 4R tauopathic fold	293-314 (22)	2024-03-18	ELECTRON MICROSCOPY	2.95	Xu, X.; Angera, J.I.; Rajewski, H.B.; Jiang, W.; Del Valle, R.J.		in_vitro			S		EMD-44134		P10636	Homo sapiens (Human)		
Tau	9B4L	Filament of Tau in complex with D-TLKIVWI, a D-peptide that disaggregates Alzheimer's Paired Helical Filaments, determined by Cryo-EM	1-7 (7); 304-380 (77)	2024-03-20	ELECTRON MICROSCOPY	3.10	Hou, K.; Ge, P.; Sawaya, M.R.; Lutter, L.; Dolinsky, J.L.; Yang, Y.; Jiang, Y.X.; Boyer, D.R.; Cheng, X.; Pi, J.; Zhang, J.; Lu, J.; Abskharon, R.; Yang, S.; Yu, Z.; Feigon, J.; Eisenberg, D.S.	√	human_ex_vivo	Alzheimer's disease	human brain (post-mortem, Alzheimer's disease)	P		EMD-44184	40634605	P10636	Homo sapiens (Human)		
Tau	9B4M	Filament of Tau in complex with D-TLKIVWS, a D-peptide that disaggregates Alzheimer's Paired Helical Filaments, determined by Cryo-EM	304-380 (77)	2024-03-20	ELECTRON MICROSCOPY	3.10	Hou, K.; Ge, P.; Sawaya, M.R.; Lutter, L.; Dolinsky, J.L.; Yang, Y.; Jiang, Y.X.; Boyer, D.R.; Cheng, X.; Pi, J.; Zhang, J.; Lu, J.; Abskharon, R.; Yang, S.; Yu, Z.; Feigon, J.; Eisenberg, D.S.	√	human_ex_vivo	Alzheimer's disease	human brain (Alzheimer's disease, post-mortem)	P		EMD-44185	40634605	P10636	Homo sapiens (Human)		
Tau	9B4N	Filament of Tau in complex with D-TLKIVWR, a D-peptide that disaggregates Alzheimer's Paired Helical Filaments, determined by Cryo-EM	304-380 (77)	2024-03-21	ELECTRON MICROSCOPY	3.50	Hou, K.; Ge, P.; Sawaya, M.R.; Lutter, L.; Dolinsky, J.L.; Yang, Y.; Jiang, Y.X.; Boyer, D.R.; Cheng, X.; Pi, J.; Zhang, J.; Lu, J.; Abskharon, R.; Yang, S.; Yu, Z.; Feigon, J.; Eisenberg, D.S.	√	human_ex_vivo	Alzheimer's disease	human AD brain	P		EMD-44186	40634605	P10636	Homo sapiens (Human)		
Tau	9B4O	Alzheimer's Tau Paired Helical Filaments, determined by CryoEM, before addition of D-peptide disaggregants	304-380 (77)	2024-03-21	ELECTRON MICROSCOPY	3.50	Hou, K.; Ge, P.; Sawaya, M.R.; Lutter, L.; Dolinsky, J.L.; Yang, Y.; Jiang, Y.X.; Boyer, D.R.; Cheng, X.; Pi, J.; Zhang, J.; Lu, J.; Abskharon, R.; Yang, S.; Yu, Z.; Feigon, J.; Eisenberg, D.S.	√	human_ex_vivo	Alzheimer's disease	human brain tissue	P		EMD-44187	40634605	P10636	Homo sapiens (Human)		
Tau	9BBL	THF filament generated from 4E-Tau(297-407) under neutral Mg2+ condition	305-379 (75)	2024-04-06	ELECTRON MICROSCOPY	2.50	Duan, P.; El Mammeri, N.; Hong, M.		in_vitro			P		EMD-44421	38679331	P10636	Homo sapiens (Human)		S396E, S400E, T403E, S404E
Tau	9BBM	PHF filament generated from 4E-Tau(297-407) under neutral Mg2+ condition	306-379 (74)	2024-04-06	ELECTRON MICROSCOPY	3.20	Duan, P.; El Mammeri, N.; Hong, M.		in_vitro			P		EMD-44422	38679331	P10636	Homo sapiens (Human)		S396E, S400E, T403E, S404E
Tau	9BXI	Paired Helical Filament of tau amyloids found in Down Syndrome individuals	304-380 (77)	2024-05-22	ELECTRON MICROSCOPY	2.70	Ghosh, U.; Tse, E.; Yang, H.; Shi, M.; Caro, C.D.; Wang, F.; Merz, G.E.; Prusiner, S.B.; Southworth, D.R.; Condello, C.	√	human_ex_vivo	Down syndrome	human frontal cortex	P		EMD-45005	38867338	P10636	Homo sapiens (Human)		
Tau	9BXO	Straight Filament of tau amyloids found in Down Syndrome individuals	304-380 (77)	2024-05-22	ELECTRON MICROSCOPY	3.00	Ghosh, U.; Tse, E.; Yang, H.; Shi, M.; Caro, C.D.; Wang, F.; Merz, G.E.; Prusiner, S.B.; Southworth, D.R.; Condello, C.	√	human_ex_vivo	Down syndrome	human frontal cortex (Down syndrome case 1, 63 years old)	P		EMD-45007	38867338	P10636	Homo sapiens (Human)		
Tau	9BXQ	Paired Helical Filaments purified from Down Syndrome individual brain tissue applied to graphene oxide antibody affinity grids	304-380 (77)	2024-05-22	ELECTRON MICROSCOPY	3.10	Ghosh, U.; Tse, E.; Yang, H.; Shi, M.; Caro, C.D.; Wang, F.; Merz, G.E.; Prusiner, S.B.; Southworth, D.R.; Condello, C.	√	human_ex_vivo	Down syndrome	human frontal cortex	P		EMD-45008	38867338	P10636	Homo sapiens (Human)		
Tau	9BXR	Straight Filaments purified from Down Syndrome individual brain tissue applied to graphene oxide antibody affinity grids	304-380 (77)	2024-05-22	ELECTRON MICROSCOPY	3.20	Ghosh, U.; Tse, E.; Yang, H.; Shi, M.; Caro, C.D.; Wang, F.; Merz, G.E.; Prusiner, S.B.; Southworth, D.R.; Condello, C.	√	human_ex_vivo	Down syndrome	human frontal cortex (Down syndrome case 2, 51-year-old woman with documented dementia)	P		EMD-45009	38867338	P10636	Homo sapiens (Human)		
Tau	9CGX	Alzheimer's Disease Seeded 0N3R Tau Fibrils	307-380 (74)	2024-07-01	ELECTRON MICROSCOPY	2.97	Duan, P.; Dregni, A.J.; Xu, H.; Changolkar, L.; Lee, V.M.; Lee, E.B.; Hong, M.		seeded_amplified	AD brain sarkosyl-insoluble tau (Braak stage VI)	Seeded	P		EMD-45588	39214304	P10636	Homo sapiens (Human)		
Tau	9CGZ	Alzheimer's Disease Seeded Mixed 0N4R and 0N3R Tau Fibrils	306-378 (73)	2024-07-01	ELECTRON MICROSCOPY	2.69	Duan, P.; Dregni, A.J.; Xu, H.; Changolkar, L.; Lee, V.M.; Lee, E.B.; Hong, M.		seeded_amplified	AD brain (sarkosyl-insoluble tau, Braak stage VI)	Seeded	P		EMD-45589	39214304	P10636	Homo sapiens (Human)		
Tau	9CZI	Paired helical tau filaments in dominantly inherited Alzheimer disease with cotton wool plaques	306-378 (73)	2024-08-05	ELECTRON MICROSCOPY	3.00	Hoq, M.R.; Fernandez, A.; Vago, F.S.; Hallinan, G.I.; Bharath, S.R.; Li, D.; Ozcan, K.A.; Garringer, H.J.; Jiang, W.; Vidal, R.; Ghetti, B.	√	human_ex_vivo	Alzheimer's disease	human cerebral cortex (DIAD, PSEN1 V261I and PSEN1 A431E)	P		EMD-46417	39147931	P10636	Homo sapiens (Human)		
Tau	9CZL	Straight tau filaments in dominantly inherited Alzheimer disease with cotton wool plaques	305-378 (74)	2024-08-05	ELECTRON MICROSCOPY	2.90	Hoq, M.R.; Fernandez, A.; Vago, F.S.; Hallinan, G.I.; Bharath, S.R.; Li, D.; Ozcan, K.A.; Garringer, H.J.; Jiang, W.; Vidal, R.; Ghetti, B.	√	human_ex_vivo	Alzheimer's disease	human frontal cortex (DIAD, PSEN1 V261I and A431E cases)	P		EMD-46420	39147931	P10636	Homo sapiens (Human)		
Tau	9DME	Type 3 KD-mxyl filament of miniature tau macrocycle derived from 4R tauopathic fold	293-315 (23)	2024-09-13	ELECTRON MICROSCOPY	3.20	Angera, I.J.; Xu, X.; Rajewski, B.H.; Hallinan, G.I.; Zhang, X.; Ghetti, B.; Vidal, R.; Jiang, W.; Del Valle, J.R.		in_vitro			S		EMD-47002	40307419	P10636	Homo sapiens (Human)		
Tau	9EO7	PHF type tau filament from V337M mutant	304-380 (77)	2024-03-14	ELECTRON MICROSCOPY	2.80	Qi, C.; Lovestam, S.; Murzin, A.G.; Peak-Chew, S.; Franco, C.; Bogdani, M.; Latimer, C.; Murrell, J.R.; Cullinane, P.W.; Jaunmuktane, Z.; Bird, T.D.; Ghetti, B.; Scheres, S.H.W.; Goedert, M.	√	human_ex_vivo	frontotemporal dementia	human frontal cortex	P		EMD-19846	40044789	P10636	Homo sapiens (Human)	V337M	
Tau	9EO9	SF type tau filament from V337M mutant	304-380 (77)	2024-03-14	ELECTRON MICROSCOPY	3.30	Qi, C.; Lovestam, S.; Murzin, A.G.; Peak-Chew, S.; Franco, C.; Bogdani, M.; Latimer, C.; Murrell, J.R.; Cullinane, P.W.; Jaunmuktane, Z.; Bird, T.D.; Ghetti, B.; Scheres, S.H.W.; Goedert, M.	√	human_ex_vivo	frontotemporal dementia	human frontal cortex	P		EMD-19849	40044789	P10636	Homo sapiens (Human)	V337M	
Tau	9EOE	TF type tau filament from V337M mutant	304-380 (77)	2024-03-14	ELECTRON MICROSCOPY	2.30	Qi, C.; Lovestam, S.; Murzin, A.G.; Peak-Chew, S.; Franco, C.; Bogdani, M.; Latimer, C.; Murrell, J.R.; Cullinane, P.W.; Jaunmuktane, Z.; Bird, T.D.; Ghetti, B.; Scheres, S.H.W.; Goedert, M.	√	human_ex_vivo	frontotemporal dementia	human frontal cortex	P		EMD-19852	40044789	P10636	Homo sapiens (Human)	V337M	
Tau	9EOG	PHF type tau filament from R406W mutant	304-380 (77)	2024-03-14	ELECTRON MICROSCOPY	3.00	Qi, C.; Lovestam, S.; Murzin, A.G.; Peak-Chew, S.; Franco, C.; Bogdani, M.; Latimer, C.; Murrell, J.R.; Cullinane, P.W.; Jaunmuktane, Z.; Bird, T.D.; Ghetti, B.; Scheres, S.H.W.; Goedert, M.	√	human_ex_vivo	frontotemporal dementia	human frontal cortex	P		EMD-19854	40044789	P10636	Homo sapiens (Human)		R406W
Tau	9EOH	PHF type tau filament from in vitro V337M mutant	306-379 (74)	2024-03-14	ELECTRON MICROSCOPY	2.80	Qi, C.; Lovestam, S.; Murzin, A.G.; Peak-Chew, S.; Franco, C.; Bogdani, M.; Latimer, C.; Murrell, J.R.; Cullinane, P.W.; Jaunmuktane, Z.; Bird, T.D.; Ghetti, B.; Scheres, S.H.W.; Goedert, M.		in_vitro			P		EMD-19855	40044789	P10636	Homo sapiens (Human)	V337M	
Tau	9ERM	CTE type I tau filament from vacuolar tauopathy	305-379 (75)	2024-03-24	ELECTRON MICROSCOPY	2.30	Qi, C.; Kobayashi, R.; Kawakatsu, S.; Kametani, F.; Scheres, S.H.W.; Goedert, M.; Hasegawa, M.	√	human_ex_vivo	vacuolar tauopathy	human frontal and temporal cortex	P		EMD-19926	38758288	P10636	Homo sapiens (Human)		
Tau	9ERN	CTE type II tau filament from vacuolar tauopathy	305-379 (75)	2024-03-24	ELECTRON MICROSCOPY	2.50	Qi, C.; Kobayashi, R.; Kawakatsu, S.; Kametani, F.; Scheres, S.H.W.; Goedert, M.; Hasegawa, M.	√	human_ex_vivo	vacuolar tauopathy	human frontal and temporal cortex	P		EMD-19927	38758288	P10636	Homo sapiens (Human)		
Tau	9ERO	CTE type III tau filament from vacuolar tauopathy	305-379 (75)	2024-03-24	ELECTRON MICROSCOPY	2.90	Qi, C.; Kobayashi, R.; Kawakatsu, S.; Kametani, F.; Scheres, S.H.W.; Goedert, M.; Hasegawa, M.	√	human_ex_vivo	vacuolar tauopathy	human frontal cortex	P		EMD-19928	38758288	P10636	Homo sapiens (Human)		
Tau	9FH6	Cryo-EM Structure of Tau Filaments from Individuals Carrying the Uppsala AbetaUpp(1-42)delta(19-24) Mutation	306-378 (73)	2024-05-26	ELECTRON MICROSCOPY	3.30	Zielinski, M.; Peralta Reyes, F.S.; Gremer, L.; Sommerhage, S.; Pagnon de la Vega, M.; Roder, C.; Heidler, T.V.; Syvanen, S.; Willbold, D.; Sehlin, D.; Ingelsson, M.; Schroder, G.F.	√	human_ex_vivo	Alzheimer's disease	human temporal cortex (Uppsala APP mutation carrier)	P		EMD-50441	41044681	P10636	Homo sapiens (Human)		
Tau	9GG0	P301L tau filaments from human brain	271-377 (107)	2024-08-12	ELECTRON MICROSCOPY	2.81	Schweighauser, M.; Shi, Y.; Murzin, A.G.; Garringer, H.J.; Vidal, R.; Murrell, J.R.; Erro, M.E.; Seelaar, H.; Ferrer, I.; van Swieten, J.C.; Ghetti, B.; Scheres, S.H.W.; Goedert, M.	√	human_ex_vivo	frontotemporal dementia and parkinsonism linked to chromosome 17	human parietal cortex	P		EMD-51319	39185206	P10636	Homo sapiens (Human)	P301L	
Tau	9GG1	P301T type I tau filaments from human brain	273-379 (107)	2024-08-12	ELECTRON MICROSCOPY	2.26	Schweighauser, M.; Shi, Y.; Murzin, A.G.; Garringer, H.J.; Vidal, R.; Murrell, J.R.; Erro, M.E.; Seelaar, H.; Ferrer, I.; van Swieten, J.C.; Ghetti, B.; Scheres, S.H.W.; Goedert, M.	√	human_ex_vivo	globular glial tauopathy type III	human frontal cortex	P		EMD-51320	39185206	P10636	Homo sapiens (Human)	P301T	
Tau	9GG6	P301T type II tau filaments from human brain	269-364 (96)	2024-08-13	ELECTRON MICROSCOPY	3.36	Schweighauser, M.; Shi, Y.; Murzin, A.G.; Garringer, H.J.; Vidal, R.; Murrell, J.R.; Erro, M.E.; Seelaar, H.; Ferrer, I.; van Swieten, J.C.; Ghetti, B.; Scheres, S.H.W.; Goedert, M.	√	human_ex_vivo	globular glial tauopathy type III	human frontal cortex	P		EMD-51325	39185206	P10636	Homo sapiens (Human)	P301T	
Tau	9H5G	PAD12 0N3R:0N4R tau PHF	307-378 (72)	2024-10-22	ELECTRON MICROSCOPY	2.48	Lovestam, S.; Scheres, S.H.W.; Goedert, M.		in_vitro			P		EMD-51884		P10636	Homo sapiens (Human)		T153D, T181D, S202D, T205D, T212D, S214D, T217D, T231D, S235D, S237D, S262D, T263D, S396D, S400D, T403D, S404D
Tau	9H5J	PAD12 0N3R tau PHF seeded by AD	307-378 (72)	2024-10-22	ELECTRON MICROSCOPY	2.72	Lovestam, S.; Scheres, S.H.W.; Goedert, M.		seeded_amplified	AD	Seeded	P		EMD-51886		P10636	Homo sapiens (Human)		T153D, T181D, S202D, T205D, T212D, S214D, T217D, T231D, S235D, S237D, S262D, T263D, S396D, S400D, T403D, S404D
Tau	9HBB	Recombinant tau PHF filaments (peptide synthesis 291-391)	304-379 (76)	2024-11-06	ELECTRON MICROSCOPY	3.00	Powell, W.C.; Nahum, M.; Pankratz, K.; Herlory, M.; Greenwood, J.; Poliyenko, D.; Holland, P.; Jing, R.; Biggerstaff, L.; Stowell, M.H.B.; Walczak, M.A.		in_vitro			P		EMD-52014	38559065	P10636	Homo sapiens (Human)		
Tau	9MC2	Cryo-EM structure of dopaminated Tau fibril	272-313 (42)	2025-03-17	ELECTRON MICROSCOPY	3.55	Liu, Z.; Li, X.; Wang, Q.; Liu, K.; Zeng, W.; Li, D.; Zhao, K.; Ma, Y.; Long, H.; Zhang, S.; Li, D.; Sun, B.; Le, W.; Wang, C.; He, Z.; Kang, W.; Xiao, W.; Liu, C.		in_vitro			P		EMD-63785	41555553	P10636	Homo sapiens (Human)		
Tau	9MR8	Structure of D421-Truncated Tau Fibril	273-362 (90)	2025-01-07	ELECTRON MICROSCOPY	2.90	El Mammeri, N.; Duan, P.; Hong, M.		in_vitro			P		EMD-48555	40021051	P10636	Homo sapiens (Human)		d421
Tau	9O6V	Recombinant AD PHF complexed with SW-MK-NBD (PHF2)	305-379 (75)	2025-04-14	ELECTRON MICROSCOPY	2.72	Kunach, P.; Diamond, M.I.		in_vitro			P		EMD-70182		P10636	Homo sapiens (Human)		
Tau	9O6W	Recombinant AD PHF complexed with SW-MK-NBD (Non Symmetric Binding Site)	305-379 (75)	2025-04-14	ELECTRON MICROSCOPY	2.67	Kunach, P.; Diamond, M.I.		in_vitro			P		EMD-70183		P10636	Homo sapiens (Human)		
Tau	9O6X	Recombinant AD THF incubated with SW-MK-NBD (Non-Symmetric Binding)	305-379 (75)	2025-04-14	ELECTRON MICROSCOPY	2.58	Kunach, P.; Diamond, M.I.		in_vitro			P		EMD-70184		P10636	Homo sapiens (Human)		
Tau	9O6Y	Recombinant AD PHF complexed with SW-MK-NBD	305-379 (75)	2025-04-14	ELECTRON MICROSCOPY	2.72	Kunach, P.; Diamond, M.I.		in_vitro			P		EMD-70185		P10636	Homo sapiens (Human)		
Tau	9O6Z	Recombinant AD THF with SW-MK-NBD complexed in AD-related Binding Site	305-379 (75)	2025-04-14	ELECTRON MICROSCOPY	2.31	Kunach, P.; Diamond, M.I.		in_vitro			P		EMD-70187		P10636	Homo sapiens (Human)		
Tau	9O76	Recombinant AD THF complexed with SW-MK-NBD (Secondary Binding Site)	305-379 (75)	2025-04-14	ELECTRON MICROSCOPY	2.58	Kunach, P.; Diamond, M.I.		in_vitro			P		EMD-70188		P10636	Homo sapiens (Human)		
Tau	9O79	Recombinant AD PHF incubated with DMSO (Kinked Backbone E342)	305-379 (75)	2025-04-14	ELECTRON MICROSCOPY	2.55	Kunach, P.; Diamond, M.I.		in_vitro			P		EMD-70191		P10636	Homo sapiens (Human)		
Tau	9O7B	Recombinant AD THF incubated with DMSO (Kinked Backbone E342)	305-379 (75)	2025-04-14	ELECTRON MICROSCOPY	2.31	Kunach, P.; Diamond, M.I.		in_vitro			P		EMD-70193		P10636	Homo sapiens (Human)		
Tau	9O7C	Recombinant AD THF incubated with DMSO (Flat Backbone E342)	305-379 (75)	2025-04-14	ELECTRON MICROSCOPY	2.31	Kunach, P.; Diamond, M.I.		in_vitro			P		EMD-70194		P10636	Homo sapiens (Human)		
Tau	9O8E	amyloid fibril of recombinant full-length 2N4R tau complexed with unfractionated mouse liver RNA and seeded by Alzheimer's disease tau fibrils	341-449 (109)	2025-04-15	ELECTRON MICROSCOPY	3.10	Abskharon, R.; Jiang, Y.X.; Sawaya, M.R.; Ge, P.; Zhang, J.; Boyer, D.R.; Dolinsky, J.L.; Pi, J.; Cascio, D.; Guo, F.; Eisenberg, D.S.		seeded_amplified	AD patient brain (left temporal lobe)	Seeded	P		EMD-70224	42006351	P10636	Homo sapiens (Human)		
Tau	9O8H	amyloid fibril of recombinant full-length 2N4R tau complexed with mouse liver 18S ribosomal RNA	273-342 (70)	2025-04-15	ELECTRON MICROSCOPY	3.30	Abskharon, R.; Jiang, Y.X.; Sawaya, M.R.; Ge, P.; Zhang, J.; Boyer, D.R.; Dolinsky, J.L.; Pi, J.; Cascio, D.; Guo, F.; Eisenberg, D.S.		in_vitro			P		EMD-70227	42006351	P10636	Homo sapiens (Human)		
Tau	9OFW	328-363 tau mutant S341L_S352I	349-363 (15)	2025-04-30	ELECTRON MICROSCOPY	2.70	Dashnaw, C.M.; Joachimiak, L.		in_vitro			P		EMD-70445		P10636	Homo sapiens (Human)	S352I	S341L
Tau	9PGO	Cryo-EM structure of brain-derived Tau fibril from Alzheimers disease patient tissue	305-378 (74)	2025-07-08	ELECTRON MICROSCOPY	2.29	Pierson, J.A.; Sanchez, J.C.; Kraemer, B.C.; Wright, E.R.; Latimer, C.S.	√	human_ex_vivo	Alzheimer's disease	human brain (Alzheimer's disease patient)	P		EMD-71636		P10636	Homo sapiens (Human)		
Tau	9R2F	Tau filaments seeded by AD homogenate using 0N3R C322A	307-378 (72)	2025-04-30	ELECTRON MICROSCOPY	2.80	Santambrogio, A.; Lovestam, S.; Metrick the Second, M.A.; Lohr, T.; Xu, P.; Gallagher, N.C.T.; Ghetti, B.; Caughey, B.; Scheres, S.H.W.; Vendruscolo, M.		seeded_amplified	AD brain homogenate (frontal cortex)	Seeded	P		EMD-53527	41026859	P10636	Homo sapiens (Human)	C322A	
Tau	9R2H	Tau filaments seeded by AD homogenate using 0N3R C322S	316-434 (119)	2025-04-30	ELECTRON MICROSCOPY	2.60	Santambrogio, A.; Lovestam, S.; Metrick the Second, M.A.; Lohr, T.; Xu, P.; Gallagher, N.C.T.; Ghetti, B.; Caughey, B.; Scheres, S.H.W.; Vendruscolo, M.		seeded_amplified	AD brain homogenate (frontal cortex)	Seeded	P		EMD-53530	41026859	P10636	Homo sapiens (Human)	C322S	
Tau	9S2B	297-441 delta392-395 tau filaments	297-318 (22)	2025-07-21	ELECTRON MICROSCOPY	2.90	Lovestam, S.L.; Scheres, S.H.W.		in_vitro			P		EMD-54485		P10636	Homo sapiens (Human)		d392-395
Tau	9SHS	Head to Head tau filament with the Alzheimer's fold	304-379 (76)	2025-08-27	ELECTRON MICROSCOPY	3.40	Katsinelos, T.; Lovestam, S.; Qi, C.; Ryskeldi-Falcon, B.; Macdonald, J.A.; Stephenson, G.; Ghetti, B.; McKee, A.; Scheres, S.H.W.; Goedert, M.		seeded_amplified	Alzheimer's disease brain (frontal cortex)	Seeded	P		EMD-54909	41260337	P10636	Homo sapiens (Human)		
Tau	9TZX	Cryo-EM structure of a tau filament	307-377 (71)	2026-01-25	ELECTRON MICROSCOPY	2.75	Banerjee, V.; Gorski, D.; Baker, M.; Soto, C.		in_vitro			P		EMD-56478		P10636	Homo sapiens (Human)		
TCERG1	2NNT	General structural motifs of amyloid protofilaments	427-457 (31)	2006-10-24	SOLID-STATE NMR		Ferguson, N.; Becker, J.; Tidow, H.; Tremmel, S.; Sharpe, T.D.; Krause, G.; Flinders, J.; Petrovich, M.; Berriman, J.; Oschkinat, H.; Fersht, A.R.		in_vitro			P			17060612	O14776	Homo sapiens (Human)	Y446F	
TDP43	5W7V	CryoEM structure of the segment, DLIIKGISVHI, assembled into a triple-helical fibril	247-257 (11)	2017-06-20	ELECTRON MICROSCOPY	3.80	Guenther, E.L.; Ge, P.; Trinh, H.; Sawaya, M.R.; Cascio, D.; Boyer, D.R.; Gonen, T.; Zhou, Z.H.; Eisenberg, D.S.		in_vitro			P		EMD-8781	29531287	Q13148	Homo sapiens (Human)		
TDP43	6N37	SegA-sym, conformation of TDP-43 low complexity domain segment A sym	312-347 (36)	2018-11-14	ELECTRON MICROSCOPY	3.80	Cao, Q.; Boyer, D.R.; Sawaya, M.R.; Ge, P.; Eisenberg, D.S.		in_vitro			P		EMD-9339	31235914	Q13148	Homo sapiens (Human)		
TDP43	6N3A	SegA-long, conformation of TDP-43 low complexity domain segment A long	311-360 (50)	2018-11-14	ELECTRON MICROSCOPY	3.30	Cao, Q.; Boyer, D.R.; Sawaya, M.R.; Ge, P.; Eisenberg, D.S.		in_vitro			P		EMD-9349	31235914	Q13148	Homo sapiens (Human)		
TDP43	6N3B	SegA-asym, conformation of TDP-43 low complexity domain segment A asym	311-352 (42)	2018-11-14	ELECTRON MICROSCOPY	3.80	Cao, Q.; Boyer, D.R.; Sawaya, M.R.; Ge, P.; Eisenberg, D.S.		in_vitro			P		EMD-9350	31235914	Q13148	Homo sapiens (Human)		
TDP43	6N3C	SegB, conformation of TDP-43 low complexity domain segment A	288-319 (32)	2018-11-14	ELECTRON MICROSCOPY	3.30	Cao, Q.; Boyer, D.R.; Sawaya, M.R.; Ge, P.; Eisenberg, D.S.		in_vitro			P		EMD-0334	31235914	Q13148	Homo sapiens (Human)	A315E	
TDP43	7KWZ	TDP-43 LCD amyloid fibrils	276-414 (139)	2020-12-02	ELECTRON MICROSCOPY	3.20	Li, Q.; Babinchak, W.M.; Surewicz, W.K.		in_vitro			P		EMD-23059	33712624	Q13148	Homo sapiens (Human)		
TDP43	7PY2	Structure of pathological TDP-43 filaments from ALS with FTLD	282-360 (79)	2021-10-08	ELECTRON MICROSCOPY	2.59	Arseni, D.; Hasegawa, M.; Murzin, A.G.; Kametani, F.; Arai, M.; Yoshida, M.; Ryskeldi-Falcon, B.	√	human_ex_vivo	ALS with FTLD	human frontal cortex	P		EMD-13708	34880495	Q13148	Homo sapiens (Human)		
TDP43	7Q3U	Cryo-EM structure of TDP43 core peptide amyloid fiber	281-351 (71)	2021-10-28	ELECTRON MICROSCOPY	3.70	Kumar, S.T.; Nazarov, S.; Porta, S.; Maharjan, N.; Cendrowska, U.; Kabani, M.; Finamore, F.; Xu, Y.; Lee, V.M.; Lashuel, H.A.		in_vitro			P		EMD-13795	37248338	Q13148	Homo sapiens (Human)		
TDP43	8CG3	Structure of TDP-43 amyloid filament from type A FTLD-TDP (variant 1)	272-360 (89)	2023-02-03	ELECTRON MICROSCOPY	2.39	Arseni, D.; Chen, R.; Murzin, A.G.; Peak-Chew, S.Y.; Garringer, H.J.; Newell, K.L.; Kametani, F.; Robinson, A.C.; Vidal, R.; Ghetti, B.; Hasegawa, M.; Ryskeldi-Falcon, B.	√	human_ex_vivo	frontotemporal lobar degeneration with TDP-43 pathology	human prefrontal cortex	P		EMD-16628	37532939	Q13148	Homo sapiens (Human)		
TDP43	8CGG	Structure of TDP-43 amyloid filament from type A FTLD-TDP (variant 2)	281-360 (80)	2023-02-04	ELECTRON MICROSCOPY	2.50	Arseni, D.; Chen, R.; Murzin, A.G.; Peak-Chew, S.Y.; Garringer, H.J.; Newell, K.L.; Kametani, F.; Robinson, A.C.; Vidal, R.; Ghetti, B.; Hasegawa, M.; Ryskeldi-Falcon, B.	√	human_ex_vivo	frontotemporal lobar degeneration with TDP-43 pathology	human prefrontal cortex	P		EMD-16642	37532939	Q13148	Homo sapiens (Human)		
TDP43	8CGH	Structure of TDP-43 amyloid filament from type A FTLD-TDP (variant 3)	281-360 (80)	2023-02-04	ELECTRON MICROSCOPY	2.68	Arseni, D.; Chen, R.; Murzin, A.G.; Peak-Chew, S.Y.; Garringer, H.J.; Newell, K.L.; Kametani, F.; Robinson, A.C.; Vidal, R.; Ghetti, B.; Hasegawa, M.; Ryskeldi-Falcon, B.	√	human_ex_vivo	frontotemporal lobar degeneration	human prefrontal cortex	P		EMD-16643	37532939	Q13148	Homo sapiens (Human)		
TDP43	8QX9	TDP-43 amyloid fibrils: Morphology-1a	304-348 (45)	2023-10-24	ELECTRON MICROSCOPY	3.76	Sharma, K.; Stockert, F.; Shenoy, J.; Berbon, M.; Abdul-Shukkoor, M.B.; Habenstein, B.; Loquet, A.; Schmidt, M.; Fandrich, M.		in_vitro			P		EMD-18715	38212334	Q13148	Homo sapiens (Human)		
TDP43	8QXA	TDP-43 amyloid fibrils: Morphology-1b	304-348 (45)	2023-10-24	ELECTRON MICROSCOPY	4.05	Sharma, K.; Stockert, F.; Shenoy, J.; Berbon, M.; Abdul-Shukkoor, M.B.; Habenstein, B.; Loquet, A.; Schmidt, M.; Fandrich, M.		in_vitro			P		EMD-18716	38212334	Q13148	Homo sapiens (Human)		
TDP43	8QXB	TDP-43 amyloid fibrils: Morphology-2	304-348 (45)	2023-10-24	ELECTRON MICROSCOPY	3.86	Sharma, K.; Stockert, F.; Shenoy, J.; Berbon, M.; Abdul-Shukkoor, M.B.; Habenstein, B.; Loquet, A.; Schmidt, M.; Fandrich, M.		in_vitro			P		EMD-18717	38212334	Q13148	Homo sapiens (Human)		
TDP43	9FOF	Structure of heteromeric amyloid filament of TDP-43 and AXNA11 from FTLD-TDP Type C (variant 2)	39-74 (36); 282-345 (64)	2024-06-11	ELECTRON MICROSCOPY	2.90	Arseni, D.; Nonaka, T.; Jacobsen, M.H.; Murzin, A.G.; Cracco, L.; Peak-Chew, S.Y.; Garringer, H.J.; Kawakami, I.; Suzuki, H.; Onaya, M.; Saito, Y.; Murayama, S.; Geula, C.; Vidal, R.; Newell, K.L.; Mesulam, M.; Ghetti, B.; Hasegawa, M.; Ryskeldi-Falcon, B.		animal_ex_vivo		human prefrontal and temporal cortices	P		EMD-50621	38979278	P50995;Q13148			
TDP43	9FOR	Structure of heteromeric amyloid filament of TDP-43 and AXNA11 from FTLD-TDP Type C (variant 1)	39-74 (36); 284-345 (62)	2024-06-12	ELECTRON MICROSCOPY	2.75	Arseni, D.; Nonaka, T.; Jacobsen, M.H.; Murzin, A.G.; Cracco, L.; Peak-Chew, S.Y.; Garringer, H.J.; Kawakami, I.; Suzuki, H.; Onaya, M.; Saito, Y.; Murayama, S.; Geula, C.; Vidal, R.; Newell, K.L.; Mesulam, M.; Ghetti, B.; Hasegawa, M.; Ryskeldi-Falcon, B.		animal_ex_vivo		human prefrontal and temporal cortex	P		EMD-50628	38979278	P50995;Q13148			
TFG	8TEQ	Tropomyosin-receptor kinase fused gene protein (TRK-fused gene protein; TFG) Low Complexity Domain (residues 237-327) G269V mutant, amyloid fiber	262-290 (29)	2023-07-06	ELECTRON MICROSCOPY	2.84	Rosenberg, G.M.; Abskharon, R.; Boyer, D.R.; Ge, P.; Sawaya, M.R.; Eisenberg, D.S.		in_vitro			P		EMD-41195	38077690	Q92734	Homo sapiens (Human)	G269V	
TFG	8TER	Tropomyosin-receptor kinase fused gene protein (TRK-fused gene protein; TFG) Low Complexity Domain (residues 237-327) P285L mutant, amyloid fiber	265-299 (35)	2023-07-06	ELECTRON MICROSCOPY	2.59	Rosenberg, G.M.; Abskharon, R.; Boyer, D.R.; Ge, P.; Sawaya, M.R.; Eisenberg, D.S.		in_vitro			P		EMD-41198	38077690	Q92734	Homo sapiens (Human)	P285L	
TGFBIp	8HIA	Structure of transforming growth factor beta induced protein (TGFBIp) G623R fibril	611-633 (23)	2022-11-19	ELECTRON MICROSCOPY	4.90	Low, J.Y.K.; Shi, X.; Anandalakshmi, V.; Neo, D.; Peh, G.S.L.; Koh, S.K.; Zhou, L.; Abdul Rahim, M.K.; Boo, K.; Lee, J.; Mohanram, H.; Alag, R.; Mu, Y.; Mehta, J.S.; Pervushin, K.		in_vitro			P		EMD-34813	36997596	Q15582	Homo sapiens (Human)	G623R	
TIA1	9KTY	Cryo-EM structure of the TIA-1 prion-like domain amyloid fibril, WT	336-360 (25)	2024-12-03	ELECTRON MICROSCOPY	3.36	Inaoka, D.; Miyata, T.; Makino, F.; Ohtani, Y.; Ekari, M.; Kobayashi, R.; Imamura, K.; Sakamoto, E.; Kodama, S.T.; Yoshida, N.; Kato, T.; Namba, K.; Tochio, H.; Sekiyama, N.		in_vitro			P		EMD-62570		P31483	Homo sapiens (Human)		
TIA1	9KTZ	Cryo-EM structure of the TIA-1 prion-like domain amyloid fibril, G355R	334-349 (16)	2024-12-03	ELECTRON MICROSCOPY	3.10	Inaoka, D.; Miyata, T.; Makino, F.; Ohtani, Y.; Ekari, M.; Kobayashi, R.; Imamura, K.; Sakamoto, E.; Kodama, S.T.; Yoshida, N.; Kato, T.; Namba, K.; Tochio, H.; Sekiyama, N.		in_vitro			P		EMD-62571		P31483	Homo sapiens (Human)	G355R	
Tm1-I/C	9C1U	Cryo-EM Structure of a Tm1C Fibril	1-7	2024-05-29	ELECTRON MICROSCOPY	2.31	Fonda, B.D.; Kato, M.; Li, Y.; Murray, D.T.		in_vitro			S		EMD-45130	39276003	Q8IG84	Drosophila melanogaster (Fruit fly)		
TMEM106B	7QVC	TMEM106B filaments with Fold I from Alzheimer's disease (case 1)	120-254 (135)	2022-01-21	ELECTRON MICROSCOPY	2.64	Schweighauser, M.; Arseni, D.; Bacioglu, M.; Huang, M.; Lovestam, S.; Shi, Y.; Yang, Y.; Zhang, W.; Kotecha, A.; Garringer, H.J.; Vidal, R.; Hallinan, G.I.; Newell, K.L.; Tarutani, A.; Murayama, S.; Miyazaki, M.; Saito, Y.; Yoshida, M.; Hasegawa, K.; Lashley, T.; Revesz, T.; Kovacs, G.G.; van Swieten, J.; Takao, M.; Hasegawa, M.; Ghetti, B.; Spillantini, M.G.; Ryskeldi-Falcon, B.; Murzin, A.G.; Goedert, M.; Scheres, S.H.W.	√	human_ex_vivo	Alzheimer's disease	human frontal cortex	P		EMD-14174	35344985	Q9NUM4	Homo sapiens (Human)		
TMEM106B	7QVF	TMEM106B filaments with Fold I-d from Multiple system atrophy (case 18)	120-254 (135)	2022-01-21	ELECTRON MICROSCOPY	3.64	Schweighauser, M.; Arseni, D.; Bacioglu, M.; Huang, M.; Lovestam, S.; Shi, Y.; Yang, Y.; Zhang, W.; Kotecha, A.; Garringer, H.J.; Vidal, R.; Hallinan, G.I.; Newell, K.L.; Tarutani, A.; Murayama, S.; Miyazaki, M.; Saito, Y.; Yoshida, M.; Hasegawa, K.; Lashley, T.; Revesz, T.; Kovacs, G.G.; van Swieten, J.; Takao, M.; Hasegawa, M.; Ghetti, B.; Spillantini, M.G.; Ryskeldi-Falcon, B.; Murzin, A.G.; Goedert, M.; Scheres, S.H.W.	√	human_ex_vivo	multiple system atrophy	human brain	P		EMD-14176	35344985	Q9NUM4	Homo sapiens (Human)		
TMEM106B	7QWG	TMEM106B filaments with Fold IIa from Multiple system atrophy (case 19)	120-254 (135)	2022-01-25	ELECTRON MICROSCOPY	3.38	Schweighauser, M.; Arseni, D.; Bacioglu, M.; Huang, M.; Lovestam, S.; Shi, Y.; Yang, Y.; Zhang, W.; Kotecha, A.; Garringer, H.J.; Vidal, R.; Hallinan, G.I.; Newell, K.L.; Tarutani, A.; Murayama, S.; Miyazaki, M.; Saito, Y.; Yoshida, M.; Hasegawa, K.; Lashley, T.; Revesz, T.; Kovacs, G.G.; van Swieten, J.; Takao, M.; Hasegawa, M.; Ghetti, B.; Spillantini, M.G.; Ryskeldi-Falcon, B.; Murzin, A.G.; Goedert, M.; Scheres, S.H.W.	√	human_ex_vivo	Multiple system atrophy	human brain (MSA case 19)	P		EMD-14187	35344985	Q9NUM4	Homo sapiens (Human)		
TMEM106B	7QWL	TMEM106B filaments with Fold IIb from Multiple system atrophy (case 19)	120-254 (135)	2022-01-25	ELECTRON MICROSCOPY	3.47	Schweighauser, M.; Arseni, D.; Bacioglu, M.; Huang, M.; Lovestam, S.; Shi, Y.; Yang, Y.; Zhang, W.; Kotecha, A.; Garringer, H.J.; Vidal, R.; Hallinan, G.I.; Newell, K.L.; Tarutani, A.; Murayama, S.; Miyazaki, M.; Saito, Y.; Yoshida, M.; Hasegawa, K.; Lashley, T.; Revesz, T.; Kovacs, G.G.; van Swieten, J.; Takao, M.; Hasegawa, M.; Ghetti, B.; Spillantini, M.G.; Ryskeldi-Falcon, B.; Murzin, A.G.; Goedert, M.; Scheres, S.H.W.	√	human_ex_vivo	multiple system atrophy	human brain (MSA case 19)	P		EMD-14188	35344985	Q9NUM4	Homo sapiens (Human)		
TMEM106B	7QWM	TMEM106B filaments with Fold III from Multiple system atrophy (case 17)	120-254 (135)	2022-01-25	ELECTRON MICROSCOPY	2.76	Schweighauser, M.; Arseni, D.; Bacioglu, M.; Huang, M.; Lovestam, S.; Shi, Y.; Yang, Y.; Zhang, W.; Kotecha, A.; Garringer, H.J.; Vidal, R.; Hallinan, G.I.; Newell, K.L.; Tarutani, A.; Murayama, S.; Miyazaki, M.; Saito, Y.; Yoshida, M.; Hasegawa, K.; Lashley, T.; Revesz, T.; Kovacs, G.G.; van Swieten, J.; Takao, M.; Hasegawa, M.; Ghetti, B.; Spillantini, M.G.; Ryskeldi-Falcon, B.; Murzin, A.G.; Goedert, M.; Scheres, S.H.W.	√	human_ex_vivo	multiple system atrophy	human brain (MSA case 17)	P		EMD-14189	35344985	Q9NUM4	Homo sapiens (Human)		
TMEM106B	7SAQ	Cryo-EM structure of TMEM106B fibrils extracted from a FTLD-TDP patient, polymorph 1	120-254 (135)	2021-09-23	ELECTRON MICROSCOPY	2.90	Jiang, Y.X.; Cao, Q.; Sawaya, M.R.; Abskharon, R.; Ge, P.; DeTure, M.; Dickson, D.W.; Fu, J.Y.; Ogorzalek Loo, R.R.; Loo, J.A.; Eisenberg, D.S.	√	human_ex_vivo	frontotemporal lobar degeneration with TDP-43 pathology	human medial frontal gyrus	P		EMD-24953	35344984	Q9NUM4	Homo sapiens (Human)		
TMEM106B	7SAR	Cryo-EM structure of TMEM106B fibrils extracted from a FTLD-TDP patient, polymorph 2	120-254 (135)	2021-09-23	ELECTRON MICROSCOPY	3.20	Jiang, Y.X.; Cao, Q.; Sawaya, M.R.; Abskharon, R.; Ge, P.; DeTure, M.; Dickson, D.W.; Fu, J.Y.; Ogorzalek Loo, R.R.; Loo, J.A.; Eisenberg, D.S.	√	human_ex_vivo	frontotemporal lobar degeneration with TDP-43 pathology	human medial frontal gyrus	P		EMD-24954	35344984	Q9NUM4	Homo sapiens (Human)		
TMEM106B	7SAS	Cryo-EM structure of TMEM106B fibrils extracted from a FTLD-TDP patient, polymorph 3	120-254 (135)	2021-09-23	ELECTRON MICROSCOPY	3.70	Jiang, Y.X.; Cao, Q.; Sawaya, M.R.; Abskharon, R.; Ge, P.; DeTure, M.; Dickson, D.W.; Fu, J.Y.; Ogorzalek Loo, R.R.; Loo, J.A.; Eisenberg, D.S.	√	human_ex_vivo	frontotemporal lobar degeneration with TDP-43 pathology	human medial frontal gyrus	P		EMD-24955	35344984	Q9NUM4	Homo sapiens (Human)		
TMEM106B	7U10	TMEM106B(120-254) protofilament from progressive supranuclear palsy (PSP) case 2	120-254 (135)	2022-02-19	ELECTRON MICROSCOPY	3.00	Chang, A.; Xiang, X.; Wang, J.; Lee, C.; Arakhamia, T.; Simjanoska, M.; Wang, C.; Carlomagno, Y.; Zhang, G.; Dhingra, S.; Thierry, M.; Perneel, J.; Heeman, B.; Forgrave, L.M.; DeTure, M.; DeMarco, M.L.; Cook, C.N.; Rademakers, R.; Dickson, D.W.; Petrucelli, L.; Stowell, M.H.B.; Mackenzie, I.R.A.; Fitzpatrick, A.W.P.	√	human_ex_vivo	progressive supranuclear palsy	human frontal cortex (PSP case 2, UBC)	P		EMD-26273	35247328	Q9NUM4	Homo sapiens (Human)		
TMEM106B	7U11	TMEM106B(120-254) protofilament from frontotemporal lobar degeneration with TDP-43 pathology (FTLD-TDP) type A (case 1)	120-254 (135)	2022-02-19	ELECTRON MICROSCOPY	3.20	Chang, A.; Xiang, X.; Wang, J.; Lee, C.; Arakhamia, T.; Simjanoska, M.; Wang, C.; Carlomagno, Y.; Zhang, G.; Dhingra, S.; Thierry, M.; Perneel, J.; Heeman, B.; Forgrave, L.M.; DeTure, M.; DeMarco, M.L.; Cook, C.N.; Rademakers, R.; Dickson, D.W.; Petrucelli, L.; Stowell, M.H.B.; Mackenzie, I.R.A.; Fitzpatrick, A.W.P.	√	human_ex_vivo	frontotemporal lobar degeneration with TDP-43 pathology	human frontal cortex	P		EMD-26274	35247328	Q9NUM4	Homo sapiens (Human)		
TMEM106B	7U12	TMEM106B(120-254) singlet amyloid fibril from frontotemporal lobar degeneration with TDP-43 pathology (FTLD-TDP) type A (case 2)	120-254 (135)	2022-02-19	ELECTRON MICROSCOPY	3.50	Chang, A.; Xiang, X.; Wang, J.; Lee, C.; Arakhamia, T.; Simjanoska, M.; Wang, C.; Carlomagno, Y.; Zhang, G.; Dhingra, S.; Thierry, M.; Perneel, J.; Heeman, B.; Forgrave, L.M.; DeTure, M.; DeMarco, M.L.; Cook, C.N.; Rademakers, R.; Dickson, D.W.; Petrucelli, L.; Stowell, M.H.B.; Mackenzie, I.R.A.; Fitzpatrick, A.W.P.	√	human_ex_vivo	frontotemporal lobar degeneration with TDP-43 pathology	human frontal cortex	P		EMD-26275	35247328	Q9NUM4	Homo sapiens (Human)		
TMEM106B	7U13	TMEM106B(120-254) singlet amyloid fibril from frontotemporal lobar degeneration with TDP-43 pathology (FTLD-TDP) type A (case 4)	120-254 (135)	2022-02-19	ELECTRON MICROSCOPY	2.90	Chang, A.; Xiang, X.; Wang, J.; Lee, C.; Arakhamia, T.; Simjanoska, M.; Wang, C.; Carlomagno, Y.; Zhang, G.; Dhingra, S.; Thierry, M.; Perneel, J.; Heeman, B.; Forgrave, L.M.; DeTure, M.; DeMarco, M.L.; Cook, C.N.; Rademakers, R.; Dickson, D.W.; Petrucelli, L.; Stowell, M.H.B.; Mackenzie, I.R.A.; Fitzpatrick, A.W.P.	√	human_ex_vivo	frontotemporal lobar degeneration with TDP-43 pathology	human frontal cortex	P		EMD-26276	35247328	Q9NUM4	Homo sapiens (Human)		
TMEM106B	7U14	TMEM106B(120-254) singlet amyloid fibril from frontotemporal lobar degeneration with TDP-43 pathology (FTLD-TDP) type C (case 8)	120-254 (135)	2022-02-19	ELECTRON MICROSCOPY	4.50	Chang, A.; Xiang, X.; Wang, J.; Lee, C.; Arakhamia, T.; Simjanoska, M.; Wang, C.; Carlomagno, Y.; Zhang, G.; Dhingra, S.; Thierry, M.; Perneel, J.; Heeman, B.; Forgrave, L.M.; DeTure, M.; DeMarco, M.L.; Cook, C.N.; Rademakers, R.; Dickson, D.W.; Petrucelli, L.; Stowell, M.H.B.; Mackenzie, I.R.A.; Fitzpatrick, A.W.P.	√	human_ex_vivo	frontotemporal lobar degeneration with TDP-43 pathology	human frontal cortex	P		EMD-26277	35247328	Q9NUM4	Homo sapiens (Human)		
TMEM106B	7U15	TMEM106B(120-254) singlet amyloid fibril from frontotemporal lobar degeneration with TDP-43 pathology (FTLD-TDP) type B case 2 (case 7).	120-254 (135)	2022-02-19	ELECTRON MICROSCOPY	3.00	Chang, A.; Xiang, X.; Wang, J.; Lee, C.; Arakhamia, T.; Simjanoska, M.; Wang, C.; Carlomagno, Y.; Zhang, G.; Dhingra, S.; Thierry, M.; Perneel, J.; Heeman, B.; Forgrave, L.M.; DeTure, M.; DeMarco, M.L.; Cook, C.N.; Rademakers, R.; Dickson, D.W.; Petrucelli, L.; Stowell, M.H.B.; Mackenzie, I.R.A.; Fitzpatrick, A.W.P.	√	human_ex_vivo	frontotemporal lobar degeneration with TDP-43 pathology	human frontal cortex	P		EMD-26278	35247328	Q9NUM4	Homo sapiens (Human)		
TMEM106B	7U16	TMEM106B(120-254) protofilament from frontotemporal lobar degeneration with TDP-43 pathology (FTLD-TDP) type A (all cases combined).	120-254 (135)	2022-02-19	ELECTRON MICROSCOPY	2.70	Chang, A.; Xiang, X.; Wang, J.; Lee, C.; Arakhamia, T.; Simjanoska, M.; Wang, C.; Carlomagno, Y.; Zhang, G.; Dhingra, S.; Thierry, M.; Perneel, J.; Heeman, B.; Forgrave, L.M.; DeTure, M.; DeMarco, M.L.; Cook, C.N.; Rademakers, R.; Dickson, D.W.; Petrucelli, L.; Stowell, M.H.B.; Mackenzie, I.R.A.; Fitzpatrick, A.W.P.	√	human_ex_vivo	frontotemporal lobar degeneration with TDP-43 pathology	human frontal cortex	P		EMD-26279	35247328	Q9NUM4	Homo sapiens (Human)		
TMEM106B	7U17	TMEM106B(120-254) T185S singlet amyloid fibril from frontotemporal lobar degeneration with TDP-43 pathology (FTLD-TDP) type B case 2 (case 7).	120-254 (135)	2022-02-19	ELECTRON MICROSCOPY	3.00	Chang, A.; Xiang, X.; Wang, J.; Lee, C.; Arakhamia, T.; Simjanoska, M.; Wang, C.; Carlomagno, Y.; Zhang, G.; Dhingra, S.; Thierry, M.; Perneel, J.; Heeman, B.; Forgrave, L.M.; DeTure, M.; DeMarco, M.L.; Cook, C.N.; Rademakers, R.; Dickson, D.W.; Petrucelli, L.; Stowell, M.H.B.; Mackenzie, I.R.A.; Fitzpatrick, A.W.P.	√	human_ex_vivo	frontotemporal lobar degeneration with TDP-43 pathology	human frontal cortex	P		EMD-26278	35247328	Q9NUM4	Homo sapiens (Human)	T185S	
TMEM106B	7U18	TMEM106B(120-254) T185S protofilament from frontotemporal lobar degeneration with TDP-43 pathology (FTLD-TDP) type A (all cases combined).	120-254 (135)	2022-02-20	ELECTRON MICROSCOPY	2.70	Chang, A.; Xiang, X.; Wang, J.; Lee, C.; Arakhamia, T.; Simjanoska, M.; Wang, C.; Carlomagno, Y.; Zhang, G.; Dhingra, S.; Thierry, M.; Perneel, J.; Heeman, B.; Forgrave, L.M.; DeTure, M.; DeMarco, M.L.; Cook, C.N.; Rademakers, R.; Dickson, D.W.; Petrucelli, L.; Stowell, M.H.B.; Mackenzie, I.R.A.; Fitzpatrick, A.W.P.	√	human_ex_vivo	frontotemporal lobar degeneration with TDP-43 pathology	human frontal cortex	P		EMD-26279	35247328	Q9NUM4	Homo sapiens (Human)	T185S	
TMEM106B	7X83	Cryo-EM structure of the TMEM106B fibril from normal elder	120-254 (135)	2022-03-11	ELECTRON MICROSCOPY	3.40	Fan, Y.; Zhao, Q.; Xia, W.; Tao, Y.; Yu, W.; Chen, M.; Liu, Y.; Zhao, J.; Shen, Y.; Sun, Y.; Si, C.; Zhang, S.; Zhang, Y.; Li, W.; Liu, C.; Wang, J.; Li, D.	√	human_ex_vivo		human brain (normal elder)	P		EMD-33054	35477998	Q9NUM4	Homo sapiens (Human)		
TMEM106B	7X84	Cryo-EM structure of the TMEM106B fibril from Parkinson's disease dementia	120-254 (135)	2022-03-11	ELECTRON MICROSCOPY	3.00	Fan, Y.; Zhao, Q.; Xia, W.; Tao, Y.; Yu, W.; Chen, M.; Liu, Y.; Zhao, J.; Shen, Y.; Sun, Y.; Si, C.; Zhang, S.; Zhang, Y.; Li, W.; Liu, C.; Wang, J.; Li, D.	√	human_ex_vivo	Parkinson's disease dementia	human brain (PDD patient)	P		EMD-33055	35477998	Q9NUM4	Homo sapiens (Human)		
TMEM106B	8J7N	The cryo-EM structure of Fe3+ induced alpha-syn fibril.	120-254 (135)	2023-04-27	ELECTRON MICROSCOPY	3.00	Zhao, Q.Y.; Tao, Y.Q.; Fan, Y.; Liu, C.; Li, D.		in_vitro			P		EMD-36043		Q9NUM4	Homo sapiens (Human)		
TMEM106B	8J7P	The cryo-EM structure of PiB bound TMEM106B fibril.	120-254 (135)	2023-04-27	ELECTRON MICROSCOPY	3.40	Zhao, Q.Y.; Tao, Y.Q.; Fan, Y.; Liu, C.; Li, D.		in_vitro			P		EMD-36045		Q9NUM4	Homo sapiens (Human)		
TMEM106B	8OTD	TMEM106B Fold1-s filament from Guam ALS/PDC	120-254 (135)	2023-04-20	ELECTRON MICROSCOPY	2.60	Qi, C.; Verheijen, B.M.; Kokubo, Y.; Shi, Y.; Tetter, S.; Murzin, A.G.; Nakahara, A.; Morimoto, S.; Vermulst, M.; Sasaki, R.; Aronica, E.; Hirokawa, Y.; Oyanagi, K.; Kakita, A.; Ryskeldi-Falcon, B.; Yoshida, M.; Hasegawa, M.; Scheres, S.H.W.; Goedert, M.	√	human_ex_vivo	amyotrophic lateral sclerosis/parkinsonism-dementia complex	human frontal cortex (Guam ALS/PDC)	P		EMD-17175	38100415	Q9NUM4	Homo sapiens (Human)		
TMEM106B	8OTE	TMEM106B Fold I-d filament from Guam ALS/PDC	120-254 (135)	2023-04-20	ELECTRON MICROSCOPY	3.60	Qi, C.; Verheijen, B.M.; Kokubo, Y.; Shi, Y.; Tetter, S.; Murzin, A.G.; Nakahara, A.; Morimoto, S.; Vermulst, M.; Sasaki, R.; Aronica, E.; Hirokawa, Y.; Oyanagi, K.; Kakita, A.; Ryskeldi-Falcon, B.; Yoshida, M.; Hasegawa, M.; Scheres, S.H.W.; Goedert, M.	√	human_ex_vivo	amyotrophic lateral sclerosis/parkinsonism-dementia complex	human frontal cortex (Guam ALS/PDC)	P		EMD-17176	38100415	Q9NUM4	Homo sapiens (Human)		
TMEM106B	8X5H	The cryo-EM structure of TMEM106B amyloid fibril in PD patient.	120-254 (135)	2023-11-17	ELECTRON MICROSCOPY	3.47	Zhao, Q.Y.; Fan, Y.; Zhao, W.B.; Li, D.; Liu, C.	√	human_ex_vivo	Parkinson's disease	PD patient	P		EMD-38069		Q9NUM4	Homo sapiens (Human)		
TMEM106B	9FNB	TMEM106B filaments from Biondi bodies (Biondi variant)	120-254 (135)	2024-06-10	ELECTRON MICROSCOPY	2.64	Ghetti, B.; Schweighauser, M.; Jacobsen, M.H.; Gray, D.; Bacioglu, M.; Murzin, A.G.; Glazier, B.S.; Katsinelos, T.; Vidal, R.; Newell, K.L.; Gao, S.; Garringer, H.J.; Spillantini, M.G.; Scheres, S.H.W.; Goedert, M.	√	human_ex_vivo	Alzheimer's disease	human choroid plexus	P		EMD-50587	39503754	Q9NUM4	Homo sapiens (Human)		
Translational regulator orb2	6VPS	Cryo-EM structure of the amyloid core of Drosophila Orb2 isolated from head	176-206 (31)	2020-02-04	ELECTRON MICROSCOPY	2.60	Hervas, R.; Rau, M.J.; Park, Y.; Zhang, W.; Murzin, A.G.; Fitzpatrick, J.A.J.; Scheres, S.H.W.; Si, K.		animal_ex_vivo		Drosophila melanogaster head	F		EMD-21316		Q9VSR3	Drosophila melanogaster (Fruit fly)		
Translational regulator orb2	8YAC	Funes-induced Orb2 amyloid like endogenous Orb2 amyloid	176-206 (31)	2024-02-08	ELECTRON MICROSCOPY	3.10	Patton, K.; Yi, Y.; Burt, R.; Ng, K.K.; Mukhi, M.; Khaki, P.S.S.; Hervas, R.; Si, K.		in_vitro			F		EMD-39095	41615743	Q9VSR3	Drosophila melanogaster (Fruit fly)		
Transthyretin (TTR)	1RVS	STRUCTURE OF TRANSTHYRETIN IN AMYLOID FIBRILS DETERMINED BY SOLID-STATE MAGIC ANGLE SPINNING NMR	125-135 (11)	2003-12-14	SOLID-STATE NMR		Jaroniec, C.P.; MacPhee, C.E.; Bajaj, V.S.; McMahon, M.T.; Dobson, C.M.; Griffin, R.G.		in_vitro			P			14715898	P02766	Homo sapiens (Human)		
Transthyretin (TTR)	2M5K	Atomic-resolution structure of a doublet cross-beta amyloid fibril	125-135 (11)	2013-02-27	SOLID-STATE NMR, ELECTRON MICROSCOPY	12.70	Fitzpatrick, A.W.; Debelouchina, G.T.; Bayro, M.J.; Clare, D.K.; Caporini, M.A.; Bajaj, V.S.; Jaroniec, C.P.; Wang, L.; Ladizhansky, V.; Muller, S.A.; MacPhee, C.E.; Waudby, C.A.; Mott, H.R.; De Simone, A.; Knowles, T.P.; Saibil, H.R.; Vendruscolo, M.; Orlova, E.V.; Griffin, R.G.; Dobson, C.M.		in_vitro			P	19058	EMD-5590	23513222	P02766	Homo sapiens (Human)		
Transthyretin (TTR)	2M5M	Atomic-resolution structure of a triplet cross-beta amyloid fibril	125-135 (11)	2013-02-27	SOLID-STATE NMR, ELECTRON MICROSCOPY	12.20	Fitzpatrick, A.W.; Debelouchina, G.T.; Bayro, M.J.; Clare, D.K.; Caporini, M.A.; Bajaj, V.S.; Jaroniec, C.P.; Wang, L.; Ladizhansky, V.; Muller, S.A.; MacPhee, C.E.; Waudby, C.A.; Mott, H.R.; De Simone, A.; Knowles, T.P.; Saibil, H.R.; Vendruscolo, M.; Orlova, E.V.; Griffin, R.G.; Dobson, C.M.		in_vitro			P	19060	EMD-2323	23513222	P02766	Homo sapiens (Human)		
Transthyretin (TTR)	2M5N	Atomic-resolution structure of a cross-beta protofilament	125-135 (11)	2013-02-27	SOLID-STATE NMR		Fitzpatrick, A.W.; Debelouchina, G.T.; Bayro, M.J.; Clare, D.K.; Caporini, M.A.; Bajaj, V.S.; Jaroniec, C.P.; Wang, L.; Ladizhansky, V.; Muller, S.A.; MacPhee, C.E.; Waudby, C.A.; Mott, H.R.; De Simone, A.; Knowles, T.P.; Saibil, H.R.; Vendruscolo, M.; Orlova, E.V.; Griffin, R.G.; Dobson, C.M.		in_vitro			P	19062		23513222	P02766	Homo sapiens (Human)		
Transthyretin (TTR)	3ZPK	Atomic-resolution structure of a quadruplet cross-beta amyloid fibril.	125-135 (11)	2013-02-28	SOLID-STATE NMR, ELECTRON MICROSCOPY	11.60	Fitzpatrick, A.W.P.; Debelouchina, G.T.; Bayro, M.J.; Clare, D.K.; Caporini, M.A.; Bajaj, V.S.; Jaroniec, C.P.; Wang, L.; Ladizhansky, V.; Muller, S.A.; Macphee, C.E.; Waudby, C.A.; Mott, H.R.; De Simone, A.; Knowles, T.P.J.; Saibil, H.R.; Vendruscolo, M.; Orlova, E.V.; Griffin, R.G.; Dobson, C.M.		in_vitro			P	19157	EMD-2324	23513222	P02766	Homo sapiens (Human)		
Transthyretin (TTR)	6SDZ	transthyritin derived amyloid fibril from patient with hereditary V30M ATTR amyloidosis	11-35; 57-123 (92)	2019-07-29	ELECTRON MICROSCOPY	2.97	Schmidt, M.; Wiese, S.; Adak, V.; Engler, J.; Agarwal, S.; Fritz, G.; Westermark, P.; Zacharias, M.; Fandrich, M.	√	human_ex_vivo	hereditary ATTR amyloidosis	human heart (left ventricle)	P		EMD-10150	31676763	P02766	Homo sapiens (Human)	V30M	
Transthyretin (TTR)	7OB4	Cryo-EM structure of a twisted-dimer transthyretin amyloid fibril from vitreous body of the eye	11-35; 57-123 (92)	2021-04-21	ELECTRON MICROSCOPY	3.22	Iakovleva, I.; Hall, M.; Oelker, M.; Sandblad, L.; Anan, I.; Sauer-Eriksson, A.E.	√	human_ex_vivo	ATTRv amyloidosis	human vitreous body of the eye	P		EMD-12794	34880242	P02766	Homo sapiens (Human)	V30M	
Transthyretin (TTR)	8ADE	Wild type ATTR amyloid fibril from senile systemic amyloidosis	11-35; 57-123 (92)	2022-07-08	ELECTRON MICROSCOPY	2.78	Steinebrei, M.; Gottwald, J.; Baur, J.; Rocken, C.; Hegenbart, U.; Schonland, S.; Schmidt, M.	√	human_ex_vivo	ATTR amyloidosis (senile systemic amyloidosis)	human heart	P		EMD-15361	36302762	P02766	Homo sapiens (Human)		
Transthyretin (TTR)	8E7D	Cryo-EM structure of wild-type transthyretin amyloid from heart tissue	11-34; 58-123 (90)	2022-08-23	ELECTRON MICROSCOPY	3.31	Nguyen, B.A.; Singh, V.; Afrin, S.; Singh, P.; Pekala, M.; Ahmed, Y.; Pedretti, R.; Canepa, J.; Lemoff, A.; Kluve-Beckerman, B.; Wydorski, P.M.; Chhapra, F.; Saelices, L.	√	human_ex_vivo	ATTR amyloidosis	human heart	P		EMD-26587		P02766	Homo sapiens (Human)		
Transthyretin (TTR)	8E7E	Cryo-EM structure of cardiac amyloid fibril from a variant ATTR I84S amyloidosis patient	12-35; 68-124 (91)	2022-08-23	ELECTRON MICROSCOPY	3.61	Nguyen, B.A.; Singh, V.; Afrin, S.; Yakubovska, A.; Wang, L.; Ahmed, Y.; Pedretti, R.; Fernandez-Ramirez, M.D.C.; Singh, P.; Pekala, M.; Cabrera Hernandez, L.O.; Kumar, S.; Lemoff, A.; Gonzalez-Prieto, R.; Sawaya, M.R.; Eisenberg, D.S.; Benson, M.D.; Saelices, L.	√	human_ex_vivo	ATTR amyloidosis	human cardiac tissue	P		EMD-26685	38233397	P02766	Homo sapiens (Human)	I84S	
Transthyretin (TTR)	8E7H	Cryo-EM structure of cardiac amyloid fibril from a wild-type amyloidosis patient	12-35; 68-123 (90)	2022-08-23	ELECTRON MICROSCOPY	3.70	Nguyen, B.A.; Singh, V.; Afrin, S.; Singh, P.; Pekala, M.; Ahmed, Y.; Pedretti, R.; Canepa, J.; Lemoff, A.; Kluve-Beckerman, B.; Wydorski, P.M.; Chhapra, F.; Saelices, L.	√	human_ex_vivo	ATTR amyloidosis	human heart (left ventricle)	P		EMD-26691		P02766	Homo sapiens (Human)		
Transthyretin (TTR)	8E7I	Cryo-EM structure of cardiac amyloid fibril from a variant ATTR P24S amyloidosis patient	12-34; 58-123 (89)	2022-08-24	ELECTRON MICROSCOPY	3.65	Nguyen, B.A.; Saelices, L.	√	human_ex_vivo	ATTR amyloidosis	cardiac tissue	P		EMD-26692		P02766	Homo sapiens (Human)	P24S	
Transthyretin (TTR)	8E7J	Cryo-EM structure of cardiac amyloid fibril from a variant ATTR I84S amyloidosis patient	12-35; 64-122 (83)	2022-08-24	ELECTRON MICROSCOPY	3.10	Nguyen, B.A.; Singh, V.; Afrin, S.; Yakubovska, A.; Wang, L.; Ahmed, Y.; Pedretti, R.; Fernandez-Ramirez, M.D.C.; Singh, P.; Pekala, M.; Cabrera Hernandez, L.O.; Kumar, S.; Lemoff, A.; Gonzalez-Prieto, R.; Sawaya, M.R.; Eisenberg, D.S.; Benson, M.D.; Saelices, L.	√	human_ex_vivo	ATTR amyloidosis	human cardiac tissue	P		EMD-27323	38233397	P02766	Homo sapiens (Human)	I84S	
Transthyretin (TTR)	8G9R	Cardiac amyloid fibrils extracted from a wild-type ATTR amyloidosis patient	11-35; 58-123 (91)	2023-02-21	ELECTRON MICROSCOPY	3.28	Nguyen, B.A.; Singh, V.; Afrin, S.; Singh, P.; Pekala, M.; Ahmed, Y.; Pedretti, R.; Canepa, J.; Lemoff, A.; Kluve-Beckerman, B.; Wydorski, P.M.; Chhapra, F.; Saelices, L.	√	human_ex_vivo	ATTR amyloidosis	human cardiac tissue	P		EMD-29874	39068302	P02766	Homo sapiens (Human)		
Transthyretin (TTR)	8GBR	Cardiac amyloid fibrils extracted from a wild-type ATTR amyloidosis patient	11-35; 57-124 (93)	2023-02-28	ELECTRON MICROSCOPY	3.40	Nguyen, B.A.; Singh, V.; Afrin, S.; Singh, P.; Pekala, M.; Ahmed, Y.; Pedretti, R.; Canepa, J.; Lemoff, A.; Kluve-Beckerman, B.; Wydorski, P.M.; Chhapra, F.; Saelices, L.	√	human_ex_vivo	ATTR amyloidosis	human cardiac tissue	P		EMD-29920	39068302	P02766	Homo sapiens (Human)		
Transthyretin (TTR)	8PKE	ATTRV20I amyloid fibril from hereditary ATTR amloidosis	11-35; 57-123 (92)	2023-06-26	ELECTRON MICROSCOPY	3.39	Steinebrei, M.; Baur, J.; Pradhan, A.; Kupfer, N.; Wiese, S.; Hegenbart, U.; Schonland, S.O.; Schmidt, M.; Fandrich, M.	√	human_ex_vivo	hereditary ATTR amyloidosis	human heart	P		EMD-17736	37993462	P02766	Homo sapiens (Human)	V20I	
Transthyretin (TTR)	8PKF	ATTRG47E amyloid fibril from hereditary ATTR amloidosis	11-35; 57-123 (92)	2023-06-26	ELECTRON MICROSCOPY	2.37	Steinebrei, M.; Baur, J.; Pradhan, A.; Kupfer, N.; Wiese, S.; Hegenbart, U.; Schonland, S.O.; Schmidt, M.; Fandrich, M.	√	human_ex_vivo	hereditary ATTR amyloidosis	human heart tissue	P		EMD-17737	37993462	P02766	Homo sapiens (Human)		G47E
Transthyretin (TTR)	8PKG	ATTRV122I amyloid fibril from hereditary ATTR amloidosis	11-35; 57-123 (92)	2023-06-26	ELECTRON MICROSCOPY	2.99	Steinebrei, M.; Baur, J.; Pradhan, A.; Kupfer, N.; Wiese, S.; Hegenbart, U.; Schonland, S.O.; Schmidt, M.; Fandrich, M.	√	human_ex_vivo	hereditary ATTR amyloidosis	human heart tissue	P		EMD-17738	37993462	P02766	Homo sapiens (Human)	V122I	
Transthyretin (TTR)	8TDN	Cryo-EM structure of cardiac amyloid fibril from a variant ATTR I84S amyloidosis patient-3, wild-type morphology	11-35; 57-124 (93)	2023-07-04	ELECTRON MICROSCOPY	3.10	Nguyen, B.A.; Singh, V.; Afrin, S.; Yakubovska, A.; Wang, L.; Ahmed, Y.; Pedretti, R.; Fernandez-Ramirez, M.D.C.; Singh, P.; Pekala, M.; Cabrera Hernandez, L.O.; Kumar, S.; Lemoff, A.; Gonzalez-Prieto, R.; Sawaya, M.R.; Eisenberg, D.S.; Benson, M.D.; Saelices, L.	√	human_ex_vivo	ATTR amyloidosis	human cardiac tissue	P		EMD-41171	38233397	P02766	Homo sapiens (Human)	I84S	
Transthyretin (TTR)	8TDO	Cryo-EM structure of cardiac amyloid fibril from a variant ATTR I84S amyloidosis patient-3, variant-type morphology	10-36; 59-124 (93)	2023-07-04	ELECTRON MICROSCOPY	3.10	Nguyen, B.A.; Singh, V.; Afrin, S.; Yakubovska, A.; Wang, L.; Ahmed, Y.; Pedretti, R.; Fernandez-Ramirez, M.D.C.; Singh, P.; Pekala, M.; Cabrera Hernandez, L.O.; Kumar, S.; Lemoff, A.; Gonzalez-Prieto, R.; Sawaya, M.R.; Eisenberg, D.S.; Benson, M.D.; Saelices, L.	√	human_ex_vivo	ATTR amyloidosis	human cardiac tissue (left ventricle)	P		EMD-41172	38233397	P02766	Homo sapiens (Human)	I84S	
Transthyretin (TTR)	9BDM	Cryo-EM structure of cardiac amyloid fibril from a variant ATTRV122delta, single filament morphology	11-35; 58-122 (90)	2024-04-12	ELECTRON MICROSCOPY	3.63	Ahmed, Y.; Nguyen, B.A.; Kelly, C.; Afrin, S.; Singh, V.; Evers, B.M.; Shelton, J.M.; Lopez Escobar, C.; Singh, P.; Pedretti, R.; Wang, L.; Bassett, P.; Fernandez-Ramirez, M.D.C.; Pekala, M.; Lemoff, A.; Kluve-Beckerman, B.; Saelices, L.	√	human_ex_vivo	ATTR amyloidosis	human heart tissue	P		EMD-44462		P02766	Homo sapiens (Human)		d122
Transthyretin (TTR)	9BDR	Cryo-EM structure of cardiac amyloid fibril from a variant ATTRV122delta, double filament morphology 1	11-35; 58-123 (91)	2024-04-12	ELECTRON MICROSCOPY	3.82	Ahmed, Y.; Nguyen, B.A.; Kelly, C.; Afrin, S.; Singh, V.; Evers, B.M.; Shelton, J.M.; Lopez Escobar, C.; Singh, P.; Pedretti, R.; Wang, L.; Bassett, P.; Fernandez-Ramirez, M.D.C.; Pekala, M.; Lemoff, A.; Kluve-Beckerman, B.; Saelices, L.	√	human_ex_vivo	ATTR amyloidosis	human heart tissue	P		EMD-44466		P02766	Homo sapiens (Human)		d122
Transthyretin (TTR)	9BYN	Cryo-EM structure of amyloid fibril extracted from nerve of a variant ATTR V30M amyloidosis patient	12-35; 57-123 (91)	2024-05-23	ELECTRON MICROSCOPY	3.36	Nguyen, B.A.; Afrin, S.; Yakubovska, A.; Singh, V.; Pedretti, R.; Bassett, P.; Pekala, M.; Alicea, J.V.; Kunach, P.; Wang, L.; Lemoff, A.; Kluve-Beckerman, B.; Saelices, L.	√	human_ex_vivo	ATTR amyloidosis	human nerve tissue	P		EMD-45039	39423808	P02766	Homo sapiens (Human)	V30M	
Transthyretin (TTR)	9BZS	Cryo-EM structure of cardiac amyloid fibril from a variant ATTR V30M amyloidosis patient	11-35; 57-123 (92)	2024-05-24	ELECTRON MICROSCOPY	3.14	Nguyen, B.A.; Afrin, S.; Yakubovska, A.; Singh, V.; Pedretti, R.; Bassett, P.; Pekala, M.; Alicea, J.V.; Kunach, P.; Wang, L.; Lemoff, A.; Kluve-Beckerman, B.; Saelices, L.	√	human_ex_vivo	ATTR amyloidosis	human heart tissue	P		EMD-45074	39423808	P02766	Homo sapiens (Human)	V30M	
Transthyretin (TTR)	9D21	Cryo-EM structure of amyloid fibril extracted from heart of a variant ATTR T60A amyloidosis patient 1	11-35; 58-123 (91)	2024-08-08	ELECTRON MICROSCOPY	3.40	Fernandez-Ramirez, M.D.C.; Nguyen, B.A.; Afrin, S.; Singh, V.; Evers, B.; Shelton, J.M.; Escobar, C.L.; Bassett, P.; Wang, L.; Pekala, M.; Ahmed, Y.; Cabrera Hernandez, L.O.; Pedretti, R.; Singh, P.; Canepa, J.; Wosztyl, A.; Li, Y.; Boyer, D.R.; Cao, Q.; Saelices, L.	√	human_ex_vivo	ATTR amyloidosis	human heart	P		EMD-46479	41106377	P02766	Homo sapiens (Human)	T60A	
Transthyretin (TTR)	9D23	Cryo-EM structure of amyloid fibril extracted from heart of a variant ATTR T60A amyloidosis patient 2	11-35; 57-123 (92)	2024-08-08	ELECTRON MICROSCOPY	3.18	Fernandez-Ramirez, M.D.C.; Nguyen, B.A.; Afrin, S.; Singh, V.; Evers, B.; Shelton, J.M.; Escobar, C.L.; Bassett, P.; Wang, L.; Pekala, M.; Ahmed, Y.; Cabrera Hernandez, L.O.; Pedretti, R.; Singh, P.; Canepa, J.; Wosztyl, A.; Li, Y.; Boyer, D.R.; Cao, Q.; Saelices, L.	√	human_ex_vivo	ATTR amyloidosis	human heart	P		EMD-46481	41106377	P02766	Homo sapiens (Human)	T60A	
Transthyretin (TTR)	9D24	Cryo-EM structure of amyloid fibril extracted from thyroid of a variant ATTR T60A amyloidosis patient 3	11-36; 57-124 (94)	2024-08-08	ELECTRON MICROSCOPY	2.98	Fernandez-Ramirez, M.D.C.; Nguyen, B.A.; Afrin, S.; Singh, V.; Evers, B.; Shelton, J.M.; Escobar, C.L.; Bassett, P.; Wang, L.; Pekala, M.; Ahmed, Y.; Cabrera Hernandez, L.O.; Pedretti, R.; Singh, P.; Canepa, J.; Wosztyl, A.; Li, Y.; Boyer, D.R.; Cao, Q.; Saelices, L.	√	human_ex_vivo	ATTR amyloidosis	human thyroid	P		EMD-46482	41106377	P02766	Homo sapiens (Human)	T60A	
Transthyretin (TTR)	9D27	Cryo-EM structure of amyloid fibril extracted from kidney of a variant ATTR T60A amyloidosis patient 3	12-35; 58-123 (90)	2024-08-08	ELECTRON MICROSCOPY	3.19	Fernandez-Ramirez, M.D.C.; Nguyen, B.A.; Afrin, S.; Singh, V.; Evers, B.; Shelton, J.M.; Escobar, C.L.; Bassett, P.; Wang, L.; Pekala, M.; Ahmed, Y.; Cabrera Hernandez, L.O.; Pedretti, R.; Singh, P.; Canepa, J.; Wosztyl, A.; Li, Y.; Boyer, D.R.; Cao, Q.; Saelices, L.	√	human_ex_vivo	variant ATTR amyloidosis	human kidney	P		EMD-46487	41106377	P02766	Homo sapiens (Human)	T60A	
Transthyretin (TTR)	9D2G	Cryo-EM structure of amyloid fibril extracted from liver of a variant ATTR T60A amyloidosis patient 3	11-35; 58-124 (92)	2024-08-08	ELECTRON MICROSCOPY	3.10	Fernandez-Ramirez, M.D.C.; Nguyen, B.A.; Afrin, S.; Singh, V.; Evers, B.; Shelton, J.M.; Escobar, C.L.; Bassett, P.; Wang, L.; Pekala, M.; Ahmed, Y.; Cabrera Hernandez, L.O.; Pedretti, R.; Singh, P.; Canepa, J.; Wosztyl, A.; Li, Y.; Boyer, D.R.; Cao, Q.; Saelices, L.	√	human_ex_vivo	ATTR amyloidosis	human liver	P		EMD-46495	41106377	P02766	Homo sapiens (Human)	T60A	
Transthyretin (TTR)	9HX3	Amyloid fibril of TTR	11-35; 57-124 (93)	2025-01-06	ELECTRON MICROSCOPY	3.00	Aibara, S.; Kassner, A.; Wong, E.; Klingel, K.; Papworth, M.; Althage, M.; Wang, Q.D.; Correia, C.; Milting, H.; de Oliveira, T.M.	√	human_ex_vivo	cardiac amyloidosis	human ventricular myocardium	P		EMD-52456	41115976	P02766	Homo sapiens (Human)		
Transthyretin (TTR)	9HYW	Cryo-EM structure of ATTRv-F64S amyloid fibril from patient skin tissue.	10-36; 57-124 (95)	2025-01-10	ELECTRON MICROSCOPY	2.80	Yu, J.; Zhang, X.; Pinton, S.; Vacchi, E.; Cavalli, A.; Pecoraro, M.; Melli, G.; Boland, A.	√	human_ex_vivo	ATTRv amyloidosis	human ankle skin tissue	P		EMD-52519	41402329	P02766	Homo sapiens (Human)	F64S	
Transthyretin (TTR)	9NNN	Cryo-EM structure of amyloid fibril extracted from the heart of a variant ATTR D38A amyloidosis patient	11-35; 58-123 (91)	2025-03-05	ELECTRON MICROSCOPY	3.60	Nguyen, B.A.; Saelices, L.	√	human_ex_vivo	ATTR amyloidosis	human heart	P		EMD-49578		P02766	Homo sapiens (Human)		D38A
Transthyretin (TTR)	9PX6	ATTR cardiac amyloid fibrils apex1	11-35; 58-123 (91)	2025-08-05	ELECTRON MICROSCOPY	3.20	Donnelly, J.P.; Schafer, J.H.; Yoon, L.; Massey, L.A.; Ash, C.; Gao, Z.; Nugroho, K.; Jager, M.; Pang, Z.; O'Neill, R.T.; Maurer, M.S.; Powers, E.T.; Lander, G.C.; Ye, L.; Kelly, J.W.	√	human_ex_vivo	ATTR amyloidosis	human cardiac apex	P		EMD-71953	42089154	P02766	Homo sapiens (Human)		
Transthyretin (TTR)	9PX7	ATTR cardiac amyloid fibrils apex2	11-35; 58-123 (91)	2025-08-05	ELECTRON MICROSCOPY	3.40	Donnelly, J.P.; Schafer, J.H.; Yoon, L.; Massey, L.A.; Ash, C.; Gao, Z.; Nugroho, K.; Jager, M.; Pang, Z.; O'Neill, R.T.; Maurer, M.S.; Powers, E.T.; Lander, G.C.; Ye, L.; Kelly, J.W.	√	human_ex_vivo	ATTR amyloidosis	human cardiac apex (WT-ATTR, sporadic)	P		EMD-71960	42089154	P02766	Homo sapiens (Human)		
Transthyretin (TTR)	9PX9	ATTR V122I cardiac amyloid fibrils	11-35; 58-123 (91)	2025-08-05	ELECTRON MICROSCOPY	3.00	Donnelly, J.P.; Schafer, J.H.; Yoon, L.; Massey, L.A.; Ash, C.; Gao, Z.; Nugroho, K.; Jager, M.; Pang, Z.; O'Neill, R.T.; Maurer, M.S.; Powers, E.T.; Lander, G.C.; Ye, L.; Kelly, J.W.	√	human_ex_vivo	ATTR amyloidosis	human cardiac tissue (LV apex)	P		EMD-71962	42089154	P02766	Homo sapiens (Human)	V122I	
Transthyretin (TTR)	9ZLD	Cryo-EM structure of hepatic amyloid fibril from a variant ATTRV122delta, single filament morphology	11-35; 58-123 (91)	2025-12-08	ELECTRON MICROSCOPY	2.90	Nguyen, B.A.; Fernandez-Ramirez, M.D.C.; Bassett, P.; Singh, V.; Singh, P.; Pekala, M.; Villalon, L.; Ahmed, Y.; Lemoff, A.; Evers, B.; Lopez, C.; Kluve-Beckerman, B.; Saelices, L.	√	human_ex_vivo	ATTR amyloidosis	human liver	P		EMD-74399	41991931	P02766	Homo sapiens (Human)		d122
Tubulin polymerization-promoting protein	9J4D	Cryo-EM structure of P25alpha core fibril	70-104 (35)	2024-08-09	ELECTRON MICROSCOPY	2.93	Xia, W.C.; Sun, Y.P.; Huang, C.A.; Liu, C.		in_vitro			P		EMD-61132		O94811	Homo sapiens (Human)		
Tubulin polymerization-promoting protein	9J4E	Cryo-EM structure of P25alpha full-length fibril	69-105 (37)	2024-08-09	ELECTRON MICROSCOPY	3.32	Xia, W.C.; Sun, Y.P.; Huang, C.A.; Liu, C.		in_vitro			P		EMD-61133		O94811	Homo sapiens (Human)		
Tubulin polymerization-promoting protein	9J4F	Cryo-EM structure of P25alpha full-length A119V fibril	69-104 (36)	2024-08-09	ELECTRON MICROSCOPY	2.49	Xia, W.C.; Sun, Y.P.; Huang, C.A.; Liu, C.		in_vitro			P		EMD-61134		O94811	Homo sapiens (Human)		A119V
Uperin-3.5	7QV5	Amyloid fibril from the antimicrobial peptide uperin 3.5	1-17 (17)	2022-01-19	ELECTRON MICROSCOPY	3.00	Bucker, R.; Seuring, C.; Cazey, C.; Veith, K.; Garcia-Alai, M.; Grunewald, K.; Landau, M.		in_vitro			F		EMD-14167	35896552	P82042	Uperoleia mjobergii (Mjoberg's toadlet)		
α-crystallin A	9U4L	Fibril structure of human alphaA-crystallin with pathogenic mutation R116C	21-89 (69)	2025-03-19	ELECTRON MICROSCOPY	3.70	Song, M.; Han, J.; Cao, Q.		in_vitro			P		EMD-63849	40770067	P02489	Homo sapiens (Human)		R116C
α-synuclein	10XU	Structure of amplified aSyn filament by using seed amplification assay (SAA) from MSA patient CSF.	35-98 (64)	2026-02-11	ELECTRON MICROSCOPY	3.18	Wang, F.; Banerjee, V.; Barria, C.; Ramirez, S.; Allison, T.; Gorski, D.; Evans, H.; Nguyen, Q.; Harrison, D.; Al-Lahham, R.; De Gregorio Carbonell, N.; Pinho, M.; Kaalund, S.; Folke, J.; Aznar, S.; Concha-Marambio, L.; Ishtikhar, M.; Mallampalli, V.K.; Pritzkow, S.; Shahnawaz, M.; Baker, M.L.; Serysheva, I.; Soto, C.		seeded_amplified	MSA patient CSF	Amplified	P		EMD-75514	41372188	P37840	Homo sapiens (Human)		
α-synuclein	2N0A	Atomic-resolution structure of alpha-synuclein fibrils	1-140 (140)	2015-03-04	SOLID-STATE NMR		Tuttle, M.D.; Comellas, G.; Nieuwkoop, A.J.; Covell, D.J.; Berthold, D.A.; Kloepper, K.D.; Courtney, J.M.; Kim, J.K.; Barclay, A.M.; Kendall, A.; Wan, W.; Stubbs, G.; Schwieters, C.D.; Lee, V.M.; George, J.M.; Rienstra, C.M.		in_vitro			P	25518		27018801	P37840	Homo sapiens (Human)		
α-synuclein	6A6B	cryo-em structure of alpha-synuclein fiber	37-99 (63)	2018-06-27	ELECTRON MICROSCOPY	3.07	Li, Y.; Zhao, C.; Luo, F.; Liu, Z.; Gui, X.; Luo, Z.; Zhang, X.; Li, D.; Liu, C.; Li, X.		in_vitro			P		EMD-6988	30065316	P37840	Homo sapiens (Human)		
α-synuclein	6CU7	Alpha Synuclein fibril formed by full length protein - Rod Polymorph	38-97 (60)	2018-03-23	ELECTRON MICROSCOPY	3.50	Li, B.; Ge, P.; Murray, K.A.; Sheth, P.; Zhang, M.; Nair, G.; Sawaya, M.R.; Shin, W.S.; Boyer, D.R.; Ye, S.; Eisenberg, D.S.; Zhou, Z.H.; Jiang, L.		in_vitro			P		EMD-7618	30190461	P37840	Homo sapiens (Human)		
α-synuclein	6CU8	Alpha Synuclein fibril formed by full length protein - Twister Polymorph	43-83 (41)	2018-03-23	ELECTRON MICROSCOPY	3.60	Li, B.; Ge, P.; Murray, K.A.; Sheth, P.; Zhang, M.; Nair, G.; Sawaya, M.R.; Shin, W.S.; Boyer, D.R.; Ye, S.; Eisenberg, D.S.; Zhou, Z.H.; Jiang, L.		in_vitro			P		EMD-7619	30190461	P37840	Homo sapiens (Human)		
α-synuclein	6H6B	Structure of alpha-synuclein fibrils	38-95 (58)	2018-07-26	ELECTRON MICROSCOPY	3.40	Guerrero-Ferreira, R.; Taylor, N.M.; Mona, D.; Ringler, P.; Lauer, M.E.; Riek, R.; Britschgi, M.; Stahlberg, H.		in_vitro			P		EMD-0148	29969391	P37840	Homo sapiens (Human)		
α-synuclein	6L1T	Cryo-EM structure of phosphorylated Tyr39 a-synuclein amyloid fibril	1-100 (100)	2019-09-30	ELECTRON MICROSCOPY	3.22	Zhao, K.; Lim, Y.J.; Liu, Z.; Long, H.; Sun, Y.; Hu, J.J.; Zhao, C.; Tao, Y.; Zhang, X.; Li, D.; Li, Y.M.; Liu, C.		in_vitro			P		EMD-0801	32737160	P37840	Homo sapiens (Human)		pY39
α-synuclein	6L1U	Cryo-EM structure of phosphorylated Tyr39 alpha-synuclein amyloid fibril	1-100 (100)	2019-09-30	ELECTRON MICROSCOPY	3.37	Zhao, K.; Lim, Y.J.; Liu, Z.; Long, H.; Sun, Y.; Hu, J.J.; Zhao, C.; Tao, Y.; Zhang, X.; Li, D.; Li, Y.M.; Liu, C.		in_vitro			P		EMD-0803	32737160	P37840	Homo sapiens (Human)		pY39
α-synuclein	6L4S	cryo-em structure of alpha-synuclein fiber mutation type E46K	45-99 (55)	2019-10-21	ELECTRON MICROSCOPY	3.37	Zhao, K.; Li, Y.; Liu, Z.; Long, H.; Zhao, C.; Luo, F.; Sun, Y.; Tao, Y.; Su, X.D.; Li, D.; Li, X.; Liu, C.		in_vitro			P		EMD-0833	32457390	P37840	Homo sapiens (Human)	E46K	
α-synuclein	6LRQ	Cryo-EM structure of A53T alpha-synuclein amyloid fibril	37-99 (63)	2020-01-16	ELECTRON MICROSCOPY	3.49	Sun, Y.; Hou, S.; Zhao, K.; Long, H.; Liu, Z.; Gao, J.; Zhang, Y.; Su, X.D.; Li, D.; Liu, C.		in_vitro			P		EMD-0958	32203130	P37840	Homo sapiens (Human)	A53T	
α-synuclein	6OSJ	Cryo-EM structure of the N-terminally acetylated full length alpha-synuclein fibrils (Ac1-140)	37-97 (61)	2019-05-01	ELECTRON MICROSCOPY	2.80	Ni, X.; McGlinchey, R.P.; Jiang, J.; Lee, J.C.		in_vitro			P		EMD-20183	31295458	P37840	Homo sapiens (Human)		
α-synuclein	6OSL	Cryo-EM structure of the N-terminally acetylated C-terminal Alpha-synuclein truncation Ac1-122	39-97 (59)	2019-05-01	ELECTRON MICROSCOPY	3.00	Ni, X.; McGlinchey, R.P.; Jiang, J.; Lee, J.C.		in_vitro			P		EMD-20185	31295458	P37840	Homo sapiens (Human)		
α-synuclein	6OSM	Cryo-EM structure of the N-terminally acetylated C-terminal Alpha-synuclein truncation Ac1-103	37-96 (60)	2019-05-01	ELECTRON MICROSCOPY	3.40	Ni, X.; McGlinchey, R.P.; Jiang, J.; Lee, J.C.		in_vitro			P		EMD-20186	31295458	P37840	Homo sapiens (Human)		
α-synuclein	6PEO	Cryo-EM structure of alpha-synuclein H50Q Narrow Fibril	36-99 (64)	2019-06-20	ELECTRON MICROSCOPY	3.30	Boyer, D.R.; Li, B.; Sun, C.; Fan, W.; Sawaya, M.R.; Jiang, L.; Eisenberg, D.S.		in_vitro			P		EMD-20328	31695184	P37840	Homo sapiens (Human)	H50Q	
α-synuclein	6PES	Cryo-EM structure of alpha-synuclein H50Q Wide Fibril	36-99 (64)	2019-06-20	ELECTRON MICROSCOPY	3.60	Boyer, D.R.; Li, B.; Sun, C.; Fan, W.; Sawaya, M.R.; Jiang, L.; Eisenberg, D.S.		in_vitro			P		EMD-20331	31695184	P37840	Homo sapiens (Human)	H50Q	
α-synuclein	6RT0	cryo-em structure of alpha-synuclein fibril polymorph 2A	14-25; 36-97 (74)	2019-05-22	ELECTRON MICROSCOPY	3.10	Guerrero-Ferreira, R.; Taylor, N.M.; Arteni, A.A.; Kumari, P.; Mona, D.; Ringler, P.; Britschgi, M.; Lauer, M.E.; Makky, A.; Verasdonck, J.; Riek, R.; Melki, R.; Meier, B.H.; Bockmann, A.; Bousset, L.; Stahlberg, H.		in_vitro			P		EMD-4994	31815671	P37840	Homo sapiens (Human)		
α-synuclein	6RTB	cryo-em structure of alpha-synuclein fibril polymorph 2B	9-24; 35-56; 62-93 (70)	2019-05-22	ELECTRON MICROSCOPY	3.46	Guerrero-Ferreira, R.; Taylor, N.M.; Arteni, A.A.; Kumari, P.; Mona, D.; Ringler, P.; Britschgi, M.; Lauer, M.E.; Makky, A.; Verasdonck, J.; Riek, R.; Melki, R.; Meier, B.H.; Bockmann, A.; Bousset, L.; Stahlberg, H.		in_vitro			P		EMD-4996	31815671	P37840	Homo sapiens (Human)		
α-synuclein	6SST	cryo-em structure of alpha-synuclein fibril polymorph 2B	14-25; 36-96 (73)	2019-09-09	ELECTRON MICROSCOPY	3.40	Guerrero-Ferreira, R.; Taylor, N.M.; Arteni, A.A.; Kumari, P.; Mona, D.; Ringler, P.; Britschgi, M.; Lauer, M.E.; Makky, A.; Verasdonck, J.; Riek, R.; Melki, R.; Meier, B.H.; Bockmann, A.; Bousset, L.; Stahlberg, H.		in_vitro			P		EMD-10305	31815671	P37840	Homo sapiens (Human)		
α-synuclein	6SSX	cryo-em structure of alpha-synuclein fibril polymorph 2A	14-25; 36-96 (73)	2019-09-09	ELECTRON MICROSCOPY	2.98	Guerrero-Ferreira, R.; Taylor, N.M.; Arteni, A.A.; Kumari, P.; Mona, D.; Ringler, P.; Britschgi, M.; Lauer, M.E.; Makky, A.; Verasdonck, J.; Riek, R.; Melki, R.; Meier, B.H.; Bockmann, A.; Bousset, L.; Stahlberg, H.		in_vitro			P		EMD-10307	31815671	P37840	Homo sapiens (Human)		
α-synuclein	6UFR	Structure of recombinantly assembled E46K alpha-synuclein fibrils	36-98 (63)	2019-09-24	ELECTRON MICROSCOPY	2.50	Boyer, D.R.; Li, B.; Sun, C.; Fan, W.; Zhou, K.; Hughes, M.P.; Sawaya, M.R.; Jiang, L.; Eisenberg, D.S.		in_vitro			P		EMD-20759	32015135	P37840	Homo sapiens (Human)	E46K	
α-synuclein	6XYO	Multiple system atrophy Type I alpha-synuclein filament	14-99 (86)	2020-01-30	ELECTRON MICROSCOPY	2.60	Schweighauser, M.; Shi, Y.; Tarutani, A.; Kametani, F.; Murzin, A.G.; Ghetti, B.; Matsubara, T.; Tomita, T.; Ando, T.; Hasegawa, K.; Murayama, S.; Yoshida, M.; Hasegawa, M.; Scheres, S.H.W.; Goedert, M.	√	human_ex_vivo	multiple system atrophy	human putamen	P		EMD-10650	32461689	P37840	Homo sapiens (Human)		
α-synuclein	6XYP	Multiple system atrophy Type II-1 alpha-synuclein filament	14-99 (86)	2020-01-30	ELECTRON MICROSCOPY	3.29	Schweighauser, M.; Shi, Y.; Tarutani, A.; Kametani, F.; Murzin, A.G.; Ghetti, B.; Matsubara, T.; Tomita, T.; Ando, T.; Hasegawa, K.; Murayama, S.; Yoshida, M.; Hasegawa, M.; Scheres, S.H.W.; Goedert, M.	√	human_ex_vivo	multiple system atrophy	human putamen	P		EMD-10651	32461689	P37840	Homo sapiens (Human)		
α-synuclein	6XYQ	Multiple system atrophy Type II-2 alpha-synuclein filament	14-99 (86)	2020-01-30	ELECTRON MICROSCOPY	3.09	Schweighauser, M.; Shi, Y.; Tarutani, A.; Kametani, F.; Murzin, A.G.; Ghetti, B.; Matsubara, T.; Tomita, T.; Ando, T.; Hasegawa, K.; Murayama, S.; Yoshida, M.; Hasegawa, M.; Scheres, S.H.W.; Goedert, M.	√	human_ex_vivo	multiple system atrophy	human putamen	P		EMD-10652	32461689	P37840	Homo sapiens (Human)		
α-synuclein	7C1D	Cryo-EM structure of the hE46K cross-seeded hWT alpha-synuclein fibril	46-96 (51)	2020-05-03	ELECTRON MICROSCOPY	3.80	Long, H.; Zheng, W.; Liu, Y.; Sun, Y.; Zhao, K.; Liu, Z.; Xia, W.; Lv, S.; Liu, Z.; Li, D.; He, K.W.; Liu, C.		seeded_amplified		Seeded by h46K fibrils	P		EMD-30269	33972418	P37840	Homo sapiens (Human)		
α-synuclein	7E0F	CryoEM structure of G51D alpha-synuclein amyloid fibril	50-98 (49)	2021-01-27	ELECTRON MICROSCOPY	3.02	Sun, Y.; Long, H.; Xia, W.; Wang, K.; Zhang, X.; Sun, B.; Cao, Q.; Zhang, Y.; Dai, B.; Li, D.; Liu, C.		in_vitro			P		EMD-30931	34716315	P37840	Homo sapiens (Human)	G51D	
α-synuclein	7L7H	Alpha-synuclein fibrils	36-79 (44)	2020-12-28	ELECTRON MICROSCOPY	4.00	Hojjatian, A.; Dasari, A.; Sengupta, U.; Taylor, D.; Daneshparvar, N.; Abbasi Yeganeh, F.; Dillard, L.; Michael, B.; Griffin, R.; Borgnia, M.; Kayed, R.; Taylor, K.; Lim, K.		in_vitro			P		EMD-23212		P37840	Homo sapiens (Human)		
α-synuclein	7LC9	Cryo-EM structure of the N-terminal alpha-synuclein truncation 41-140	46-98 (53)	2021-01-10	ELECTRON MICROSCOPY	3.20	McGlinchey, R.P.; Ni, X.; Shadish, J.A.; Jiang, J.; Lee, J.C.		in_vitro			P		EMD-23270	34452994	P37840	Homo sapiens (Human)		d1-41
α-synuclein	7NCA	Type 1A alpha-synuclein filament seeded in vitro by filaments purified from Multiple Systems Atrophy Case 2	37-97 (61)	2021-01-28	ELECTRON MICROSCOPY	3.47	Lovestam, S.; Schweighauser, M.; Matsubara, T.; Murayama, S.; Tomita, T.; Ando, T.; Hasegawa, K.; Yoshida, M.; Tarutani, A.; Hasegawa, M.; Goedert, M.; Scheres, S.H.W.		seeded_amplified	MSA (putamen)	Seeded	P		EMD-12264	33548114	P37840	Homo sapiens (Human)		
α-synuclein	7NCG	Type 2A alpha-synuclein filament seeded in vitro by filaments purified from Multiple Systems Atrophy Case 2	37-97 (61)	2021-01-28	ELECTRON MICROSCOPY	3.43	Lovestam, S.; Schweighauser, M.; Matsubara, T.; Murayama, S.; Tomita, T.; Ando, T.; Hasegawa, K.; Yoshida, M.; Tarutani, A.; Hasegawa, M.; Goedert, M.; Scheres, S.H.W.		seeded_amplified	MSA putamen (Case 2)	Seeded	P		EMD-12265	33548114	P37840	Homo sapiens (Human)		
α-synuclein	7NCH	Type 1B alpha-synuclein filament seeded in vitro by filaments purified from Multiple Systems Atrophy Case 1	14-25; 36-91 (68)	2021-01-28	ELECTRON MICROSCOPY	3.84	Lovestam, S.; Schweighauser, M.; Matsubara, T.; Murayama, S.; Tomita, T.; Ando, T.; Hasegawa, K.; Yoshida, M.; Tarutani, A.; Hasegawa, M.; Goedert, M.; Scheres, S.H.W.		seeded_amplified	MSA Case 1 (putamen)	Seeded	P		EMD-12266	33548114	P37840	Homo sapiens (Human)		
α-synuclein	7NCI	Type 2B alpha-synuclein filament seeded in vitro by filaments purified from Multiple Systems Atrophy Case 1	14-25; 36-91 (68)	2021-01-28	ELECTRON MICROSCOPY	3.55	Lovestam, S.; Schweighauser, M.; Matsubara, T.; Murayama, S.; Tomita, T.; Ando, T.; Hasegawa, K.; Yoshida, M.; Tarutani, A.; Hasegawa, M.; Goedert, M.; Scheres, S.H.W.		seeded_amplified	MSA Case 1 (putamen)	Seeded	P		EMD-12267	33548114	P37840	Homo sapiens (Human)		
α-synuclein	7NCJ	Type 2AB alpha-synuclein filament seeded in vitro by filaments purified from Multiple Systems Atrophy Case 1	14-25; 36-97 (74)	2021-01-28	ELECTRON MICROSCOPY	4.23	Lovestam, S.; Schweighauser, M.; Matsubara, T.; Murayama, S.; Tomita, T.; Ando, T.; Hasegawa, K.; Yoshida, M.; Tarutani, A.; Hasegawa, M.; Goedert, M.; Scheres, S.H.W.		seeded_amplified	MSA Case 1 (putamen)	Seeded	P		EMD-12268	33548114	P37840	Homo sapiens (Human)		
α-synuclein	7NCK	Type 3 alpha-synuclein filament seeded in vitro by filaments purified from Multiple Systems Atrophy Case 5	36-99 (64)	2021-01-28	ELECTRON MICROSCOPY	3.18	Lovestam, S.; Schweighauser, M.; Matsubara, T.; Murayama, S.; Tomita, T.; Ando, T.; Hasegawa, K.; Yoshida, M.; Tarutani, A.; Hasegawa, M.; Goedert, M.; Scheres, S.H.W.		seeded_amplified	MSA putamen (Case 5)	Seeded	P		EMD-12269	33548114	P37840	Homo sapiens (Human)		
α-synuclein	7OZG	PMCA-amplified alpha-synuclein fibril polymorph, Parkinson's Disease patient-derived seeds	14-25; 36-96 (73)	2021-06-28	ELECTRON MICROSCOPY	3.30	Frieg, B.; Geraets, J.A.; Strohaeker, T.; Dienemann, C.; Mavroeidi, P.; Jung, B.C.; Woojin, S.K.; Lee, S.-J.; Xilouri, M.; Zweckstetter, M.; Schroeder, G.F.		seeded_amplified	Parkinson's Disease patient-derived seeds	Amplified	P		EMD-13123		P37840	Homo sapiens (Human)		
α-synuclein	7OZH	PMCA-amplified alpha-synuclein fibril polymorph, Multiple System Atrophy patient-derived seeds	36-93 (58)	2021-06-28	ELECTRON MICROSCOPY	3.02	Frieg, B.; Geraets, J.A.; Strohaeker, T.; Dienemann, C.; Mavroeidi, P.; Jung, B.C.; Woojin, S.K.; Lee, S.-J.; Xilouri, M.; Zweckstetter, M.; Schroeder, G.F.		seeded_amplified	Multiple System Atrophy patient-derived seeds	Amplified	P		EMD-13124		P37840	Homo sapiens (Human)		
α-synuclein	7UAK	Structure of recombinantly assembled A53E alpha-synuclein fibrils	38-99 (62)	2022-03-13	ELECTRON MICROSCOPY	3.38	Sun, C.; Zhou, K.; DePaola IV, P.; Shin, W.S.; Hillyer, T.; Sawaya, M.R.; Zhu, R.; Peng, C.; Zhou, Z.H.; Jiang, L.		in_vitro			P		EMD-26427	36871760	P37840	Homo sapiens (Human)	A53E	
α-synuclein	7V47	Type 1A alpha-synuclein fibril seeded by cerebrospinal fluid from a preclinical Parkinson's disease patient	36-96 (61)	2021-08-12	ELECTRON MICROSCOPY	2.80	Fan, Y.; Sun, Y.; Yu, W.; Tao, Y.; Xia, W.; Liu, Y.; Zhao, Q.; Tang, Y.; Sun, Y.; Liu, F.; Cao, Q.; Wu, J.; Liu, C.; Wang, J.; Li, D.		seeded_amplified	CSF (preclinical Parkinson's disease patient)	Amplified	P		EMD-31702	36513068	P37840	Homo sapiens (Human)		
α-synuclein	7V48	Type 1D alpha-synuclein fibril seeded by cerebrospinal fluid from a postmortal Parkinson's disease patient	36-98 (63)	2021-08-12	ELECTRON MICROSCOPY	3.00	Fan, Y.; Sun, Y.; Yu, W.; Tao, Y.; Xia, W.; Liu, Y.; Zhao, Q.; Tang, Y.; Sun, Y.; Liu, F.; Cao, Q.; Wu, J.; Liu, C.; Wang, J.; Li, D.		seeded_amplified	CSF (postmortal Parkinson's disease patient)	Amplified	P		EMD-31703	36513068	P37840	Homo sapiens (Human)		
α-synuclein	7V49	Type 4 alpha-synuclein fibril seeded by cerebrospinal fluid from a postmortal Parkinson's disease patient	36-95 (60)	2021-08-12	ELECTRON MICROSCOPY	3.40	Fan, Y.; Sun, Y.; Yu, W.; Tao, Y.; Xia, W.; Liu, Y.; Zhao, Q.; Tang, Y.; Sun, Y.; Liu, F.; Cao, Q.; Wu, J.; Liu, C.; Wang, J.; Li, D.		seeded_amplified	CSF (postmortal late-PD patient)	PMCA-amplified	P		EMD-31704	36513068	P37840	Homo sapiens (Human)		
α-synuclein	7V4A	Heparin-induced alpha-synuclein fibrils polymorph 1	14-25; 32-99 (80)	2021-08-12	ELECTRON MICROSCOPY	3.20	Tao, Y.Q.; Sun, Y.P.; Liu, C.; Li, D.		in_vitro			P		EMD-31705		P37840	Homo sapiens (Human)		
α-synuclein	7V4B	Heparin-induced alpha-synuclein fibrils polymorph 3	14-25; 32-99 (80)	2021-08-12	ELECTRON MICROSCOPY	3.10	Tao, Y.Q.; Sun, Y.P.; Liu, C.; Li, D.		in_vitro			P		EMD-31706		P37840	Homo sapiens (Human)		
α-synuclein	7V4C	Heparin-induced alpha-synuclein fibrils polymorph 4	37-98 (62)	2021-08-12	ELECTRON MICROSCOPY	3.30	Tao, Y.Q.; Sun, Y.P.; Liu, C.; Li, D.		in_vitro			P		EMD-31707		P37840	Homo sapiens (Human)		
α-synuclein	7V4D	Heparin-remodelled alpha-synuclein fibrils	37-94 (58)	2021-08-12	ELECTRON MICROSCOPY	3.50	Tao, Y.Q.; Sun, Y.P.; Xia, W.C.; Zhao, Q.Y.; Liu, C.; Li, D.		in_vitro			P		EMD-31708		P37840	Homo sapiens (Human)		
α-synuclein	7WMM	alpha-synuclein fibril-F0502B complex	37-97 (61)	2022-01-15	ELECTRON MICROSCOPY	2.60	Tao, Y.Q.; Zhao, Q.Y.; Liu, C.; Li, D.		in_vitro			P		EMD-32615		P37840	Homo sapiens (Human)		
α-synuclein	7WNZ	CryoEM structure of human alpha-synuclein A53T fibril	36-100 (65)	2022-01-20	ELECTRON MICROSCOPY	3.40	Huang, J.Y.-C.; Wu, K.-P.		in_vitro			P		EMD-32636		P37840	Homo sapiens (Human)	A53T	
α-synuclein	7WO0	CryoEM structure of human alpha-synuclein A53T fibril induced by calcium ions	35-99 (65)	2022-01-20	ELECTRON MICROSCOPY	2.70	Huang, J.Y.-C.; Wu, K.-P.		in_vitro			P		EMD-32637		P37840	Homo sapiens (Human)	A53T	
α-synuclein	7XJX	The cryo-EM structure of Fe3+ induced alpha-syn fibril.	37-99 (63)	2022-04-18	ELECTRON MICROSCOPY	2.70	Zhao, Q.; Tao, Y.; Zhao, K.; Ma, Y.; Xu, Q.; Liu, C.; Zhang, S.; Li, D.		in_vitro			P		EMD-33236		P37840	Homo sapiens (Human)		
α-synuclein	7XO0	Minor polymorph inalpha-synuclein fibril seeded by cerebrospinal fluid from a mid-to-late stage (mid-PD-1) Parkinson's disease patient	36-97 (62)	2022-04-30	ELECTRON MICROSCOPY	3.00	Fan, Y.; Sun, Y.; Yu, W.; Tao, Y.; Xia, W.; Liu, Y.; Zhao, Q.; Tang, Y.; Sun, Y.; Liu, F.; Cao, Q.; Wu, J.; Liu, C.; Wang, J.; Li, D.		seeded_amplified		Amplified from CSF (mid-PD-1 patient)	P		EMD-33332	36513068	P37840	Homo sapiens (Human)		
α-synuclein	7XO1	Major polymorph in alpha-synuclein fibril seeded by cerebrospinal fluid from a mid-to-late stage (mid-PD-1) Parkinson's disease patient	36-97 (62)	2022-04-30	ELECTRON MICROSCOPY	3.00	Fan, Y.; Sun, Y.; Yu, W.; Tao, Y.; Xia, W.; Liu, Y.; Zhao, Q.; Tang, Y.; Sun, Y.; Liu, F.; Cao, Q.; Wu, J.; Liu, C.; Wang, J.; Li, D.		seeded_amplified		Amplified from CSF (mid-PD-1 Parkinson's disease patient)	P		EMD-33333	36513068	P37840	Homo sapiens (Human)		
α-synuclein	7XO2	Minor polymorph in alpha-synuclein fibril seeded by cerebrospinal fluid from a mid-to-late stage (mid-PD-4) Parkinson's disease patient	36-97 (62)	2022-04-30	ELECTRON MICROSCOPY	3.00	Fan, Y.; Sun, Y.; Yu, W.; Tao, Y.; Xia, W.; Liu, Y.; Zhao, Q.; Tang, Y.; Sun, Y.; Liu, F.; Cao, Q.; Wu, J.; Liu, C.; Wang, J.; Li, D.		seeded_amplified		Amplified from CSF (mid-PD-4 Parkinson's disease patient)	P		EMD-33334	36513068	P37840	Homo sapiens (Human)		
α-synuclein	7XO3	Type 1C alpha-synuclein fibril seeded by cerebrospinal fluid from a mid-to-late stage (mid-PD-4) Parkinson's disease patient	36-98 (63)	2022-04-30	ELECTRON MICROSCOPY	2.60	Fan, Y.; Sun, Y.; Yu, W.; Tao, Y.; Xia, W.; Liu, Y.; Zhao, Q.; Tang, Y.; Sun, Y.; Liu, F.; Cao, Q.; Wu, J.; Liu, C.; Wang, J.; Li, D.		seeded_amplified		Amplified from CSF (mid-PD-4 Parkinson's disease patient)	P		EMD-33335	36513068	P37840	Homo sapiens (Human)		
α-synuclein	7YK2	Cryo-EM structure of Apo-alpha-syn fibril	37-99 (63)	2022-07-21	ELECTRON MICROSCOPY	2.80	Zhang, S.; Li, J.; Xu, Q.; Xia, W.; Tao, Y.; Shi, C.; Li, D.; Xiang, S.; Liu, C.		in_vitro			P		EMD-33884	36794997	P37840	Homo sapiens (Human)		
α-synuclein	7YK8	Cryo-EM structure of dLAG3-alpha-syn fibril	14-25; 37-99 (75)	2022-07-22	ELECTRON MICROSCOPY	2.80	Zhang, S.; Li, J.; Xu, Q.; Xia, W.; Tao, Y.; Shi, C.; Li, D.; Xiang, S.; Liu, C.		in_vitro			P		EMD-33890	36794997	P37840	Homo sapiens (Human)		
α-synuclein	7YNF	CCA-bound alpha-synuclein fibrils	37-99 (63)	2022-07-30	ELECTRON MICROSCOPY	2.50	Tao, Y.Q.; Zhao, Q.Y.; Liu, C.; Li, D.		in_vitro			P		EMD-33960		P37840	Homo sapiens (Human)		
α-synuclein	7YNG	CR-bound alpha-synuclein fibrils	37-99 (63)	2022-07-30	ELECTRON MICROSCOPY	3.10	Tao, Y.Q.; Zhao, Q.Y.; Liu, C.; Li, D.		in_vitro			P		EMD-33961		P37840	Homo sapiens (Human)		
α-synuclein	7YNL	EB-bound alpha-synuclein fibrils	40-97 (58)	2022-07-31	ELECTRON MICROSCOPY	2.60	Tao, Y.Q.; Zhao, Q.Y.; Liu, C.; Li, D.		in_vitro			P		EMD-33965		P37840	Homo sapiens (Human)		
α-synuclein	7YNM	ThT-bound alpha-synuclein fibrils conformation 1	37-97 (61)	2022-07-31	ELECTRON MICROSCOPY	2.90	Tao, Y.Q.; Zhao, Q.Y.; Liu, C.; Li, D.		in_vitro			P		EMD-33966		P37840	Homo sapiens (Human)		
α-synuclein	7YNN	ThT-bound alpha-synuclein fibrils conformation 2	37-97 (61)	2022-07-31	ELECTRON MICROSCOPY	2.90	Tao, Y.Q.; Zhao, Q.Y.; Liu, C.; Li, D.		in_vitro			P		EMD-33966		P37840	Homo sapiens (Human)		
α-synuclein	7YNO	PiB-bound alpha-synuclein fibrils conformation 1	37-97 (61)	2022-07-31	ELECTRON MICROSCOPY	2.80	Tao, Y.Q.; Zhao, Q.Y.; Liu, C.; Li, D.		in_vitro			P		EMD-33967		P37840	Homo sapiens (Human)		
α-synuclein	7YNP	BF227-bound alpha-synuclein fibrils	37-97 (61)	2022-07-31	ELECTRON MICROSCOPY	2.80	Tao, Y.Q.; Zhao, Q.Y.; Liu, C.; Li, D.		in_vitro			P		EMD-33968		P37840	Homo sapiens (Human)		
α-synuclein	7YNQ	PiB-bound alpha-synuclein fibrils conformation 2	37-97 (61)	2022-07-31	ELECTRON MICROSCOPY	2.80	Tao, Y.Q.; Zhao, Q.Y.; Liu, C.; Li, D.		in_vitro			P		EMD-33967		P37840	Homo sapiens (Human)		
α-synuclein	7YNR	C05-03-bound alpha-synuclein fibrils	37-97 (61)	2022-07-31	ELECTRON MICROSCOPY	2.90	Tao, Y.Q.; Zhao, Q.Y.; Liu, C.; Li, D.		in_vitro			P		EMD-33969		P37840	Homo sapiens (Human)		
α-synuclein	7YNS	SIL5-bound alpha-synuclein fibrils	37-97 (61)	2022-07-31	ELECTRON MICROSCOPY	3.00	Tao, Y.Q.; Zhao, Q.Y.; Liu, C.; Li, D.		in_vitro			P		EMD-33970		P37840	Homo sapiens (Human)		
α-synuclein	7YNT	pFTAA-bound alpha-synuclein fibrils	40-97 (58)	2022-07-31	ELECTRON MICROSCOPY	3.10	Tao, Y.Q.; Zhao, Q.Y.; Liu, C.; Li, D.		in_vitro			P		EMD-33971		P37840	Homo sapiens (Human)		
α-synuclein	8A4L	Lipidic alpha-synuclein fibril - polymorph L2A	14-24; 33-96 (75)	2022-06-12	ELECTRON MICROSCOPY	2.68	Frieg, B.; Antonschmidt, L.; Dienemann, C.; Geraets, J.A.; Najbauer, E.E.; Matthes, D.; de Groot, B.L.; Andreas, L.B.; Becker, S.; Griesinger, C.; Schroder, G.F.		in_vitro			P		EMD-15148	36357403	P37840	Homo sapiens (Human)		
α-synuclein	8A9L	Cryo-EM structure of alpha-synuclein filaments from Parkinson's disease and dementia with Lewy bodies	31-100 (70)	2022-06-28	ELECTRON MICROSCOPY	2.20	Yang, Y.; Shi, Y.; Schweighauser, M.; Zhang, X.; Kotecha, A.; Murzin, A.G.; Garringer, H.J.; Cullinane, P.W.; Saito, Y.; Foroud, T.; Warner, T.T.; Hasegawa, K.; Vidal, R.; Murayama, S.; Revesz, T.; Ghetti, B.; Hasegawa, M.; Lashley, T.; Scheres, S.H.W.; Goedert, M.	√	human_ex_vivo	Parkinson's disease dementia	human cingulate cortex	P		EMD-15285	36108674	P37840	Homo sapiens (Human)		
α-synuclein	8ADS	Lipidic alpha-synuclein fibril - polymorph L2B	14-24; 33-96 (75)	2022-07-11	ELECTRON MICROSCOPY	3.05	Frieg, B.; Antonschmidt, L.; Dienemann, C.; Geraets, J.A.; Najbauer, E.E.; Matthes, D.; de Groot, B.L.; Andreas, L.B.; Becker, S.; Griesinger, C.; Schroder, G.F.		in_vitro			P		EMD-15369	36357403	P37840	Homo sapiens (Human)		
α-synuclein	8ADU	Lipidic alpha-synuclein fibril - polymorph L1A	1-99 (99)	2022-07-11	ELECTRON MICROSCOPY	3.24	Frieg, B.; Antonschmidt, L.; Dienemann, C.; Geraets, J.A.; Najbauer, E.E.; Matthes, D.; de Groot, B.L.; Andreas, L.B.; Becker, S.; Griesinger, C.; Schroder, G.F.		in_vitro			P		EMD-15370	36357403	P37840	Homo sapiens (Human)		
α-synuclein	8ADV	Lipidic alpha-synuclein fibril - polymorph L1B	1-99 (99)	2022-07-11	ELECTRON MICROSCOPY	2.98	Frieg, B.; Antonschmidt, L.; Dienemann, C.; Geraets, J.A.; Najbauer, E.E.; Matthes, D.; de Groot, B.L.; Andreas, L.B.; Becker, S.; Griesinger, C.; Schroder, G.F.		in_vitro			P		EMD-15371	36357403	P37840	Homo sapiens (Human)		
α-synuclein	8ADW	Lipidic alpha-synuclein fibril - polymorph L1C	1-99 (99)	2022-07-11	ELECTRON MICROSCOPY	2.95	Frieg, B.; Antonschmidt, L.; Dienemann, C.; Geraets, J.A.; Najbauer, E.E.; Matthes, D.; de Groot, B.L.; Andreas, L.B.; Becker, S.; Griesinger, C.; Schroder, G.F.		in_vitro			P		EMD-15372	36357403	P37840	Homo sapiens (Human)		
α-synuclein	8AEX	Lipidic alpha-synuclein fibril - polymorph L3A	14-19; 33-97 (71)	2022-07-14	ELECTRON MICROSCOPY	2.76	Frieg, B.; Antonschmidt, L.; Dienemann, C.; Geraets, J.A.; Najbauer, E.E.; Matthes, D.; de Groot, B.L.; Andreas, L.B.; Becker, S.; Griesinger, C.; Schroder, G.F.		in_vitro			P		EMD-15388	36357403	P37840	Homo sapiens (Human)		
α-synuclein	8BQV	Cryo-EM structure of alpha-synuclein singlet filament from Juvenile-onset synucleinopathy	14-25; 36-100 (77)	2023-01-18	ELECTRON MICROSCOPY	2.00	Yang, Y.; Garringer, H.J.; Shi, Y.; Lovestam, S.; Peak-Chew, S.; Zhang, X.; Kotecha, A.; Bacioglu, M.; Koto, A.; Takao, M.; Spillantini, M.G.; Ghetti, B.; Vidal, R.; Murzin, A.G.; Scheres, S.H.W.; Goedert, M.	√	human_ex_vivo	juvenile-onset synucleinopathy	human frontal cortex	P		EMD-16188	36847833	P37840	Homo sapiens (Human)		
α-synuclein	8BQW	Cryo-EM structure of alpha-synuclein filaments doublet from Juvenile-onset synucleinopathy	14-25; 36-100 (77)	2023-01-18	ELECTRON MICROSCOPY	2.30	Yang, Y.; Garringer, H.J.; Shi, Y.; Lovestam, S.; Peak-Chew, S.; Zhang, X.; Kotecha, A.; Bacioglu, M.; Koto, A.; Takao, M.; Spillantini, M.G.; Ghetti, B.; Vidal, R.; Murzin, A.G.; Scheres, S.H.W.; Goedert, M.	√	human_ex_vivo	juvenile-onset synucleinopathy	human frontal cortex	P		EMD-16189	36847833	P37840	Homo sapiens (Human)		
α-synuclein	8CE7	Type1 alpha-synuclein filament assembled in vitro by wild-type and mutant (7 residues insertion) protein	37-99 (63)	2023-02-01	ELECTRON MICROSCOPY	2.70	Yang, Y.; Garringer, H.J.; Shi, Y.; Lovestam, S.; Peak-Chew, S.; Zhang, X.; Kotecha, A.; Bacioglu, M.; Koto, A.; Takao, M.; Spillantini, M.G.; Ghetti, B.; Vidal, R.; Murzin, A.G.; Scheres, S.H.W.; Goedert, M.		in_vitro			P		EMD-16600	36847833	P37840	Homo sapiens (Human)		
α-synuclein	8CEB	Type2 alpha-synuclein filament assembled in vitro by wild-type and mutant (7 residues insertion) protein	40-97 (58)	2023-02-01	ELECTRON MICROSCOPY	2.80	Yang, Y.; Garringer, H.J.; Shi, Y.; Lovestam, S.; Peak-Chew, S.; Zhang, X.; Kotecha, A.; Bacioglu, M.; Koto, A.; Takao, M.; Spillantini, M.G.; Ghetti, B.; Vidal, R.; Murzin, A.G.; Scheres, S.H.W.; Goedert, M.		in_vitro			P		EMD-16603	36847833	P37840	Homo sapiens (Human)		
α-synuclein	8CYR	Alpha-synuclein fibril from spontaneous control	15-24; 36-97 (72)	2022-05-24	ELECTRON MICROSCOPY	4.20	Zhou, Y.; Sokratian, A.; Viverette, E.; Borgnia, M.; Bartesaghi, A.; West, A.; Bouvette, J.; Dillard, L.		in_vitro			P		EMD-27082		P37840	Homo sapiens (Human)		
α-synuclein	8CYS	CryoEM structures of amplified alpha-synuclein fibril class B type II with extended core from DLB case I	15-24; 36-97 (72)	2022-05-24	ELECTRON MICROSCOPY	3.10	Zhou, Y.; Sokratian, A.; Xu, E.; Viverette, E.; Dillard, L.; Yuan, Y.; Li, J.Y.; Matarangas, A.; Bouvette, J.; Borgnia, M.; Bartesaghi, A.; West, A.		seeded_amplified		Amplified from DLB case I	P		EMD-27083		P37840	Homo sapiens (Human)		
α-synuclein	8CYT	CryoEM structures of amplified alpha-synuclein fibril class A type I with extended core from DLB case I	15-24; 36-97 (72)	2022-05-24	ELECTRON MICROSCOPY	3.00	Zhou, Y.; Sokratian, A.; Xu, E.; Viverette, E.; Dillard, L.; Yuan, Y.; Li, J.Y.; Matarangas, A.; Bouvette, J.; Borgnia, M.; Bartesaghi, A.; West, A.		seeded_amplified		Amplified from DLB case I	P		EMD-27084		P37840	Homo sapiens (Human)		
α-synuclein	8CYV	CryoEM structures of amplified alpha-synuclein fibril class B mixed type I/II with extended core from DLB case II	15-24; 36-97 (72)	2022-05-24	ELECTRON MICROSCOPY	3.50	Zhou, Y.; Sokratian, A.; Xu, E.; Viverette, E.; Dillard, L.; Yuan, Y.; Li, J.Y.; Matarangas, A.; Bouvette, J.; Borgnia, M.; Bartesaghi, A.; West, A.		seeded_amplified		Amplified from DLB case II	P		EMD-27085		P37840	Homo sapiens (Human)		
α-synuclein	8CYW	CryoEM structures of amplified alpha-synuclein fibril class B type I with compact core from DLB case III	14-25; 36-96 (73)	2022-05-24	ELECTRON MICROSCOPY	3.10	Zhou, Y.; Sokratian, A.; Xu, E.; Viverette, E.; Dillard, L.; Yuan, Y.; Li, J.Y.; Matarangas, A.; Bouvette, J.; Borgnia, M.; Bartesaghi, A.; West, A.		seeded_amplified		Amplified from DLB case III	P		EMD-27086		P37840	Homo sapiens (Human)		
α-synuclein	8CYX	CryoEM structure of amplified alpha-synuclein fibril class A type I with compact core from DLB case III	14-25; 36-96 (73)	2022-05-24	ELECTRON MICROSCOPY	3.00	Zhou, Y.; Sokratian, A.; Xu, E.; Viverette, E.; Dillard, L.; Yuan, Y.; Li, J.Y.; Matarangas, A.; Bouvette, J.; Borgnia, M.; Bartesaghi, A.; West, A.		seeded_amplified		Amplified from DLB case III	P		EMD-27087		P37840	Homo sapiens (Human)		
α-synuclein	8CYY	CryoEM structure of amplified alpha-synuclein fibril class B mixed type I/II with extended core from DLB case V	15-24; 36-97 (72)	2022-05-24	ELECTRON MICROSCOPY	3.10	Zhou, Y.; Sokratian, A.; Xu, E.; Viverette, E.; Dillard, L.; Yuan, Y.; Li, J.Y.; Matarangas, A.; Bouvette, J.; Borgnia, M.; Bartesaghi, A.; West, A.		seeded_amplified		Amplified from DLB case V	P		EMD-27088		P37840	Homo sapiens (Human)		
α-synuclein	8CZ0	CryoEM structure of amplified alpha-synuclein fibril class B type I with extended core from DLB case VII	15-24; 36-97 (72)	2022-05-24	ELECTRON MICROSCOPY	2.90	Zhou, Y.; Sokratian, A.; Xu, E.; Viverette, E.; Dillard, L.; Yuan, Y.; Li, J.Y.; Matarangas, A.; Bouvette, J.; Borgnia, M.; Bartesaghi, A.; West, A.		seeded_amplified		Amplified from DLB case VII	P		EMD-27089		P37840	Homo sapiens (Human)		
α-synuclein	8CZ1	CryoEM structure of amplified alpha-synuclein fibril class B type II with extended core from DLB case VII	15-24; 36-97 (72)	2022-05-24	ELECTRON MICROSCOPY	3.00	Zhou, Y.; Sokratian, A.; Xu, E.; Viverette, E.; Dillard, L.; Yuan, Y.; Li, J.Y.; Matarangas, A.; Bouvette, J.; Borgnia, M.; Bartesaghi, A.; West, A.		seeded_amplified		Amplified from DLB case VII	P		EMD-27090		P37840	Homo sapiens (Human)		
α-synuclein	8CZ2	CryoEM structure of amplified alpha-synuclein fibril class A type I with extended core from DLB case VII	15-24; 36-97 (72)	2022-05-24	ELECTRON MICROSCOPY	3.00	Zhou, Y.; Sokratian, A.; Xu, E.; Viverette, E.; Dillard, L.; Yuan, Y.; Li, J.Y.; Matarangas, A.; Bouvette, J.; Borgnia, M.; Bartesaghi, A.; West, A.		seeded_amplified		Amplified from DLB case VII	P		EMD-27091		P37840	Homo sapiens (Human)		
α-synuclein	8CZ3	CryoEM structure of amplified alpha-synuclein fibril class B type I with extended core from DLB case X	15-24; 36-97 (72)	2022-05-24	ELECTRON MICROSCOPY	3.20	Zhou, Y.; Sokratian, A.; Xu, E.; Viverette, E.; Dillard, L.; Yuan, Y.; Li, J.Y.; Matarangas, A.; Bouvette, J.; Borgnia, M.; Bartesaghi, A.; West, A.		seeded_amplified		Amplified from DLB case X	P		EMD-27092		P37840	Homo sapiens (Human)		
α-synuclein	8CZ6	CryoEM structure of amplified alpha-synuclein fibril class A type I with extended core from DLB case X	15-24; 36-97 (72)	2022-05-24	ELECTRON MICROSCOPY	3.20	Zhou, Y.; Sokratian, A.; Xu, E.; Viverette, E.; Dillard, L.; Yuan, Y.; Li, J.Y.; Matarangas, A.; Bouvette, J.; Borgnia, M.; Bartesaghi, A.; West, A.		seeded_amplified		Amplified from DLB case X	P		EMD-27093		P37840	Homo sapiens (Human)		
α-synuclein	8FPT	STRUCTURE OF ALPHA-SYNUCLEIN FIBRILS DERIVED FROM HUMAN LEWY BODY DEMENTIA TISSUE	30-103 (74)	2023-01-05	SOLID-STATE NMR		Dhavale, D.D.; Barclay, A.M.; Borcik, C.G.; Basore, K.; Berthold, D.A.; Gordon, I.R.; Liu, J.; Milchberg, M.H.; O'Shea, J.Y.; Rau, M.J.; Smith, Z.; Sen, S.; Summers, B.; Smith, J.; Warmuth, O.A.; Perrin, R.J.; Perlmutter, J.S.; Chen, Q.; Fitzpatrick, J.A.J.; Schwieters, C.D.; Tajkhorshid, E.; Rienstra, C.M.; Kotzbauer, P.T.		seeded_amplified		Amplified from LBD postmortem human caudate	P	51678;31068		38553463	P37840	Homo sapiens (Human)		
α-synuclein	8GF7	Cryo-EM structure of serine 87 O-GlcNAc-modified alpha-synuclein fibrils	7-96 (90)	2023-03-07	ELECTRON MICROSCOPY	4.80	Balana, A.T.; Mahul-Mellier, A.L.; Nguyen, B.A.; Horvath, M.; Javed, A.; Hard, E.R.; Jasiqi, Y.; Singh, P.; Afrin, S.; Pedretti, R.; Singh, V.; Lee, V.M.; Luk, K.C.; Saelices, L.; Lashuel, H.A.; Pratt, M.R.		in_vitro			P		EMD-29980	38347213	P37840	Homo sapiens (Human)		S87OGlcnac
α-synuclein	8H03	Major polymorph in alpha-synuclein fibril seeded by cerebrospinal fluid from a preclinical Parkinson's disease patient	36-96 (61)	2022-09-28	ELECTRON MICROSCOPY	2.80	Fan, Y.; Sun, Y.; Yu, W.; Tao, Y.; Xia, W.; Liu, Y.; Zhao, Q.; Tang, Y.; Sun, Y.; Liu, F.; Cao, Q.; Wu, J.; Liu, C.; Wang, J.; Li, D.		seeded_amplified		Amplified from CSF (preclinical PD patient)	P		EMD-31702	36513068	P37840	Homo sapiens (Human)		
α-synuclein	8H04	Major polymorph in alpha-synuclein fibril seeded by cerebrospinal fluid from a postmortal Parkinson's disease patient	36-98 (63)	2022-09-28	ELECTRON MICROSCOPY	3.00	Fan, Y.; Sun, Y.; Yu, W.; Tao, Y.; Xia, W.; Liu, Y.; Zhao, Q.; Tang, Y.; Sun, Y.; Liu, F.; Cao, Q.; Wu, J.; Liu, C.; Wang, J.; Li, D.		seeded_amplified		Amplified from CSF (postmortal Parkinson's disease patient)	P		EMD-31703	36513068	P37840	Homo sapiens (Human)		
α-synuclein	8H05	Minor polymorph in alpha-synuclein fibril seeded by cerebrospinal fluid from a postmortal Parkinson's disease patient	36-95 (60)	2022-09-28	ELECTRON MICROSCOPY	3.40	Fan, Y.; Sun, Y.; Yu, W.; Tao, Y.; Xia, W.; Liu, Y.; Zhao, Q.; Tang, Y.; Sun, Y.; Liu, F.; Cao, Q.; Wu, J.; Liu, C.; Wang, J.; Li, D.		seeded_amplified		Amplified from CSF (postmortal Parkinson's disease patient)	P		EMD-31704	36513068	P37840	Homo sapiens (Human)		
α-synuclein	8HZB	Formed alpha-synuclein fibrils after incubation with heparin for 1 hour (Hep-remod-1)	14-22; 37-99 (72)	2023-01-08	ELECTRON MICROSCOPY	3.20	Tao, Y.Q.; Zhao, Q.Y.; Liu, C.; Li, D.		in_vitro			P		EMD-35087		P37840	Homo sapiens (Human)		
α-synuclein	8HZC	Formed alpha-synuclein fibrils after incubation with heparin for 1 hour (Hep-remod-2)	14-25; 37-99 (75)	2023-01-08	ELECTRON MICROSCOPY	3.20	Tao, Y.Q.; Zhao, Q.Y.; Liu, C.; Li, D.		in_vitro			P		EMD-35088		P37840	Homo sapiens (Human)		
α-synuclein	8HZS	Formed alpha-synuclein fibrils after incubation with heparin for 3 days (Hep-remod-3)	37-94 (58)	2023-01-09	ELECTRON MICROSCOPY	3.30	Tao, Y.Q.; Zhao, Q.Y.; Liu, C.; Li, D.		in_vitro			P		EMD-35090		P37840	Homo sapiens (Human)		
α-synuclein	8JEX	Cryo-EM structure of alpha-synuclein gS87 fibril	35-89 (55)	2023-05-16	ELECTRON MICROSCOPY	3.10	Hu, J.; Xia, W.; Zeng, S.; Lim, Y.J.; Tao, Y.; Sun, Y.; Zhao, L.; Wang, H.; Le, W.; Li, D.; Zhang, S.; Liu, C.; Li, Y.M.		in_vitro			P		EMD-36202	38538591	P37840	Homo sapiens (Human)		S87OGlcnac
α-synuclein	8JEY	Cryo-EM structure of alpha-synuclein pS87 fibril	1-72 (72)	2023-05-16	ELECTRON MICROSCOPY	2.60	Hu, J.; Xia, W.; Zeng, S.; Lim, Y.J.; Tao, Y.; Sun, Y.; Zhao, L.; Wang, H.; Le, W.; Li, D.; Zhang, S.; Liu, C.; Li, Y.M.		in_vitro			P		EMD-36203	38538591	P37840	Homo sapiens (Human)		pS87
α-synuclein	8OQI	Cryo-EM structure of the wild-type alpha-synuclein fibril.	39-94 (56)	2023-04-12	ELECTRON MICROSCOPY	3.10	Pesch, V.; Flores-Fernandez, J.M.; Reithofer, S.; Ma, L.; Ozduzenciler, P.; Busch, Y.; Sriraman, A.; Wang, Y.; Amidian, S.; Kroepel, C.V.M.; Muller, L.; Lien, Y.; Rudtke, O.; Frieg, B.; Schroder, G.F.; Wille, H.; Tamguney, G.		in_vitro			P		EMD-17111	38428032	P37840	Homo sapiens (Human)		
α-synuclein	8PIX	Cryo EM structure of the type 3C polymorph of alpha-synuclein at low pH.	33-97 (65)	2023-06-22	ELECTRON MICROSCOPY	3.41	Frey, L.; Ghosh, D.; Qureshi, B.M.; Rhyner, D.; Guerrero-Ferreira, R.; Pokharna, A.; Kwiatkowski, W.; Serdiuk, T.; Picotti, P.; Riek, R.; Greenwald, J.		in_vitro			P		EMD-17693	39196271	P37840	Homo sapiens (Human)		
α-synuclein	8PJO	Cryo EM structure of the type 3D polymorph of alpha-synuclein E46K mutant at low pH.	36-98 (63)	2023-06-23	ELECTRON MICROSCOPY	2.31	Frey, L.; Ghosh, D.; Qureshi, B.M.; Rhyner, D.; Guerrero-Ferreira, R.; Pokharna, A.; Kwiatkowski, W.; Serdiuk, T.; Picotti, P.; Riek, R.; Greenwald, J.		in_vitro			P		EMD-17714	39196271	P37840	Homo sapiens (Human)	E46K	
α-synuclein	8PK2	Cryo EM structure of the type 1m polymorph of alpha-synuclein	13-20; 36-100 (73)	2023-06-24	ELECTRON MICROSCOPY	3.26	Frey, L.; Ghosh, D.; Qureshi, B.M.; Rhyner, D.; Guerrero-Ferreira, R.; Pokharna, A.; Kwiatkowski, W.; Serdiuk, T.; Picotti, P.; Riek, R.; Greenwald, J.		in_vitro			P		EMD-17723	39196271	P37840	Homo sapiens (Human)		
α-synuclein	8PK4	Cryo EM structure of the type 5A polymorph of alpha-synuclein.	2-96 (95)	2023-06-24	ELECTRON MICROSCOPY	3.30	Frey, L.; Ghosh, D.; Qureshi, B.M.; Rhyner, D.; Guerrero-Ferreira, R.; Pokharna, A.; Kwiatkowski, W.; Serdiuk, T.; Picotti, P.; Riek, R.; Greenwald, J.		in_vitro			P		EMD-17726	39196271	P37840	Homo sapiens (Human)		
α-synuclein	8QPZ	CryoEM structure of recombinant DeltaN7 alpha-synuclein in PBS	42-92 (51)	2023-10-03	ELECTRON MICROSCOPY	2.50	Dewison, K.M.; Rowlinson, B.; Machin, J.M.; Crossley, J.A.; Thacker, D.; Wilkinson, M.; Ulamec, S.M.; Khan, G.N.; Ranson, N.A.; van Oosten-Hawle, P.; Brockwell, D.J.; Radford, S.E.		in_vitro			P		EMD-18570	39133842	P37840	Homo sapiens (Human)		d7
α-synuclein	8RI9	Late alpha-Synuclein fibril structure from liquid-liquid phase separations.	38-97 (60)	2023-12-18	ELECTRON MICROSCOPY	3.30	Chen, S.W.; Barritt, J.D.; Cascella, R.; Bigi, A.; Cecchi, C.; Banchelli, M.; Gallo, A.; Jarvis, J.A.; Chiti, F.; Dobson, C.M.; Fusco, G.; De Simone, A.		in_vitro			P		EMD-19184	38567991	P37840	Homo sapiens (Human)		
α-synuclein	8RQM	Alpha-synuclein amyloid fibrils	37-96 (60)	2024-01-18	ELECTRON MICROSCOPY	3.20	Monistrol, J.; Beton, J.G.; Johnston, E.C.; Dang, T.L.; Bukau, B.; Saibil, H.R.		in_vitro			P		EMD-19446	40159506	P37840	Homo sapiens (Human)		
α-synuclein	8RRR	Alpha-synuclein amyloid fibril	14-25; 36-97 (74)	2024-01-23	ELECTRON MICROSCOPY	3.40	Monistrol, J.; Beton, J.G.; Johnston, E.C.; Dang, T.L.; Bukau, B.; Saibil, H.R.		in_vitro			P		EMD-19462	40159506	P37840	Homo sapiens (Human)		
α-synuclein	8UIE	Structure of recombinantly assembled murine alpha-synuclein fibrils	34-97 (64)	2023-10-10	ELECTRON MICROSCOPY	3.10	Sokratian, A.; Zhou, Y.; Tatli, M.; Burbidge, K.J.; Xu, E.; Viverette, E.; Donzelli, S.; Duda, A.M.; Yuan, Y.; Li, H.; Strader, S.; Patel, N.; Shiell, L.; Malankhanova, T.; Chen, O.; Mazzulli, J.R.; Perera, L.; Stahlberg, H.; Borgnia, M.; Bartesaghi, A.; Lashuel, H.A.; West, A.B.		in_vitro			P		EMD-42294	39485845	O55042	Mus musculus (Mouse)		
α-synuclein	8X7B	ThT-bound E46K alpha-synuclein fibrils	45-99 (55)	2023-11-23	ELECTRON MICROSCOPY	3.00	Liu, K.; Tao, Y.; Zhao, Q.; Xia, W.; Li, X.; Zhang, S.; Yao, Y.; Xiang, H.; Han, C.; Tan, L.; Sun, B.; Li, D.; Li, A.; Liu, C.		in_vitro			P		EMD-38097	39172784	P37840	Homo sapiens (Human)	E46K	
α-synuclein	8X7L	EB-bound E46K alpha-synuclein fibrils	45-99 (55)	2023-11-24	ELECTRON MICROSCOPY	3.40	Liu, K.; Tao, Y.; Zhao, Q.; Xia, W.; Li, X.; Zhang, S.; Yao, Y.; Xiang, H.; Han, C.; Tan, L.; Sun, B.; Li, D.; Li, A.; Liu, C.		in_vitro			P		EMD-38103	39172784	P37840	Homo sapiens (Human)	E46K	
α-synuclein	8X7M	CR-bound E46K alpha-synuclein fibrils	45-99 (55)	2023-11-24	ELECTRON MICROSCOPY	3.00	Liu, K.; Tao, Y.; Zhao, Q.; Xia, W.; Li, X.; Zhang, S.; Yao, Y.; Xiang, H.; Han, C.; Tan, L.; Sun, B.; Li, D.; Li, A.; Liu, C.		in_vitro			P		EMD-38104	39172784	P37840	Homo sapiens (Human)	E46K	
α-synuclein	8X7O	PiB-bound E46K mutanted alpha-synuclein fibrils	45-99 (55)	2023-11-24	ELECTRON MICROSCOPY	3.50	Liu, K.; Tao, Y.; Zhao, Q.; Xia, W.; Li, X.; Zhang, S.; Yao, Y.; Xiang, H.; Han, C.; Tan, L.; Sun, B.; Li, D.; Li, A.; Liu, C.		in_vitro			P		EMD-38105	39172784	P37840	Homo sapiens (Human)	E46K	
α-synuclein	8X7P	CCA-bound E46K alpha-synuclein fibrils	45-99 (55)	2023-11-24	ELECTRON MICROSCOPY	2.70	Liu, K.; Tao, Y.; Zhao, Q.; Xia, W.; Li, X.; Zhang, S.; Yao, Y.; Xiang, H.; Han, C.; Tan, L.; Sun, B.; Li, D.; Li, A.; Liu, C.		in_vitro			P		EMD-38106	39172784	P37840	Homo sapiens (Human)	E46K	
α-synuclein	8X7Q	pFTAA-bound E46K alpha-synuclein fibrils	45-99 (55)	2023-11-24	ELECTRON MICROSCOPY	2.70	Liu, K.; Tao, Y.; Zhao, Q.; Xia, W.; Li, X.; Zhang, S.; Yao, Y.; Xiang, H.; Han, C.; Tan, L.; Sun, B.; Li, D.; Li, A.; Liu, C.		in_vitro			P		EMD-38107	39172784	P37840	Homo sapiens (Human)	E46K	
α-synuclein	8X7R	C05-03-bound E46K alpha-synuclein fibrils	45-99 (55)	2023-11-24	ELECTRON MICROSCOPY	3.00	Liu, K.; Tao, Y.; Zhao, Q.; Xia, W.; Li, X.; Zhang, S.; Yao, Y.; Xiang, H.; Han, C.; Tan, L.; Sun, B.; Li, D.; Li, A.; Liu, C.		in_vitro			P		EMD-38108	39172784	P37840	Homo sapiens (Human)	E46K	
α-synuclein	8XWD	Croy-EM structure of alpha synuclein fibril with EGCG	37-96 (60)	2024-01-16	ELECTRON MICROSCOPY	3.10	Li, X.; Bi, L.; Zhang, S.; Xu, Q.; Xia, W.; Tao, Y.; Wu, S.; Li, Y.; Le, W.; Kang, W.; Li, D.; Sun, B.; Liu, C.		in_vitro			P		EMD-38733	39951335	P37840	Homo sapiens (Human)		
α-synuclein	8Y2P	The cryo-EM structure of a-synuclein fibril in Tris buffer.	41-95 (55)	2024-01-27	ELECTRON MICROSCOPY	3.20	Yao, Y.; Zhao, Q.; Tao, Y.; Liu, K.; Cao, T.; Chen, Z.; Liu, C.; Le, W.; Zhao, J.; Li, D.; Kang, W.		in_vitro			P		EMD-38862	39374778	P37840	Homo sapiens (Human)		
α-synuclein	8Y2Q	The cryo-EM structure of spermine induced a-synuclein fibril in Tris buffer.	41-95 (55)	2024-01-27	ELECTRON MICROSCOPY	2.80	Yao, Y.; Zhao, Q.; Tao, Y.; Liu, K.; Cao, T.; Chen, Z.; Liu, C.; Le, W.; Zhao, J.; Li, D.; Kang, W.		in_vitro			P		EMD-38863	39374778	P37840	Homo sapiens (Human)		
α-synuclein	8ZLI	BTA-2-bound E46K alpha-synuclein fibrils	45-99 (55)	2024-05-20	ELECTRON MICROSCOPY	3.40	Liu, K.; Tao, Y.; Zhao, Q.; Xia, W.; Li, X.; Zhang, S.; Yao, Y.; Xiang, H.; Han, C.; Tan, L.; Sun, B.; Li, D.; Li, A.; Liu, C.		in_vitro			P		EMD-60226	39172784	P37840	Homo sapiens (Human)	E46K	
α-synuclein	8ZLO	F0502B-bound E46K alpha-synuclein fibril	45-99 (55)	2024-05-20	ELECTRON MICROSCOPY	3.10	Liu, K.; Tao, Y.; Zhao, Q.; Xia, W.; Li, X.; Zhang, S.; Yao, Y.; Xiang, H.; Han, C.; Tan, L.; Sun, B.; Li, D.; Li, A.; Liu, C.		in_vitro			P		EMD-60231	39172784	P37840	Homo sapiens (Human)	E46K	
α-synuclein	8ZLP	apo WT polymorph 5a alpha-synuclein fibril	1-98 (98)	2024-05-20	ELECTRON MICROSCOPY	3.50	Liu, K.; Tao, Y.; Zhao, Q.; Xia, W.; Li, X.; Zhang, S.; Yao, Y.; Xiang, H.; Han, C.; Tan, L.; Sun, B.; Li, D.; Li, A.; Liu, C.		in_vitro			P		EMD-60232	39172784	P37840	Homo sapiens (Human)		
α-synuclein	8ZMY	F0502B-bound WT polymorph 5a alpha-synuclein fibril	1-98 (98)	2024-05-24	ELECTRON MICROSCOPY	2.90	Liu, K.; Tao, Y.; Zhao, Q.; Xia, W.; Li, X.; Zhang, S.; Yao, Y.; Xiang, H.; Han, C.; Tan, L.; Sun, B.; Li, D.; Li, A.; Liu, C.		in_vitro			P		EMD-60262	39172784	P37840	Homo sapiens (Human)		
α-synuclein	8ZWH	Heparin bound E46K alpha-synuclein fibril	45-99 (55)	2024-06-13	ELECTRON MICROSCOPY	2.50	Tao, Y.Q.; Liu, C.; Li, D.		in_vitro			P		EMD-60527		P37840	Homo sapiens (Human)	E46K	
α-synuclein	8ZWI	Chondroitin sulfate bound alpha-synuclein fibril	37-97 (61)	2024-06-13	ELECTRON MICROSCOPY	3.00	Tao, Y.Q.; Liu, C.; Li, D.		in_vitro			P		EMD-60528		P37840	Homo sapiens (Human)		
α-synuclein	8ZWJ	Polyadenylic acid bound alpha-synuclein fibril Polymorph 1	37-99 (63)	2024-06-13	ELECTRON MICROSCOPY	3.10	Tao, Y.Q.; Liu, C.; Li, D.		in_vitro			P		EMD-60529		P37840	Homo sapiens (Human)		
α-synuclein	8ZWK	Polyadenylic acid bound alpha-synuclein fibril Polymorph 2	37-99 (63)	2024-06-13	ELECTRON MICROSCOPY	3.40	Tao, Y.Q.; Liu, C.; Li, D.		in_vitro			P		EMD-60530		P37840	Homo sapiens (Human)		
α-synuclein	9C5R	Structure of recombinantly assembled alpha-synuclein variant fibrils	14-22; 37-100; 105-115 (84)	2024-06-06	ELECTRON MICROSCOPY	2.61	Sun, C.; Zhou, K.; DePaola 4th, P.; Li, C.; Lee, V.M.Y.; Zhou, Z.H.; Peng, C.; Jiang, L.		in_vitro			P		EMD-45221	40015644	P37840	Homo sapiens (Human)		
α-synuclein	9CD9	Structure of type II-2 alpha-synuclein filament from multiple system atrophy	14-100 (87)	2024-06-24	ELECTRON MICROSCOPY	3.20	Yan, N.L.; Candido, F.; Tse, E.; Melo, A.A.; Prusiner, S.B.; Mordes, D.A.; Southworth, D.R.; Paras, N.A.; Merz, G.E.	√	human_ex_vivo	multiple system atrophy	human cerebellum tissue	P		EMD-45464	39511911	P37840	Homo sapiens (Human)		
α-synuclein	9CDA	Structure of type I-2 alpha-synuclein filament from multiple system atrophy	14-100 (87)	2024-06-24	ELECTRON MICROSCOPY	3.30	Yan, N.L.; Candido, F.; Tse, E.; Melo, A.A.; Prusiner, S.B.; Mordes, D.A.; Southworth, D.R.; Paras, N.A.; Merz, G.E.	√	human_ex_vivo	multiple system atrophy	human cerebellum	P		EMD-45465	39511911	P37840	Homo sapiens (Human)		
α-synuclein	9CK3	Cryo-EM structure of in-vitro alpha-synuclein fibril	15-22; 36-97 (70)	2024-07-08	ELECTRON MICROSCOPY	2.04	Sanchez, J.C.; Pierson, J.A.; Borcik, C.G.; Rienstra, C.M.; Wright, E.R.		in_vitro			P		EMD-45639	39959285	P37840	Homo sapiens (Human)		
α-synuclein	9CKK	Cryo-EM structure of acetylated alpha-synuclein A53T fibril - polymorph A	15-22; 36-92 (65)	2024-07-09	ELECTRON MICROSCOPY	2.21	Ansari, S.; Lagasca, D.; Dumarieh, R.; Xiao, Y.; Krishna, S.; Li, Y.; Frederick, K.K.		in_vitro			P		EMD-45650	39314304	P37840	Homo sapiens (Human)	A53T	
α-synuclein	9CKL	Cryo-EM structure of acetylated alpha-synuclein A53T fibril - polymorph B	36-58; 63-95 (56)	2024-07-09	ELECTRON MICROSCOPY	2.68	Ansari, S.; Lagasca, D.; Dumarieh, R.; Xiao, Y.; Krishna, S.; Li, Y.; Frederick, K.K.		in_vitro			P		EMD-45651	39314304	P37840	Homo sapiens (Human)	A53T	
α-synuclein	9CX6	Cryo-EM filament structure in FTLD-synuclein	14-99 (86)	2024-07-30	ELECTRON MICROSCOPY	3.20	Cullinane, P.W.; Yang, Y.; Chelban, V.; Goh, Y.Y.; Ebanks, K.; Curless, T.; Wrigley, S.; de Pablo-Fernandez, E.; Holton, J.; Peak-Chew, S.; Franco, C.; Woerman, A.L.; Houlden, H.; Warner, T.T.; Scheres, S.H.W.; Goedert, M.; Jaunmuktane, Z.	√	human_ex_vivo	multiple system atrophy	human frontal cortex and subcortical white matter	P		EMD-45979	40135351	P37840	Homo sapiens (Human)		
α-synuclein	9D5C	Cryo-EM structure of serine 87 O-GlcNAc-modified alpha-synuclein fibrils	1-96 (96)	2024-08-13	ELECTRON MICROSCOPY	4.80	Balana, A.T.; Mahul-Mellier, A.L.; Nguyen, B.A.; Horvath, M.; Javed, A.; Hard, E.R.; Jasiqi, Y.; Singh, P.; Afrin, S.; Pedretti, R.; Singh, V.; Lee, V.M.; Luk, K.C.; Saelices, L.; Lashuel, H.A.; Pratt, M.R.		in_vitro			P		EMD-29980	38347213	P37840	Homo sapiens (Human)		
α-synuclein	9E8U	(Apo)Alpha-synuclein fibril structures from MSA patient brain	14-99 (86)	2024-11-06	ELECTRON MICROSCOPY	2.60	Lu, J.; Sawaya, M.R.; Cheng, X.Y.; Murrali, M.G.; Ge, P.; Jiang, Y.X.; Cascio, D.; Lutter, L.; Boyer, D.R.; Williams, C.K.; Shino, M.; Feigon, J.; Chaturvedi, S.; Alexandrova, A.; Eisenberg, D.S.	√	human_ex_vivo	Multiple system atrophy	MSA patient brain	P		EMD-47731		P37840	Homo sapiens (Human)		
α-synuclein	9E8V	Complex fibril structure of MSA alpha-synuclein with CNS-11g at 4 hours	14-99 (86)	2024-11-06	ELECTRON MICROSCOPY	3.00	Lu, J.; Sawaya, M.R.; Cheng, X.Y.; Murrali, M.G.; Ge, P.; Jiang, Y.X.; Cascio, D.; Lutter, L.; Boyer, D.R.; Williams, C.K.; Shino, M.; Feigon, J.; Chaturvedi, S.; Alexandrova, A.; Eisenberg, D.S.		seeded_amplified		Seeded by MSA alpha-synuclein	P		EMD-47732		P37840	Homo sapiens (Human)		
α-synuclein	9E8W	Complex fibril structure of MSA alpha-synuclein with CNS-11g at 6 hours	14-99 (86)	2024-11-06	ELECTRON MICROSCOPY	2.80	Lu, J.; Sawaya, M.R.; Cheng, X.Y.; Murrali, M.G.; Ge, P.; Jiang, Y.X.; Cascio, D.; Lutter, L.; Boyer, D.R.; Williams, C.K.; Shino, M.; Feigon, J.; Chaturvedi, S.; Alexandrova, A.; Eisenberg, D.S.		seeded_amplified		Seeded by MSA alpha-synuclein	P		EMD-47733		P37840	Homo sapiens (Human)		
α-synuclein	9E8X	Complex fibril structure of MSA alpha-synuclein with CNS-11g at 10 hours	14-99 (86)	2024-11-06	ELECTRON MICROSCOPY	2.80	Lu, J.; Sawaya, M.R.; Cheng, X.Y.; Murrali, M.G.; Ge, P.; Jiang, Y.X.; Cascio, D.; Lutter, L.; Boyer, D.R.; Williams, C.K.; Shino, M.; Feigon, J.; Chaturvedi, S.; Alexandrova, A.; Eisenberg, D.S.		seeded_amplified		Seeded by MSA	P		EMD-47734		P37840	Homo sapiens (Human)		
α-synuclein	9E8Y	Complex fibril structure of MSA alpha-synuclein with CNS-11g at 15 hours	14-99 (86)	2024-11-06	ELECTRON MICROSCOPY	2.90	Lu, J.; Sawaya, M.R.; Cheng, X.Y.; Murrali, M.G.; Ge, P.; Jiang, Y.X.; Cascio, D.; Lutter, L.; Boyer, D.R.; Williams, C.K.; Shino, M.; Feigon, J.; Chaturvedi, S.; Alexandrova, A.; Eisenberg, D.S.		seeded_amplified		Seeded by MSA	P		EMD-47735		P37840	Homo sapiens (Human)		
α-synuclein	9E9X	Cryo-EM structure of alpha-synuclein filaments derived from the temporal cortex of the case of atypical multiple system atrophy	14-100 (87)	2024-11-09	ELECTRON MICROSCOPY	3.20	Enomoto, M.; Martinez-Valbuena, I.; Forrest, S.L.; Xu, X.; Munhoz, R.P.; Li, J.; Rogaeva, E.; Lang, A.E.; Kovacs, G.G.	√	human_ex_vivo	multiple system atrophy	human temporal cortex	P		EMD-47820	40523906	P37840	Homo sapiens (Human)		
α-synuclein	9EUU	Structure of recombinant alpha-synuclein fibrils 1B capable of seeding GCIs in vivo	37-97 (61)	2024-03-28	ELECTRON MICROSCOPY	1.93	Burger, D.; Kashyrina, M.; van den Heuvel, L.; de La Seigliere, H.; Lewis, A.J.; De Nuccio, F.; Mohammed, I.; Verchere, J.; Feuillie, C.; Berbon, M.; Arotcarena, M.L.; Retailleau, A.; Bezard, E.; Canron, M.H.; Meissner, W.G.; Loquet, A.; Bousset, L.; Poujol, C.; Nilsson, K.P.R.; Laferriere, F.; Baron, T.; Lofrumento, D.D.; De Giorgi, F.; Stahlberg, H.; Ichas, F.		in_vitro			P		EMD-19986	41193804	P37840	Homo sapiens (Human)		
α-synuclein	9EWV	mouse alpha-synuclein	34-97 (64)	2024-04-04	ELECTRON MICROSCOPY	2.90	Sokratian, A.; Zhou, Y.; Tatli, M.; Burbidge, K.J.; Xu, E.; Viverette, E.; Donzelli, S.; Duda, A.M.; Yuan, Y.; Li, H.; Strader, S.; Patel, N.; Shiell, L.; Malankhanova, T.; Chen, O.; Mazzulli, J.R.; Perera, L.; Stahlberg, H.; Borgnia, M.; Bartesaghi, A.; Lashuel, H.A.; West, A.B.		in_vitro			P		EMD-50023	39485845	O55042	Mus musculus (Mouse)		
α-synuclein	9FYP	Cryo EM structure of the type 3B polymorph of alpha-synuclein at low pH.	35-98 (64)	2024-07-03	ELECTRON MICROSCOPY	2.23	Frey, L.; Ghosh, D.; Qureshi, B.M.; Rhyner, D.; Guerrero-Ferreira, R.; Pokharna, A.; Kwiatkowski, W.; Serdiuk, T.; Picotti, P.; Riek, R.; Greenwald, J.		in_vitro			P		EMD-50888	39196271	P37840	Homo sapiens (Human)		
α-synuclein	9HC6	The L2A-I alpha-synuclein fibril in the presence of MODAG-005 (short incubation)	15-23; 33-96 (73)	2024-11-08	ELECTRON MICROSCOPY	2.79	Kim, M.; Matthes, D.; Frieg, B.; Leonov, A.; Ryazanov, S.; Bleher, D.; Grotegerd, A.-K.; Dienemann, C.; Giese, A.; Schroeder, G.F.; Becker, S.; Herfert, K.; de Groot, B.L.; Andreas, L.B.; Griesinger, C.		in_vitro			P		EMD-52038		P37840	Homo sapiens (Human)		
α-synuclein	9HC7	The L2A-II alpha-synuclein fibril in the presence of MODAG-005 (short incubation)	15-23; 33-96 (73)	2024-11-08	ELECTRON MICROSCOPY	2.85	Kim, M.; Matthes, D.; Frieg, B.; Leonov, A.; Ryazanov, S.; Bleher, D.; Grotegerd, A.-K.; Dienemann, C.; Giese, A.; Schroeder, G.F.; Becker, S.; Herfert, K.; de Groot, B.L.; Andreas, L.B.; Griesinger, C.		in_vitro			P		EMD-52039		P37840	Homo sapiens (Human)		
α-synuclein	9HC8	The L2C alpha-synuclein fibril in the presence of MODAG-005 (short incubation)	15-23; 33-96 (73)	2024-11-08	ELECTRON MICROSCOPY	2.82	Kim, M.; Matthes, D.; Frieg, B.; Leonov, A.; Ryazanov, S.; Bleher, D.; Grotegerd, A.-K.; Dienemann, C.; Giese, A.; Schroeder, G.F.; Becker, S.; Herfert, K.; de Groot, B.L.; Andreas, L.B.; Griesinger, C.		in_vitro			P		EMD-52040		P37840	Homo sapiens (Human)		
α-synuclein	9HC9	The L2A-I alpha-synuclein fibril in the presence of MODAG-005 (long incubation)	15-23; 33-96 (73)	2024-11-08	ELECTRON MICROSCOPY	2.76	Kim, M.; Matthes, D.; Frieg, B.; Leonov, A.; Ryazanov, S.; Bleher, D.; Grotegerd, A.-K.; Dienemann, C.; Giese, A.; Schroeder, G.F.; Becker, S.; Herfert, K.; de Groot, B.L.; Andreas, L.B.; Griesinger, C.		in_vitro			P		EMD-52041		P37840	Homo sapiens (Human)		
α-synuclein	9HCA	The L2A-II alpha-synuclein fibril in the presence of MODAG-005 (long incubation)	15-23; 33-96 (73)	2024-11-08	ELECTRON MICROSCOPY	2.70	Kim, M.; Matthes, D.; Frieg, B.; Leonov, A.; Ryazanov, S.; Bleher, D.; Grotegerd, A.-K.; Dienemann, C.; Giese, A.; Schroeder, G.F.; Becker, S.; Herfert, K.; de Groot, B.L.; Andreas, L.B.; Griesinger, C.		in_vitro			P		EMD-52042		P37840	Homo sapiens (Human)		
α-synuclein	9HCB	The L2C alpha-synuclein fibril in the presence of MODAG-005 (long incubation)	15-23; 33-96 (73)	2024-11-08	ELECTRON MICROSCOPY	2.95	Kim, M.; Matthes, D.; Frieg, B.; Leonov, A.; Ryazanov, S.; Bleher, D.; Grotegerd, A.-K.; Dienemann, C.; Giese, A.; Schroeder, G.F.; Becker, S.; Herfert, K.; de Groot, B.L.; Andreas, L.B.; Griesinger, C.		in_vitro			P		EMD-52043		P37840	Homo sapiens (Human)		
α-synuclein	9HGR	In vitro grown WT Alpha-Synuclein Fibrils	14-25; 36-94 (71)	2024-11-20	ELECTRON MICROSCOPY	2.70	Brucke, C.; Al-Azzani, M.; Ramalingam, N.; Ramon, M.; Sousa, R.L.; Buratti, F.; Zech, M.; Sicking, K.; Amaral, L.; Gelpi, E.; Chandran, A.; Agarwal, A.; Chaves, S.R.; Fernandez, C.O.; Dettmer, U.; Lautenschlager, J.; Zweckstetter, M.; Busnadiego, R.F.; Zimprich, A.; Outeiro, T.F.		in_vitro			P		EMD-52165	41013605	P37840	Homo sapiens (Human)		
α-synuclein	9HGS	In vitro grown G14R Alpha-Synuclein Fibrils	12-21; 36-100 (75)	2024-11-20	ELECTRON MICROSCOPY	3.00	Al-Azzani, M.; Weber, S.; Ramalingam, N.; Ramon, M.; Shvachiy, L.; Mestre, G.; Zech, M.; Sicking, K.; Ibanez de Opakua, A.; Jayanthi, V.; Amaral, L.; Agarwal, A.; Chandran, A.; Chaves, S.R.; Winkelmann, J.; Trenkwalder, C.; Schwager, M.; Pauli, S.; Dettmer, U.; Fernandez, C.O.; Lautenschlager, J.; Zweckstetter, M.; Busnadiego, R.F.; Mollenhauer, B.; Outeiro, T.F.		in_vitro			P		EMD-52166	39990587	P37840	Homo sapiens (Human)	G14R	
α-synuclein	9HXA	In vitro grown K58N Alpha-Synuclein Fibrils	36-97 (62)	2025-01-07	ELECTRON MICROSCOPY	3.70	Al-Azzani, M.; Weber, S.; Ramalingam, N.; Ramon, M.; Shvachiy, L.; Mestre, G.; Zech, M.; Sicking, K.; Ibanez de Opakua, A.; Jayanthi, V.; Amaral, L.; Agarwal, A.; Chandran, A.; Chaves, S.R.; Winkelmann, J.; Trenkwalder, C.; Schwager, M.; Pauli, S.; Dettmer, U.; Fernandez, C.O.; Lautenschlager, J.; Zweckstetter, M.; Busnadiego, R.F.; Mollenhauer, B.; Outeiro, T.F.		in_vitro			P		EMD-52458	39990587	P37840	Homo sapiens (Human)	K58N	
α-synuclein	9IC7	Cryo-EM structure of alpha-synuclein fibrils formed in artificial cerebrospinal fluid (aCSF)	1-99 (99)	2025-02-14	ELECTRON MICROSCOPY	2.90	Snieckute, R.; Sulskis, D.; Jocyte, A.; Venclovaite, U.; Tamulyte, R.; Ziaunys, M.; Smirnovas, V.; Sakalauskas, A.		in_vitro			P		EMD-52833	41262012	P37840	Homo sapiens (Human)		
α-synuclein	9IJP	Polyphosphate bound alpha-synuclein fibril	37-99 (63)	2024-06-25	ELECTRON MICROSCOPY	3.10	Tao, Y.Q.; Liu, C.; Li, D.		in_vitro			P		EMD-60637		P37840	Homo sapiens (Human)		
α-synuclein	9JBY	The cryo-EM structure of Ac-K58W_G51DA53T a-syn fibril.	37-98 (62)	2024-08-27	ELECTRON MICROSCOPY	3.49	Zhao, Q.Y.; Tao, Y.Q.; Liu, C.; Li, D.		in_vitro			P		EMD-61330		P37840	Homo sapiens (Human)	G51D, A53T, K58W	
α-synuclein	9JC3	The cryo-EM structure of Ac-G51DA53T P1 a-syn fibril.	37-98 (62)	2024-08-28	ELECTRON MICROSCOPY	2.39	Zhao, Q.Y.; Tao, Y.Q.; Liu, C.; Li, D.		in_vitro			P		EMD-61355		P37840	Homo sapiens (Human)	G51D, A53T	
α-synuclein	9JC4	The cryo-EM structure of Ac-G51DA53T P2 a-syn fibril.	37-98 (62)	2024-08-28	ELECTRON MICROSCOPY	2.95	Zhao, Q.Y.; Tao, Y.Q.; Liu, C.; Li, D.		in_vitro			P		EMD-61356		P37840	Homo sapiens (Human)	G51D, A53T	
α-synuclein	9JC5	The cryo-EM structure of Ac-G51DA53T P3 a-syn fibril.	37-99 (63)	2024-08-28	ELECTRON MICROSCOPY	3.23	Zhao, Q.Y.; Tao, Y.Q.; Liu, C.; Li, D.		in_vitro			P		EMD-61357		P37840	Homo sapiens (Human)	G51D, A53T	
α-synuclein	9JD7	The cryo-EM structure of Ac-G51DA53T a-syn fibril.	37-99 (63)	2024-08-30	ELECTRON MICROSCOPY	3.57	Zhao, Q.Y.; Tao, Y.Q.		in_vitro			P		EMD-61383		P37840	Homo sapiens (Human)	G51D, A53T	
α-synuclein	9JD8	The cryo-EM structure of Ac-G51DA53T P5 a-syn fibril.	37-99 (63)	2024-08-30	ELECTRON MICROSCOPY	3.86	Zhao, Q.Y.; Tao, Y.Q.		in_vitro			P		EMD-61384		P37840	Homo sapiens (Human)	G51D, A53T	
α-synuclein	9JDK	The cryo-EM structure of Ac-G51DA53T P6 a-syn fibril.	37-99 (63)	2024-08-31	ELECTRON MICROSCOPY	3.32	Zhao, Q.Y.; Tao, Y.Q.		in_vitro			P		EMD-61394		P37840	Homo sapiens (Human)	G51D, A53T	
α-synuclein	9JE2	The cryo-EM structure of Ac-K58N_G51DA53T a-syn fibril.	37-99 (63)	2024-09-02	ELECTRON MICROSCOPY	3.06	Zhao, Q.Y.; Tao, Y.Q.		in_vitro			P		EMD-61405		P37840	Homo sapiens (Human)	G51D, A53T, K58N	
α-synuclein	9JE4	The cryo-EM structure of Ac-E57A_G51DA53T a-syn fibril.	37-100 (64)	2024-09-02	ELECTRON MICROSCOPY	3.37	Zhao, Q.Y.; Tao, Y.Q.		in_vitro			P		EMD-61406		P37840	Homo sapiens (Human)	G51D, A53T, E57A	
α-synuclein	9JE6	The cryo-EM structure of Ac-G51DA53T low salt a-syn fibril.	37-97 (61)	2024-09-02	ELECTRON MICROSCOPY	3.43	Zhao, Q.Y.; Tao, Y.Q.		in_vitro			P		EMD-61408		P37840	Homo sapiens (Human)	G51D, A53T	
α-synuclein	9JE7	The cryo-EM structure of Ac-E57Q_G51DA53T a-syn fibril.	35-100 (66)	2024-09-02	ELECTRON MICROSCOPY	3.36	Zhao, Q.Y.; Tao, Y.Q.		in_vitro			P		EMD-61409		P37840	Homo sapiens (Human)	G51D, A53T, E57Q	
α-synuclein	9JE8	The cryo-EM structure of Ac-G51DA53T 30days a-syn fibril.	37-97 (61)	2024-09-02	ELECTRON MICROSCOPY	3.60	Zhao, Q.Y.; Tao, Y.Q.		in_vitro			P		EMD-61410		P37840	Homo sapiens (Human)	G51D, A53T	
α-synuclein	9JI8	Cryo-EM structure of alpha-synuclein-H21 fibril	14-23; 37-99 (73)	2024-09-11	ELECTRON MICROSCOPY	2.85	Zeng, S.Y.; Zhang, S.N.; Li, D.N.; Liu, C.		in_vitro			P		EMD-61500		P37840	Homo sapiens (Human)		
α-synuclein	9JKE	The cryo-EM structure of Ac-K58W_G51DA53T P2 a-syn fibril.	37-98 (62)	2024-09-15	ELECTRON MICROSCOPY	3.40	Zhao, Q.Y.; Tao, Y.Q.; Liu, C.; Li, D.		in_vitro			P		EMD-61552		P37840	Homo sapiens (Human)	G51D, A53T, K58W	
α-synuclein	9K23	Cryo-EM structure of alpha-synuclein Mini S fibril	33-98 (66)	2024-10-17	ELECTRON MICROSCOPY	2.60	Han, Y.; Li, J.; Xia, W.; Li, Q.; Sun, Z.; Zeng, W.; Hu, Y.; Luk, K.C.; Liu, C.; Xiang, S.; He, Z.		in_vitro			P		EMD-61988	40215967	O55042	Mus musculus (Mouse)		
α-synuclein	9K24	Cryo-EM structure of alpha-synuclein Mini P fibril	34-97 (64)	2024-10-17	ELECTRON MICROSCOPY	3.60	Han, Y.; Li, J.; Xia, W.; Li, Q.; Sun, Z.; Zeng, W.; Hu, Y.; Luk, K.C.; Liu, C.; Xiang, S.; He, Z.		in_vitro			P		EMD-61989	40215967	O55042	Mus musculus (Mouse)		
α-synuclein	9KA3	The cryo-EM structure of Ac-K58D_G51DA53T a-syn fibril.	37-97 (61)	2024-10-28	ELECTRON MICROSCOPY	2.72	Zhao, Q.Y.; Tao, Y.Q.; Li, D.; Liu, C.		in_vitro			P		EMD-62203		P37840	Homo sapiens (Human)	G51D, A53T, K58D	
α-synuclein	9KA4	The cryo-EM structure of MSA-like fold (P1) formed under the palette stratagy.	37-98 (62)	2024-10-28	ELECTRON MICROSCOPY	3.42	Zhao, Q.Y.; Tao, Y.Q.; Liu, C.; Li, D.		in_vitro			P		EMD-62204		P37840	Homo sapiens (Human)		
α-synuclein	9KAL	The cryo-EM structure of Ac-E57A_G51DA53T a-syn fibril.	37-100 (64)	2024-10-29	ELECTRON MICROSCOPY	3.36	Zhao, Q.Y.; Tao, Y.Q.; Li, D.; Liu, C.		in_vitro			P		EMD-62212		P37840	Homo sapiens (Human)	G51D, A53T, E57A	
α-synuclein	9KC2	Cryo-EM structure of ZSQ07-bound alpha-synuclein fibril polymorph 6A6B	38-98 (61)	2024-10-31	ELECTRON MICROSCOPY	2.90	Zhang, S.Q.; Liu, C.		in_vitro			P		EMD-62239		P37840	Homo sapiens (Human)		
α-synuclein	9KCN	Cryo-EM structure of FD4-bound alpha-synuclein fibril polymorph 6A6B	37-98 (62)	2024-11-01	ELECTRON MICROSCOPY	2.60	Zhang, S.Q.; Liu, C.		in_vitro			P		EMD-62257		P37840	Homo sapiens (Human)		
α-synuclein	9KCO	Cryo-EM structure of FD4-bound alpha-synuclein MSA-like fibril	37-98 (62)	2024-11-01	ELECTRON MICROSCOPY	3.10	Zhang, S.Q.; Liu, C.		in_vitro			P		EMD-62258		P37840	Homo sapiens (Human)		
α-synuclein	9KCP	Cryo-EM structure of ACI-12589-bound alpha-synuclein fibril polymorph 6A6B	37-97 (61)	2024-11-01	ELECTRON MICROSCOPY	2.70	Zhang, S.Q.; Liu, C.		in_vitro			P		EMD-62259		P37840	Homo sapiens (Human)		
α-synuclein	9LON	Cryo-EM structure of alpha-synuclein P8 fibril	33-98 (66)	2025-01-23	ELECTRON MICROSCOPY	3.00	Han, Y.; Li, J.; Xia, W.; Li, Q.; Sun, Z.; Zeng, W.; Hu, Y.; Luk, K.C.; Liu, C.; Xiang, S.; He, Z.		in_vitro			P		EMD-63250	40215967	O55042	Mus musculus (Mouse)		
α-synuclein	9M5K	The cryo-EM structure of in situ amplified (ISA) alpha-synuclein fibrils from PD homogenate	14-100 (87)	2025-03-06	ELECTRON MICROSCOPY	3.10	Cao, T.Y.; Zhao, Q.Y.; Liu, C.; Li, D.		seeded_amplified		Amplified from PD homogenate	P		EMD-63644		P37840	Homo sapiens (Human)		
α-synuclein	9M5L	The cryo-EM structure of in situ amplified (ISA) alpha-synuclein fibrils from DLB homogenate	14-100 (87)	2025-03-06	ELECTRON MICROSCOPY	3.27	Cao, T.Y.; Zhao, Q.Y.; Liu, C.; Li, D.		seeded_amplified		Amplified from DLB homogenate	P		EMD-63645		P37840	Homo sapiens (Human)		
α-synuclein	9O4B	Cryo-EM structure of in-vitro alpha-synuclein fibril bound with Exemplar-6 PET-radioligand	15-22; 36-96 (69)	2025-04-08	ELECTRON MICROSCOPY	2.59	Sanchez, J.C.; Perez, R.M.; Borcik, C.G.; Guarino, D.S.; Dhavala, D.D.; Baumgardt, J.K.; Shaffer, K.D.; Kotzbauer, P.T.; Mach, R.H.; Rienstra, C.M.; Petersson, E.J.; Wright, E.R.		in_vitro			P		EMD-70093		P37840	Homo sapiens (Human)		
α-synuclein	9OBP	Cryo-EM structure of alpha-synuclein filaments derived from the frontal cortex of the case of atypical multiple system atrophy	14-100 (87)	2025-04-23	ELECTRON MICROSCOPY	2.50	Enomoto, M.; Martinez-Valbuena, I.; Forrest, S.L.; Xu, X.; Munhoz, R.P.; Li, J.; Rogaeva, E.; Lang, A.E.; Kovacs, G.G.	√	human_ex_vivo	multiple system atrophy	human frontal cortex	P		EMD-70295	40523906	P37840	Homo sapiens (Human)		
α-synuclein	9QYL	Alpha-synuclein fibril type 1A polymorph in the presence of ATP	16-22; 36-98 (70)	2025-04-18	ELECTRON MICROSCOPY	3.08	Frey, L.; Buratti, F.A.; Horvath, I.; Parate, S.; Kumar, R.; Riek, R.; Wittung-Stafshede, P.		in_vitro			P		EMD-53453	41099718	P37840	Homo sapiens (Human)		
α-synuclein	9QYN	Alpha-synuclein K21A fibril type 1A polymorph in the presence of ATP	36-96 (61)	2025-04-18	ELECTRON MICROSCOPY	3.13	Frey, L.; Buratti, F.A.; Horvath, I.; Parate, S.; Kumar, R.; Riek, R.; Wittung-Stafshede, P.		in_vitro			P		EMD-53456	41099718	P37840	Homo sapiens (Human)		K21A
α-synuclein	9RB3	A53T alpha-synuclein fibril - Type 1	14-24; 35-98 (75)	2025-05-21	ELECTRON MICROSCOPY	3.40	So, R.W.L.; Frieg, B.; Camino, J.D.; Situ, C.; Metri, M.N.; Silver, N.R.G.; Li, L.Y.; Mao, A.; Stuart, E.; Schroder, G.F.; Watts, J.C.		in_vitro			P		EMD-53884	41763203	P37840	Homo sapiens (Human)	A53T	
α-synuclein	9RB6	A53T alpha-synuclein fibril - Type 2	37-98 (62)	2025-05-21	ELECTRON MICROSCOPY	3.02	So, R.W.L.; Frieg, B.; Camino, J.D.; Situ, C.; Metri, M.N.; Silver, N.R.G.; Li, L.Y.; Mao, A.; Stuart, E.; Schroder, G.F.; Watts, J.C.		in_vitro			P		EMD-53885	41763203	P37840	Homo sapiens (Human)	A53T	
α-synuclein	9RB7	Wild-type alpha-synuclein fibril - Type 1	44-96 (53)	2025-05-21	ELECTRON MICROSCOPY	3.45	So, R.W.L.; Frieg, B.; Camino, J.D.; Situ, C.; Metri, M.N.; Silver, N.R.G.; Li, L.Y.; Mao, A.; Stuart, E.; Schroder, G.F.; Watts, J.C.		in_vitro			P		EMD-53886	41763203	P37840	Homo sapiens (Human)		
α-synuclein	9RB8	Wild-type alpha-synuclein fibril - Type 3-1	37-80 (44)	2025-05-21	ELECTRON MICROSCOPY	3.64	So, R.W.L.; Frieg, B.; Camino, J.D.; Situ, C.; Metri, M.N.; Silver, N.R.G.; Li, L.Y.; Mao, A.; Stuart, E.; Schroder, G.F.; Watts, J.C.		in_vitro			P		EMD-53887	41763203	P37840	Homo sapiens (Human)		
α-synuclein	9RB9	Wild-type alpha-synuclein fibril - Type 3-2	37-80 (44)	2025-05-21	ELECTRON MICROSCOPY	3.04	So, R.W.L.; Frieg, B.; Camino, J.D.; Situ, C.; Metri, M.N.; Silver, N.R.G.; Li, L.Y.; Mao, A.; Stuart, E.; Schroder, G.F.; Watts, J.C.		in_vitro			P		EMD-53888	41763203	P37840	Homo sapiens (Human)		
α-synuclein	9RBA	Wild-type alpha-synuclein fibril - Type 4	37-80 (44)	2025-05-21	ELECTRON MICROSCOPY	3.54	So, R.W.L.; Frieg, B.; Camino, J.D.; Situ, C.; Metri, M.N.; Silver, N.R.G.; Li, L.Y.; Mao, A.; Stuart, E.; Schroder, G.F.; Watts, J.C.		in_vitro			P		EMD-53889	41763203	P37840	Homo sapiens (Human)		
α-synuclein	9RBB	Wild-type alpha-synuclein fibril - Type 5	44-90 (47)	2025-05-21	ELECTRON MICROSCOPY	3.15	So, R.W.L.; Frieg, B.; Camino, J.D.; Situ, C.; Metri, M.N.; Silver, N.R.G.; Li, L.Y.; Mao, A.; Stuart, E.; Schroder, G.F.; Watts, J.C.		in_vitro			P		EMD-53890	41763203	P37840	Homo sapiens (Human)		
α-synuclein	9RZF	Structure of in-vivo formed alpha-synuclein fibrils purified from a M83+/- mouse brain injected with recombinant 1B fibrils	37-97 (61)	2025-07-15	ELECTRON MICROSCOPY	3.80	Burger, D.; Kashyrina, M.; van den Heuvel, L.; de La Seigliere, H.; Lewis, A.J.; De Nuccio, F.; Mohammed, I.; Verchere, J.; Feuillie, C.; Berbon, M.; Arotcarena, M.L.; Retailleau, A.; Bezard, E.; Canron, M.H.; Meissner, W.G.; Loquet, A.; Bousset, L.; Poujol, C.; Nilsson, K.P.R.; Laferriere, F.; Baron, T.; Lofrumento, D.D.; De Giorgi, F.; Stahlberg, H.; Ichas, F.		seeded_amplified		M83+/- mouse brain (seeded with recombinant 1B fibrils)	P		EMD-54402	41193804	O55042	Mus musculus (Mouse)	A53T	
α-synuclein	9TPT	Structure of recombinantly assembled E83Q alpha-synuclein fibrils	36-100 (65)	2025-12-18	ELECTRON MICROSCOPY	3.43	Shafiei, N.; Mohammed, I.; Kumar, S.T.; Mahul Mellier, A.L.; Ekundayo, B.; Stahli, D.; Lewis, A.J.; Stahlberg, H.		in_vitro			P		EMD-56114		P37840	Homo sapiens (Human)	E83Q	
α-synuclein	9UF6	Cryo-EM structure of BA1-1-bound alpha-synuclein fibril polymorph 6A6B	37-99 (63)	2025-04-10	ELECTRON MICROSCOPY	2.90	Zhang, S.Q.; Liu, C.; Li, D.		in_vitro			P		EMD-64102		P37840	Homo sapiens (Human)		
α-synuclein	9UFD	Cryo-EM structure of BA12-bound alpha-synuclein fibril polymorph 6A6B	37-99 (63)	2025-04-10	ELECTRON MICROSCOPY	2.70	Zhang, S.Q.; Liu, C.; Li, D.		in_vitro			P		EMD-64105		P37840	Homo sapiens (Human)		
α-synuclein	9UFF	Cryo-EM structure of BA21-bound alpha-synuclein fibril polymorph 6A6B	37-99 (63)	2025-04-10	ELECTRON MICROSCOPY	2.60	Zhang, S.Q.; Liu, C.; Li, D.		in_vitro			P		EMD-64107		P37840	Homo sapiens (Human)		
α-synuclein	9UFL	Cryo-EM structure of BA22-bound alpha-synuclein fibril polymorph 6A6B	37-99 (63)	2025-04-10	ELECTRON MICROSCOPY	2.60	Zhang, S.Q.; Liu, C.; Li, D.		in_vitro			P		EMD-64111		P37840	Homo sapiens (Human)		
α-synuclein	9UFS	Cryo-EM structure of BA23-bound alpha-synuclein fibril polymorph 6A6B	37-99 (63)	2025-04-10	ELECTRON MICROSCOPY	2.70	Zhang, S.Q.; Liu, C.; Li, D.		in_vitro			P		EMD-64121		P37840	Homo sapiens (Human)		
α-synuclein	9UFX	Cryo-EM structure of HA11-bound alpha-synuclein fibril polymorph 6A6B	38-94 (57)	2025-04-10	ELECTRON MICROSCOPY	2.60	Zhang, S.Q.; Liu, C.; Li, D.		in_vitro			P		EMD-64125		P37840	Homo sapiens (Human)		
α-synuclein	9UFY	Cryo-EM structure of HA21-bound alpha-synuclein fibril polymorph 6A6B	38-97 (60)	2025-04-10	ELECTRON MICROSCOPY	3.20	Zhang, S.Q.; Liu, C.; Li, D.		in_vitro			P		EMD-64126		P37840	Homo sapiens (Human)		
α-synuclein	9UG0	Cryo-EM structure of HA31-bound alpha-synuclein fibril polymorph 6A6B	39-97 (59)	2025-04-10	ELECTRON MICROSCOPY	3.10	Zhang, S.Q.; Liu, C.; Li, D.		in_vitro			P		EMD-64128		P37840	Homo sapiens (Human)		
α-synuclein	9UG1	Cryo-EM structure of HA32-bound alpha-synuclein fibril polymorph 6A6B	39-97 (59)	2025-04-10	ELECTRON MICROSCOPY	2.60	Zhang, S.Q.; Liu, C.; Li, D.		in_vitro			P		EMD-64129		P37840	Homo sapiens (Human)		
α-synuclein	9UJQ	Cryo-EM structure of HQY1027-bound alpha-synuclein fibril polymorph 6A6B	37-99 (63)	2025-04-17	ELECTRON MICROSCOPY	2.90	Zhang, S.Q.; Liu, C.; Li, D.		in_vitro			P		EMD-64224		P37840	Homo sapiens (Human)		
α-synuclein	9Y0S	CryoEM structure of alpha-synuclein fibril induced by psychosine	42-95 (54)	2025-08-29	ELECTRON MICROSCOPY	2.72	Jenkins, R.A.; Wu, S.; Fujimura, G.; Heredia, A.; Flowers, C.W.; Sun, C.; Sawaya, M.R.; Loo, J.A.; Rodriguez, J.A.		in_vitro			P		EMD-72396	41000844	P37840	Homo sapiens (Human)		
β-lactoglobulin	9IAH	Structure of beta-lactoglobulin fibril	17-50 (34)	2025-02-10	ELECTRON MICROSCOPY	3.17	Sternke-Hoffmann, R.; Rhyner, D.; Terashi, G.; Qureshi, B.M.; Riek, R.; Greenwald, J.; Kihara, D.; Lutz-Bueno, V.; Luo, J.		in_vitro			F		EMD-52781	41129746	P02754	Bos taurus (Bovine)		
