PDB	nA	bfactor_mean	n_chains
2NAO	1	0.0	6
2NAO	2	0.0	6
2NAO	3	0.0	6
2NAO	4	0.0	6
2NAO	5	0.0	6
2NAO	6	0.0	6
2NAO	7	0.0	6
2NAO	8	0.0	6
2NAO	9	0.0	6
2NAO	10	0.0	6
2NAO	11	0.0	6
2NAO	12	0.0	6
2NAO	13	0.0	6
2NAO	14	0.0	6
2NAO	15	0.0	6
2NAO	16	0.0	6
2NAO	17	0.0	6
2NAO	18	0.0	6
2NAO	19	0.0	6
2NAO	20	0.0	6
2NAO	21	0.0	6
2NAO	22	0.0	6
2NAO	23	0.0	6
2NAO	24	0.0	6
2NAO	25	0.0	6
2NAO	26	0.0	6
2NAO	27	0.0	6
2NAO	28	0.0	6
2NAO	29	0.0	6
2NAO	30	0.0	6
2NAO	31	0.0	6
2NAO	32	0.0	6
2NAO	33	0.0	6
2NAO	34	0.0	6
2NAO	35	0.0	6
2NAO	36	0.0	6
2NAO	37	0.0	6
2NAO	38	0.0	6
2NAO	39	0.0	6
2NAO	40	0.0	6
2NAO	41	0.0	6
2NAO	42	0.0	6
2NNT	427	-0.02	1
2NNT	428	-0.03	1
2NNT	429	0.03	1
2NNT	430	-0.04	1
2NNT	431	0.03	1
2NNT	432	-0.09	1
2NNT	433	-0.02	1
2NNT	434	0.04	1
2NNT	435	-0.03	1
2NNT	436	-0.04	1
2NNT	437	0.04	1
2NNT	438	0.0	1
2NNT	439	-0.24	1
2NNT	440	-0.04	1
2NNT	441	0.03	1
2NNT	442	0.04	1
2NNT	443	-0.03	1
2NNT	444	-0.24	1
2NNT	445	-0.04	1
2NNT	446	0.0	1
2NNT	447	0.0	1
2NNT	448	0.0	1
2NNT	449	0.01	1
2NNT	450	0.01	1
2NNT	451	-0.26	1
2NNT	452	-0.04	1
2NNT	453	-0.05	1
2NNT	454	0.04	1
2NNT	455	-0.02	1
2NNT	456	-0.04	1
2NNT	457	-0.03	1
5AEF	15	0.0	2
5AEF	16	0.0	2
5AEF	17	0.0	2
5AEF	18	0.0	2
5AEF	19	0.0	2
5AEF	20	0.0	2
5AEF	21	0.0	2
5AEF	22	0.0	2
5AEF	23	0.0	2
5AEF	24	0.0	2
5AEF	25	0.0	2
5AEF	26	0.0	2
5AEF	27	0.0	2
5AEF	28	0.0	2
5AEF	29	0.0	2
5AEF	30	0.0	2
5AEF	31	0.0	2
5AEF	32	0.0	2
5AEF	33	0.0	2
5AEF	34	0.0	2
5AEF	35	0.0	2
5AEF	36	0.0	2
5AEF	37	0.0	2
5AEF	38	0.0	2
5AEF	39	0.0	2
5AEF	40	0.0	2
5KK3	11	0.0	18
5KK3	12	0.0	18
5KK3	13	0.0	18
5KK3	14	0.0	18
5KK3	15	0.0	18
5KK3	16	0.0	18
5KK3	17	0.0	18
5KK3	18	0.0	18
5KK3	19	0.0	18
5KK3	20	0.0	18
5KK3	21	0.0	18
5KK3	22	0.0	18
5KK3	23	0.0	18
5KK3	24	0.0	18
5KK3	25	0.0	18
5KK3	26	0.0	18
5KK3	27	0.0	18
5KK3	28	0.0	18
5KK3	29	0.0	18
5KK3	30	0.0	18
5KK3	31	0.0	18
5KK3	32	0.0	18
5KK3	33	0.0	18
5KK3	34	0.0	18
5KK3	35	0.0	18
5KK3	36	0.0	18
5KK3	37	0.0	18
5KK3	38	0.0	18
5KK3	39	0.0	18
5KK3	40	0.0	18
5KK3	41	0.0	18
5KK3	42	0.0	18
8P34	254	70.16	1
8P34	255	50.14	1
8P34	256	38.97	1
8P34	257	37.15	1
8P34	258	36.04	1
8P34	259	33.91	1
8P34	260	34.19	1
8P34	261	30.45	1
8P34	262	37.73	1
8P34	263	49.3	1
8P34	264	48.03	1
8P34	265	42.33	1
8P34	266	39.6	1
8P34	267	38.12	1
8P34	268	34.65	1
8P34	269	31.76	1
8P34	270	38.04	1
8P34	271	49.23	1
8P34	272	40.65	1
8P34	273	33.56	1
8P34	274	37.11	1
8P34	306	32.57	1
8P34	307	33.14	1
8P34	308	32.09	1
8P34	309	35.22	1
8P34	310	38.23	1
8P34	311	37.66	1
8P34	312	37.27	1
8P34	313	44.47	1
8P34	314	59.66	1
8P34	315	53.84	1
8P34	316	57.37	1
8P34	317	54.85	1
8P34	318	59.54	1
8P34	319	65.16	1
8P34	320	72.56	1
8P34	321	78.05	1
8P34	322	78.18	1
8P34	323	75.77	1
8P34	324	80.54	1
8P34	325	71.89	1
8P34	326	65.6	1
8P34	327	63.57	1
8P34	328	47.13	1
8P34	329	54.5	1
8P34	330	46.18	1
8P34	331	47.98	1
8P34	332	44.6	1
8P34	333	50.88	1
8P34	334	47.28	1
8P34	335	41.9	1
8P34	336	47.04	1
8P34	337	34.66	1
8P34	338	46.23	1
8P34	339	34.65	1
8P34	340	43.78	1
8P34	341	44.39	1
8P34	342	59.65	1
8P34	343	52.65	1
8P34	344	44.3	1
8P34	345	57.01	1
8P34	346	43.75	1
8P34	347	50.21	1
8P34	348	44.41	1
8P34	349	39.23	1
8P34	350	38.83	1
8P34	351	43.97	1
8P34	352	39.85	1
8P34	353	41.87	1
8P34	354	35.27	1
8P34	355	36.73	1
8P34	356	43.76	1
8P34	357	47.83	1
8P34	358	49.83	1
8P34	359	33.65	1
8P34	360	28.05	1
8P34	361	36.04	1
8P34	362	31.55	1
8P34	363	32.01	1
8P34	364	34.49	1
8P34	365	40.02	1
8P34	366	44.4	1
8P34	367	42.04	1
8P34	368	38.63	1
8P34	369	50.61	1
8P34	370	51.35	1
8P34	371	39.98	1
8P34	372	47.61	1
8P34	373	32.84	1
8P34	374	36.32	1
8P34	375	30.68	1
8P34	376	44.69	1
8P34	377	49.48	1
8P34	378	60.05	1
8QN7	1	118.3	1
8QN7	2	61.17	1
8QN7	3	53.65	1
8QN7	4	33.17	1
8QN7	5	36.18	1
8QN7	6	30.55	1
8QN7	7	50.81	1
8QN7	8	42.63	1
8QN7	9	51.85	1
8QN7	10	48.05	1
8QN7	11	45.77	1
8QN7	12	43.13	1
8QN7	13	51.48	1
8QN7	14	44.27	1
8QN7	15	31.48	1
8QN7	16	31.32	1
8QN7	17	26.73	1
8QN7	18	27.91	1
8QN7	19	27.81	1
8QN7	20	30.23	1
8QN7	21	36.1	1
8QN7	22	55.62	1
8QN7	23	52.75	1
8QN7	24	37.36	1
8QN7	25	33.08	1
8QN7	26	40.19	1
8QN7	27	37.96	1
8QN7	28	46.4	1
8QN7	29	38.58	1
8QN7	30	31.79	1
8QN7	31	40.08	1
8QN7	32	39.82	1
8QN7	33	44.49	1
8QN7	34	41.48	1
8QN7	35	46.8	1
8QN7	36	35.16	1
8QN7	37	54.67	1
8QN7	38	98.33	1
9EO7	304	167.34	1
9EO7	305	148.21	1
9EO7	306	107.66	1
9EO7	307	108.09	1
9EO7	308	76.8	1
9EO7	309	77.04	1
9EO7	310	65.6	1
9EO7	311	78.47	1
9EO7	312	65.49	1
9EO7	313	69.38	1
9EO7	314	63.12	1
9EO7	315	67.58	1
9EO7	316	57.2	1
9EO7	317	65.29	1
9EO7	318	47.46	1
9EO7	319	57.54	1
9EO7	320	45.71	1
9EO7	321	55.09	1
9EO7	322	52.69	1
9EO7	323	64.5	1
9EO7	324	58.42	1
9EO7	325	56.04	1
9EO7	326	49.54	1
9EO7	327	50.03	1
9EO7	328	38.57	1
9EO7	329	35.06	1
9EO7	330	37.59	1
9EO7	331	34.43	1
9EO7	332	35.67	1
9EO7	333	41.66	1
9EO7	334	44.49	1
9EO7	335	45.75	1
9EO7	336	39.8	1
9EO7	337	47.44	1
9EO7	338	44.22	1
9EO7	339	46.1	1
9EO7	340	61.39	1
9EO7	341	90.49	1
9EO7	342	102.49	1
9EO7	343	87.65	1
9EO7	344	72.13	1
9EO7	345	78.78	1
9EO7	346	71.35	1
9EO7	347	88.14	1
9EO7	348	85.59	1
9EO7	349	96.0	1
9EO7	350	60.08	1
9EO7	351	66.86	1
9EO7	352	62.01	1
9EO7	353	47.6	1
9EO7	354	42.07	1
9EO7	355	40.7	1
9EO7	356	48.73	1
9EO7	357	54.52	1
9EO7	358	51.1	1
9EO7	359	36.14	1
9EO7	360	32.57	1
9EO7	361	32.9	1
9EO7	362	39.94	1
9EO7	363	32.74	1
9EO7	364	41.53	1
9EO7	365	41.17	1
9EO7	366	39.06	1
9EO7	367	43.84	1
9EO7	368	49.0	1
9EO7	369	43.48	1
9EO7	370	46.98	1
9EO7	371	45.33	1
9EO7	372	64.11	1
9EO7	373	52.2	1
9EO7	374	70.47	1
9EO7	375	65.02	1
9EO7	376	66.7	1
9EO7	377	72.69	1
9EO7	378	93.12	1
9EO7	379	119.17	1
9EO7	380	174.82	1
9EOE	304	129.15	1
9EOE	305	109.62	1
9EOE	306	85.12	1
9EOE	307	82.86	1
9EOE	308	63.47	1
9EOE	309	63.45	1
9EOE	310	64.76	1
9EOE	311	62.29	1
9EOE	312	58.73	1
9EOE	313	57.36	1
9EOE	314	65.48	1
9EOE	315	63.69	1
9EOE	316	59.61	1
9EOE	317	53.34	1
9EOE	318	41.79	1
9EOE	319	40.19	1
9EOE	320	33.57	1
9EOE	321	34.65	1
9EOE	322	35.45	1
9EOE	323	31.95	1
9EOE	324	32.56	1
9EOE	325	28.06	1
9EOE	326	25.46	1
9EOE	327	26.67	1
9EOE	328	23.25	1
9EOE	329	25.88	1
9EOE	330	24.69	1
9EOE	331	34.09	1
9EOE	332	34.43	1
9EOE	333	38.9	1
9EOE	334	41.79	1
9EOE	335	36.88	1
9EOE	336	30.09	1
9EOE	337	37.29	1
9EOE	338	35.75	1
9EOE	339	40.97	1
9EOE	340	42.99	1
9EOE	341	45.71	1
9EOE	342	67.02	1
9EOE	343	51.99	1
9EOE	344	47.76	1
9EOE	345	53.97	1
9EOE	346	53.9	1
9EOE	347	60.34	1
9EOE	348	64.96	1
9EOE	349	63.15	1
9EOE	350	48.34	1
9EOE	351	47.87	1
9EOE	352	45.97	1
9EOE	353	37.08	1
9EOE	354	35.81	1
9EOE	355	33.32	1
9EOE	356	40.8	1
9EOE	357	50.04	1
9EOE	358	50.55	1
9EOE	359	31.5	1
9EOE	360	27.4	1
9EOE	361	26.91	1
9EOE	362	25.48	1
9EOE	363	25.87	1
9EOE	364	26.36	1
9EOE	365	29.91	1
9EOE	366	24.79	1
9EOE	367	27.72	1
9EOE	368	29.48	1
9EOE	369	46.41	1
9EOE	370	43.76	1
9EOE	371	45.35	1
9EOE	372	52.52	1
9EOE	373	53.73	1
9EOE	374	52.21	1
9EOE	375	56.29	1
9EOE	376	62.06	1
9EOE	377	70.59	1
9EOE	378	81.41	1
9EOE	379	117.64	1
9EOE	380	162.07	1
9HGR	14	47.64	2
9HGR	15	41.47	2
9HGR	16	42.86	2
9HGR	17	29.75	2
9HGR	18	41.49	2
9HGR	19	35.08	2
9HGR	20	47.72	2
9HGR	21	40.05	2
9HGR	22	49.07	2
9HGR	23	52.77	2
9HGR	24	62.45	2
9HGR	25	61.21	2
9HGR	36	41.47	2
9HGR	37	44.25	2
9HGR	38	25.58	2
9HGR	39	33.64	2
9HGR	40	29.55	2
9HGR	41	34.81	2
9HGR	42	40.63	2
9HGR	43	47.76	2
9HGR	44	43.95	2
9HGR	45	44.76	2
9HGR	46	41.88	2
9HGR	47	31.43	2
9HGR	48	30.15	2
9HGR	49	23.92	2
9HGR	50	28.18	2
9HGR	51	29.97	2
9HGR	52	36.61	2
9HGR	53	26.74	2
9HGR	54	37.95	2
9HGR	55	30.18	2
9HGR	56	34.34	2
9HGR	57	51.23	2
9HGR	58	41.57	2
9HGR	59	42.8	2
9HGR	60	42.51	2
9HGR	61	43.95	2
9HGR	62	35.84	2
9HGR	63	37.24	2
9HGR	64	27.14	2
9HGR	65	31.9	2
9HGR	66	25.0	2
9HGR	67	33.63	2
9HGR	68	34.71	2
9HGR	69	27.09	2
9HGR	70	29.54	2
9HGR	71	21.48	2
9HGR	72	27.06	2
9HGR	73	27.98	2
9HGR	74	24.1	2
9HGR	75	30.0	2
9HGR	76	28.18	2
9HGR	77	28.31	2
9HGR	78	23.12	2
9HGR	79	34.74	2
9HGR	80	32.95	2
9HGR	81	46.14	2
9HGR	82	40.54	2
9HGR	83	39.93	2
9HGR	84	37.62	2
9HGR	85	38.48	2
9HGR	86	21.55	2
9HGR	87	35.68	2
9HGR	88	25.65	2
9HGR	89	41.05	2
9HGR	90	31.36	2
9HGR	91	50.71	2
9HGR	92	47.73	2
9HGR	93	54.39	2
9HGR	94	60.27	2
9HGS	12	106.79	1
9HGS	13	101.23	1
9HGS	14	90.8	1
9HGS	15	65.34	1
9HGS	16	63.24	1
9HGS	17	56.79	1
9HGS	18	62.34	1
9HGS	19	61.26	1
9HGS	20	88.75	1
9HGS	21	30.0	1
9HGS	36	88.97	1
9HGS	37	89.63	1
9HGS	38	83.62	1
9HGS	39	78.87	1
9HGS	40	80.66	1
9HGS	41	69.92	1
9HGS	42	76.45	1
9HGS	43	71.65	1
9HGS	44	68.04	1
9HGS	45	58.48	1
9HGS	46	30.0	1
9HGS	47	30.0	1
9HGS	48	47.42	1
9HGS	49	54.8	1
9HGS	50	73.57	1
9HGS	51	64.85	1
9HGS	52	49.82	1
9HGS	53	53.55	1
9HGS	54	52.93	1
9HGS	55	57.06	1
9HGS	56	57.69	1
9HGS	57	62.06	1
9HGS	58	67.7	1
9HGS	59	76.44	1
9HGS	60	75.23	1
9HGS	61	69.78	1
9HGS	62	64.01	1
9HGS	63	52.61	1
9HGS	64	62.77	1
9HGS	65	55.19	1
9HGS	66	61.27	1
9HGS	67	66.49	1
9HGS	68	69.08	1
9HGS	69	58.7	1
9HGS	70	50.29	1
9HGS	71	49.15	1
9HGS	72	56.81	1
9HGS	73	50.73	1
9HGS	74	48.13	1
9HGS	75	51.86	1
9HGS	76	37.19	1
9HGS	77	43.41	1
9HGS	78	53.9	1
9HGS	79	58.72	1
9HGS	80	58.03	1
9HGS	81	67.57	1
9HGS	82	66.13	1
9HGS	83	72.46	1
9HGS	84	59.79	1
9HGS	85	63.61	1
9HGS	86	57.16	1
9HGS	87	59.97	1
9HGS	88	54.79	1
9HGS	89	53.3	1
9HGS	90	49.91	1
9HGS	91	68.09	1
9HGS	92	62.66	1
9HGS	93	63.88	1
9HGS	94	62.16	1
9HGS	95	61.34	1
9HGS	96	66.63	1
9HGS	97	69.55	1
9HGS	98	85.95	1
9HGS	99	89.63	1
9HGS	100	102.33	1
9HXA	36	77.77	2
9HXA	37	72.94	2
9HXA	38	70.45	2
9HXA	39	71.64	2
9HXA	40	68.6	2
9HXA	41	70.36	2
9HXA	42	72.53	2
9HXA	43	75.03	2
9HXA	44	76.52	2
9HXA	45	75.02	2
9HXA	46	79.74	2
9HXA	47	74.99	2
9HXA	48	72.89	2
9HXA	49	72.8	2
9HXA	50	73.69	2
9HXA	51	76.56	2
9HXA	52	79.16	2
9HXA	53	82.19	2
9HXA	54	89.62	2
9HXA	55	92.01	2
9HXA	56	91.35	2
9HXA	57	92.83	2
9HXA	58	92.17	2
9HXA	59	91.51	2
9HXA	60	90.46	2
9HXA	61	91.47	2
9HXA	62	86.85	2
9HXA	63	82.47	2
9HXA	64	82.79	2
9HXA	65	81.17	2
9HXA	66	78.7	2
9HXA	67	75.62	2
9HXA	68	74.0	2
9HXA	69	72.94	2
9HXA	70	71.81	2
9HXA	71	69.65	2
9HXA	72	70.58	2
9HXA	73	70.79	2
9HXA	74	70.04	2
9HXA	75	69.53	2
9HXA	76	68.03	2
9HXA	77	66.51	2
9HXA	78	68.26	2
9HXA	79	71.48	2
9HXA	80	73.97	2
9HXA	81	74.33	2
9HXA	82	79.04	2
9HXA	83	82.83	2
9HXA	84	82.32	2
9HXA	85	83.64	2
9HXA	86	81.96	2
9HXA	87	79.76	2
9HXA	88	77.82	2
9HXA	89	81.63	2
9HXA	90	81.97	2
9HXA	91	82.22	2
9HXA	92	81.66	2
9HXA	93	81.77	2
9HXA	94	79.37	2
9HXA	95	80.81	2
9HXA	96	80.81	2
9HXA	97	83.5	2
9KTY	336	73.013	6
9KTY	337	76.638	6
9KTY	338	71.292	6
9KTY	339	72.948	6
9KTY	340	69.908	6
9KTY	341	65.79	6
9KTY	342	69.703	6
9KTY	343	69.687	6
9KTY	344	70.758	6
9KTY	345	75.768	6
9KTY	346	72.892	6
9KTY	347	73.527	6
9KTY	348	72.308	6
9KTY	349	71.717	6
9KTY	350	73.342	6
9KTY	351	75.053	6
9KTY	352	76.257	6
9KTY	353	77.832	6
9KTY	354	77.038	6
9KTY	355	82.715	6
9KTY	356	85.613	6
9KTY	357	84.557	6
9KTY	358	90.243	6
9KTY	359	83.91	6
9KTY	360	80.983	6
9MC2	303	170.638	6
9MC2	304	168.325	6
9MC2	305	164.458	6
9MC2	306	157.838	6
9MC2	307	158.2	6
9MC2	308	152.193	6
9MC2	309	160.285	6
9MC2	310	160.483	6
9MC2	311	161.095	6
9MC2	312	171.618	6
9MC2	313	182.777	6
8QN6	1	112.17	2
8QN6	2	83.0	2
8QN6	3	72.955	2
8QN6	4	58.79	2
8QN6	5	58.235	2
8QN6	6	54.88	2
8QN6	7	71.415	2
8QN6	8	70.475	2
8QN6	9	78.745	2
8QN6	10	78.915	2
8QN6	11	72.385	2
8QN6	12	67.36	2
8QN6	13	65.71	2
8QN6	14	57.405	2
8QN6	15	53.945	2
8QN6	16	46.85	2
8QN6	17	44.31	2
8QN6	18	43.105	2
8QN6	19	43.985	2
8QN6	20	44.345	2
8QN6	21	50.825	2
8QN6	22	63.67	2
8QN6	23	59.76	2
8QN6	24	47.73	2
8QN6	25	44.68	2
8QN6	26	51.59	2
8QN6	27	48.545	2
8QN6	28	60.375	2
8QN6	29	53.155	2
8QN6	30	45.465	2
8QN6	31	49.59	2
8QN6	32	47.81	2
8QN6	33	58.28	2
8QN6	34	57.11	2
8QN6	35	62.095	2
8QN6	36	53.955	2
8QN6	37	67.92	2
8QN6	38	93.91	2
9J0L	23	104.64	1
9J0L	24	109.17	1
9J0L	25	103.75	1
9J0L	26	99.59	1
9J0L	27	86.28	1
9J0L	28	81.54	1
9J0L	29	72.87	1
9J0L	30	66.39	1
9J0L	31	56.34	1
9J0L	32	51.01	1
9J0L	33	49.19	1
9J0L	34	45.76	1
9J0L	35	42.8	1
9J0L	36	43.11	1
9J0L	37	31.48	1
9J0L	38	32.78	1
9J0L	39	29.36	1
9J0L	40	32.78	1
9J0L	41	37.62	1
9J0L	42	34.51	1
9J0L	43	39.13	1
9J0L	44	48.8	1
9J0L	45	57.82	1
9J0L	46	55.77	1
9J0L	47	53.53	1
9J0L	48	63.96	1
9J0L	49	51.15	1
9J0L	50	52.04	1
9J0L	51	42.11	1
9J0L	52	45.14	1
9J0L	53	38.67	1
9J0L	54	41.27	1
9J0L	55	39.87	1
9J0L	56	42.2	1
9J0L	57	36.8	1
9J0L	58	43.62	1
9J0L	59	42.3	1
9J0L	60	48.29	1
9J0L	61	51.77	1
9J0L	62	50.72	1
9J0L	63	55.78	1
9J0L	64	52.92	1
9J0L	65	60.71	1
9J0L	66	63.47	1
9J0L	67	62.49	1
9J0L	68	64.63	1
9J0L	69	58.47	1
9J0L	70	59.11	1
9J0L	71	48.87	1
9J0L	72	52.0	1
9J0L	73	50.24	1
9J0L	74	47.83	1
9J0L	75	42.87	1
9J0L	76	41.7	1
9J0L	77	49.27	1
9J0L	78	46.14	1
9J0L	79	54.56	1
9J0L	80	51.04	1
9J0L	81	51.75	1
9J0L	82	56.97	1
9J0L	83	66.78	1
9J0L	84	83.42	1
9J0L	85	105.77	1
9J0L	86	112.59	1
9J0L	87	116.02	1
9J0L	88	112.6	1
9J0L	89	107.67	1
9J0L	90	101.01	1
9J0L	91	85.19	1
9J0L	92	73.72	1
9J0L	93	72.36	1
9J0L	94	70.13	1
9J0L	95	65.71	1
9J0L	96	63.04	1
9J0L	97	63.27	1
9J0L	98	66.67	1
9J0L	99	67.19	1
9J0L	100	61.71	1
9J0L	101	57.84	1
9J0L	102	57.23	1
9J0L	103	67.43	1
9J0L	104	71.53	1
9J0L	105	69.94	1
9J0L	106	68.63	1
9J0L	107	71.16	1
9J0L	108	74.48	1
9J0L	109	64.77	1
9J0L	110	66.09	1
9J0L	111	63.62	1
9J0L	112	75.54	1
9J0L	113	74.9	1
9J0L	114	65.87	1
9J0L	115	63.44	1
9J0L	116	58.29	1
9J0L	117	72.13	1
9J0L	118	72.71	1
9J0L	119	80.72	1
9J0L	120	76.34	1
9J0L	121	74.83	1
9J0L	122	69.05	1
9J0L	123	63.66	1
9J0L	124	60.35	1
9J0L	125	56.38	1
9J0L	126	46.92	1
9J0L	127	50.56	1
9J0L	128	49.43	1
9J0L	129	44.0	1
9J0L	130	42.77	1
9J0L	131	49.86	1
9J0L	132	55.83	1
9J0L	133	71.53	1
9J0L	134	67.67	1
9J0L	135	68.84	1
9J0L	136	78.73	1
9J0L	137	72.7	1
9J0L	138	69.01	1
9J0L	139	76.75	1
9J0L	140	83.36	1
9J0L	141	93.69	1
9J0L	142	101.4	1
9J0L	143	107.72	1
9J0L	144	112.19	1
9J0L	145	117.51	1
9J0L	146	120.64	1
9J0L	147	120.1	1
9J0M	23	130.08	1
9J0M	24	128.09	1
9J0M	25	115.9	1
9J0M	26	101.09	1
9J0M	27	82.63	1
9J0M	28	66.97	1
9J0M	29	57.17	1
9J0M	30	50.03	1
9J0M	31	46.71	1
9J0M	32	33.35	1
9J0M	33	18.29	1
9J0M	34	13.23	1
9J0M	35	4.47	1
9J0M	36	9.44	1
9J0M	37	0.5	1
9J0M	38	0.5	1
9J0M	39	0.5	1
9J0M	40	0.5	1
9J0M	41	0.5	1
9J0M	42	0.5	1
9J0M	43	0.5	1
9J0M	44	0.5	1
9J0M	45	7.13	1
9J0M	46	16.29	1
9J0M	47	7.28	1
9J0M	48	12.18	1
9J0M	49	6.25	1
9J0M	50	11.8	1
9J0M	51	0.5	1
9J0M	52	5.93	1
9J0M	53	0.5	1
9J0M	54	0.5	1
9J0M	55	0.5	1
9J0M	56	8.02	1
9J0M	57	9.34	1
9J0M	58	7.11	1
9J0M	59	4.67	1
9J0M	60	2.34	1
9J0M	61	3.15	1
9J0M	62	0.5	1
9J0M	63	7.47	1
9J0M	64	0.5	1
9J0M	65	8.41	1
9J0M	66	25.38	1
9J0M	67	22.92	1
9J0M	68	20.14	1
9J0M	69	15.53	1
9J0M	70	11.19	1
9J0M	71	0.5	1
9J0M	72	2.05	1
9J0M	73	0.5	1
9J0M	74	1.31	1
9J0M	75	12.74	1
9J0M	76	6.16	1
9J0M	77	25.89	1
9J0M	78	24.35	1
9J0M	79	21.77	1
9J0M	80	6.48	1
9J0M	81	15.15	1
9J0M	82	35.42	1
9J0M	83	58.0	1
9J0M	84	81.38	1
9J0M	85	98.06	1
9J0M	86	109.02	1
9J0M	87	109.72	1
9J0M	88	107.98	1
9J0M	89	102.97	1
9J0M	90	93.45	1
9J0M	91	88.08	1
9J0M	92	86.45	1
9J0M	93	87.32	1
9J0M	94	72.12	1
9J0M	95	60.5	1
9J0M	96	44.59	1
9J0M	97	50.27	1
9J0M	98	46.65	1
9J0M	99	49.7	1
9J0M	100	47.34	1
9J0M	101	49.41	1
9J0M	102	42.6	1
9J0M	103	39.71	1
9J0M	104	46.38	1
9J0M	105	45.35	1
9J0M	106	40.46	1
9J0M	107	43.39	1
9J0M	108	44.96	1
9J0M	109	35.18	1
9J0M	110	37.77	1
9J0M	111	44.4	1
9J0M	112	62.96	1
9J0M	113	72.52	1
9J0M	114	74.72	1
9J0M	115	71.88	1
9J0M	116	66.56	1
9J0M	117	68.47	1
9J0M	118	66.75	1
9J0M	119	64.99	1
9J0M	120	61.1	1
9J0M	121	58.95	1
9J0M	122	55.03	1
9J0M	123	47.41	1
9J0M	124	36.98	1
9J0M	125	27.14	1
9J0M	126	14.34	1
9J0M	127	15.45	1
9J0M	128	17.46	1
9J0M	129	17.01	1
9J0M	130	20.62	1
9J0M	131	18.26	1
9J0M	132	27.5	1
9J0M	133	36.79	1
9J0M	134	41.85	1
9J0M	135	44.25	1
9J0M	136	53.54	1
9J0M	137	61.76	1
9J0M	138	61.15	1
9J0M	139	73.17	1
9J0M	140	83.31	1
9J0M	141	102.64	1
9J0M	142	108.06	1
9J0M	143	121.62	1
9J0M	144	130.33	1
9J0M	145	135.88	1
9J0M	146	144.98	1
9J0M	147	151.35	1
9KTZ	334	101.315	6
9KTZ	335	102.692	6
9KTZ	336	95.797	6
9KTZ	337	88.927	6
9KTZ	338	86.742	6
9KTZ	339	87.335	6
9KTZ	340	89.632	6
9KTZ	341	86.43	6
9KTZ	342	86.545	6
9KTZ	343	87.005	6
9KTZ	344	89.023	6
9KTZ	345	88.313	6
9KTZ	346	87.528	6
9KTZ	347	87.3	6
9KTZ	348	89.727	6
9KTZ	349	87.225	6
10IJ	273	87.71	11
10IJ	274	93.74	11
10IJ	275	87.57	11
10IJ	276	81.19	11
10IJ	277	70.33	11
10IJ	278	78.28	11
10IJ	279	75.17	11
10IJ	280	79.86	11
10IJ	281	92.52	11
10IJ	282	87.01	11
10IJ	283	86.65	11
10IJ	284	81.56	11
10IJ	285	80.22	11
10IJ	286	63.56	11
10IJ	287	55.26	11
10IJ	288	53.48	11
10IJ	289	53.14	11
10IJ	290	45.96	11
10IJ	291	47.89	11
10IJ	292	51.49	11
10IJ	293	57.16	11
10IJ	294	50.03	11
10IJ	295	58.69	11
10IJ	296	52.26	11
10IJ	297	49.77	11
10IJ	298	54.22	11
10IJ	299	44.98	11
10IJ	300	48.3	11
10IJ	301	45.16	11
10IJ	302	47.13	11
10IJ	303	51.8	11
10IJ	304	48.84	11
10IJ	305	37.35	11
10IJ	306	36.12	11
10IJ	307	30.23	11
10IJ	308	29.49	11
10IJ	309	32.4	11
10IJ	310	33.76	11
10IJ	311	43.56	11
10IJ	312	42.39	11
10IJ	313	55.66	11
10IJ	314	78.97	11
10IJ	315	86.92	11
10IJ	316	92.21	11
10IJ	317	95.6	11
10IJ	318	97.76	11
10IJ	319	104.83	11
10IJ	320	107.04	11
10IJ	321	119.73	11
10IJ	322	134.79	11
10IJ	323	136.04	11
10IJ	324	143.92	11
10IJ	325	143.76	11
10IJ	326	135.57	11
10IJ	327	118.99	11
10IJ	328	104.57	11
10IJ	329	98.11	11
10IJ	330	88.26	11
10IJ	331	96.87	11
10IJ	332	101.31	11
10IJ	333	78.97	11
10IJ	334	65.31	11
10IJ	335	59.88	11
10IJ	336	56.6	11
10IJ	337	53.97	11
10IJ	338	55.95	11
10IJ	339	57.0	11
10IJ	340	56.68	11
10IJ	341	70.05	11
10IJ	342	73.34	11
10IJ	343	69.02	11
10IJ	344	68.08	11
10IJ	345	64.21	11
10IJ	346	61.32	11
10IJ	347	60.25	11
10IJ	348	60.28	11
10IJ	349	53.49	11
10IJ	350	47.7	11
10IJ	351	43.33	11
10IJ	352	44.31	11
10IJ	353	49.37	11
10IJ	354	45.26	11
10IJ	355	57.09	11
10IJ	356	63.25	11
10IJ	357	68.19	11
10IJ	358	68.63	11
10IJ	359	68.51	11
10IJ	360	58.74	11
10IJ	361	55.22	11
10IJ	362	50.88	11
10IJ	363	47.34	11
10IJ	364	50.36	11
10IJ	365	62.11	11
10IJ	366	58.65	11
10IJ	367	61.94	11
10IJ	368	60.3	11
10IJ	369	58.36	11
10IJ	370	70.08	11
10IJ	371	71.77	11
10IJ	372	87.6	11
10IJ	373	95.34	11
10IJ	374	106.92	11
10IJ	375	111.34	11
10IJ	376	127.22	11
10IJ	377	140.14	11
10IJ	378	150.6	11
10IJ	379	153.0	11
10IK	273	130.99	10
10IK	274	148.0	10
10IK	275	147.02	10
10IK	276	138.07	10
10IK	277	138.12	10
10IK	278	144.44	10
10IK	279	134.23	10
10IK	280	128.21	10
10IK	281	120.02	10
10IK	282	122.27	10
10IK	283	118.31	10
10IK	284	117.69	10
10IK	285	112.33	10
10IK	286	98.22	10
10IK	287	93.35	10
10IK	288	82.74	10
10IK	289	84.69	10
10IK	290	79.74	10
10IK	291	83.02	10
10IK	292	73.25	10
10IK	293	68.05	10
10IK	294	58.53	10
10IK	295	65.3	10
10IK	296	58.51	10
10IK	297	53.06	10
10IK	298	69.61	10
10IK	299	47.7	10
10IK	300	49.8	10
10IK	301	53.35	10
10IK	302	53.85	10
10IK	303	60.8	10
10IK	304	55.35	10
10IK	305	50.79	10
10IK	306	40.27	10
10IK	307	36.46	10
10IK	308	35.08	10
10IK	309	43.18	10
10IK	310	43.22	10
10IK	311	61.03	10
10IK	312	59.01	10
10IK	313	77.92	10
10IK	314	88.39	10
10IK	315	96.45	10
10IK	316	102.17	10
10IK	317	104.26	10
10IK	318	108.67	10
10IK	319	105.32	10
10IK	320	102.68	10
10IK	321	106.34	10
10IK	322	110.16	10
10IK	323	112.28	10
10IK	324	97.63	10
10IK	325	102.41	10
10IK	326	99.95	10
10IK	327	99.52	10
10IK	328	92.64	10
10IK	329	91.76	10
10IK	330	78.24	10
10IK	331	73.96	10
10IK	332	75.2	10
10IK	333	72.51	10
10IK	334	74.13	10
10IK	335	69.71	10
10IK	336	68.73	10
10IK	337	70.79	10
10IK	338	68.84	10
10IK	339	66.0	10
10IK	340	72.07	10
10IK	341	87.28	10
10IK	342	86.94	10
10IK	343	87.11	10
10IK	344	75.57	10
10IK	345	70.21	10
10IK	346	63.91	10
10IK	347	65.5	10
10IK	348	82.76	10
10IK	349	74.48	10
10IK	350	74.46	10
10IK	351	72.99	10
10IK	352	60.22	10
10IK	353	61.58	10
10IK	354	64.64	10
10IK	355	65.75	10
10IK	356	75.64	10
10IK	357	74.99	10
10IK	358	76.72	10
10IK	359	70.18	10
10IK	360	61.0	10
10IK	361	64.89	10
10IK	362	58.57	10
10IK	363	56.73	10
10IK	364	66.52	10
10IK	365	83.47	10
10IK	366	107.62	10
10IK	367	108.87	10
10IK	368	114.86	10
10IK	369	113.86	10
10IK	370	116.17	10
10IK	371	124.98	10
10IK	372	127.42	10
10IK	373	127.18	10
10IK	374	126.57	10
10IK	375	133.08	10
10IK	376	132.29	10
10IK	377	136.75	10
10IK	378	135.72	10
10IK	379	129.73	10
10KR	307	191.64	10
10KR	308	192.64	10
10KR	309	192.53	10
10KR	310	193.52	10
10KR	311	197.63	10
10KR	312	191.85	10
10KR	313	194.47	10
10KR	314	188.48	10
10KR	315	178.8	10
10KR	316	166.87	10
10KR	317	153.6	10
10KR	318	137.83	10
10KR	319	133.81	10
10KR	320	127.15	10
10KR	321	122.52	10
10KR	322	126.94	10
10KR	323	128.13	10
10KR	324	128.13	10
10KR	325	125.26	10
10KR	326	120.81	10
10KR	327	109.43	10
10KR	328	88.61	10
10KR	329	92.51	10
10KR	330	97.36	10
10KR	331	108.34	10
10KR	332	110.54	10
10KR	333	112.89	10
10KR	334	111.65	10
10KR	335	95.15	10
10KR	336	84.03	10
10KR	337	74.32	10
10KR	338	77.85	10
10KR	339	70.5	10
10KR	340	75.42	10
10KR	341	82.87	10
10KR	342	88.7	10
10KR	343	92.61	10
10KR	344	93.22	10
10KR	345	99.09	10
10KR	346	100.54	10
10KR	347	105.68	10
10KR	348	99.19	10
10KR	349	89.33	10
10KR	350	79.26	10
10KR	351	73.21	10
10KR	352	70.31	10
10KR	353	61.2	10
10KR	354	60.07	10
10KR	355	68.43	10
10KR	356	77.21	10
10KR	357	88.04	10
10KR	358	99.14	10
10KR	359	86.43	10
10KR	360	72.91	10
10KR	361	72.49	10
10KR	362	65.51	10
10KR	363	72.27	10
10KR	364	82.3	10
10KR	365	93.43	10
10KR	366	110.09	10
10KR	367	125.23	10
10KR	368	136.66	10
10KR	369	138.86	10
10KR	370	151.11	10
10KR	371	163.54	10
10KR	372	172.57	10
10KR	373	177.25	10
10KR	374	177.39	10
10KR	375	177.66	10
10KR	376	176.71	10
10KR	377	170.3	10
10XU	35	121.13	10
10XU	36	111.37	10
10XU	37	106.11	10
10XU	38	95.17	10
10XU	39	95.83	10
10XU	40	89.23	10
10XU	41	92.64	10
10XU	42	88.3	10
10XU	43	81.93	10
10XU	44	82.45	10
10XU	45	69.86	10
10XU	46	66.03	10
10XU	47	59.95	10
10XU	48	52.76	10
10XU	49	51.83	10
10XU	50	58.94	10
10XU	51	64.37	10
10XU	52	61.68	10
10XU	53	66.55	10
10XU	54	74.83	10
10XU	55	80.11	10
10XU	56	88.45	10
10XU	57	96.71	10
10XU	58	96.9	10
10XU	59	97.8	10
10XU	60	87.82	10
10XU	61	83.01	10
10XU	62	75.78	10
10XU	63	72.75	10
10XU	64	75.98	10
10XU	65	71.72	10
10XU	66	72.02	10
10XU	67	76.84	10
10XU	68	72.84	10
10XU	69	68.04	10
10XU	70	67.02	10
10XU	71	69.52	10
10XU	72	79.22	10
10XU	73	85.18	10
10XU	74	78.05	10
10XU	75	73.91	10
10XU	76	59.81	10
10XU	77	56.56	10
10XU	78	56.25	10
10XU	79	60.38	10
10XU	80	72.7	10
10XU	81	84.12	10
10XU	82	86.59	10
10XU	83	93.9	10
10XU	84	88.43	10
10XU	85	79.9	10
10XU	86	69.66	10
10XU	87	69.14	10
10XU	88	69.73	10
10XU	89	74.29	10
10XU	90	79.28	10
10XU	91	85.62	10
10XU	92	96.6	10
10XU	93	103.66	10
10XU	94	110.27	10
10XU	95	106.07	10
10XU	96	115.08	10
10XU	97	123.96	10
10XU	98	136.06	10
12GB	10	47.288	20
12GB	11	42.701	20
12GB	12	31.486	20
12GB	13	44.044	20
12GB	14	27.88	20
12GB	15	28.57	20
12GB	16	39.899	20
12GB	17	37.181	20
12GB	18	33.986	20
12GB	19	36.5	20
12GB	20	40.556	20
12GB	21	32.798	20
12GB	22	34.264	20
12GB	23	41.618	20
12GB	24	42.481	20
12GB	25	32.64	20
12GB	26	40.928	20
12GB	27	42.938	20
12GB	28	46.271	20
12GB	29	40.478	20
12GB	30	36.556	20
12GB	31	37.698	20
12GB	32	31.11	20
12GB	33	45.093	20
12GB	34	41.435	20
12GB	35	34.321	20
12GB	36	36.763	20
12GB	37	44.865	20
12GB	38	42.905	20
12GB	39	47.47	20
12GB	40	40.117	20
21FB	9	93.99	12
21FB	10	93.17	12
21FB	11	93.47	12
21FB	12	89.41	12
21FB	13	92.09	12
21FB	14	90.61	12
21FB	15	77.51	12
21FB	16	87.22	12
21FB	17	78.29	12
21FB	18	89.85	12
21FB	19	94.34	12
21FB	20	83.49	12
21FB	21	86.21	12
21FB	22	94.66	12
21FB	23	84.45	12
21FB	24	70.27	12
21FB	25	63.12	12
21FB	26	69.07	12
21FB	27	65.69	12
21FB	28	60.65	12
21FB	29	75.74	12
21FB	30	63.55	12
21FB	31	49.5	12
21FB	32	48.06	12
21FB	33	64.41	12
21FB	34	54.33	12
21FB	35	60.44	12
21FB	36	55.26	12
21FB	37	68.62	12
21FB	38	76.7	12
21FB	39	73.42	12
21FB	40	77.51	12
21FB	41	85.97	12
21FB	42	101.21	12
22JY	279	91.32	5
22JY	280	75.51	5
22JY	281	76.55	5
22JY	282	65.8	5
22JY	283	73.97	5
22JY	284	58.35	5
22JY	285	49.82	5
22JY	286	41.18	5
22JY	287	32.56	5
22JY	288	35.77	5
22JY	289	41.54	5
22JY	290	42.63	5
22JY	291	52.47	5
22JY	292	48.39	5
22JY	293	54.41	5
22JY	294	55.24	5
22JY	295	52.27	5
22JY	296	48.42	5
22JY	297	43.95	5
22JY	298	46.7	5
22JY	299	44.72	5
22JY	300	40.03	5
22JY	301	37.89	5
22JY	302	47.07	5
22JY	303	39.88	5
22JY	304	40.11	5
22JY	305	31.34	5
22JY	306	31.79	5
22JY	307	33.13	5
22JY	308	38.93	5
22JY	309	42.48	5
22JY	310	40.92	5
22JY	311	43.63	5
22JY	312	42.29	5
22JY	313	51.69	5
22JY	314	55.96	5
22JY	315	41.99	5
22JY	316	49.04	5
22JY	317	49.55	5
22JY	318	43.4	5
22JY	319	45.05	5
22JY	320	38.5	5
22JY	321	40.94	5
22JY	322	37.48	5
22JY	323	42.66	5
22JY	324	41.82	5
22JY	325	46.08	5
22JY	326	36.75	5
22JY	327	42.5	5
22JY	328	46.71	5
22JY	329	67.9	5
2BEG	17	0.0	5
2BEG	18	0.0	5
2BEG	19	0.0	5
2BEG	20	0.0	5
2BEG	21	0.0	5
2BEG	22	0.0	5
2BEG	23	0.0	5
2BEG	24	0.0	5
2BEG	25	0.0	5
2BEG	26	0.0	5
2BEG	27	0.0	5
2BEG	28	0.0	5
2BEG	29	0.0	5
2BEG	30	0.0	5
2BEG	31	0.0	5
2BEG	32	0.0	5
2BEG	33	0.0	5
2BEG	34	0.0	5
2BEG	35	0.0	5
2BEG	36	0.0	5
2BEG	37	0.0	5
2BEG	38	0.0	5
2BEG	39	0.0	5
2BEG	40	0.0	5
2BEG	41	0.0	5
2BEG	42	0.0	5
2M4J	1	0.0	9
2M4J	2	0.0	9
2M4J	3	0.0	9
2M4J	4	0.0	9
2M4J	5	0.0	9
2M4J	6	0.0	9
2M4J	7	0.0	9
2M4J	8	0.0	9
2M4J	9	0.0	9
2M4J	10	0.0	9
2M4J	11	0.0	9
2M4J	12	0.0	9
2M4J	13	0.0	9
2M4J	14	0.0	9
2M4J	15	0.0	9
2M4J	16	0.0	9
2M4J	17	0.0	9
2M4J	18	0.0	9
2M4J	19	0.0	9
2M4J	20	0.0	9
2M4J	21	0.0	9
2M4J	22	0.0	9
2M4J	23	0.0	9
2M4J	24	0.0	9
2M4J	25	0.0	9
2M4J	26	0.0	9
2M4J	27	0.0	9
2M4J	28	0.0	9
2M4J	29	0.0	9
2M4J	30	0.0	9
2M4J	31	0.0	9
2M4J	32	0.0	9
2M4J	33	0.0	9
2M4J	34	0.0	9
2M4J	35	0.0	9
2M4J	36	0.0	9
2M4J	37	0.0	9
2M4J	38	0.0	9
2M4J	39	0.0	9
2M4J	40	0.0	9
2M5N	105	0.0	16
2M5N	106	0.0	16
2M5N	107	0.0	16
2M5N	108	0.0	16
2M5N	109	0.0	16
2M5N	110	0.0	16
2M5N	111	0.0	16
2M5N	112	0.0	16
2M5N	113	0.0	16
2M5N	114	0.0	16
2M5N	115	0.0	16
2MPZ	15	0.0	27
2MPZ	16	0.0	27
2MPZ	17	0.0	27
2MPZ	18	0.0	27
2MPZ	19	0.0	27
2MPZ	20	0.0	27
2MPZ	21	0.0	27
2MPZ	22	0.0	27
2MPZ	23	0.0	27
2MPZ	24	0.0	27
2MPZ	25	0.0	27
2MPZ	26	0.0	27
2MPZ	27	0.0	27
2MPZ	28	0.0	27
2MPZ	29	0.0	27
2MPZ	30	0.0	27
2MPZ	31	0.0	27
2MPZ	32	0.0	27
2MPZ	33	0.0	27
2MPZ	34	0.0	27
2MPZ	35	0.0	27
2MPZ	36	0.0	27
2MPZ	37	0.0	27
2MPZ	38	0.0	27
2MPZ	39	0.0	27
2MPZ	40	0.0	27
2MVX	1	37.801	10
2MVX	2	26.445	10
2MVX	3	37.305	10
2MVX	4	30.4	10
2MVX	5	24.841	10
2MVX	6	44.97	10
2MVX	7	24.323	10
2MVX	8	34.619	10
2MVX	9	28.185	10
2MVX	10	34.469	10
2MVX	11	28.536	10
2MVX	12	38.063	10
2MVX	13	37.873	10
2MVX	14	46.421	10
2MVX	15	25.783	10
2MVX	16	29.136	10
2MVX	17	41.439	10
2MVX	18	38.987	10
2MVX	19	31.108	10
2MVX	20	42.644	10
2MVX	21	29.787	10
2MVX	23	33.193	10
2MVX	24	44.248	10
2MVX	25	26.455	10
2MVX	26	27.54	10
2MVX	27	44.2	10
2MVX	28	35.658	10
2MVX	29	39.821	10
2MVX	30	35.511	10
2MVX	31	40.839	10
2MVX	32	29.021	10
2MVX	33	37.286	10
2MVX	34	28.411	10
2MVX	35	35.735	10
2MVX	36	28.146	10
2MVX	37	47.254	10
2MVX	38	38.322	10
2MVX	39	38.695	10
2MVX	40	38.12	10
2MXU	11	0.0	12
2MXU	12	0.0	12
2MXU	13	0.0	12
2MXU	14	0.0	12
2MXU	15	0.0	12
2MXU	16	0.0	12
2MXU	17	0.0	12
2MXU	18	0.0	12
2MXU	19	0.0	12
2MXU	20	0.0	12
2MXU	21	0.0	12
2MXU	22	0.0	12
2MXU	23	0.0	12
2MXU	24	0.0	12
2MXU	25	0.0	12
2MXU	26	0.0	12
2MXU	27	0.0	12
2MXU	28	0.0	12
2MXU	29	0.0	12
2MXU	30	0.0	12
2MXU	31	0.0	12
2MXU	32	0.0	12
2MXU	33	0.0	12
2MXU	34	0.0	12
2MXU	35	0.0	12
2MXU	36	0.0	12
2MXU	37	0.0	12
2MXU	38	0.0	12
2MXU	39	0.0	12
2MXU	40	0.0	12
2MXU	41	0.0	12
2MXU	42	0.0	12
2N0A	1	0.0	10
2N0A	2	0.0	10
2N0A	3	0.0	10
2N0A	4	0.0	10
2N0A	5	0.0	10
2N0A	6	0.0	10
2N0A	7	0.0	10
2N0A	8	0.0	10
2N0A	9	0.0	10
2N0A	10	0.0	10
2N0A	11	0.0	10
2N0A	12	0.0	10
2N0A	13	0.0	10
2N0A	14	0.0	10
2N0A	15	0.0	10
2N0A	16	0.0	10
2N0A	17	0.0	10
2N0A	18	0.0	10
2N0A	19	0.0	10
2N0A	20	0.0	10
2N0A	21	0.0	10
2N0A	22	0.0	10
2N0A	23	0.0	10
2N0A	24	0.0	10
2N0A	25	0.0	10
2N0A	26	0.0	10
2N0A	27	0.0	10
2N0A	28	0.0	10
2N0A	29	0.0	10
2N0A	30	0.0	10
2N0A	31	0.0	10
2N0A	32	0.0	10
2N0A	33	0.0	10
2N0A	34	0.0	10
2N0A	35	0.0	10
2N0A	36	0.0	10
2N0A	37	0.0	10
2N0A	38	0.0	10
2N0A	39	0.0	10
2N0A	40	0.0	10
2N0A	41	0.0	10
2N0A	42	0.0	10
2N0A	43	0.0	10
2N0A	44	0.0	10
2N0A	45	0.0	10
2N0A	46	0.0	10
2N0A	47	0.0	10
2N0A	48	0.0	10
2N0A	49	0.0	10
2N0A	50	0.0	10
2N0A	51	0.0	10
2N0A	52	0.0	10
2N0A	53	0.0	10
2N0A	54	0.0	10
2N0A	55	0.0	10
2N0A	56	0.0	10
2N0A	57	0.0	10
2N0A	58	0.0	10
2N0A	59	0.0	10
2N0A	60	0.0	10
2N0A	61	0.0	10
2N0A	62	0.0	10
2N0A	63	0.0	10
2N0A	64	0.0	10
2N0A	65	0.0	10
2N0A	66	0.0	10
2N0A	67	0.0	10
2N0A	68	0.0	10
2N0A	69	0.0	10
2N0A	70	0.0	10
2N0A	71	0.0	10
2N0A	72	0.0	10
2N0A	73	0.0	10
2N0A	74	0.0	10
2N0A	75	0.0	10
2N0A	76	0.0	10
2N0A	77	0.0	10
2N0A	78	0.0	10
2N0A	79	0.0	10
2N0A	80	0.0	10
2N0A	81	0.0	10
2N0A	82	0.0	10
2N0A	83	0.0	10
2N0A	84	0.0	10
2N0A	85	0.0	10
2N0A	86	0.0	10
2N0A	87	0.0	10
2N0A	88	0.0	10
2N0A	89	0.0	10
2N0A	90	0.0	10
2N0A	91	0.0	10
2N0A	92	0.0	10
2N0A	93	0.0	10
2N0A	94	0.0	10
2N0A	95	0.0	10
2N0A	96	0.0	10
2N0A	97	0.0	10
2N0A	98	0.0	10
2N0A	99	0.0	10
2N0A	100	0.0	10
2N0A	101	0.0	10
2N0A	102	0.0	10
2N0A	103	0.0	10
2N0A	104	0.0	10
2N0A	105	0.0	10
2N0A	106	0.0	10
2N0A	107	0.0	10
2N0A	108	0.0	10
2N0A	109	0.0	10
2N0A	110	0.0	10
2N0A	111	0.0	10
2N0A	112	0.0	10
2N0A	113	0.0	10
2N0A	114	0.0	10
2N0A	115	0.0	10
2N0A	116	0.0	10
2N0A	117	0.0	10
2N0A	118	0.0	10
2N0A	119	0.0	10
2N0A	120	0.0	10
2N0A	121	0.0	10
2N0A	122	0.0	10
2N0A	123	0.0	10
2N0A	124	0.0	10
2N0A	125	0.0	10
2N0A	126	0.0	10
2N0A	127	0.0	10
2N0A	128	0.0	10
2N0A	129	0.0	10
2N0A	130	0.0	10
2N0A	131	0.0	10
2N0A	132	0.0	10
2N0A	133	0.0	10
2N0A	134	0.0	10
2N0A	135	0.0	10
2N0A	136	0.0	10
2N0A	137	0.0	10
2N0A	138	0.0	10
2N0A	139	0.0	10
2N0A	140	0.0	10
5O3L	306	0.0	10
5O3L	307	0.0	10
5O3L	308	0.0	10
5O3L	309	0.0	10
5O3L	310	0.0	10
5O3L	311	0.0	10
5O3L	312	0.0	10
5O3L	313	0.0	10
5O3L	314	0.0	10
5O3L	315	0.0	10
5O3L	316	0.0	10
5O3L	317	0.0	10
5O3L	318	0.0	10
5O3L	319	0.0	10
5O3L	320	0.0	10
5O3L	321	0.0	10
5O3L	322	0.0	10
5O3L	323	0.0	10
5O3L	324	0.0	10
5O3L	325	0.0	10
5O3L	326	0.0	10
5O3L	327	0.0	10
5O3L	328	0.0	10
5O3L	329	0.0	10
5O3L	330	0.0	10
5O3L	331	0.0	10
5O3L	332	0.0	10
5O3L	333	0.0	10
5O3L	334	0.0	10
5O3L	335	0.0	10
5O3L	336	0.0	10
5O3L	337	0.0	10
5O3L	338	0.0	10
5O3L	339	0.0	10
5O3L	340	0.0	10
5O3L	341	0.0	10
5O3L	342	0.0	10
5O3L	343	0.0	10
5O3L	344	0.0	10
5O3L	345	0.0	10
5O3L	346	0.0	10
5O3L	347	0.0	10
5O3L	348	0.0	10
5O3L	349	0.0	10
5O3L	350	0.0	10
5O3L	351	0.0	10
5O3L	352	0.0	10
5O3L	353	0.0	10
5O3L	354	0.0	10
5O3L	355	0.0	10
5O3L	356	0.0	10
5O3L	357	0.0	10
5O3L	358	0.0	10
5O3L	359	0.0	10
5O3L	360	0.0	10
5O3L	361	0.0	10
5O3L	362	0.0	10
5O3L	363	0.0	10
5O3L	364	0.0	10
5O3L	365	0.0	10
5O3L	366	0.0	10
5O3L	367	0.0	10
5O3L	368	0.0	10
5O3L	369	0.0	10
5O3L	370	0.0	10
5O3L	371	0.0	10
5O3L	372	0.0	10
5O3L	373	0.0	10
5O3L	374	0.0	10
5O3L	375	0.0	10
5O3L	376	0.0	10
5O3L	377	0.0	10
5O3L	378	0.0	10
5O3O	306	0.0	10
5O3O	307	0.0	10
5O3O	308	0.0	10
5O3O	309	0.0	10
5O3O	310	0.0	10
5O3O	311	0.0	10
5O3O	312	0.0	10
5O3O	313	0.0	10
5O3O	314	0.0	10
5O3O	315	0.0	10
5O3O	316	0.0	10
5O3O	317	0.0	10
5O3O	318	0.0	10
5O3O	319	0.0	10
5O3O	320	0.0	10
5O3O	321	0.0	10
5O3O	322	0.0	10
5O3O	323	0.0	10
5O3O	324	0.0	10
5O3O	325	0.0	10
5O3O	326	0.0	10
5O3O	327	0.0	10
5O3O	328	0.0	10
5O3O	329	0.0	10
5O3O	330	0.0	10
5O3O	331	0.0	10
5O3O	332	0.0	10
5O3O	333	0.0	10
5O3O	334	0.0	10
5O3O	335	0.0	10
5O3O	336	0.0	10
5O3O	337	0.0	10
5O3O	338	0.0	10
5O3O	339	0.0	10
5O3O	340	0.0	10
5O3O	341	0.0	10
5O3O	342	0.0	10
5O3O	343	0.0	10
5O3O	344	0.0	10
5O3O	345	0.0	10
5O3O	346	0.0	10
5O3O	347	0.0	10
5O3O	348	0.0	10
5O3O	349	0.0	10
5O3O	350	0.0	10
5O3O	351	0.0	10
5O3O	352	0.0	10
5O3O	353	0.0	10
5O3O	354	0.0	10
5O3O	355	0.0	10
5O3O	356	0.0	10
5O3O	357	0.0	10
5O3O	358	0.0	10
5O3O	359	0.0	10
5O3O	360	0.0	10
5O3O	361	0.0	10
5O3O	362	0.0	10
5O3O	363	0.0	10
5O3O	364	0.0	10
5O3O	365	0.0	10
5O3O	366	0.0	10
5O3O	367	0.0	10
5O3O	368	0.0	10
5O3O	369	0.0	10
5O3O	370	0.0	10
5O3O	371	0.0	10
5O3O	372	0.0	10
5O3O	373	0.0	10
5O3O	374	0.0	10
5O3O	375	0.0	10
5O3O	376	0.0	10
5O3O	377	0.0	10
5O3O	378	0.0	10
5O3T	306	0.0	10
5O3T	307	0.0	10
5O3T	308	0.0	10
5O3T	309	0.0	10
5O3T	310	0.0	10
5O3T	311	0.0	10
5O3T	312	0.0	10
5O3T	313	0.0	10
5O3T	314	0.0	10
5O3T	315	0.0	10
5O3T	316	0.0	10
5O3T	317	0.0	10
5O3T	318	0.0	10
5O3T	319	0.0	10
5O3T	320	0.0	10
5O3T	321	0.0	10
5O3T	322	0.0	10
5O3T	323	0.0	10
5O3T	324	0.0	10
5O3T	325	0.0	10
5O3T	326	0.0	10
5O3T	327	0.0	10
5O3T	328	0.0	10
5O3T	329	0.0	10
5O3T	330	0.0	10
5O3T	331	0.0	10
5O3T	332	0.0	10
5O3T	333	0.0	10
5O3T	334	0.0	10
5O3T	335	0.0	10
5O3T	336	0.0	10
5O3T	337	0.0	10
5O3T	338	0.0	10
5O3T	339	0.0	10
5O3T	340	0.0	10
5O3T	341	0.0	10
5O3T	342	0.0	10
5O3T	343	0.0	10
5O3T	344	0.0	10
5O3T	345	0.0	10
5O3T	346	0.0	10
5O3T	347	0.0	10
5O3T	348	0.0	10
5O3T	349	0.0	10
5O3T	350	0.0	10
5O3T	351	0.0	10
5O3T	352	0.0	10
5O3T	353	0.0	10
5O3T	354	0.0	10
5O3T	355	0.0	10
5O3T	356	0.0	10
5O3T	357	0.0	10
5O3T	358	0.0	10
5O3T	359	0.0	10
5O3T	360	0.0	10
5O3T	361	0.0	10
5O3T	362	0.0	10
5O3T	363	0.0	10
5O3T	364	0.0	10
5O3T	365	0.0	10
5O3T	366	0.0	10
5O3T	367	0.0	10
5O3T	368	0.0	10
5O3T	369	0.0	10
5O3T	370	0.0	10
5O3T	371	0.0	10
5O3T	372	0.0	10
5O3T	373	0.0	10
5O3T	374	0.0	10
5O3T	375	0.0	10
5O3T	376	0.0	10
5O3T	377	0.0	10
5O3T	378	0.0	10
5OQV	1	113.714	9
5OQV	2	87.05	9
5OQV	3	104.937	9
5OQV	4	63.138	9
5OQV	5	114.52	9
5OQV	6	72.262	9
5OQV	7	73.913	9
5OQV	8	60.177	9
5OQV	9	45.274	9
5OQV	10	86.951	9
5OQV	11	77.956	9
5OQV	12	52.051	9
5OQV	13	62.003	9
5OQV	14	63.631	9
5OQV	15	66.63	9
5OQV	16	75.984	9
5OQV	17	99.211	9
5OQV	18	47.343	9
5OQV	19	87.898	9
5OQV	20	78.409	9
5OQV	21	148.687	9
5OQV	22	147.76	9
5OQV	23	154.961	9
5OQV	24	79.049	9
5OQV	25	105.043	9
5OQV	26	102.609	9
5OQV	27	86.468	9
5OQV	28	119.338	9
5OQV	29	41.157	9
5OQV	30	63.101	9
5OQV	31	62.782	9
5OQV	32	72.12	9
5OQV	33	49.312	9
5OQV	34	116.799	9
5OQV	35	59.183	9
5OQV	36	92.288	9
5OQV	37	74.98	9
5OQV	38	91.398	9
5OQV	39	60.802	9
5OQV	40	87.819	9
5OQV	41	125.643	9
5OQV	42	125.838	9
5W3N	37	0.0	9
5W3N	38	0.0	9
5W3N	39	0.0	9
5W3N	40	0.0	9
5W3N	41	0.0	9
5W3N	42	0.0	9
5W3N	43	0.0	9
5W3N	44	0.0	9
5W3N	45	0.0	9
5W3N	46	0.0	9
5W3N	47	0.0	9
5W3N	48	0.0	9
5W3N	49	0.0	9
5W3N	50	0.0	9
5W3N	51	0.0	9
5W3N	52	0.0	9
5W3N	53	0.0	9
5W3N	54	0.0	9
5W3N	55	0.0	9
5W3N	56	0.0	9
5W3N	57	0.0	9
5W3N	58	0.0	9
5W3N	59	0.0	9
5W3N	60	0.0	9
5W3N	61	0.0	9
5W3N	62	0.0	9
5W3N	63	0.0	9
5W3N	64	0.0	9
5W3N	65	0.0	9
5W3N	66	0.0	9
5W3N	67	0.0	9
5W3N	68	0.0	9
5W3N	69	0.0	9
5W3N	70	0.0	9
5W3N	71	0.0	9
5W3N	72	0.0	9
5W3N	73	0.0	9
5W3N	74	0.0	9
5W3N	75	0.0	9
5W3N	76	0.0	9
5W3N	77	0.0	9
5W3N	78	0.0	9
5W3N	79	0.0	9
5W3N	80	0.0	9
5W3N	81	0.0	9
5W3N	82	0.0	9
5W3N	83	0.0	9
5W3N	84	0.0	9
5W3N	85	0.0	9
5W3N	86	0.0	9
5W3N	87	0.0	9
5W3N	88	0.0	9
5W3N	89	0.0	9
5W3N	90	0.0	9
5W3N	91	0.0	9
5W3N	92	0.0	9
5W3N	93	0.0	9
5W3N	94	0.0	9
5W3N	95	0.0	9
5W3N	96	0.0	9
5W3N	97	0.0	9
6A6B	37	164.541	12
6A6B	38	162.132	12
6A6B	39	156.948	12
6A6B	40	151.718	12
6A6B	41	146.322	12
6A6B	42	144.69	12
6A6B	43	131.062	12
6A6B	44	116.761	12
6A6B	45	101.616	12
6A6B	46	103.387	12
6A6B	47	92.132	12
6A6B	48	89.434	12
6A6B	49	82.64	12
6A6B	50	83.23	12
6A6B	51	74.675	12
6A6B	52	73.838	12
6A6B	53	74.524	12
6A6B	54	80.641	12
6A6B	55	85.341	12
6A6B	56	84.357	12
6A6B	57	95.507	12
6A6B	58	89.741	12
6A6B	59	91.018	12
6A6B	60	88.287	12
6A6B	61	93.709	12
6A6B	62	96.795	12
6A6B	63	94.282	12
6A6B	64	100.796	12
6A6B	65	102.619	12
6A6B	66	103.439	12
6A6B	67	101.646	12
6A6B	68	102.618	12
6A6B	69	106.341	12
6A6B	70	97.112	12
6A6B	71	92.354	12
6A6B	72	90.474	12
6A6B	73	87.158	12
6A6B	74	84.961	12
6A6B	75	89.346	12
6A6B	76	91.341	12
6A6B	77	90.947	12
6A6B	78	95.637	12
6A6B	79	98.258	12
6A6B	80	98.126	12
6A6B	81	101.924	12
6A6B	82	101.997	12
6A6B	83	106.33	12
6A6B	84	110.265	12
6A6B	85	108.626	12
6A6B	86	105.323	12
6A6B	87	110.672	12
6A6B	88	100.201	12
6A6B	89	99.563	12
6A6B	90	102.235	12
6A6B	91	105.062	12
6A6B	92	113.454	12
6A6B	93	116.436	12
6A6B	94	125.922	12
6A6B	95	126.563	12
6A6B	96	131.911	12
6A6B	97	148.035	12
6A6B	98	159.451	12
6A6B	99	163.221	12
6CU7	38	106.812	10
6CU7	39	107.043	10
6CU7	40	98.726	10
6CU7	41	95.423	10
6CU7	42	99.324	10
6CU7	43	91.146	10
6CU7	44	87.183	10
6CU7	45	92.699	10
6CU7	46	101.75	10
6CU7	47	99.906	10
6CU7	48	99.735	10
6CU7	49	98.215	10
6CU7	50	91.07	10
6CU7	51	88.86	10
6CU7	52	86.07	10
6CU7	53	86.051	10
6CU7	54	91.388	10
6CU7	55	91.281	10
6CU7	56	91.954	10
6CU7	57	98.288	10
6CU7	58	99.12	10
6CU7	59	103.247	10
6CU7	60	103.697	10
6CU7	61	109.369	10
6CU7	62	109.857	10
6CU7	63	104.933	10
6CU7	64	108.418	10
6CU7	65	114.125	10
6CU7	66	113.887	10
6CU7	67	114.729	10
6CU7	68	112.895	10
6CU7	69	110.12	10
6CU7	70	109.918	10
6CU7	71	110.453	10
6CU7	72	107.017	10
6CU7	73	106.96	10
6CU7	74	110.241	10
6CU7	75	110.688	10
6CU7	76	106.541	10
6CU7	77	107.966	10
6CU7	78	110.87	10
6CU7	79	102.022	10
6CU7	80	102.999	10
6CU7	81	108.776	10
6CU7	82	109.406	10
6CU7	83	112.994	10
6CU7	84	109.718	10
6CU7	85	106.815	10
6CU7	86	102.531	10
6CU7	87	96.292	10
6CU7	88	97.525	10
6CU7	89	105.071	10
6CU7	90	110.315	10
6CU7	91	118.308	10
6CU7	92	122.367	10
6CU7	93	125.21	10
6CU7	94	128.558	10
6CU7	95	128.43	10
6CU7	96	126.258	10
6CU7	97	120.2	10
6CU8	43	96.298	10
6CU8	44	93.59	10
6CU8	45	89.066	10
6CU8	46	81.65	10
6CU8	47	78.598	10
6CU8	48	79.085	10
6CU8	49	81.189	10
6CU8	50	89.015	10
6CU8	51	92.453	10
6CU8	52	91.361	10
6CU8	53	90.087	10
6CU8	54	84.976	10
6CU8	55	78.317	10
6CU8	56	74.423	10
6CU8	57	74.917	10
6CU8	58	75.765	10
6CU8	59	74.44	10
6CU8	60	71.18	10
6CU8	61	67.046	10
6CU8	62	62.516	10
6CU8	63	56.535	10
6CU8	64	55.441	10
6CU8	65	55.298	10
6CU8	66	54.146	10
6CU8	67	53.33	10
6CU8	68	54.778	10
6CU8	69	54.66	10
6CU8	70	58.24	10
6CU8	71	59.435	10
6CU8	72	62.074	10
6CU8	73	64.273	10
6CU8	74	69.579	10
6CU8	75	71.097	10
6CU8	76	67.618	10
6CU8	77	62.857	10
6CU8	78	62.345	10
6CU8	79	62.672	10
6CU8	80	61.005	10
6CU8	81	66.122	10
6CU8	82	68.08	10
6CU8	83	73.384	10
6DSO	2	70.547	12
6DSO	3	68.25	12
6DSO	4	66.855	12
6DSO	5	64.945	12
6DSO	6	67.772	12
6DSO	7	66.653	12
6DSO	8	70.915	12
6DSO	9	74.592	12
6DSO	10	74.595	12
6DSO	11	74.312	12
6DSO	12	75.788	12
6DSO	13	77.902	12
6DSO	14	80.93	12
6DSO	15	81.45	12
6DSO	16	83.253	12
6DSO	17	78.873	12
6DSO	18	73.115	12
6DSO	19	76.125	12
6DSO	20	74.902	12
6DSO	21	79.5	12
6DSO	22	82.428	12
6DSO	23	88.57	12
6DSO	24	90.207	12
6DSO	25	92.073	12
6DSO	26	93.165	12
6DSO	27	89.253	12
6DSO	28	86.723	12
6DSO	29	85.987	12
6DSO	30	90.472	12
6DSO	31	92.598	12
6DSO	32	94.235	12
6DSO	33	92.42	12
6DSO	34	86.978	12
6DSO	35	86.335	12
6DSO	36	82.543	12
6DSO	37	87.258	12
6DSO	38	89.153	12
6DSO	39	91.973	12
6DSO	40	89.828	12
6DSO	41	90.172	12
6DSO	42	89.492	12
6DSO	43	87.035	12
6DSO	44	83.775	12
6DSO	45	80.5	12
6DSO	46	82.99	12
6DSO	47	79.435	12
6DSO	48	78.76	12
6DSO	49	78.227	12
6DSO	50	77.225	12
6DSO	51	73.18	12
6DSO	52	70.768	12
6DSO	53	71.56	12
6DSO	54	69.72	12
6DSO	55	71.963	12
6DSO	56	73.808	12
6DSO	57	74.22	12
6DSO	58	73.19	12
6DSO	59	73.615	12
6DSO	60	75.397	12
6DSO	61	74.833	12
6DSO	62	75.267	12
6DSO	63	76.875	12
6DSO	64	76.292	12
6DSO	65	74.553	12
6DSO	66	76.888	12
6DSO	67	77.67	12
6DSO	68	79.112	12
6DSO	69	80.333	12
6DSO	70	84.535	12
6GK3	22	184.517	8
6GK3	23	185.03	8
6GK3	24	188.18	8
6GK3	25	183.13	8
6GK3	26	180.757	8
6GK3	27	186.012	8
6GK3	28	189.972	8
6GK3	29	188.023	8
6GK3	30	188.3	8
6GK3	31	186.157	8
6GK3	32	193.922	8
6GK3	33	201.485	8
6GK3	34	201.358	8
6GK3	35	177.183	8
6GK3	36	174.558	8
6GK3	37	159.963	8
6GK3	38	177.785	8
6GK3	39	158.947	8
6GK3	40	158.942	8
6GK3	41	151.643	8
6GK3	42	168.795	8
6GK3	43	171.618	8
6GK3	44	170.923	8
6GK3	45	172.735	8
6GK3	46	175.718	8
6GK3	47	176.637	8
6GK3	48	160.892	8
6GK3	49	170.42	8
6GK3	50	163.637	8
6GK3	51	147.39	8
6GK3	52	164.08	8
6GK3	53	182.44	8
6GK3	54	181.8	8
6GK3	55	185.188	8
6GK3	56	177.282	8
6GK3	57	183.463	8
6GK3	58	177.565	8
6GK3	59	187.132	8
6GK3	60	178.572	8
6GK3	61	181.333	8
6GK3	62	174.0	8
6GK3	63	170.002	8
6GK3	64	166.08	8
6GK3	65	165.95	8
6GK3	66	155.595	8
6GK3	67	156.87	8
6GK3	68	170.022	8
6GK3	69	177.49	8
6GK3	70	177.225	8
6GK3	71	192.078	8
6GK3	72	203.85	8
6GK3	73	223.167	8
6GK3	74	227.26	8
6GK3	75	218.498	8
6GK3	76	223.84	8
6GK3	77	210.765	8
6GK3	78	188.227	8
6GK3	79	178.29	8
6GK3	80	175.887	8
6GK3	81	172.73	8
6GK3	82	177.92	8
6GK3	83	163.238	8
6GK3	84	157.115	8
6GK3	85	169.535	8
6GX5	254	97.06	3
6GX5	255	74.05	3
6GX5	256	59.75	3
6GX5	257	58.28	3
6GX5	258	55.55	3
6GX5	259	46.87	3
6GX5	260	53.75	3
6GX5	261	60.73	3
6GX5	262	67.37	3
6GX5	263	73.55	3
6GX5	264	65.74	3
6GX5	265	55.73	3
6GX5	266	57.16	3
6GX5	267	54.35	3
6GX5	268	49.43	3
6GX5	269	44.6	3
6GX5	270	52.78	3
6GX5	271	55.29	3
6GX5	272	57.29	3
6GX5	273	52.06	3
6GX5	274	51.31	3
6GX5	306	46.9	3
6GX5	307	46.38	3
6GX5	308	40.0	3
6GX5	309	42.31	3
6GX5	310	46.85	3
6GX5	311	51.13	3
6GX5	312	49.88	3
6GX5	313	63.25	3
6GX5	314	76.05	3
6GX5	315	77.12	3
6GX5	316	83.64	3
6GX5	317	80.48	3
6GX5	318	68.88	3
6GX5	319	72.16	3
6GX5	320	84.87	3
6GX5	321	88.14	3
6GX5	322	92.66	3
6GX5	323	81.8	3
6GX5	324	96.3	3
6GX5	325	88.49	3
6GX5	326	86.31	3
6GX5	327	71.7	3
6GX5	328	63.11	3
6GX5	329	63.0	3
6GX5	330	51.88	3
6GX5	331	68.25	3
6GX5	332	74.72	3
6GX5	333	80.78	3
6GX5	334	72.47	3
6GX5	335	63.44	3
6GX5	336	66.59	3
6GX5	337	59.45	3
6GX5	338	64.88	3
6GX5	339	57.06	3
6GX5	340	63.48	3
6GX5	341	67.88	3
6GX5	342	75.32	3
6GX5	343	73.38	3
6GX5	344	71.02	3
6GX5	345	82.72	3
6GX5	346	76.51	3
6GX5	347	85.2	3
6GX5	348	76.87	3
6GX5	349	67.81	3
6GX5	350	55.91	3
6GX5	351	63.38	3
6GX5	352	56.58	3
6GX5	353	62.18	3
6GX5	354	52.75	3
6GX5	355	61.1	3
6GX5	356	67.32	3
6GX5	357	73.33	3
6GX5	358	78.45	3
6GX5	359	55.4	3
6GX5	360	48.68	3
6GX5	361	53.63	3
6GX5	362	44.35	3
6GX5	363	45.68	3
6GX5	364	57.12	3
6GX5	365	68.08	3
6GX5	366	66.3	3
6GX5	367	76.12	3
6GX5	368	60.35	3
6GX5	369	72.52	3
6GX5	370	70.28	3
6GX5	371	69.96	3
6GX5	372	69.75	3
6GX5	373	57.37	3
6GX5	374	54.87	3
6GX5	375	51.46	3
6GX5	376	66.4	3
6GX5	377	66.83	3
6GX5	378	78.99	3
6H6B	38	57.194	10
6H6B	39	55.926	10
6H6B	40	54.877	10
6H6B	41	53.08	10
6H6B	42	51.082	10
6H6B	43	48.019	10
6H6B	44	40.062	10
6H6B	45	32.925	10
6H6B	46	32.481	10
6H6B	47	29.207	10
6H6B	48	28.19	10
6H6B	49	24.652	10
6H6B	50	24.053	10
6H6B	51	23.397	10
6H6B	52	23.174	10
6H6B	53	22.963	10
6H6B	54	23.5	10
6H6B	55	22.963	10
6H6B	56	22.252	10
6H6B	57	22.543	10
6H6B	58	21.504	10
6H6B	59	21.873	10
6H6B	60	20.745	10
6H6B	61	21.481	10
6H6B	62	19.882	10
6H6B	63	19.901	10
6H6B	64	20.679	10
6H6B	65	23.238	10
6H6B	66	23.74	10
6H6B	67	24.619	10
6H6B	68	24.814	10
6H6B	69	26.351	10
6H6B	70	24.437	10
6H6B	71	26.176	10
6H6B	72	25.547	10
6H6B	73	26.96	10
6H6B	74	26.527	10
6H6B	75	25.466	10
6H6B	76	24.076	10
6H6B	77	25.439	10
6H6B	78	25.219	10
6H6B	79	27.291	10
6H6B	80	30.667	10
6H6B	81	33.319	10
6H6B	82	34.493	10
6H6B	83	36.428	10
6H6B	84	34.58	10
6H6B	85	33.094	10
6H6B	86	30.207	10
6H6B	87	28.924	10
6H6B	88	26.587	10
6H6B	89	27.291	10
6H6B	90	27.194	10
6H6B	91	27.775	10
6H6B	92	29.724	10
6H6B	93	28.936	10
6H6B	94	31.755	10
6H6B	95	32.72	10
6HRE	304	140.28	6
6HRE	305	126.17	6
6HRE	306	113.5	6
6HRE	307	94.34	6
6HRE	308	85.02	6
6HRE	309	75.76	6
6HRE	310	77.34	6
6HRE	311	78.47	6
6HRE	312	85.17	6
6HRE	313	87.67	6
6HRE	314	99.51	6
6HRE	315	96.14	6
6HRE	316	90.27	6
6HRE	317	86.22	6
6HRE	318	67.43	6
6HRE	319	72.37	6
6HRE	320	70.47	6
6HRE	321	69.6	6
6HRE	322	65.65	6
6HRE	323	66.96	6
6HRE	324	73.27	6
6HRE	325	79.14	6
6HRE	326	83.44	6
6HRE	327	71.57	6
6HRE	328	56.12	6
6HRE	329	51.14	6
6HRE	330	45.81	6
6HRE	331	45.55	6
6HRE	332	45.87	6
6HRE	333	46.19	6
6HRE	334	44.7	6
6HRE	335	41.39	6
6HRE	336	38.47	6
6HRE	337	42.79	6
6HRE	338	51.73	6
6HRE	339	51.71	6
6HRE	340	64.12	6
6HRE	341	74.78	6
6HRE	342	90.09	6
6HRE	343	85.33	6
6HRE	344	81.01	6
6HRE	345	78.41	6
6HRE	346	71.49	6
6HRE	347	80.55	6
6HRE	348	82.63	6
6HRE	349	77.89	6
6HRE	350	61.88	6
6HRE	351	64.83	6
6HRE	352	58.95	6
6HRE	353	57.16	6
6HRE	354	54.34	6
6HRE	355	52.55	6
6HRE	356	57.03	6
6HRE	357	53.31	6
6HRE	358	52.3	6
6HRE	359	39.76	6
6HRE	360	40.4	6
6HRE	361	40.76	6
6HRE	362	39.51	6
6HRE	363	39.28	6
6HRE	364	39.01	6
6HRE	365	42.32	6
6HRE	366	43.57	6
6HRE	367	45.03	6
6HRE	368	49.36	6
6HRE	369	49.83	6
6HRE	370	49.45	6
6HRE	371	51.63	6
6HRE	372	57.64	6
6HRE	373	57.08	6
6HRE	374	63.66	6
6HRE	375	68.07	6
6HRE	376	72.97	6
6HRE	377	87.93	6
6HRE	378	99.64	6
6HRE	379	127.09	6
6HRE	380	138.27	6
6HRF	304	103.34	6
6HRF	305	99.34	6
6HRF	306	77.34	6
6HRF	307	85.64	6
6HRF	308	65.84	6
6HRF	309	70.29	6
6HRF	310	67.27	6
6HRF	311	76.01	6
6HRF	312	69.72	6
6HRF	313	82.09	6
6HRF	314	85.71	6
6HRF	315	92.71	6
6HRF	316	88.35	6
6HRF	317	74.57	6
6HRF	318	50.58	6
6HRF	319	48.03	6
6HRF	320	43.74	6
6HRF	321	45.58	6
6HRF	322	45.16	6
6HRF	323	43.69	6
6HRF	324	47.68	6
6HRF	325	51.02	6
6HRF	326	62.09	6
6HRF	327	60.76	6
6HRF	328	49.74	6
6HRF	329	49.21	6
6HRF	330	48.59	6
6HRF	331	58.99	6
6HRF	332	64.1	6
6HRF	333	73.04	6
6HRF	334	75.39	6
6HRF	335	78.72	6
6HRF	336	84.73	6
6HRF	337	93.73	6
6HRF	338	92.45	6
6HRF	339	98.48	6
6HRF	340	107.81	6
6HRF	341	134.69	6
6HRF	342	138.7	6
6HRF	343	121.66	6
6HRF	344	113.75	6
6HRF	345	113.02	6
6HRF	346	104.98	6
6HRF	347	121.04	6
6HRF	348	120.74	6
6HRF	349	115.43	6
6HRF	350	89.17	6
6HRF	351	86.72	6
6HRF	352	92.8	6
6HRF	353	92.39	6
6HRF	354	100.83	6
6HRF	355	82.74	6
6HRF	356	88.25	6
6HRF	357	68.23	6
6HRF	358	75.33	6
6HRF	359	59.14	6
6HRF	360	52.33	6
6HRF	361	51.61	6
6HRF	362	47.65	6
6HRF	363	43.35	6
6HRF	364	40.91	6
6HRF	365	46.68	6
6HRF	366	45.23	6
6HRF	367	44.17	6
6HRF	368	46.1	6
6HRF	369	52.18	6
6HRF	370	53.96	6
6HRF	371	56.99	6
6HRF	372	69.87	6
6HRF	373	68.98	6
6HRF	374	67.52	6
6HRF	375	68.21	6
6HRF	376	73.1	6
6HRF	377	80.12	6
6HRF	378	98.46	6
6HRF	379	113.58	6
6HRF	380	131.75	6
6HUD	1	37.064	5
6HUD	2	32.91	5
6HUD	3	35.594	5
6HUD	4	29.792	5
6HUD	5	29.09	5
6HUD	6	28.026	5
6HUD	7	27.378	5
6HUD	8	29.826	5
6HUD	9	32.03	5
6HUD	10	39.304	5
6HUD	11	47.974	5
6HUD	12	55.4	5
6HUD	13	55.92	5
6HUD	14	58.146	5
6HUD	15	54.494	5
6HUD	16	50.336	5
6HUD	17	37.214	5
6HUD	18	29.172	5
6HUD	19	28.642	5
6HUD	20	27.064	5
6HUD	21	28.546	5
6HUD	22	34.064	5
6HUD	23	31.738	5
6HUD	24	32.534	5
6HUD	25	33.164	5
6HUD	26	32.192	5
6HUD	27	31.96	5
6HUD	28	23.726	5
6HUD	29	22.188	5
6HUD	30	19.816	5
6HUD	31	19.774	5
6HUD	32	21.724	5
6HUD	33	24.11	5
6HUD	34	27.486	5
6HUD	35	37.694	5
6HUD	36	38.494	5
6HUD	37	30.624	5
6HUD	66	43.414	5
6HUD	67	44.084	5
6HUD	68	43.104	5
6HUD	69	41.028	5
6HUD	70	36.61	5
6HUD	71	28.454	5
6HUD	72	28.31	5
6HUD	73	29.38	5
6HUD	74	32.422	5
6HUD	75	34.772	5
6HUD	76	34.986	5
6HUD	77	35.578	5
6HUD	78	33.622	5
6HUD	79	37.908	5
6HUD	80	41.722	5
6HUD	81	45.184	5
6HUD	82	55.102	5
6HUD	83	63.782	5
6HUD	84	69.004	5
6HUD	85	72.16	5
6HUD	86	69.344	5
6HUD	87	61.678	5
6HUD	88	54.998	5
6HUD	89	49.592	5
6HUD	90	45.528	5
6HUD	91	44.42	5
6HUD	92	43.094	5
6HUD	93	45.194	5
6HUD	94	43.338	5
6HUD	95	48.008	5
6HUD	96	51.332	5
6HUD	97	52.772	5
6HUD	98	53.474	5
6HUD	99	55.98	5
6HUD	100	55.602	5
6HUD	101	52.778	5
6HUD	102	51.49	5
6HUD	103	45.726	5
6HUD	104	42.93	5
6HUD	105	44.214	5
6IC3	15	109.39	8
6IC3	16	110.207	8
6IC3	17	105.756	8
6IC3	18	98.569	8
6IC3	19	98.044	8
6IC3	20	95.045	8
6IC3	21	98.804	8
6IC3	22	97.315	8
6IC3	23	100.229	8
6IC3	24	101.504	8
6IC3	25	105.499	8
6IC3	26	101.521	8
6IC3	27	103.141	8
6IC3	28	105.328	8
6IC3	29	103.965	8
6IC3	30	106.056	8
6IC3	31	110.545	8
6IC3	32	106.203	8
6IC3	33	105.096	8
6IC3	34	105.711	8
6IC3	35	109.391	8
6IC3	36	114.735	8
6IC3	37	115.106	8
6IC3	38	112.825	8
6IC3	39	113.877	8
6IC3	40	117.926	8
6IC3	41	114.683	8
6IC3	42	116.124	8
6IC3	43	115.105	8
6IC3	44	114.424	8
6IC3	45	114.574	8
6IC3	46	112.696	8
6IC3	47	112.957	8
6IC3	48	113.429	8
6IC3	49	118.002	8
6IC3	50	122.998	8
6IC3	51	118.023	8
6IC3	52	114.516	8
6IC3	53	116.079	8
6IC3	54	112.632	8
6IC3	55	114.616	8
6IC3	56	115.525	8
6IC3	57	115.498	8
6IC3	58	111.108	8
6IC3	59	109.12	8
6IC3	60	107.683	8
6IC3	61	108.694	8
6IC3	62	105.521	8
6IC3	63	104.565	8
6IC3	64	104.369	8
6IC3	65	103.394	8
6IC3	66	107.055	8
6IC3	67	111.219	8
6IC3	68	111.539	8
6IC3	69	119.136	8
6IC3	70	119.529	8
6IC3	71	117.521	8
6IC3	72	114.639	8
6IC3	73	111.479	8
6IC3	74	112.92	8
6IC3	75	114.004	8
6IC3	76	115.694	8
6IC3	77	118.52	8
6IC3	78	121.745	8
6IC3	79	122.164	8
6IC3	80	123.046	8
6IC3	81	123.168	8
6IC3	82	126.084	8
6IC3	83	122.154	8
6IC3	84	121.411	8
6IC3	85	115.157	8
6IC3	86	110.804	8
6IC3	87	104.381	8
6IC3	88	103.397	8
6IC3	89	102.665	8
6IC3	90	106.309	8
6IC3	91	109.195	8
6IC3	92	108.101	8
6IC3	93	108.089	8
6IC3	94	100.354	8
6IC3	95	98.85	8
6IC3	96	98.66	8
6IC3	97	101.161	8
6IC3	98	108.041	8
6IC3	99	116.751	8
6IC3	100	117.81	8
6IC3	101	122.191	8
6IC3	102	125.718	8
6IC3	103	127.43	8
6IC3	104	128.165	8
6IC3	105	126.804	8
6JPD	441	0.0	5
6JPD	442	0.0	5
6JPD	443	0.0	5
6JPD	444	0.0	5
6JPD	445	0.0	5
6JPD	446	0.0	5
6JPD	447	0.0	5
6JPD	448	0.0	5
6JPD	449	0.0	5
6JPD	450	0.0	5
6JPD	451	0.0	5
6JPD	452	0.0	5
6JPD	453	0.0	5
6JPD	454	0.0	5
6JPD	455	0.0	5
6JPD	456	0.0	5
6JPD	457	0.0	5
6JPD	458	0.0	5
6JPD	459	0.0	5
6JPD	460	0.0	5
6JPD	461	0.0	5
6L4S	45	199.463	6
6L4S	46	202.235	6
6L4S	47	201.295	6
6L4S	48	196.818	6
6L4S	49	191.888	6
6L4S	50	194.208	6
6L4S	51	178.495	6
6L4S	52	163.915	6
6L4S	53	157.742	6
6L4S	54	155.607	6
6L4S	55	155.12	6
6L4S	56	157.212	6
6L4S	57	168.785	6
6L4S	58	170.665	6
6L4S	59	164.743	6
6L4S	60	162.045	6
6L4S	61	163.665	6
6L4S	62	152.55	6
6L4S	63	140.923	6
6L4S	64	141.835	6
6L4S	65	134.353	6
6L4S	66	131.035	6
6L4S	67	131.847	6
6L4S	68	130.798	6
6L4S	69	132.315	6
6L4S	70	131.39	6
6L4S	71	133.66	6
6L4S	72	131.49	6
6L4S	73	127.553	6
6L4S	74	122.177	6
6L4S	75	120.462	6
6L4S	76	111.832	6
6L4S	77	107.23	6
6L4S	78	109.417	6
6L4S	79	118.563	6
6L4S	80	126.647	6
6L4S	81	139.35	6
6L4S	82	146.21	6
6L4S	83	160.987	6
6L4S	84	167.01	6
6L4S	85	169.438	6
6L4S	86	161.16	6
6L4S	87	152.385	6
6L4S	88	143.267	6
6L4S	89	138.953	6
6L4S	90	129.597	6
6L4S	91	132.162	6
6L4S	92	130.617	6
6L4S	93	130.853	6
6L4S	94	132.885	6
6L4S	95	129.618	6
6L4S	96	139.443	6
6L4S	97	153.01	6
6L4S	98	173.943	6
6L4S	99	181.812	6
6LNI	148	119.086	10
6LNI	149	115.672	10
6LNI	150	109.773	10
6LNI	151	104.213	10
6LNI	152	98.4	10
6LNI	153	90.945	10
6LNI	154	85.491	10
6LNI	155	83.065	10
6LNI	156	80.646	10
6LNI	157	77.198	10
6LNI	158	72.976	10
6LNI	159	72.179	10
6LNI	160	72.56	10
6LNI	161	74.268	10
6LNI	162	73.72	10
6LNI	163	73.758	10
6LNI	164	73.505	10
6LNI	165	73.409	10
6LNI	166	72.187	10
6LNI	167	71.234	10
6LNI	168	72.811	10
6LNI	169	74.022	10
6LNI	170	74.462	10
6LNI	171	75.341	10
6LNI	172	73.298	10
6LNI	173	71.77	10
6LNI	174	75.322	10
6LNI	175	75.047	10
6LNI	176	75.633	10
6LNI	177	79.003	10
6LNI	178	83.533	10
6LNI	179	83.602	10
6LNI	180	86.066	10
6LNI	181	84.727	10
6LNI	182	85.687	10
6LNI	183	86.397	10
6LNI	184	86.15	10
6LNI	185	85.268	10
6LNI	186	81.967	10
6LNI	187	76.103	10
6LNI	188	75.442	10
6LNI	189	77.129	10
6LNI	190	73.146	10
6LNI	191	74.861	10
6LNI	192	76.492	10
6LNI	193	76.648	10
6LNI	194	79.107	10
6LNI	195	81.582	10
6LNI	196	85.757	10
6LNI	197	89.673	10
6LNI	198	91.715	10
6LNI	199	91.305	10
6LNI	200	86.368	10
6LNI	201	83.164	10
6LNI	202	78.316	10
6LNI	203	77.938	10
6LNI	204	75.124	10
6LNI	205	78.195	10
6LNI	206	79.502	10
6LNI	207	81.603	10
6LRQ	37	124.375	6
6LRQ	38	127.932	6
6LRQ	39	136.507	6
6LRQ	40	142.38	6
6LRQ	41	151.48	6
6LRQ	42	157.842	6
6LRQ	43	147.637	6
6LRQ	44	127.813	6
6LRQ	45	99.462	6
6LRQ	46	94.053	6
6LRQ	47	88.085	6
6LRQ	48	87.26	6
6LRQ	49	89.237	6
6LRQ	50	88.428	6
6LRQ	51	86.897	6
6LRQ	52	80.412	6
6LRQ	53	78.525	6
6LRQ	54	70.747	6
6LRQ	55	68.078	6
6LRQ	56	63.202	6
6LRQ	57	66.133	6
6LRQ	58	60.83	6
6LRQ	59	60.672	6
6LRQ	60	60.257	6
6LRQ	61	59.768	6
6LRQ	62	55.397	6
6LRQ	63	52.648	6
6LRQ	64	53.568	6
6LRQ	65	58.17	6
6LRQ	66	59.453	6
6LRQ	67	62.185	6
6LRQ	68	62.957	6
6LRQ	69	57.435	6
6LRQ	70	56.892	6
6LRQ	71	57.09	6
6LRQ	72	56.042	6
6LRQ	73	56.717	6
6LRQ	74	56.143	6
6LRQ	75	56.127	6
6LRQ	76	57.65	6
6LRQ	77	58.557	6
6LRQ	78	63.785	6
6LRQ	79	73.615	6
6LRQ	80	78.732	6
6LRQ	81	79.448	6
6LRQ	82	80.76	6
6LRQ	83	86.533	6
6LRQ	84	93.482	6
6LRQ	85	95.655	6
6LRQ	86	94.348	6
6LRQ	87	91.247	6
6LRQ	88	88.385	6
6LRQ	89	77.818	6
6LRQ	90	80.782	6
6LRQ	91	76.817	6
6LRQ	92	78.503	6
6LRQ	93	81.448	6
6LRQ	94	97.41	6
6LRQ	95	94.278	6
6LRQ	96	94.658	6
6LRQ	97	100.542	6
6LRQ	98	108.397	6
6LRQ	99	109.24	6
6MST	2	11.917	12
6MST	3	10.493	12
6MST	4	9.848	12
6MST	5	10.311	12
6MST	6	10.56	12
6MST	7	13.791	12
6MST	8	17.855	12
6MST	9	24.515	12
6MST	10	22.923	12
6MST	11	22.172	12
6MST	12	26.56	12
6MST	13	23.373	12
6MST	14	22.753	12
6MST	15	24.33	12
6MST	16	19.05	12
6MST	17	15.925	12
6MST	18	11.866	12
6MST	19	11.789	12
6MST	20	10.18	12
6MST	21	10.348	12
6MST	22	10.933	12
6MST	23	12.175	12
6MST	24	12.915	12
6MST	25	12.088	12
6MST	26	13.071	12
6MST	27	10.277	12
6MST	28	9.047	12
6MST	29	9.248	12
6MST	30	9.175	12
6MST	31	10.028	12
6MST	32	10.876	12
6MST	33	15.602	12
6MST	34	19.266	12
6MST	35	20.98	12
6MST	36	20.205	12
6MST	37	22.648	12
6MST	38	24.146	12
6MST	39	28.981	12
6MST	40	25.733	12
6MST	41	25.749	12
6MST	42	30.383	12
6MST	43	31.02	12
6MST	44	29.977	12
6MST	45	29.243	12
6MST	46	28.318	12
6MST	47	22.957	12
6MST	48	19.056	12
6MST	49	16.728	12
6MST	50	13.388	12
6MST	51	12.162	12
6MST	52	12.083	12
6MST	53	14.1	12
6MST	54	15.071	12
6MST	55	18.649	12
6N37	312	75.71	10
6N37	313	79.46	10
6N37	314	80.02	10
6N37	315	79.31	10
6N37	316	76.67	10
6N37	317	70.8	10
6N37	318	67.29	10
6N37	319	68.6	10
6N37	320	70.99	10
6N37	321	76.15	10
6N37	322	80.24	10
6N37	323	83.83	10
6N37	324	85.34	10
6N37	325	86.3	10
6N37	326	87.98	10
6N37	327	88.04	10
6N37	328	85.61	10
6N37	329	79.03	10
6N37	330	75.37	10
6N37	331	70.1	10
6N37	332	67.92	10
6N37	333	66.86	10
6N37	334	71.57	10
6N37	335	76.16	10
6N37	336	82.93	10
6N37	337	80.67	10
6N37	338	81.23	10
6N37	339	80.31	10
6N37	340	73.25	10
6N37	341	66.79	10
6N37	342	64.03	10
6N37	343	67.61	10
6N37	344	69.97	10
6N37	345	71.6	10
6N37	346	76.89	10
6N37	347	78.81	10
6N3A	311	91.93	10
6N3A	312	93.12	10
6N3A	313	93.95	10
6N3A	314	95.23	10
6N3A	315	98.1	10
6N3A	316	101.22	10
6N3A	317	105.81	10
6N3A	318	105.67	10
6N3A	319	109.46	10
6N3A	320	113.59	10
6N3A	321	120.59	10
6N3A	322	123.62	10
6N3A	323	128.9	10
6N3A	324	131.31	10
6N3A	325	136.85	10
6N3A	326	138.51	10
6N3A	327	139.1	10
6N3A	328	134.49	10
6N3A	329	127.66	10
6N3A	330	123.03	10
6N3A	331	122.41	10
6N3A	332	119.95	10
6N3A	333	119.62	10
6N3A	334	116.1	10
6N3A	335	120.48	10
6N3A	336	118.94	10
6N3A	337	112.63	10
6N3A	338	117.04	20
6N3A	339	116.185	20
6N3A	340	112.785	20
6N3A	341	109.845	20
6N3A	342	107.5	20
6N3A	343	108.01	20
6N3A	344	105.51	20
6N3A	345	106.115	20
6N3A	346	108.17	20
6N3A	347	110.7	20
6N3A	348	99.82	10
6N3A	349	102.01	10
6N3A	350	104.18	10
6N3A	351	102.03	10
6N3A	352	101.83	10
6N3A	353	98.89	10
6N3A	354	94.2	10
6N3A	355	87.93	10
6N3A	356	85.56	10
6N3A	357	80.19	10
6N3A	358	84.41	10
6N3A	359	84.8	10
6N3A	360	90.55	10
6N3C	288	82.19	20
6N3C	289	80.455	20
6N3C	290	81.445	20
6N3C	291	81.12	20
6N3C	292	77.58	20
6N3C	293	75.11	20
6N3C	294	73.59	20
6N3C	295	72.125	20
6N3C	296	69.2	20
6N3C	297	67.805	20
6N3C	298	63.35	20
6N3C	299	61.87	20
6N3C	300	62.72	20
6N3C	301	64.81	20
6N3C	302	65.81	20
6N3C	303	66.27	20
6N3C	304	69.49	20
6N3C	305	67.645	20
6N3C	306	68.07	20
6N3C	307	71.045	20
6N3C	308	73.825	20
6N3C	309	75.3	20
6N3C	310	76.385	20
6N3C	311	73.6	20
6N3C	312	71.055	20
6N3C	313	68.965	20
6N3C	314	66.55	20
6N3C	315	72.16	20
6N3C	316	70.47	20
6N3C	317	76.505	20
6N3C	318	79.56	20
6N3C	319	82.2	20
6NWP	305	119.85	6
6NWP	306	90.08	6
6NWP	307	79.77	6
6NWP	308	57.36	6
6NWP	309	55.26	6
6NWP	310	48.77	6
6NWP	311	56.05	6
6NWP	312	43.66	6
6NWP	313	48.79	6
6NWP	314	56.2	6
6NWP	315	57.51	6
6NWP	316	53.22	6
6NWP	317	37.04	6
6NWP	318	33.35	6
6NWP	319	39.9	6
6NWP	320	28.14	6
6NWP	321	32.13	6
6NWP	322	32.01	6
6NWP	323	29.74	6
6NWP	324	31.52	6
6NWP	325	25.76	6
6NWP	326	19.41	6
6NWP	327	21.91	6
6NWP	328	22.97	6
6NWP	329	18.86	6
6NWP	330	19.02	6
6NWP	331	24.43	6
6NWP	332	26.48	6
6NWP	333	30.99	6
6NWP	334	35.83	6
6NWP	335	45.26	6
6NWP	336	48.75	6
6NWP	337	43.69	6
6NWP	338	42.26	6
6NWP	339	42.19	6
6NWP	340	49.1	6
6NWP	341	56.49	6
6NWP	342	60.89	6
6NWP	343	53.85	6
6NWP	344	48.77	6
6NWP	345	58.18	6
6NWP	346	52.69	6
6NWP	347	64.6	6
6NWP	348	64.25	6
6NWP	349	53.4	6
6NWP	350	45.88	6
6NWP	351	42.3	6
6NWP	352	37.74	6
6NWP	353	35.38	6
6NWP	354	35.57	6
6NWP	355	32.83	6
6NWP	356	33.53	6
6NWP	357	36.48	6
6NWP	358	41.68	6
6NWP	359	33.0	6
6NWP	360	31.73	6
6NWP	361	26.87	6
6NWP	362	27.81	6
6NWP	363	29.49	6
6NWP	364	29.01	6
6NWP	365	21.65	6
6NWP	366	22.95	6
6NWP	367	27.97	6
6NWP	368	25.51	6
6NWP	369	32.31	6
6NWP	370	36.56	6
6NWP	371	40.9	6
6NWP	372	46.63	6
6NWP	373	46.08	6
6NWP	374	43.3	6
6NWP	375	53.41	6
6NWP	376	54.75	6
6NWP	377	58.9	6
6NWP	378	70.54	6
6NWP	379	99.96	6
6NWQ	305	264.12	6
6NWQ	306	270.82	6
6NWQ	307	260.06	6
6NWQ	308	257.21	6
6NWQ	309	249.07	6
6NWQ	310	234.9	6
6NWQ	311	225.24	6
6NWQ	312	218.15	6
6NWQ	313	210.14	6
6NWQ	314	194.06	6
6NWQ	315	183.0	6
6NWQ	316	162.97	6
6NWQ	317	140.97	6
6NWQ	318	112.93	6
6NWQ	319	101.49	6
6NWQ	320	90.67	6
6NWQ	321	93.98	6
6NWQ	322	87.48	6
6NWQ	323	89.72	6
6NWQ	324	78.04	6
6NWQ	325	67.1	6
6NWQ	326	63.68	6
6NWQ	327	59.37	6
6NWQ	328	46.72	6
6NWQ	329	48.57	6
6NWQ	330	40.56	6
6NWQ	331	36.71	6
6NWQ	332	32.88	6
6NWQ	333	35.05	6
6NWQ	334	34.22	6
6NWQ	335	35.58	6
6NWQ	336	41.64	6
6NWQ	337	44.01	6
6NWQ	338	50.36	6
6NWQ	339	52.88	6
6NWQ	340	59.8	6
6NWQ	341	69.97	6
6NWQ	342	78.42	6
6NWQ	343	75.5	6
6NWQ	344	69.81	6
6NWQ	345	76.56	6
6NWQ	346	84.24	6
6NWQ	347	80.09	6
6NWQ	348	88.38	6
6NWQ	349	88.87	6
6NWQ	350	67.06	6
6NWQ	351	67.3	6
6NWQ	352	52.63	6
6NWQ	353	43.15	6
6NWQ	354	42.58	6
6NWQ	355	44.9	6
6NWQ	356	49.35	6
6NWQ	357	51.23	6
6NWQ	358	56.18	6
6NWQ	359	47.63	6
6NWQ	360	49.04	6
6NWQ	361	49.21	6
6NWQ	362	45.77	6
6NWQ	363	44.71	6
6NWQ	364	47.69	6
6NWQ	365	62.9	6
6NWQ	366	72.52	6
6NWQ	367	85.97	6
6NWQ	368	84.58	6
6NWQ	369	100.05	6
6NWQ	370	115.51	6
6NWQ	371	132.47	6
6NWQ	372	154.1	6
6NWQ	373	177.4	6
6NWQ	374	172.07	6
6NWQ	375	178.0	6
6NWQ	376	179.4	6
6NWQ	377	210.62	6
6NWQ	378	234.92	6
6NWQ	379	240.99	6
6NZN	33	35.234	8
6NZN	34	45.626	8
6NZN	35	42.791	8
6NZN	36	37.136	8
6NZN	37	29.144	8
6NZN	38	40.915	8
6NZN	39	46.502	8
6NZN	40	36.116	8
6NZN	41	44.89	8
6NZN	42	35.44	8
6NZN	43	45.455	8
6NZN	44	33.59	8
6NZN	45	37.419	8
6NZN	46	34.03	8
6NZN	47	46.752	8
6NZN	48	51.561	8
6NZN	49	42.826	8
6NZN	50	37.881	8
6NZN	51	28.695	8
6NZN	52	48.961	8
6NZN	53	43.784	8
6NZN	54	36.011	8
6NZN	55	32.701	8
6NZN	56	35.171	8
6NZN	57	44.834	8
6NZN	58	49.428	8
6NZN	59	33.992	8
6NZN	60	39.205	8
6NZN	61	48.29	8
6OSJ	37	81.833	10
6OSJ	38	80.321	10
6OSJ	39	77.059	10
6OSJ	40	75.906	10
6OSJ	41	71.538	10
6OSJ	42	64.991	10
6OSJ	43	61.495	10
6OSJ	44	55.579	10
6OSJ	45	48.438	10
6OSJ	46	45.559	10
6OSJ	47	42.213	10
6OSJ	48	38.153	10
6OSJ	49	34.77	10
6OSJ	50	32.902	10
6OSJ	51	30.369	10
6OSJ	52	27.516	10
6OSJ	53	25.112	10
6OSJ	54	25.111	10
6OSJ	55	26.254	10
6OSJ	56	29.692	10
6OSJ	57	33.424	10
6OSJ	58	36.311	10
6OSJ	59	37.424	10
6OSJ	60	37.95	10
6OSJ	61	38.196	10
6OSJ	62	39.127	10
6OSJ	63	37.112	10
6OSJ	64	38.978	10
6OSJ	65	39.672	10
6OSJ	66	41.652	10
6OSJ	67	43.015	10
6OSJ	68	41.448	10
6OSJ	69	41.084	10
6OSJ	70	41.065	10
6OSJ	71	41.819	10
6OSJ	72	43.887	10
6OSJ	73	44.012	10
6OSJ	74	43.207	10
6OSJ	75	42.081	10
6OSJ	76	37.911	10
6OSJ	77	38.5	10
6OSJ	78	39.395	10
6OSJ	79	43.104	10
6OSJ	80	43.287	10
6OSJ	81	45.557	10
6OSJ	82	46.775	10
6OSJ	83	52.182	10
6OSJ	84	53.006	10
6OSJ	85	50.962	10
6OSJ	86	49.99	10
6OSJ	87	46.772	10
6OSJ	88	44.442	10
6OSJ	89	40.946	10
6OSJ	90	40.922	10
6OSJ	91	40.478	10
6OSJ	92	44.078	10
6OSJ	93	47.569	10
6OSJ	94	53.101	10
6OSJ	95	56.411	10
6OSJ	96	62.611	10
6OSJ	97	66.213	10
6OSL	39	111.294	10
6OSL	40	108.55	10
6OSL	41	100.012	10
6OSL	42	86.691	10
6OSL	43	77.143	10
6OSL	44	73.65	10
6OSL	45	68.012	10
6OSL	46	69.158	10
6OSL	47	63.19	10
6OSL	48	60.436	10
6OSL	49	54.552	10
6OSL	50	51.296	10
6OSL	51	44.838	10
6OSL	52	42.19	10
6OSL	53	41.776	10
6OSL	54	43.062	10
6OSL	55	43.83	10
6OSL	56	45.742	10
6OSL	57	50.939	10
6OSL	58	49.771	10
6OSL	59	48.847	10
6OSL	60	48.422	10
6OSL	61	48.899	10
6OSL	62	46.879	10
6OSL	63	46.214	10
6OSL	64	48.077	10
6OSL	65	53.101	10
6OSL	66	55.14	10
6OSL	67	56.925	10
6OSL	68	59.932	10
6OSL	69	60.157	10
6OSL	70	55.981	10
6OSL	71	55.058	10
6OSL	72	52.149	10
6OSL	73	51.876	10
6OSL	74	51.566	10
6OSL	75	52.627	10
6OSL	76	53.276	10
6OSL	77	56.105	10
6OSL	78	58.375	10
6OSL	79	62.547	10
6OSL	80	67.239	10
6OSL	81	70.061	10
6OSL	82	73.772	10
6OSL	83	76.871	10
6OSL	84	77.717	10
6OSL	85	75.282	10
6OSL	86	69.516	10
6OSL	87	67.54	10
6OSL	88	64.222	10
6OSL	89	64.486	10
6OSL	90	65.661	10
6OSL	91	69.962	10
6OSL	92	72.576	10
6OSL	93	77.128	10
6OSL	94	82.213	10
6OSL	95	83.153	10
6OSL	96	83.657	10
6OSL	97	85.741	10
6OSM	37	90.478	10
6OSM	38	90.88	10
6OSM	39	90.8	10
6OSM	40	81.255	10
6OSM	41	71.925	10
6OSM	42	61.65	10
6OSM	43	55.315	10
6OSM	44	51.124	10
6OSM	45	45.398	10
6OSM	46	49.065	10
6OSM	47	43.941	10
6OSM	48	39.072	10
6OSM	49	38.214	10
6OSM	50	39.324	10
6OSM	51	31.666	10
6OSM	52	29.84	10
6OSM	53	26.36	10
6OSM	54	26.105	10
6OSM	55	30.988	10
6OSM	56	36.455	10
6OSM	57	48.599	10
6OSM	58	51.729	10
6OSM	59	54.97	10
6OSM	60	54.261	10
6OSM	61	53.436	10
6OSM	62	53.204	10
6OSM	63	50.534	10
6OSM	64	51.615	10
6OSM	65	50.16	10
6OSM	66	57.128	10
6OSM	67	60.252	10
6OSM	68	55.862	10
6OSM	69	45.828	10
6OSM	70	38.813	10
6OSM	71	34.362	10
6OSM	72	36.481	10
6OSM	73	38.647	10
6OSM	74	40.122	10
6OSM	75	39.599	10
6OSM	76	39.042	10
6OSM	77	40.678	10
6OSM	78	44.881	10
6OSM	79	51.299	10
6OSM	80	57.912	10
6OSM	81	63.135	10
6OSM	82	60.933	10
6OSM	83	65.15	10
6OSM	84	67.27	10
6OSM	85	61.478	10
6OSM	86	57.501	10
6OSM	87	56.221	10
6OSM	88	59.718	10
6OSM	89	62.299	10
6OSM	90	70.111	10
6OSM	91	74.457	10
6OSM	92	79.532	10
6OSM	93	85.029	10
6OSM	94	89.851	10
6OSM	95	85.315	10
6OSM	96	86.046	10
6PEO	36	93.808	5
6PEO	37	91.638	5
6PEO	38	88.452	5
6PEO	39	90.182	5
6PEO	40	87.972	5
6PEO	41	89.41	5
6PEO	42	91.238	5
6PEO	43	89.924	5
6PEO	44	85.352	5
6PEO	45	83.704	5
6PEO	46	84.944	5
6PEO	47	80.476	5
6PEO	48	77.356	5
6PEO	49	75.388	5
6PEO	50	74.942	5
6PEO	51	71.5	5
6PEO	52	72.484	5
6PEO	53	72.894	5
6PEO	54	76.238	5
6PEO	55	78.37	5
6PEO	56	81.682	5
6PEO	57	88.412	5
6PEO	58	91.334	5
6PEO	59	93.862	5
6PEO	60	95.002	5
6PEO	61	94.878	5
6PEO	62	91.19	5
6PEO	63	86.014	5
6PEO	64	83.556	5
6PEO	65	79.524	5
6PEO	66	78.97	5
6PEO	67	76.926	5
6PEO	68	76.214	5
6PEO	69	79.754	5
6PEO	70	78.406	5
6PEO	71	80.102	5
6PEO	72	82.126	5
6PEO	73	79.358	5
6PEO	74	77.892	5
6PEO	75	78.62	5
6PEO	76	74.512	5
6PEO	77	73.83	5
6PEO	78	74.508	5
6PEO	79	75.12	5
6PEO	80	82.096	5
6PEO	81	84.79	5
6PEO	82	85.374	5
6PEO	83	91.244	5
6PEO	84	86.064	5
6PEO	85	84.036	5
6PEO	86	82.13	5
6PEO	87	80.59	5
6PEO	88	76.962	5
6PEO	89	73.932	5
6PEO	90	74.56	5
6PEO	91	74.6	5
6PEO	92	76.864	5
6PEO	93	78.274	5
6PEO	94	81.698	5
6PEO	95	85.15	5
6PEO	96	89.706	5
6PEO	97	92.566	5
6PEO	98	95.7	5
6PEO	99	98.698	5
6PES	36	122.38	5
6PES	37	121.31	5
6PES	38	117.64	5
6PES	39	116.24	5
6PES	40	115.38	5
6PES	41	116.1	5
6PES	42	115.32	5
6PES	43	111.82	5
6PES	44	114.255	10
6PES	45	109.01	10
6PES	46	108.955	10
6PES	47	104.51	10
6PES	48	102.115	10
6PES	49	98.64	10
6PES	50	96.845	10
6PES	51	91.795	10
6PES	52	90.025	10
6PES	53	88.15	10
6PES	54	87.945	10
6PES	55	87.78	10
6PES	56	86.58	10
6PES	57	89.155	10
6PES	58	88.945	10
6PES	59	88.45	10
6PES	60	88.415	10
6PES	61	86.46	10
6PES	62	85.45	10
6PES	63	82.63	10
6PES	64	82.895	10
6PES	65	82.425	10
6PES	66	83.18	10
6PES	67	83.87	10
6PES	68	85.51	10
6PES	69	86.575	10
6PES	70	86.09	10
6PES	71	87.36	10
6PES	72	89.43	10
6PES	73	87.27	10
6PES	74	84.73	10
6PES	75	85.605	10
6PES	76	88.115	10
6PES	77	90.685	10
6PES	78	96.81	10
6PES	79	99.1	10
6PES	80	103.9	10
6PES	81	105.755	10
6PES	82	106.655	10
6PES	83	108.835	10
6PES	84	107.155	10
6PES	85	107.075	10
6PES	86	104.58	10
6PES	87	102.815	10
6PES	88	99.29	10
6PES	89	94.6	10
6PES	90	93.66	10
6PES	91	90.545	10
6PES	92	90.995	10
6PES	93	92.12	10
6PES	94	94.66	10
6PES	95	98.25	10
6PES	96	102.535	10
6PES	97	107.15	10
6PES	98	105.48	5
6PES	99	112.53	5
6QJH	272	56.28	3
6QJH	273	47.78	3
6QJH	274	42.9	3
6QJH	275	24.08	3
6QJH	276	22.59	3
6QJH	277	24.28	3
6QJH	278	25.51	3
6QJH	279	30.97	3
6QJH	280	36.23	3
6QJH	281	43.19	3
6QJH	282	36.14	3
6QJH	283	49.79	3
6QJH	284	40.13	3
6QJH	285	48.96	3
6QJH	286	32.18	3
6QJH	287	35.87	3
6QJH	288	39.68	3
6QJH	289	61.16	3
6QJH	290	82.28	3
6QJH	291	137.7	3
6QJH	292	140.0	3
6QJH	293	140.0	3
6QJH	294	140.0	3
6QJH	295	140.0	3
6QJH	296	140.0	3
6QJH	297	140.0	3
6QJH	298	140.0	3
6QJH	299	140.0	3
6QJH	300	140.0	3
6QJH	301	140.0	3
6QJH	302	140.0	3
6QJH	303	120.2	3
6QJH	304	70.52	3
6QJH	305	53.22	3
6QJH	306	38.64	3
6QJH	307	22.48	3
6QJH	308	23.75	3
6QJH	309	27.61	3
6QJH	310	21.2	3
6QJH	311	29.16	3
6QJH	312	23.14	3
6QJH	313	40.89	3
6QJH	314	59.09	3
6QJH	315	60.39	3
6QJH	316	47.27	3
6QJH	317	41.18	3
6QJH	318	38.4	3
6QJH	319	56.17	3
6QJH	320	57.23	3
6QJH	321	77.64	3
6QJH	322	63.0	3
6QJH	323	71.43	3
6QJH	324	64.93	3
6QJH	325	54.56	3
6QJH	326	76.67	3
6QJH	327	61.35	3
6QJH	328	70.1	3
6QJH	329	78.08	3
6QJH	330	119.77	3
6QJM	274	40.37	3
6QJM	275	25.76	3
6QJM	276	20.0	3
6QJM	277	20.0	3
6QJM	278	20.0	3
6QJM	279	20.0	3
6QJM	280	29.39	3
6QJM	281	37.86	3
6QJM	282	48.36	3
6QJM	283	43.35	3
6QJM	284	34.22	3
6QJM	285	20.26	3
6QJM	286	20.0	3
6QJM	287	20.0	3
6QJM	288	21.8	3
6QJM	289	35.23	3
6QJM	290	50.5	3
6QJM	291	56.98	3
6QJM	292	60.0	3
6QJM	304	49.28	3
6QJM	305	37.98	3
6QJM	306	29.48	3
6QJM	307	20.0	3
6QJM	308	20.0	3
6QJM	309	20.0	3
6QJM	310	20.0	3
6QJM	311	22.74	3
6QJM	312	29.79	3
6QJM	313	40.69	3
6QJM	314	50.82	3
6QJM	315	41.63	3
6QJM	316	37.11	3
6QJM	317	34.18	3
6QJM	318	26.86	3
6QJM	319	33.73	3
6QJM	320	31.55	3
6QJM	321	33.2	3
6QJP	274	37.03	3
6QJP	275	26.29	3
6QJP	276	22.4	3
6QJP	277	20.0	3
6QJP	278	20.0	3
6QJP	279	28.96	3
6QJP	280	42.78	3
6QJP	281	55.72	3
6QJP	282	60.0	3
6QJP	283	60.0	3
6QJP	284	47.47	3
6QJP	285	46.54	3
6QJP	286	44.86	3
6QJP	287	46.72	3
6QJP	288	49.19	3
6QJP	289	59.21	3
6QJP	290	60.0	3
6QJP	304	39.84	3
6QJP	305	44.31	3
6QJP	306	41.75	3
6QJP	307	22.83	3
6QJP	308	20.0	3
6QJP	309	20.0	3
6QJP	310	20.0	3
6QJP	311	20.0	3
6QJP	312	20.0	3
6QJP	313	32.13	3
6QJP	314	49.55	3
6QJP	315	55.3	3
6QJP	316	59.29	3
6QJP	317	60.0	3
6QJP	318	52.92	3
6QJP	319	48.06	3
6QJP	320	46.3	3
6QJP	321	48.93	3
6QJQ	303	136.2	3
6QJQ	304	127.23	3
6QJQ	305	120.755	6
6QJQ	306	94.585	6
6QJQ	307	83.215	6
6QJQ	308	65.35	6
6QJQ	309	66.09	6
6QJQ	310	73.32	6
6QJQ	311	87.64	6
6QJQ	312	97.43	6
6QJQ	313	103.93	6
6QJQ	314	106.55	6
6QJQ	315	110.34	6
6QJQ	316	111.215	6
6QJQ	317	90.555	6
6QJQ	318	78.95	6
6QJQ	319	74.885	6
6QJQ	320	73.815	6
6QJQ	321	83.475	6
6QJQ	322	90.585	6
6QJQ	323	98.915	6
6QJQ	324	105.085	6
6QJQ	325	104.405	6
6QJQ	326	101.15	6
6QJQ	327	100.545	6
6QJQ	328	99.115	6
6QJQ	329	117.71	6
6QJQ	330	140.57	6
6R4R	1	30.0	7
6R4R	2	30.0	7
6R4R	3	30.0	7
6R4R	4	30.0	7
6R4R	5	30.0	7
6R4R	6	30.0	7
6R4R	7	30.0	7
6R4R	8	30.0	7
6R4R	9	30.0	7
6R4R	10	30.0	7
6R4R	11	30.0	7
6R4R	12	30.0	7
6R4R	13	30.0	7
6R4R	14	30.0	7
6R4R	15	30.0	7
6R4R	16	30.0	7
6R4R	17	30.0	7
6R4R	18	30.0	7
6R4R	19	30.0	7
6R4R	20	30.0	7
6R4R	21	30.0	7
6R4R	22	30.0	7
6R4R	23	30.0	7
6R4R	24	30.0	7
6R4R	25	30.0	7
6R4R	26	30.0	7
6R4R	27	30.0	7
6R4R	28	30.0	7
6R4R	29	30.0	7
6R4R	30	30.0	7
6R4R	31	30.0	7
6R4R	32	30.0	7
6R4R	33	30.0	7
6R4R	34	30.0	7
6R4R	35	30.0	7
6R4R	36	30.0	7
6R4R	37	30.0	7
6R4R	38	30.0	7
6R4R	39	30.0	7
6R4R	40	30.0	7
6R4R	41	30.0	7
6R4R	42	30.0	7
6R4R	43	30.0	7
6R4R	44	30.0	7
6R4R	45	30.0	7
6R4R	46	30.0	7
6R4R	47	30.0	7
6R4R	48	30.0	7
6R4R	49	30.0	7
6R4R	50	30.0	7
6R4R	51	30.0	7
6R4R	52	30.0	7
6R4R	53	30.0	7
6R4R	54	30.0	7
6R4R	55	30.0	7
6R4R	56	30.0	7
6R4R	57	30.0	7
6R4R	58	30.0	7
6R4R	59	30.0	7
6R4R	60	30.0	7
6R4R	61	30.0	7
6R4R	62	30.0	7
6R4R	63	30.0	7
6R4R	64	30.0	7
6R4R	65	30.0	7
6R4R	66	30.0	7
6R4R	67	30.0	7
6R4R	68	30.0	7
6R4R	69	30.0	7
6R4R	70	30.0	7
6R4R	71	30.0	7
6R4R	72	30.0	7
6R4R	73	30.0	7
6R4R	74	30.0	7
6R4R	75	30.0	7
6R4R	76	30.0	7
6R4R	77	30.0	7
6RT0	14	52.153	10
6RT0	15	46.687	10
6RT0	16	45.733	10
6RT0	17	42.138	10
6RT0	18	43.586	10
6RT0	19	46.483	10
6RT0	20	53.017	10
6RT0	21	53.741	10
6RT0	22	61.192	10
6RT0	23	69.121	10
6RT0	24	78.087	10
6RT0	25	80.985	10
6RT0	36	55.756	10
6RT0	37	51.951	10
6RT0	38	49.084	10
6RT0	39	49.07	10
6RT0	40	47.338	10
6RT0	41	51.591	10
6RT0	42	53.693	10
6RT0	43	54.194	10
6RT0	44	56.072	10
6RT0	45	55.273	10
6RT0	46	48.88	10
6RT0	47	41.0	10
6RT0	48	35.939	10
6RT0	49	36.181	10
6RT0	50	38.66	10
6RT0	51	41.367	10
6RT0	52	41.191	10
6RT0	53	44.708	10
6RT0	54	51.646	10
6RT0	55	51.549	10
6RT0	56	52.203	10
6RT0	57	59.452	10
6RT0	58	59.487	10
6RT0	59	56.704	10
6RT0	60	52.289	10
6RT0	61	50.941	10
6RT0	62	47.952	10
6RT0	63	43.405	10
6RT0	64	40.648	10
6RT0	65	36.112	10
6RT0	66	35.448	10
6RT0	67	34.484	10
6RT0	68	32.95	10
6RT0	69	32.107	10
6RT0	70	33.343	10
6RT0	71	34.375	10
6RT0	72	38.503	10
6RT0	73	37.085	10
6RT0	74	40.194	10
6RT0	75	41.943	10
6RT0	76	39.472	10
6RT0	77	38.661	10
6RT0	78	38.865	10
6RT0	79	41.11	10
6RT0	80	45.031	10
6RT0	81	46.618	10
6RT0	82	44.912	10
6RT0	83	48.75	10
6RT0	84	46.156	10
6RT0	85	43.451	10
6RT0	86	40.729	10
6RT0	87	39.054	10
6RT0	88	36.938	10
6RT0	89	38.743	10
6RT0	90	41.136	10
6RT0	91	44.023	10
6RT0	92	51.512	10
6RT0	93	54.138	10
6RT0	94	59.297	10
6RT0	95	62.631	10
6RT0	96	67.762	10
6RT0	97	74.248	5
6RTB	9	89.531	10
6RTB	10	86.749	10
6RTB	11	83.324	10
6RTB	12	76.928	10
6RTB	13	81.248	10
6RTB	14	76.754	10
6RTB	15	79.083	10
6RTB	16	73.766	10
6RTB	17	70.535	10
6RTB	18	64.599	10
6RTB	19	66.029	10
6RTB	20	69.635	10
6RTB	21	63.933	10
6RTB	22	67.695	10
6RTB	23	67.204	10
6RTB	24	71.184	10
6RTB	35	90.247	9
6RTB	36	75.359	10
6RTB	37	64.893	10
6RTB	38	61.093	10
6RTB	39	57.26	10
6RTB	40	52.756	10
6RTB	41	52.04	10
6RTB	42	56.492	10
6RTB	43	57.008	10
6RTB	44	58.609	10
6RTB	45	62.016	10
6RTB	46	57.337	10
6RTB	47	48.306	10
6RTB	48	44.588	10
6RTB	49	42.066	10
6RTB	50	43.0	10
6RTB	51	43.028	10
6RTB	52	43.357	10
6RTB	53	40.17	10
6RTB	54	42.311	10
6RTB	55	36.427	10
6RTB	56	33.213	10
6RTB	62	45.723	10
6RTB	63	53.059	10
6RTB	64	53.946	10
6RTB	65	55.313	10
6RTB	66	55.843	10
6RTB	67	57.671	10
6RTB	68	53.998	10
6RTB	69	55.008	10
6RTB	70	59.219	10
6RTB	71	55.409	10
6RTB	72	52.896	10
6RTB	73	48.363	10
6RTB	74	48.256	10
6RTB	75	49.133	10
6RTB	76	51.766	10
6RTB	77	49.338	10
6RTB	78	49.886	10
6RTB	79	50.298	10
6RTB	80	53.412	10
6RTB	81	54.544	10
6RTB	82	55.107	10
6RTB	83	56.635	10
6RTB	84	57.247	10
6RTB	85	57.803	10
6RTB	86	56.74	10
6RTB	87	55.155	10
6RTB	88	55.321	10
6RTB	89	58.896	10
6RTB	90	62.971	10
6RTB	91	71.216	10
6RTB	92	76.454	10
6RTB	93	80.233	10
6SDZ	11	110.98	11
6SDZ	12	104.396	11
6SDZ	13	100.559	11
6SDZ	14	91.538	11
6SDZ	15	93.992	11
6SDZ	16	91.795	11
6SDZ	17	91.56	11
6SDZ	18	98.252	11
6SDZ	19	92.951	11
6SDZ	20	89.566	11
6SDZ	21	91.478	11
6SDZ	22	87.554	11
6SDZ	23	82.589	11
6SDZ	24	77.709	11
6SDZ	25	74.762	11
6SDZ	26	73.358	11
6SDZ	27	68.361	11
6SDZ	28	75.097	11
6SDZ	29	81.809	11
6SDZ	30	93.352	11
6SDZ	31	88.032	11
6SDZ	32	87.45	11
6SDZ	33	92.715	11
6SDZ	34	99.547	11
6SDZ	35	104.89	11
6SDZ	57	119.453	11
6SDZ	58	110.481	11
6SDZ	59	104.315	11
6SDZ	60	101.578	11
6SDZ	61	99.645	11
6SDZ	62	98.901	11
6SDZ	63	97.098	11
6SDZ	64	84.556	11
6SDZ	65	84.462	11
6SDZ	66	89.184	11
6SDZ	67	86.786	11
6SDZ	68	88.826	11
6SDZ	69	85.338	11
6SDZ	70	86.43	11
6SDZ	71	79.155	11
6SDZ	72	78.261	11
6SDZ	73	77.084	11
6SDZ	74	77.384	11
6SDZ	75	79.059	11
6SDZ	76	81.069	11
6SDZ	77	80.885	11
6SDZ	78	78.129	11
6SDZ	79	79.089	11
6SDZ	80	83.444	11
6SDZ	81	84.333	11
6SDZ	82	87.061	11
6SDZ	83	88.536	11
6SDZ	84	92.055	11
6SDZ	85	88.659	11
6SDZ	86	84.945	11
6SDZ	87	85.456	11
6SDZ	88	90.066	11
6SDZ	89	96.166	11
6SDZ	90	99.397	11
6SDZ	91	94.045	11
6SDZ	92	98.446	11
6SDZ	93	93.006	11
6SDZ	94	87.398	11
6SDZ	95	83.535	11
6SDZ	96	84.307	11
6SDZ	97	85.968	11
6SDZ	98	91.198	11
6SDZ	99	94.439	11
6SDZ	100	97.076	11
6SDZ	101	92.621	11
6SDZ	102	88.519	11
6SDZ	103	81.38	11
6SDZ	104	84.118	11
6SDZ	105	79.985	11
6SDZ	106	77.972	11
6SDZ	107	76.127	11
6SDZ	108	74.557	11
6SDZ	109	68.033	11
6SDZ	110	66.605	11
6SDZ	111	64.665	11
6SDZ	112	60.481	11
6SDZ	113	61.191	11
6SDZ	114	64.955	11
6SDZ	115	68.722	11
6SDZ	116	76.264	11
6SDZ	117	77.245	11
6SDZ	118	83.245	11
6SDZ	119	84.531	11
6SDZ	120	89.692	11
6SDZ	121	92.604	11
6SDZ	122	101.512	11
6SDZ	123	108.965	11
6SHS	1	93.56	12
6SHS	2	84.09	12
6SHS	3	84.63	12
6SHS	4	81.88	12
6SHS	5	81.88	12
6SHS	6	74.95	12
6SHS	7	74.28	12
6SHS	8	80.65	12
6SHS	9	87.28	12
6SHS	10	80.54	12
6SHS	11	73.8	12
6SHS	12	64.98	12
6SHS	13	63.66	12
6SHS	14	61.58	12
6SHS	15	58.51	12
6SHS	16	63.05	12
6SHS	17	51.48	12
6SHS	18	55.64	12
6SHS	19	56.94	12
6SHS	20	68.49	12
6SHS	21	61.42	12
6SHS	22	63.97	12
6SHS	23	55.2	12
6SHS	24	46.29	12
6SHS	25	53.49	12
6SHS	26	54.94	12
6SHS	27	56.52	12
6SHS	28	59.35	12
6SHS	29	57.51	12
6SHS	30	56.88	12
6SHS	31	64.67	12
6SHS	32	70.66	12
6SHS	33	73.85	12
6SHS	34	80.6	12
6SHS	35	81.76	12
6SHS	36	90.53	12
6SHS	37	87.74	12
6SHS	38	86.06	12
6SHS	39	78.51	12
6SHS	40	75.22	12
6SST	14	86.699	10
6SST	15	82.309	10
6SST	16	80.451	10
6SST	17	73.79	10
6SST	18	74.027	10
6SST	19	76.885	10
6SST	20	80.945	10
6SST	21	83.069	10
6SST	22	92.255	10
6SST	23	97.592	10
6SST	24	104.398	10
6SST	25	104.506	10
6SST	36	70.653	10
6SST	37	69.701	10
6SST	38	65.315	10
6SST	39	62.939	10
6SST	40	57.201	10
6SST	41	55.985	10
6SST	42	53.771	10
6SST	43	53.729	10
6SST	44	51.179	10
6SST	45	55.734	10
6SST	46	56.15	10
6SST	47	51.203	10
6SST	48	48.814	10
6SST	49	50.864	10
6SST	50	56.011	10
6SST	51	57.86	10
6SST	52	60.877	10
6SST	53	61.601	10
6SST	54	68.736	10
6SST	55	69.201	10
6SST	56	72.526	10
6SST	57	82.13	10
6SST	58	83.988	10
6SST	59	83.019	10
6SST	60	80.286	10
6SST	61	79.813	10
6SST	62	71.863	10
6SST	63	69.676	10
6SST	64	67.344	10
6SST	65	65.657	10
6SST	66	62.915	10
6SST	67	64.163	10
6SST	68	60.677	10
6SST	69	55.641	10
6SST	70	54.017	10
6SST	71	53.007	10
6SST	72	57.567	10
6SST	73	56.851	10
6SST	74	57.23	10
6SST	75	56.352	10
6SST	76	56.536	10
6SST	77	56.56	10
6SST	78	61.241	10
6SST	79	64.53	10
6SST	80	73.024	10
6SST	81	73.915	10
6SST	82	73.721	10
6SST	83	79.666	10
6SST	84	77.966	10
6SST	85	75.326	10
6SST	86	70.192	10
6SST	87	69.289	10
6SST	88	68.111	10
6SST	89	73.141	10
6SST	90	73.76	10
6SST	91	79.529	10
6SST	92	82.11	10
6SST	93	85.038	10
6SST	94	88.739	10
6SST	95	90.99	10
6SST	96	93.138	10
6SSX	14	54.297	10
6SSX	15	50.165	10
6SSX	16	50.381	10
6SSX	17	47.334	10
6SSX	18	48.73	10
6SSX	19	49.748	10
6SSX	20	53.984	10
6SSX	21	54.729	10
6SSX	22	60.573	10
6SSX	23	64.165	10
6SSX	24	68.439	10
6SSX	25	71.356	10
6SSX	36	49.397	10
6SSX	37	47.114	10
6SSX	38	45.872	10
6SSX	39	45.713	10
6SSX	40	45.294	10
6SSX	41	46.784	10
6SSX	42	49.133	10
6SSX	43	49.965	10
6SSX	44	49.837	10
6SSX	45	51.868	10
6SSX	46	49.421	10
6SSX	47	42.761	10
6SSX	48	37.747	10
6SSX	49	38.449	10
6SSX	50	40.302	10
6SSX	51	40.785	10
6SSX	52	41.365	10
6SSX	53	43.531	10
6SSX	54	48.504	10
6SSX	55	48.611	10
6SSX	56	52.391	10
6SSX	57	59.173	10
6SSX	58	57.981	10
6SSX	59	56.726	10
6SSX	60	54.071	10
6SSX	61	52.387	10
6SSX	62	49.481	10
6SSX	63	46.165	10
6SSX	64	44.352	10
6SSX	65	41.73	10
6SSX	66	41.11	10
6SSX	67	41.899	10
6SSX	68	40.148	10
6SSX	69	38.965	10
6SSX	70	38.972	10
6SSX	71	38.872	10
6SSX	72	41.635	10
6SSX	73	39.848	10
6SSX	74	41.404	10
6SSX	75	42.775	10
6SSX	76	40.761	10
6SSX	77	40.134	10
6SSX	78	41.62	10
6SSX	79	42.95	10
6SSX	80	46.131	10
6SSX	81	46.601	10
6SSX	82	45.555	10
6SSX	83	48.725	10
6SSX	84	48.858	10
6SSX	85	49.276	10
6SSX	86	46.962	10
6SSX	87	45.597	10
6SSX	88	43.149	10
6SSX	89	44.001	10
6SSX	90	44.223	10
6SSX	91	46.067	10
6SSX	92	50.98	10
6SSX	93	51.147	10
6SSX	94	52.308	10
6SSX	95	54.35	10
6SSX	96	55.864	10
6TI5	11	10.0	16
6TI5	12	10.0	16
6TI5	13	10.0	16
6TI5	14	10.0	16
6TI5	15	10.0	16
6TI5	16	10.0	16
6TI5	17	10.0	16
6TI5	18	10.0	16
6TI5	19	10.0	16
6TI5	20	10.0	16
6TI5	21	10.0	16
6TI5	22	10.0	16
6TI5	23	10.0	16
6TI5	24	10.0	16
6TI5	25	10.0	16
6TI5	26	10.0	16
6TI5	27	10.0	16
6TI5	28	10.0	16
6TI5	29	10.0	16
6TI5	30	10.0	16
6TI5	31	10.0	16
6TI5	32	10.0	16
6TI5	33	10.0	16
6TI5	34	10.0	16
6TI5	35	10.0	16
6TI5	36	10.0	16
6TI5	37	10.0	16
6TI5	38	10.0	16
6TI5	39	10.0	16
6TI5	40	10.0	16
6TI6	11	10.0	16
6TI6	12	10.0	16
6TI6	13	10.0	16
6TI6	14	10.0	16
6TI6	15	10.0	16
6TI6	16	10.0	16
6TI6	17	10.0	16
6TI6	18	10.0	16
6TI6	19	10.0	16
6TI6	20	10.0	16
6TI6	21	10.0	16
6TI6	22	10.0	16
6TI6	23	10.0	16
6TI6	24	10.0	16
6TI6	25	10.0	16
6TI6	26	10.0	16
6TI6	27	10.0	16
6TI6	28	10.0	16
6TI6	29	10.0	16
6TI6	30	10.0	16
6TI6	31	10.0	16
6TI6	32	10.0	16
6TI6	33	10.0	16
6TI6	34	10.0	16
6TI6	35	10.0	16
6TI6	36	10.0	16
6TI6	37	10.0	16
6TI6	38	10.0	16
6TI6	39	10.0	16
6TI6	40	10.0	16
6TI6	41	10.0	8
6TI6	42	10.0	8
6TI7	11	10.0	16
6TI7	12	10.0	16
6TI7	13	10.0	16
6TI7	14	10.0	16
6TI7	15	10.0	16
6TI7	16	10.0	16
6TI7	17	10.0	16
6TI7	18	10.0	16
6TI7	19	10.0	16
6TI7	20	10.0	16
6TI7	21	10.0	16
6TI7	22	10.0	16
6TI7	23	10.0	16
6TI7	24	10.0	16
6TI7	25	10.0	16
6TI7	26	10.0	16
6TI7	27	10.0	16
6TI7	28	10.0	16
6TI7	29	10.0	16
6TI7	30	10.0	16
6TI7	31	10.0	16
6TI7	32	10.0	16
6TI7	33	10.0	16
6TI7	34	10.0	16
6TI7	35	10.0	16
6TI7	36	10.0	16
6TI7	37	10.0	16
6TI7	38	10.0	16
6TI7	39	10.0	16
6TI7	40	10.0	16
6TI7	41	10.0	8
6TI7	42	10.0	8
6TJO	274	123.553	3
6TJO	275	118.3	3
6TJO	276	116.567	3
6TJO	277	111.933	3
6TJO	278	104.967	3
6TJO	279	104.757	3
6TJO	280	106.78	3
6TJO	281	105.37	3
6TJO	282	107.22	3
6TJO	283	110.3	3
6TJO	284	110.07	3
6TJO	285	106.213	3
6TJO	286	99.073	3
6TJO	287	99.557	3
6TJO	288	103.61	3
6TJO	289	108.903	3
6TJO	290	114.923	3
6TJO	291	114.97	3
6TJO	292	112.543	3
6TJO	293	112.957	3
6TJO	294	112.903	3
6TJO	295	108.413	3
6TJO	296	105.347	3
6TJO	297	97.19	3
6TJO	298	98.41	3
6TJO	299	98.46	3
6TJO	300	105.147	3
6TJO	301	108.113	3
6TJO	302	117.047	3
6TJO	303	116.247	3
6TJO	304	112.71	3
6TJO	305	105.84	3
6TJO	306	95.517	3
6TJO	307	91.13	3
6TJO	308	89.737	3
6TJO	309	92.49	3
6TJO	310	105.017	3
6TJO	311	105.217	3
6TJO	312	107.297	3
6TJO	313	104.367	3
6TJO	314	106.113	3
6TJO	315	104.61	3
6TJO	316	105.217	3
6TJO	317	103.063	3
6TJO	318	97.993	3
6TJO	319	105.18	3
6TJO	320	110.013	3
6TJO	321	121.33	3
6TJO	322	132.527	3
6TJO	323	137.41	3
6TJO	324	140.647	3
6TJO	325	137.983	3
6TJO	326	127.373	3
6TJO	327	115.023	3
6TJO	328	105.557	3
6TJO	329	105.51	3
6TJO	330	107.17	3
6TJO	331	113.18	3
6TJO	332	114.78	3
6TJO	333	117.227	3
6TJO	334	119.347	3
6TJO	335	113.447	3
6TJO	336	111.337	3
6TJO	337	104.457	3
6TJO	338	108.22	3
6TJO	339	109.12	3
6TJO	340	114.433	3
6TJO	341	122.847	3
6TJO	342	133.35	3
6TJO	343	134.587	3
6TJO	344	131.573	3
6TJO	345	135.39	3
6TJO	346	136.613	3
6TJO	347	143.493	3
6TJO	348	146.923	3
6TJO	349	144.923	3
6TJO	350	134.89	3
6TJO	351	131.147	3
6TJO	352	124.56	3
6TJO	353	122.393	3
6TJO	354	121.617	3
6TJO	355	127.877	3
6TJO	356	132.367	3
6TJO	357	131.153	3
6TJO	358	128.023	3
6TJO	359	129.217	3
6TJO	360	121.663	3
6TJO	361	124.92	3
6TJO	362	128.47	3
6TJO	363	129.043	3
6TJO	364	132.063	3
6TJO	365	133.793	3
6TJO	366	134.633	3
6TJO	367	131.283	3
6TJO	368	127.103	3
6TJO	369	119.513	3
6TJO	370	110.437	3
6TJO	371	110.81	3
6TJO	372	113.227	3
6TJO	373	114.07	3
6TJO	374	114.653	3
6TJO	375	116.953	3
6TJO	376	120.567	3
6TJO	377	130.627	3
6TJO	378	140.643	3
6TJO	379	149.49	3
6TJO	380	159.623	3
6TJX	274	121.98	6
6TJX	275	121.247	6
6TJX	276	119.617	6
6TJX	277	120.322	6
6TJX	278	113.57	6
6TJX	279	112.68	6
6TJX	280	104.83	6
6TJX	281	97.653	6
6TJX	282	94.803	6
6TJX	283	96.845	6
6TJX	284	92.73	6
6TJX	285	85.763	6
6TJX	286	76.332	6
6TJX	287	74.595	6
6TJX	288	73.158	6
6TJX	289	77.937	6
6TJX	290	81.848	6
6TJX	291	82.407	6
6TJX	292	79.497	6
6TJX	293	79.187	6
6TJX	294	80.407	6
6TJX	295	77.448	6
6TJX	296	74.487	6
6TJX	297	67.888	6
6TJX	298	68.07	6
6TJX	299	61.938	6
6TJX	300	63.668	6
6TJX	301	66.688	6
6TJX	302	68.265	6
6TJX	303	65.865	6
6TJX	304	65.035	6
6TJX	305	63.963	6
6TJX	306	60.275	6
6TJX	307	59.643	6
6TJX	308	57.757	6
6TJX	309	59.993	6
6TJX	310	64.908	6
6TJX	311	65.993	6
6TJX	312	64.368	6
6TJX	313	67.273	6
6TJX	314	71.438	6
6TJX	315	71.732	6
6TJX	316	71.915	6
6TJX	317	73.485	6
6TJX	318	72.873	6
6TJX	319	77.3	6
6TJX	320	80.238	6
6TJX	321	87.002	6
6TJX	322	95.885	6
6TJX	323	100.265	6
6TJX	324	101.332	6
6TJX	325	101.323	6
6TJX	326	95.685	6
6TJX	327	87.497	6
6TJX	328	80.86	6
6TJX	329	78.238	6
6TJX	330	76.267	6
6TJX	331	75.583	6
6TJX	332	76.24	6
6TJX	333	74.212	6
6TJX	334	75.275	6
6TJX	335	70.027	6
6TJX	336	67.355	6
6TJX	337	62.872	6
6TJX	338	63.92	6
6TJX	339	62.678	6
6TJX	340	68.207	6
6TJX	341	70.843	6
6TJX	342	77.808	6
6TJX	343	75.335	6
6TJX	344	66.737	6
6TJX	345	67.545	6
6TJX	346	64.782	6
6TJX	347	66.512	6
6TJX	348	72.88	6
6TJX	349	77.722	6
6TJX	350	72.902	6
6TJX	351	76.392	6
6TJX	352	76.092	6
6TJX	353	77.78	6
6TJX	354	81.312	6
6TJX	355	85.328	6
6TJX	356	92.363	6
6TJX	357	93.785	6
6TJX	358	97.865	6
6TJX	359	102.168	6
6TJX	360	103.668	6
6TJX	361	109.935	6
6TJX	362	117.223	6
6TJX	363	122.213	6
6TJX	364	127.643	6
6TJX	365	134.737	6
6TJX	366	140.548	6
6TJX	367	144.047	6
6TJX	368	145.452	6
6TJX	369	149.977	6
6TJX	370	152.697	6
6TJX	371	156.33	6
6TJX	372	159.052	6
6TJX	373	160.377	6
6TJX	374	159.007	6
6TJX	375	161.298	6
6TJX	376	161.718	6
6TJX	377	171.063	6
6TJX	378	176.942	6
6TJX	379	178.565	6
6TJX	380	179.995	6
6TUB	211	0.0	6
6TUB	212	0.0	6
6TUB	213	0.0	6
6TUB	214	0.0	6
6TUB	215	0.0	6
6TUB	216	0.0	6
6TUB	217	0.0	6
6TUB	218	0.0	6
6TUB	219	0.0	6
6TUB	220	0.0	6
6TUB	221	0.0	6
6TUB	222	0.0	6
6TUB	223	0.0	6
6TUB	224	0.0	6
6TUB	225	0.0	6
6TUB	226	0.0	6
6TUB	227	0.0	6
6TUB	228	0.0	6
6TUB	229	0.0	6
6TUB	230	0.0	6
6TUB	231	0.0	6
6TUB	232	0.0	6
6TUB	233	0.0	6
6TUB	234	0.0	6
6TUB	235	0.0	6
6TUB	236	0.0	6
6TUB	237	0.0	6
6TUB	238	0.0	6
6TUB	239	0.0	6
6TUB	240	0.0	6
6TUB	241	0.0	6
6UFR	36	40.39	10
6UFR	37	39.01	10
6UFR	38	35.45	10
6UFR	39	35.94	10
6UFR	40	34.76	10
6UFR	41	36.61	10
6UFR	42	37.27	10
6UFR	43	39.17	10
6UFR	44	36.8	10
6UFR	45	37.39	10
6UFR	46	37.06	10
6UFR	47	32.87	10
6UFR	48	30.14	10
6UFR	49	28.72	10
6UFR	50	30.14	10
6UFR	51	29.64	10
6UFR	52	30.96	10
6UFR	53	33.52	10
6UFR	54	35.43	10
6UFR	55	36.61	10
6UFR	56	38.73	10
6UFR	57	42.66	10
6UFR	58	42.43	10
6UFR	59	42.68	10
6UFR	60	43.74	10
6UFR	61	42.33	10
6UFR	62	36.49	10
6UFR	63	33.16	10
6UFR	64	30.88	10
6UFR	65	28.22	10
6UFR	66	27.29	10
6UFR	67	26.78	10
6UFR	68	27.35	10
6UFR	69	28.65	10
6UFR	70	29.1	10
6UFR	71	29.41	10
6UFR	72	29.84	10
6UFR	73	30.33	10
6UFR	74	32.13	10
6UFR	75	33.05	10
6UFR	76	31.72	10
6UFR	77	31.36	10
6UFR	78	31.08	10
6UFR	79	33.03	10
6UFR	80	33.64	10
6UFR	81	37.23	10
6UFR	82	39.19	10
6UFR	83	44.56	10
6UFR	84	43.14	10
6UFR	85	41.86	10
6UFR	86	39.23	10
6UFR	87	38.46	10
6UFR	88	36.58	10
6UFR	89	34.07	10
6UFR	90	33.16	10
6UFR	91	30.92	10
6UFR	92	31.4	10
6UFR	93	32.81	10
6UFR	94	36.13	10
6UFR	95	38.53	10
6UFR	96	41.79	10
6UFR	97	49.58	10
6UFR	98	56.02	10
6UUR	84	20.0	10
6UUR	85	20.0	10
6UUR	86	20.0	10
6UUR	87	20.0	10
6UUR	88	20.0	10
6UUR	89	20.0	10
6UUR	90	20.0	10
6UUR	91	20.0	10
6UUR	92	20.0	10
6UUR	93	20.0	10
6UUR	94	20.0	10
6UUR	95	20.0	10
6UUR	96	20.0	10
6UUR	97	20.0	10
6UUR	98	20.0	10
6UUR	99	20.0	10
6UUR	100	20.0	10
6UUR	101	20.0	10
6UUR	102	20.0	10
6UUR	103	20.0	10
6UUR	104	20.0	10
6UUR	105	20.0	10
6UUR	106	20.0	10
6UUR	107	20.0	10
6UUR	108	20.0	10
6UUR	109	20.0	10
6UUR	110	20.0	10
6UUR	111	20.0	10
6UUR	112	20.0	10
6UUR	113	20.0	10
6UUR	114	20.0	10
6UUR	115	20.0	10
6UUR	116	20.0	10
6UUR	117	20.0	10
6UUR	118	20.0	10
6UUR	119	20.0	10
6UUR	120	20.0	10
6UUR	121	20.0	10
6UUR	122	20.0	10
6UUR	123	20.0	10
6VH7	274	258.247	6
6VH7	275	303.93	6
6VH7	276	342.5	6
6VH7	277	373.147	6
6VH7	278	358.657	6
6VH7	279	375.012	6
6VH7	280	340.42	6
6VH7	281	307.315	6
6VH7	282	331.388	6
6VH7	283	344.795	6
6VH7	284	281.808	6
6VH7	285	287.025	6
6VH7	286	279.523	6
6VH7	287	301.327	6
6VH7	288	270.835	6
6VH7	289	222.532	6
6VH7	290	189.108	6
6VH7	291	117.005	6
6VH7	292	105.488	6
6VH7	293	123.242	6
6VH7	294	162.527	6
6VH7	295	159.4	6
6VH7	296	203.945	6
6VH7	297	188.472	6
6VH7	298	202.163	6
6VH7	299	216.818	6
6VH7	300	230.828	6
6VH7	301	228.04	6
6VH7	302	237.233	6
6VH7	303	233.615	6
6VH7	304	199.972	6
6VH7	305	193.372	6
6VH7	306	179.963	6
6VH7	307	195.627	6
6VH7	308	167.343	6
6VH7	309	157.31	6
6VH7	310	151.015	6
6VH7	311	143.867	6
6VH7	312	136.312	6
6VH7	313	142.81	6
6VH7	314	160.268	6
6VH7	315	213.027	6
6VH7	316	238.85	6
6VH7	317	256.852	6
6VH7	318	244.857	6
6VH7	319	268.338	6
6VH7	320	293.983	6
6VH7	321	320.363	6
6VH7	322	348.013	6
6VH7	323	362.54	6
6VH7	324	350.522	6
6VH7	325	325.372	6
6VH7	326	309.902	6
6VH7	327	284.703	6
6VH7	328	269.46	6
6VH7	329	248.3	6
6VH7	330	194.147	6
6VH7	331	145.953	6
6VH7	332	115.692	6
6VH7	333	92.622	6
6VH7	334	101.695	6
6VH7	335	126.273	6
6VH7	336	144.513	6
6VH7	337	179.683	6
6VH7	338	209.445	6
6VH7	339	209.76	6
6VH7	340	193.488	6
6VH7	341	215.318	6
6VH7	342	222.022	6
6VH7	343	223.702	6
6VH7	344	251.368	6
6VH7	345	254.123	6
6VH7	346	216.418	6
6VH7	347	223.877	6
6VH7	348	248.803	6
6VH7	349	229.803	6
6VH7	350	248.905	6
6VH7	351	300.438	6
6VH7	352	323.663	6
6VH7	353	280.873	6
6VH7	354	272.038	6
6VH7	355	292.31	6
6VH7	356	292.102	6
6VH7	357	283.415	6
6VH7	358	283.46	6
6VH7	359	266.738	6
6VH7	360	260.077	6
6VH7	361	243.012	6
6VH7	362	231.085	6
6VH7	363	261.225	6
6VH7	364	274.538	6
6VH7	365	280.178	6
6VH7	366	297.005	6
6VH7	367	315.992	6
6VH7	368	343.293	6
6VH7	369	331.702	6
6VH7	370	314.297	6
6VH7	371	332.092	6
6VH7	372	372.553	6
6VH7	373	378.31	6
6VH7	374	406.832	6
6VH7	375	442.237	6
6VH7	376	464.935	6
6VH7	377	487.64	6
6VH7	378	501.165	6
6VH7	379	499.023	6
6VH7	380	501.358	6
6VHA	274	250.14	3
6VHA	275	303.177	3
6VHA	276	363.29	3
6VHA	277	405.063	3
6VHA	278	395.787	3
6VHA	279	408.603	3
6VHA	280	364.36	3
6VHA	281	341.77	3
6VHA	282	372.49	3
6VHA	283	385.073	3
6VHA	284	334.35	3
6VHA	285	360.953	3
6VHA	286	378.023	3
6VHA	287	401.8	3
6VHA	288	376.723	3
6VHA	289	322.14	3
6VHA	290	264.947	3
6VHA	291	163.063	3
6VHA	292	151.523	3
6VHA	293	170.527	3
6VHA	294	210.303	3
6VHA	295	211.207	3
6VHA	296	262.303	3
6VHA	297	249.367	3
6VHA	298	263.373	3
6VHA	299	296.64	3
6VHA	300	308.62	3
6VHA	301	302.423	3
6VHA	302	311.267	3
6VHA	303	330.893	3
6VHA	304	298.457	3
6VHA	305	288.027	3
6VHA	306	267.51	3
6VHA	307	283.163	3
6VHA	308	258.07	3
6VHA	309	252.413	3
6VHA	310	245.3	3
6VHA	311	239.22	3
6VHA	312	227.227	3
6VHA	313	225.357	3
6VHA	314	248.9	3
6VHA	315	315.32	3
6VHA	316	355.343	3
6VHA	317	355.96	3
6VHA	318	327.287	3
6VHA	319	344.483	3
6VHA	320	371.957	3
6VHA	321	387.173	3
6VHA	322	399.477	3
6VHA	323	403.123	3
6VHA	324	390.44	3
6VHA	325	368.1	3
6VHA	326	350.407	3
6VHA	327	319.53	3
6VHA	328	291.317	3
6VHA	329	276.06	3
6VHA	330	228.99	3
6VHA	331	183.907	3
6VHA	332	153.277	3
6VHA	333	131.737	3
6VHA	334	154.08	3
6VHA	335	193.033	3
6VHA	336	220.307	3
6VHA	337	268.31	3
6VHA	338	305.797	3
6VHA	339	299.04	3
6VHA	340	274.317	3
6VHA	341	295.333	3
6VHA	342	292.34	3
6VHA	343	276.413	3
6VHA	344	289.88	3
6VHA	345	272.607	3
6VHA	346	238.773	3
6VHA	347	230.083	3
6VHA	348	238.917	3
6VHA	349	218.28	3
6VHA	350	251.81	3
6VHA	351	311.31	3
6VHA	352	325.397	3
6VHA	353	275.87	3
6VHA	354	271.113	3
6VHA	355	300.743	3
6VHA	356	307.19	3
6VHA	357	307.643	3
6VHA	358	318.833	3
6VHA	359	304.2	3
6VHA	360	285.267	3
6VHA	361	255.56	3
6VHA	362	252.557	3
6VHA	363	283.473	3
6VHA	364	297.003	3
6VHA	365	308.227	3
6VHA	366	324.62	3
6VHA	367	338.46	3
6VHA	368	363.583	3
6VHA	369	352.07	3
6VHA	370	329.643	3
6VHA	371	343.76	3
6VHA	372	376.7	3
6VHA	373	379.033	3
6VHA	374	401.127	3
6VHA	375	447.483	3
6VHA	376	464.643	3
6VHA	377	488.693	3
6VHA	378	500.507	3
6VHA	379	510.973	3
6VHA	380	509.333	3
6VHL	304	123.385	2
6VHL	305	124.06	2
6VHL	306	123.305	2
6VHL	307	122.315	2
6VHL	308	117.9	2
6VHL	309	115.405	2
6VHL	310	109.335	2
6VHL	311	105.105	2
6VHL	312	105.275	2
6VHL	313	106.52	2
6VHL	314	107.725	2
6VHL	315	108.76	2
6VHL	316	108.075	2
6VHL	317	108.54	2
6VHL	318	105.835	2
6VHL	319	106.69	2
6VHL	320	106.455	2
6VHL	321	104.965	2
6VHL	322	105.395	2
6VHL	323	105.07	2
6VHL	324	102.805	2
6VHL	325	100.735	2
6VHL	326	98.275	2
6VHL	327	95.34	2
6VHL	328	93.07	2
6VHL	329	88.485	2
6VHL	330	89.485	2
6VHL	331	88.685	2
6VHL	332	88.12	2
6VHL	333	90.0	2
6VHL	334	90.1	2
6VHL	335	90.745	2
6VHL	336	89.155	2
6VHL	337	89.615	2
6VHL	338	89.635	2
6VHL	339	90.695	2
6VHL	340	95.215	2
6VHL	341	100.255	2
6VHL	342	105.515	2
6VHL	343	103.125	2
6VHL	344	99.48	2
6VHL	345	97.69	2
6VHL	346	95.4	2
6VHL	347	97.48	2
6VHL	348	99.455	2
6VHL	349	99.175	2
6VHL	350	92.99	2
6VHL	351	89.4	2
6VHL	352	89.795	2
6VHL	353	88.94	2
6VHL	354	88.515	2
6VHL	355	90.185	2
6VHL	356	91.525	2
6VHL	357	89.125	2
6VHL	358	89.6	2
6VHL	359	88.635	2
6VHL	360	88.365	2
6VHL	361	89.055	2
6VHL	362	91.455	2
6VHL	363	91.04	2
6VHL	364	95.13	2
6VHL	365	101.645	2
6VHL	366	102.49	2
6VHL	367	103.835	2
6VHL	368	105.325	2
6VHL	369	104.68	2
6VHL	370	107.13	2
6VHL	371	104.77	2
6VHL	372	106.775	2
6VHL	373	105.125	2
6VHL	374	105.92	2
6VHL	375	110.885	2
6VHL	376	119.025	2
6VHL	377	123.645	2
6VHL	378	127.675	2
6VHL	379	129.255	2
6VHL	380	132.91	2
6VI3	304	133.915	2
6VI3	305	131.66	2
6VI3	306	123.985	2
6VI3	307	117.455	2
6VI3	308	104.98	2
6VI3	309	103.245	2
6VI3	310	106.16	2
6VI3	311	109.58	2
6VI3	312	110.175	2
6VI3	313	113.585	2
6VI3	314	117.835	2
6VI3	315	114.62	2
6VI3	316	115.085	2
6VI3	317	115.275	2
6VI3	318	114.145	2
6VI3	319	118.34	2
6VI3	320	119.84	2
6VI3	321	121.325	2
6VI3	322	124.67	2
6VI3	323	125.64	2
6VI3	324	126.435	2
6VI3	325	126.07	2
6VI3	326	127.675	2
6VI3	327	126.77	2
6VI3	328	121.76	2
6VI3	329	121.21	2
6VI3	330	125.235	2
6VI3	331	123.91	2
6VI3	332	128.3	2
6VI3	333	132.75	2
6VI3	334	135.815	2
6VI3	335	138.175	2
6VI3	336	140.775	2
6VI3	337	143.795	2
6VI3	338	146.25	2
6VI3	339	149.185	2
6VI3	340	153.0	2
6VI3	341	162.2	2
6VI3	342	166.395	2
6VI3	343	168.855	2
6VI3	344	169.23	2
6VI3	345	173.19	2
6VI3	346	173.065	2
6VI3	347	175.61	2
6VI3	348	179.345	2
6VI3	349	177.865	2
6VI3	350	171.22	2
6VI3	351	155.435	2
6VI3	352	149.765	2
6VI3	353	143.94	2
6VI3	354	142.915	2
6VI3	355	139.375	2
6VI3	356	137.14	2
6VI3	357	132.675	2
6VI3	358	131.39	2
6VI3	359	126.22	2
6VI3	360	120.85	2
6VI3	361	117.115	2
6VI3	362	112.445	2
6VI3	363	111.935	2
6VI3	364	114.27	2
6VI3	365	117.64	2
6VI3	366	118.52	2
6VI3	367	118.97	2
6VI3	368	119.225	2
6VI3	369	116.335	2
6VI3	370	111.26	2
6VI3	371	109.71	2
6VI3	372	116.195	2
6VI3	373	116.225	2
6VI3	374	113.77	2
6VI3	375	107.41	2
6VI3	376	106.63	2
6VI3	377	109.83	2
6VI3	378	117.24	2
6VI3	379	123.215	2
6VI3	380	127.925	2
6VPS	176	122.783	9
6VPS	177	89.488	9
6VPS	178	66.636	9
6VPS	179	44.524	9
6VPS	180	36.714	9
6VPS	181	26.143	9
6VPS	182	25.794	9
6VPS	183	22.627	9
6VPS	184	28.2	9
6VPS	185	28.282	9
6VPS	186	28.679	9
6VPS	187	30.184	9
6VPS	188	37.18	9
6VPS	189	42.373	9
6VPS	190	32.221	9
6VPS	191	31.951	9
6VPS	192	30.931	9
6VPS	193	35.871	9
6VPS	194	29.631	9
6VPS	195	36.629	9
6VPS	196	32.339	9
6VPS	197	33.843	9
6VPS	198	32.343	9
6VPS	199	28.844	9
6VPS	200	22.77	9
6VPS	201	25.809	9
6VPS	202	21.702	9
6VPS	203	29.919	9
6VPS	204	37.549	9
6VPS	205	66.703	9
6VPS	206	100.783	9
6VW2	25	119.59	10
6VW2	26	120.76	10
6VW2	27	119.12	10
6VW2	28	117.54	10
6VW2	29	116.2	10
6VW2	30	107.61	10
6VW2	31	100.47	10
6VW2	32	100.63	10
6VW2	33	96.66	10
6VW2	34	85.23	10
6VW2	35	89.04	10
6VW2	36	91.73	10
6VW2	37	88.7	10
6VW2	38	89.59	10
6VW2	39	107.5	10
6VW2	40	101.01	10
6VW2	41	96.32	10
6VW2	42	96.41	10
6VW2	43	92.26	10
6VW2	44	95.84	10
6VW2	45	105.94	10
6VW2	46	115.5	10
6VW2	47	124.14	10
6VW2	48	118.42	10
6W0O	10	0.0	6
6W0O	11	0.0	6
6W0O	12	0.0	6
6W0O	13	0.0	6
6W0O	14	0.0	6
6W0O	15	0.0	6
6W0O	16	0.0	6
6W0O	17	0.0	6
6W0O	18	0.0	6
6W0O	19	0.0	6
6W0O	20	0.0	6
6W0O	21	0.0	6
6W0O	22	0.0	6
6W0O	23	0.0	6
6W0O	24	0.0	6
6W0O	25	0.0	6
6W0O	26	0.0	6
6W0O	27	0.0	6
6W0O	28	0.0	6
6W0O	29	0.0	6
6W0O	30	0.0	6
6W0O	31	0.0	6
6W0O	32	0.0	6
6W0O	33	0.0	6
6W0O	34	0.0	6
6W0O	35	0.0	6
6W0O	36	0.0	6
6W0O	37	0.0	6
6W0O	38	0.0	6
6W0O	39	0.0	6
6W0O	40	0.0	6
6WQK	275	71.84	5
6WQK	276	72.16	5
6WQK	277	71.82	5
6WQK	278	74.26	5
6WQK	279	76.94	5
6WQK	280	72.34	5
6WQK	281	67.51	5
6WQK	282	64.33	5
6WQK	283	59.4	5
6WQK	284	53.88	5
6WQK	285	53.16	5
6WQK	286	49.02	5
6WQK	287	45.15	5
6WQK	288	44.42	5
6WQK	289	44.31	5
6WQK	290	43.61	5
6WQK	291	47.02	5
6WQK	292	45.71	5
6WQK	293	43.35	5
6WQK	294	39.0	5
6WQK	295	37.6	5
6WQK	296	37.48	5
6WQK	297	42.19	5
6WQK	298	41.59	5
6WQK	299	41.65	5
6WQK	300	42.98	5
6WQK	301	45.88	5
6WQK	302	49.35	5
6WQK	303	49.59	5
6WQK	304	54.98	5
6WQK	305	58.86	5
6WQK	306	61.25	5
6WQK	307	58.44	5
6WQK	308	58.44	5
6WQK	309	56.33	5
6WQK	310	54.65	5
6WQK	311	51.78	5
6WQK	312	52.45	5
6WQK	313	53.82	5
6WQK	314	53.95	5
6WQK	315	51.94	5
6WQK	316	48.72	5
6WQK	317	46.6	5
6WQK	318	45.43	5
6WQK	319	45.33	5
6WQK	320	46.99	5
6WQK	321	43.29	5
6WQK	322	45.82	5
6WQK	323	50.87	5
6WQK	324	58.88	5
6WQK	325	62.94	5
6WQK	326	73.4	5
6WQK	327	78.98	5
6WQK	328	85.32	5
6WQK	329	92.33	5
6WQK	330	95.16	5
6WQK	331	89.72	5
6XFM	112	0.0	8
6XFM	113	0.0	8
6XFM	114	0.0	8
6XFM	115	0.0	8
6XFM	116	0.0	8
6XFM	117	0.0	8
6XFM	118	0.0	8
6XFM	119	0.0	8
6XFM	120	0.0	8
6XFM	121	0.0	8
6XFM	122	0.0	8
6XFM	123	0.0	8
6XFM	124	0.0	8
6XFM	125	0.0	8
6XFM	126	0.0	8
6XFM	127	0.0	8
6XFM	128	0.0	8
6XFM	129	0.0	8
6XFM	130	0.0	8
6XFM	131	0.0	8
6XFM	132	0.0	8
6XFM	133	0.0	8
6XFM	134	0.0	8
6XFM	135	0.0	8
6XFM	136	0.0	8
6XFM	137	0.0	8
6XFM	138	0.0	8
6XFM	139	0.0	8
6XFM	140	0.0	8
6XFM	141	0.0	8
6XFM	142	0.0	8
6XFM	143	0.0	8
6XFM	144	0.0	8
6XFM	145	0.0	8
6XFM	146	0.0	8
6XFM	147	0.0	8
6XFM	148	0.0	8
6XFM	149	0.0	8
6XFM	150	0.0	8
6Y1A	24	24.696	16
6Y1A	25	6.953	16
6Y1A	26	3.053	16
6Y1A	27	3.136	16
6Y1A	28	2.444	16
6Y1A	29	2.243	16
6Y1A	30	3.168	16
6Y1A	31	3.017	16
6Y1A	32	3.104	16
6Y1A	33	2.694	16
6Y1A	34	2.409	16
6Y1A	35	2.593	16
6Y1A	36	2.265	16
6Y1A	37	2.024	16
6Y1A	38	2.534	16
6Y1A	39	2.592	16
6Y1A	40	3.766	16
6Y1A	41	2.967	16
6Y1A	42	2.913	16
6Y1A	43	3.938	16
6Y1A	44	4.388	16
6Y1A	45	4.515	16
6Y1A	46	4.352	16
6Y1A	47	3.836	16
6Y1A	48	6.926	16
6Z1I	9	80.04	6
6Z1I	10	79.18	6
6Z1I	11	78.9	6
6Z1I	12	77.47	6
6Z1I	13	76.52	6
6Z1I	14	73.51	6
6Z1I	15	70.6	6
6Z1I	16	70.01	6
6Z1I	17	71.66	6
6Z1I	18	70.6	6
6Z1I	19	71.68	6
6Z1I	20	70.99	6
6Z1I	21	72.25	6
6Z1I	22	73.23	6
6Z1I	23	74.77	6
6Z1I	24	76.01	6
6Z1I	25	77.78	6
6Z1I	26	76.61	6
6Z1I	27	76.68	6
6Z1I	28	75.74	6
6Z1I	29	76.12	6
6Z1I	30	75.66	6
6Z1I	31	75.01	6
6Z1I	32	76.19	6
6Z1I	33	75.56	6
6Z1I	34	73.6	6
6Z1I	35	74.08	6
6Z1I	36	71.36	6
6Z1I	37	70.77	6
6Z1I	38	70.89	6
6Z1I	39	71.19	6
6Z1I	40	71.42	6
6Z1I	41	69.31	6
6Z1I	42	66.81	6
6Z1I	43	65.54	6
6Z1I	44	64.36	6
6Z1I	45	63.72	6
6Z1I	46	64.87	6
6Z1I	47	65.46	6
6Z1I	48	70.02	6
6Z1I	49	72.23	6
6Z1I	68	73.06	6
6Z1I	69	72.22	6
6Z1I	70	69.91	6
6Z1I	71	68.12	6
6Z1I	72	63.73	6
6Z1I	73	63.82	6
6Z1I	74	62.97	6
6Z1I	75	63.71	6
6Z1I	76	64.01	6
6Z1I	77	69.3	6
6Z1I	78	67.61	6
6Z1I	79	69.6	6
6Z1I	80	72.33	6
6Z1I	81	73.06	6
6Z1I	82	71.83	6
6Z1I	83	71.55	6
6Z1I	84	72.41	6
6Z1I	85	72.13	6
6Z1I	86	72.56	6
6Z1I	87	71.3	6
6Z1I	88	71.71	6
6Z1I	89	70.78	6
6Z1I	90	71.89	6
6Z1I	91	72.05	6
6Z1I	92	72.32	6
6Z1I	93	72.02	6
6Z1I	94	70.94	6
6Z1I	95	71.4	6
6Z1I	96	71.42	6
6Z1I	97	73.93	6
6Z1I	98	76.02	6
6Z1I	99	75.7	6
6Z1I	100	76.52	6
6Z1I	101	78.82	6
6Z1I	102	78.32	6
6Z1I	103	77.92	6
6Z1I	104	80.7	6
6Z1I	105	80.59	6
6Z1I	106	82.02	6
6Z1I	107	81.28	6
6Z1O	9	80.04	6
6Z1O	10	79.18	6
6Z1O	11	78.9	6
6Z1O	12	77.47	6
6Z1O	13	76.52	6
6Z1O	14	73.51	6
6Z1O	15	70.6	6
6Z1O	16	70.01	6
6Z1O	17	71.66	6
6Z1O	18	70.6	6
6Z1O	19	71.68	6
6Z1O	20	70.99	6
6Z1O	21	72.25	6
6Z1O	22	73.23	6
6Z1O	23	74.77	6
6Z1O	24	76.01	6
6Z1O	25	77.78	6
6Z1O	26	76.61	6
6Z1O	27	76.68	6
6Z1O	28	75.74	6
6Z1O	29	76.12	6
6Z1O	30	75.66	6
6Z1O	31	75.01	6
6Z1O	32	76.19	6
6Z1O	33	75.56	6
6Z1O	34	73.6	6
6Z1O	35	74.08	6
6Z1O	36	71.36	6
6Z1O	37	70.77	6
6Z1O	38	70.89	6
6Z1O	39	71.19	6
6Z1O	40	71.42	6
6Z1O	41	69.31	6
6Z1O	42	66.81	6
6Z1O	43	65.54	6
6Z1O	44	64.36	6
6Z1O	45	63.72	6
6Z1O	46	64.87	6
6Z1O	47	65.46	6
6Z1O	48	70.02	6
6Z1O	49	72.23	6
6Z1O	60	79.9	6
6Z1O	61	77.33	6
6Z1O	62	77.21	6
6Z1O	63	76.59	6
6Z1O	64	76.93	6
6Z1O	65	76.59	6
6Z1O	66	75.5	6
6Z1O	67	75.08	6
6Z1O	68	75.07	6
6Z1O	69	75.29	6
6Z1O	70	73.08	6
6Z1O	71	72.49	6
6Z1O	72	68.66	6
6Z1O	73	69.34	6
6Z1O	74	68.65	6
6Z1O	75	70.49	6
6Z1O	76	70.1	6
6Z1O	77	69.3	6
6Z1O	78	67.61	6
6Z1O	79	69.6	6
6Z1O	80	72.33	6
6Z1O	81	73.06	6
6Z1O	82	71.83	6
6Z1O	83	71.55	6
6Z1O	84	72.41	6
6Z1O	85	72.13	6
6Z1O	86	72.56	6
6Z1O	87	71.3	6
6Z1O	88	71.71	6
6Z1O	89	70.78	6
6Z1O	90	71.89	6
6Z1O	91	72.05	6
6Z1O	92	72.32	6
6Z1O	93	72.02	6
6Z1O	94	70.94	6
6Z1O	95	71.4	6
6Z1O	96	71.42	6
6Z1O	97	73.93	6
6Z1O	98	76.02	6
6Z1O	99	75.7	6
6Z1O	100	76.52	6
6Z1O	101	78.82	6
6Z1O	102	78.32	6
6Z1O	103	77.92	6
6Z1O	104	80.7	6
6Z1O	105	80.59	6
6Z1O	106	82.02	6
6Z1O	107	81.28	6
6ZCF	2	14.7	12
6ZCF	3	13.79	12
6ZCF	4	11.91	12
6ZCF	5	12.56	12
6ZCF	6	12.82	12
6ZCF	7	13.15	12
6ZCF	8	13.42	12
6ZCF	9	15.13	12
6ZCF	10	14.7	12
6ZCF	11	15.84	12
6ZCF	12	16.42	12
6ZCF	13	18.02	12
6ZCF	14	17.76	12
6ZCF	15	17.66	12
6ZCF	16	16.35	12
6ZCF	17	15.73	12
6ZCF	18	13.87	12
6ZCF	19	15.58	12
6ZCF	20	15.63	12
6ZCF	21	16.3	12
6ZCF	22	17.77	12
6ZCF	23	19.21	12
6ZCF	24	18.72	12
6ZCF	25	19.38	12
6ZCF	26	20.11	12
6ZCF	27	18.94	12
6ZCF	28	18.3	12
6ZCF	29	17.44	12
6ZCF	30	20.8	12
6ZCF	31	20.15	12
6ZCF	32	20.96	12
6ZCF	33	20.24	12
6ZCF	34	18.18	12
6ZCF	35	19.19	12
6ZCF	36	20.23	12
6ZCF	37	24.35	12
6ZCF	38	24.91	12
6ZCG	2	34.92	24
6ZCG	3	34.545	24
6ZCG	4	33.47	24
6ZCG	5	33.605	24
6ZCG	6	33.875	24
6ZCG	7	33.59	24
6ZCG	8	34.275	24
6ZCG	9	36.9	24
6ZCG	10	36.085	24
6ZCG	11	37.66	24
6ZCG	12	38.0	24
6ZCG	13	39.195	24
6ZCG	14	39.2	24
6ZCG	15	38.38	24
6ZCG	16	38.265	24
6ZCG	17	37.785	24
6ZCG	18	35.335	24
6ZCG	19	36.44	24
6ZCG	20	36.065	24
6ZCG	21	36.53	24
6ZCG	22	37.845	24
6ZCG	23	38.945	24
6ZCG	24	38.925	24
6ZCG	25	39.375	24
6ZCG	26	39.755	24
6ZCG	27	38.03	24
6ZCG	28	36.925	24
6ZCG	29	36.78	24
6ZCG	30	38.51	24
6ZCG	31	39.38	24
6ZCG	32	39.8	24
6ZCG	33	40.16	24
6ZCG	34	39.49	24
6ZCG	35	40.395	24
6ZCG	36	41.64	24
6ZCG	37	44.475	24
6ZCG	38	44.695	24
6ZCH	2	77.453	18
6ZCH	3	77.977	18
6ZCH	4	76.337	18
6ZCH	5	75.39	18
6ZCH	6	75.78	18
6ZCH	7	75.967	18
6ZCH	8	76.753	18
6ZCH	9	79.747	18
6ZCH	10	79.137	18
6ZCH	11	76.703	18
6ZCH	12	77.827	18
6ZCH	13	78.74	18
6ZCH	14	79.4	18
6ZCH	15	79.013	18
6ZCH	16	81.153	18
6ZCH	17	78.14	18
6ZCH	18	77.033	18
6ZCH	19	77.71	18
6ZCH	20	76.483	18
6ZCH	21	78.18	18
6ZCH	22	80.347	18
6ZCH	23	82.633	18
6ZCH	24	82.083	18
6ZCH	25	85.087	18
6ZCH	26	87.467	18
6ZCH	27	83.477	18
6ZCH	28	80.597	18
6ZCH	29	80.433	18
6ZCH	30	81.673	18
6ZCH	31	83.123	18
6ZCH	32	82.697	18
6ZCH	33	82.943	18
6ZCH	34	81.11	18
6ZCH	35	80.643	18
6ZCH	36	78.94	18
6ZCH	37	80.013	18
6ZCH	38	81.49	18
6ZCH	39	84.167	18
6ZCH	40	83.447	18
6ZCH	41	83.39	18
6ZCH	42	83.817	18
6ZCH	43	84.267	18
6ZCH	44	81.653	18
6ZCH	45	80.173	18
6ZCH	46	81.143	18
6ZCH	47	81.44	18
6ZCH	48	82.533	18
6ZCH	49	83.33	18
6ZCH	50	82.263	18
6ZCH	51	81.967	18
6ZCH	52	82.123	18
6ZCH	53	81.393	18
6ZCH	54	80.673	18
6ZCH	55	80.27	18
6ZCH	56	81.98	18
6ZCH	57	80.95	18
6ZCH	58	79.507	18
6ZCH	59	80.33	18
6ZCH	60	83.287	18
6ZCH	61	82.217	18
6ZCH	62	82.99	18
6ZCH	63	82.973	18
6ZCH	64	82.477	18
6ZCH	65	80.9	18
6ZCH	66	82.073	18
6ZCH	67	84.46	18
6ZCH	68	84.45	18
6ZCH	69	84.693	18
6ZCH	70	86.24	18
6ZRF	24	109.986	12
6ZRF	25	112.484	12
6ZRF	26	106.017	12
6ZRF	27	97.198	12
6ZRF	28	88.408	12
6ZRF	29	89.091	12
6ZRF	30	86.276	12
6ZRF	31	91.01	12
6ZRF	32	91.922	12
6ZRF	33	88.787	12
6ZRF	34	89.823	12
6ZRF	35	87.318	12
6ZRF	36	86.473	12
6ZRF	37	82.177	12
6ZRF	38	86.462	12
6ZRF	39	88.428	12
6ZRF	40	99.835	12
6ZRF	41	112.61	12
6ZRF	42	114.63	12
6ZRF	43	118.592	12
6ZRF	44	118.671	12
6ZRF	45	118.6	12
6ZRF	46	110.312	12
6ZRF	47	96.824	12
6ZRQ	26	193.33	12
6ZRQ	27	194.67	12
6ZRQ	28	196.47	12
6ZRQ	29	195.19	12
6ZRQ	30	192.94	12
6ZRQ	31	190.6	12
6ZRQ	32	190.24	12
6ZRQ	33	179.47	12
6ZRQ	34	174.13	12
6ZRQ	35	173.39	12
6ZRQ	36	172.65	12
6ZRQ	37	171.73	12
6ZRQ	38	172.31	12
6ZRQ	39	174.67	12
6ZRQ	40	177.65	12
6ZRQ	41	177.32	12
6ZRQ	42	186.27	12
6ZRQ	43	183.67	12
6ZRQ	44	193.94	12
6ZRQ	45	194.41	12
6ZRQ	46	192.41	12
6ZRQ	47	195.65	12
6ZRR	26	54.926	18
6ZRR	27	53.574	18
6ZRR	28	52.051	18
6ZRR	29	51.88	18
6ZRR	30	51.352	18
6ZRR	31	50.769	18
6ZRR	32	51.051	18
6ZRR	33	48.819	18
6ZRR	34	47.683	18
6ZRR	35	47.077	18
6ZRR	36	46.647	18
6ZRR	37	46.602	18
6ZRR	38	46.038	18
6ZRR	39	47.159	18
6ZRR	40	47.717	18
6ZRR	41	49.618	18
6ZRR	42	50.993	18
6ZRR	43	48.416	18
6ZRR	44	48.912	18
6ZRR	45	50.695	18
6ZRR	46	51.787	18
6ZRR	47	54.235	18
7BX7	303	79.662	6
7BX7	304	80.463	6
7BX7	305	76.123	6
7BX7	306	72.693	6
7BX7	307	73.64	6
7BX7	308	78.357	6
7BX7	309	78.293	6
7BX7	310	73.273	6
7BX7	311	70.843	6
7BX7	312	64.22	6
7BX7	313	62.4	6
7BX7	314	59.672	6
7BX7	315	56.325	6
7BX7	316	52.045	6
7BX7	317	49.268	6
7BX7	318	50.775	6
7BX7	319	48.618	6
7BX7	320	51.085	6
7BX7	321	48.487	6
7BX7	322	51.043	6
7BX7	323	53.525	6
7BX7	324	59.877	6
7BX7	325	62.233	6
7BX7	326	67.768	6
7BX7	327	71.835	6
7BX7	328	75.727	6
7BX7	329	75.328	6
7BX7	330	72.34	6
7BX7	331	67.07	6
7BX7	332	62.733	6
7BX7	333	65.765	6
7BX7	334	62.897	6
7BX7	335	62.06	6
7BX7	336	60.912	6
7BX7	337	69.907	6
7BX7	338	73.065	6
7BX7	339	79.157	6
7BX7	340	83.933	6
7BX7	341	88.725	6
7BX7	342	83.852	6
7BX7	343	83.302	6
7BX7	344	82.733	6
7BX7	345	82.283	6
7BX7	346	89.335	6
7BX7	347	89.605	6
7C1D	46	151.587	6
7C1D	47	153.787	6
7C1D	48	153.662	6
7C1D	49	155.435	6
7C1D	50	154.555	6
7C1D	51	148.088	6
7C1D	52	139.88	6
7C1D	53	136.098	6
7C1D	54	136.943	6
7C1D	55	139.585	6
7C1D	56	144.513	6
7C1D	57	150.925	6
7C1D	58	150.192	6
7C1D	59	147.173	6
7C1D	60	141.805	6
7C1D	61	137.182	6
7C1D	62	135.708	6
7C1D	63	126.465	6
7C1D	64	124.128	6
7C1D	65	119.978	6
7C1D	66	118.338	6
7C1D	67	118.45	6
7C1D	68	117.552	6
7C1D	69	110.743	6
7C1D	70	110.85	6
7C1D	71	107.617	6
7C1D	72	107.755	6
7C1D	73	98.312	6
7C1D	74	83.205	6
7C1D	75	70.72	6
7C1D	76	61.83	6
7C1D	77	58.475	6
7C1D	78	57.027	6
7C1D	79	61.552	6
7C1D	80	67.73	6
7C1D	81	74.042	6
7C1D	82	78.677	6
7C1D	83	92.295	6
7C1D	84	95.505	6
7C1D	85	95.51	6
7C1D	86	93.512	6
7C1D	87	90.435	6
7C1D	88	79.215	6
7C1D	89	73.397	6
7C1D	90	76.933	6
7C1D	91	80.268	6
7C1D	92	84.645	6
7C1D	93	86.255	6
7C1D	94	81.272	6
7C1D	95	85.748	6
7C1D	96	86.908	6
7DA4	448	129.883	3
7DA4	449	118.323	3
7DA4	450	104.623	3
7DA4	451	106.063	3
7DA4	452	93.933	3
7DA4	453	103.623	3
7DA4	454	76.457	3
7DA4	455	75.913	3
7DA4	456	59.22	3
7DA4	457	54.89	3
7DA4	458	49.95	3
7DA4	459	63.843	3
7DA4	460	71.017	3
7DA4	461	90.42	3
7DA4	462	113.897	3
7DA4	463	122.677	3
7DA4	464	125.743	3
7DA4	465	118.387	3
7DA4	466	97.163	3
7DA4	467	108.89	3
7DA4	468	113.81	3
7DA4	469	130.87	3
7DAC	447	0.0	5
7DAC	448	0.0	5
7DAC	449	0.0	5
7DAC	450	0.0	5
7DAC	451	0.0	5
7DAC	452	0.0	5
7DAC	453	0.0	5
7DAC	454	0.0	5
7DAC	455	0.0	5
7DAC	456	0.0	5
7DAC	457	0.0	5
7DAC	458	0.0	5
7DAC	459	0.0	5
7DAC	460	0.0	5
7DAC	461	0.0	5
7DAC	462	0.0	5
7DAC	463	0.0	5
7DAC	464	0.0	5
7DAC	465	0.0	5
7DAC	466	0.0	5
7DAC	467	0.0	5
7DAC	468	0.0	5
7DAC	469	0.0	5
7DAC	470	0.0	5
7DAC	471	0.0	5
7DAC	472	0.0	5
7DAC	473	0.0	5
7DAC	474	0.0	5
7DAC	475	0.0	5
7DWV	153	110.442	6
7DWV	154	108.767	6
7DWV	155	107.757	6
7DWV	156	106.925	6
7DWV	157	103.853	6
7DWV	158	99.075	6
7DWV	159	96.408	6
7DWV	160	99.902	6
7DWV	161	101.162	6
7DWV	162	101.42	6
7DWV	163	104.618	6
7DWV	164	105.148	6
7DWV	165	102.625	6
7DWV	166	101.853	6
7DWV	167	97.638	6
7DWV	168	97.49	6
7DWV	169	97.597	6
7DWV	170	102.802	6
7DWV	171	104.378	6
7DWV	172	104.41	6
7DWV	173	103.417	6
7DWV	174	102.093	6
7DWV	175	101.887	6
7DWV	176	102.235	6
7DWV	177	103.973	6
7DWV	178	108.233	6
7DWV	179	108.373	6
7DWV	180	108.168	6
7DWV	181	106.06	6
7DWV	182	99.022	6
7DWV	183	93.322	6
7DWV	184	92.82	6
7DWV	185	92.222	6
7DWV	186	88.237	6
7DWV	187	86.563	6
7DWV	188	88.113	6
7DWV	189	94.95	6
7DWV	190	96.51	6
7DWV	191	99.713	6
7DWV	192	105.4	6
7DWV	193	106.99	6
7DWV	194	110.828	6
7DWV	195	113.768	6
7E0F	50	149.857	6
7E0F	51	148.257	6
7E0F	52	139.245	6
7E0F	53	129.307	6
7E0F	54	122.712	6
7E0F	55	126.75	6
7E0F	56	129.245	6
7E0F	57	134.922	6
7E0F	58	134.127	6
7E0F	59	128.485	6
7E0F	60	119.09	6
7E0F	61	111.153	6
7E0F	62	101.925	6
7E0F	63	88.247	6
7E0F	64	86.28	6
7E0F	65	72.323	6
7E0F	66	72.27	6
7E0F	67	70.958	6
7E0F	68	69.605	6
7E0F	69	69.718	6
7E0F	70	71.597	6
7E0F	71	72.2	6
7E0F	72	76.318	6
7E0F	73	72.295	6
7E0F	74	63.173	6
7E0F	75	60.672	6
7E0F	76	51.347	6
7E0F	77	46.018	6
7E0F	78	46.412	6
7E0F	79	51.455	6
7E0F	80	59.942	6
7E0F	81	68.898	6
7E0F	82	75.378	6
7E0F	83	88.475	6
7E0F	84	89.065	6
7E0F	85	87.587	6
7E0F	86	84.27	6
7E0F	87	78.313	6
7E0F	88	67.6	6
7E0F	89	63.033	6
7E0F	90	60.53	6
7E0F	91	61.42	6
7E0F	92	66.225	6
7E0F	93	65.773	6
7E0F	94	64.568	6
7E0F	95	64.298	6
7E0F	96	71.23	6
7E0F	97	82.302	6
7E0F	98	99.122	6
7F29	6	84.695	6
7F29	7	90.182	6
7F29	8	96.453	6
7F29	9	104.205	6
7F29	10	113.098	6
7F29	11	94.623	6
7F29	12	83.398	6
7F29	13	81.122	6
7F29	14	77.618	6
7F29	15	60.13	6
7F29	16	50.763	6
7F29	17	42.343	6
7F29	18	37.065	6
7F29	19	38.682	6
7F29	20	38.79	6
7F29	21	45.328	6
7F29	22	54.822	6
7F29	23	55.943	6
7F29	24	49.712	6
7F29	25	44.498	6
7F29	26	45.172	6
7F29	27	45.643	6
7F29	28	47.468	6
7F29	29	48.118	6
7F29	30	43.853	6
7F29	31	39.322	6
7F29	32	39.398	6
7F29	33	40.088	6
7F29	34	46.04	6
7F29	35	54.555	6
7F29	36	56.587	6
7F29	37	60.195	6
7F29	38	60.282	6
7F29	39	56.91	6
7F29	40	57.408	6
7F29	41	58.558	6
7F29	42	59.498	6
7KWZ	276	123.29	5
7KWZ	277	121.09	5
7KWZ	278	114.9	5
7KWZ	279	116.09	5
7KWZ	280	113.41	5
7KWZ	281	111.8	5
7KWZ	282	109.47	5
7KWZ	283	110.54	5
7KWZ	284	110.56	5
7KWZ	285	116.16	5
7KWZ	286	118.79	5
7KWZ	287	120.52	5
7KWZ	288	120.94	5
7KWZ	289	117.25	5
7KWZ	290	118.09	5
7KWZ	291	120.88	5
7KWZ	292	125.08	5
7KWZ	293	133.09	5
7KWZ	294	133.75	5
7KWZ	295	137.3	5
7KWZ	296	140.32	5
7KWZ	297	139.5	5
7KWZ	298	137.55	5
7KWZ	299	130.42	5
7KWZ	300	127.83	5
7KWZ	301	118.95	5
7KWZ	302	112.88	5
7KWZ	303	106.3	5
7KWZ	304	100.68	5
7KWZ	305	98.11	5
7KWZ	306	99.56	5
7KWZ	307	102.19	5
7KWZ	308	102.24	5
7KWZ	309	98.06	5
7KWZ	310	93.73	5
7KWZ	311	92.94	5
7KWZ	312	90.83	5
7KWZ	313	88.11	5
7KWZ	314	92.19	5
7KWZ	315	92.07	5
7KWZ	316	90.35	5
7KWZ	317	99.34	5
7KWZ	318	102.05	5
7KWZ	319	110.65	5
7KWZ	320	108.64	5
7KWZ	321	108.44	5
7KWZ	322	103.9	5
7KWZ	323	106.01	5
7KWZ	324	97.99	5
7KWZ	325	96.4	5
7KWZ	326	96.96	5
7KWZ	327	106.54	5
7KWZ	328	94.24	5
7KWZ	329	83.0	5
7KWZ	330	72.89	5
7KWZ	331	68.1	5
7KWZ	332	72.73	5
7KWZ	333	75.99	5
7KWZ	334	81.58	5
7KWZ	335	77.62	5
7KWZ	336	81.22	5
7KWZ	337	79.92	5
7KWZ	338	69.92	5
7KWZ	339	65.81	5
7KWZ	340	63.55	5
7KWZ	341	66.63	5
7KWZ	342	71.9	5
7KWZ	343	74.36	5
7KWZ	344	66.59	5
7KWZ	345	71.19	5
7KWZ	346	66.28	5
7KWZ	347	71.1	5
7KWZ	348	71.44	5
7KWZ	349	74.5	5
7KWZ	350	81.16	5
7KWZ	351	78.93	5
7KWZ	352	82.27	5
7KWZ	353	87.62	5
7KWZ	354	98.58	5
7KWZ	355	104.56	5
7KWZ	356	106.81	5
7KWZ	357	112.24	5
7KWZ	358	120.7	5
7KWZ	359	127.89	5
7KWZ	360	129.55	5
7KWZ	361	134.65	5
7KWZ	362	137.31	5
7KWZ	363	138.23	5
7KWZ	364	138.08	5
7KWZ	365	135.96	5
7KWZ	366	132.93	5
7KWZ	367	129.21	5
7KWZ	368	123.79	5
7KWZ	369	120.0	5
7KWZ	370	114.41	5
7KWZ	371	107.93	5
7KWZ	372	97.09	5
7KWZ	373	88.62	5
7KWZ	374	82.92	5
7KWZ	375	73.88	5
7KWZ	376	72.64	5
7KWZ	377	67.23	5
7KWZ	378	64.32	5
7KWZ	379	60.55	5
7KWZ	380	61.97	5
7KWZ	381	59.94	5
7KWZ	382	58.7	5
7KWZ	383	54.8	5
7KWZ	384	55.53	5
7KWZ	385	58.68	5
7KWZ	386	58.08	5
7KWZ	387	54.37	5
7KWZ	388	55.74	5
7KWZ	389	56.83	5
7KWZ	390	57.46	5
7KWZ	391	60.17	5
7KWZ	392	64.47	5
7KWZ	393	69.03	5
7KWZ	394	72.91	5
7KWZ	395	80.86	5
7KWZ	396	74.27	5
7KWZ	397	74.52	5
7KWZ	398	75.5	5
7KWZ	399	74.68	5
7KWZ	400	76.24	5
7KWZ	401	74.64	5
7KWZ	402	73.82	5
7KWZ	403	78.94	5
7KWZ	404	85.89	5
7KWZ	405	90.98	5
7KWZ	406	87.36	5
7KWZ	407	86.82	5
7KWZ	408	89.16	5
7KWZ	409	95.4	5
7KWZ	410	105.17	5
7KWZ	411	111.17	5
7KWZ	412	115.32	5
7KWZ	413	118.57	5
7KWZ	414	129.21	5
7L7H	36	144.574	8
7L7H	37	141.98	8
7L7H	38	140.481	8
7L7H	39	142.829	8
7L7H	40	140.382	8
7L7H	41	135.915	8
7L7H	42	135.81	8
7L7H	43	130.289	8
7L7H	44	130.551	8
7L7H	45	128.577	8
7L7H	46	129.662	8
7L7H	47	134.208	8
7L7H	48	133.875	8
7L7H	49	133.659	8
7L7H	50	136.773	8
7L7H	51	133.972	8
7L7H	52	128.287	8
7L7H	53	121.864	8
7L7H	54	118.368	8
7L7H	55	118.951	8
7L7H	56	127.226	8
7L7H	57	141.13	8
7L7H	58	142.816	8
7L7H	59	143.719	8
7L7H	60	137.304	8
7L7H	61	130.315	8
7L7H	62	124.601	8
7L7H	63	123.088	8
7L7H	64	129.173	8
7L7H	65	129.352	8
7L7H	66	130.915	8
7L7H	67	135.536	8
7L7H	68	139.59	8
7L7H	69	145.344	8
7L7H	70	144.303	8
7L7H	71	144.673	8
7L7H	72	143.516	8
7L7H	73	123.954	8
7L7H	74	123.507	8
7L7H	75	123.875	8
7L7H	76	126.125	8
7L7H	77	122.532	8
7L7H	78	125.2	8
7L7H	79	120.501	8
7LNA	73	40.0	3
7LNA	74	40.0	3
7LNA	75	40.0	3
7LNA	76	40.0	3
7LNA	77	40.0	3
7LNA	78	40.0	3
7LNA	79	40.0	3
7LNA	80	40.0	3
7LNA	81	40.0	3
7LNA	82	40.0	3
7LNA	83	40.0	3
7LNA	84	40.0	3
7LNA	85	40.0	3
7LNA	86	40.0	3
7LNA	87	40.0	3
7LNA	88	40.0	3
7LNA	89	40.0	3
7LNA	90	40.0	3
7LNA	91	40.0	3
7LNA	92	40.0	3
7LNA	93	40.0	3
7LNA	94	40.0	3
7LNA	95	40.0	3
7LNA	96	40.0	3
7LNA	97	40.0	3
7LNA	98	40.0	3
7LNA	99	40.0	3
7LNA	100	40.0	3
7LNA	101	40.0	3
7LNA	102	40.0	3
7LNA	103	40.0	3
7LNA	104	40.0	3
7LNA	105	40.0	3
7LNA	106	40.0	3
7LNA	107	40.0	3
7LNA	108	40.0	3
7LNA	109	40.0	3
7LNA	110	40.0	3
7LNA	111	40.0	3
7LNA	112	40.0	3
7LNA	113	40.0	3
7LNA	114	40.0	3
7LNA	115	40.0	3
7LNA	116	40.0	3
7LNA	117	40.0	3
7LNA	118	40.0	3
7LNA	119	40.0	3
7LNA	120	40.0	3
7LNA	121	40.0	3
7LNA	122	40.0	3
7LNA	123	40.0	3
7LNA	124	40.0	3
7LNA	125	40.0	3
7LNA	126	40.0	3
7LNA	127	40.0	3
7LNA	128	40.0	3
7LNA	129	40.0	3
7LNA	130	40.0	3
7LNA	131	40.0	3
7LNA	132	40.0	3
7LNA	133	40.0	3
7LNA	134	40.0	3
7LNA	135	40.0	3
7LNA	136	40.0	3
7LNA	137	40.0	3
7LNA	138	40.0	3
7LNA	139	40.0	3
7LNA	140	40.0	3
7LNA	141	40.0	3
7LNA	142	40.0	3
7LNA	143	40.0	3
7LNA	144	40.0	3
7LNA	145	40.0	3
7LNA	146	40.0	3
7LNA	147	40.0	3
7LNA	148	40.0	3
7LNA	149	40.0	3
7LNA	150	40.0	3
7LNA	151	40.0	3
7LNA	152	40.0	3
7LNA	153	40.0	3
7LNA	154	40.0	3
7LNA	155	40.0	3
7LNA	156	40.0	3
7LNA	157	40.0	3
7LNA	158	40.0	3
7LNA	159	40.0	3
7LNA	160	40.0	3
7LNA	161	40.0	3
7LNA	162	40.0	3
7LNA	163	40.0	3
7LNA	164	40.0	3
7LNA	165	40.0	3
7LNA	166	40.0	3
7LNA	167	40.0	3
7LNA	168	40.0	3
7LNA	169	40.0	3
7LNA	170	40.0	3
7LNA	171	40.0	3
7LNA	175	40.0	3
7LNA	176	40.0	3
7LNA	177	40.0	3
7LNA	178	40.0	3
7LNA	179	40.0	3
7LNA	180	40.0	3
7LNA	181	40.0	3
7LNA	182	40.0	3
7LNA	183	40.0	3
7LNA	184	40.0	3
7LNA	185	40.0	3
7LNA	186	40.0	3
7LNA	187	40.0	3
7LNA	188	40.0	3
7LNA	189	40.0	3
7LNA	190	40.0	3
7LNA	191	40.0	3
7LNA	192	40.0	3
7LNA	193	40.0	3
7LNA	194	40.0	3
7LNA	195	40.0	3
7LNA	196	40.0	3
7LNA	197	40.0	3
7LNA	198	40.0	3
7LNA	199	40.0	3
7LNA	200	40.0	3
7LNA	201	40.0	3
7LNA	202	40.0	3
7LNA	203	40.0	3
7LNA	204	40.0	3
7LNA	205	40.0	3
7M61	24	57.43	5
7M61	25	57.53	5
7M61	26	55.82	5
7M61	27	55.66	5
7M61	28	62.21	10
7M61	29	56.955	10
7M61	30	51.415	10
7M61	31	50.4	10
7M61	32	48.19	10
7M61	33	45.015	10
7M61	34	41.165	10
7M61	35	44.475	10
7M61	36	42.895	10
7M61	37	40.015	10
7M61	38	40.545	10
7M61	39	41.67	10
7M61	40	41.41	10
7M61	41	43.01	10
7M61	42	43.295	10
7M61	43	40.505	10
7M61	44	40.775	10
7M61	45	40.92	10
7M61	46	41.065	10
7M61	47	42.255	10
7M61	48	40.975	10
7M62	17	172.88	10
7M62	18	183.04	10
7M62	19	168.5	10
7M62	20	166.28	10
7M62	21	145.21	10
7M62	22	123.24	10
7M62	23	121.35	10
7M62	24	117.08	10
7M62	25	137.87	10
7M62	26	150.57	10
7M62	27	156.16	10
7M62	28	154.51	10
7M62	29	154.36	10
7M62	30	159.32	10
7M62	31	160.24	10
7M62	32	162.3	10
7M62	33	157.18	10
7M62	34	148.66	10
7M62	35	149.22	10
7M62	36	153.75	10
7M62	37	159.2	10
7M62	38	158.4	10
7M62	39	163.34	10
7M62	40	174.28	10
7M62	41	161.92	10
7M62	42	164.1	10
7M62	43	158.28	10
7M62	44	156.82	10
7M62	45	158.23	10
7M62	46	148.16	10
7M62	47	147.67	10
7M62	48	143.33	10
7M64	24	80.94	10
7M64	25	84.79	10
7M64	26	77.0	10
7M64	27	73.6	10
7M64	28	69.48	10
7M64	29	62.95	10
7M64	30	53.6	10
7M64	31	49.15	10
7M64	32	49.64	10
7M64	33	49.14	10
7M64	34	49.34	10
7M64	35	58.19	10
7M64	36	63.43	10
7M64	37	64.05	10
7M64	38	67.1	10
7M64	39	71.08	10
7M64	40	69.95	10
7M64	41	76.47	10
7M64	42	76.62	10
7M64	43	77.2	10
7M64	44	79.77	10
7M64	45	79.72	10
7M64	46	74.23	10
7M64	47	73.3	10
7M64	48	69.22	10
7M65	17	89.82	5
7M65	18	96.6	5
7M65	19	97.28	5
7M65	20	98.27	5
7M65	21	99.07	5
7M65	22	95.88	5
7M65	23	95.73	5
7M65	24	99.7	5
7M65	25	112.18	10
7M65	26	113.72	10
7M65	27	110.875	10
7M65	28	106.09	10
7M65	29	96.13	10
7M65	30	94.165	10
7M65	31	94.605	10
7M65	32	90.97	10
7M65	33	89.44	10
7M65	34	88.45	10
7M65	35	91.255	10
7M65	36	92.375	10
7M65	37	92.745	10
7M65	38	89.58	10
7M65	39	83.19	10
7M65	40	84.845	10
7M65	41	89.045	10
7M65	42	83.205	10
7M65	43	83.35	10
7M65	44	82.015	10
7M65	45	80.565	10
7M65	46	82.97	10
7M65	47	86.115	10
7M65	48	99.29	5
7MKF	306	70.42	10
7MKF	307	68.125	10
7MKF	308	59.34	10
7MKF	309	55.435	10
7MKF	310	49.805	10
7MKF	311	49.37	10
7MKF	312	47.885	10
7MKF	313	48.07	10
7MKF	314	50.875	10
7MKF	315	49.02	10
7MKF	316	48.615	10
7MKF	317	43.98	10
7MKF	318	39.56	10
7MKF	319	39.32	10
7MKF	320	40.755	10
7MKF	321	40.275	10
7MKF	322	40.835	10
7MKF	323	40.735	10
7MKF	324	43.415	10
7MKF	325	43.04	10
7MKF	326	40.245	10
7MKF	327	34.49	10
7MKF	328	30.72	10
7MKF	329	28.05	10
7MKF	330	27.005	10
7MKF	331	27.695	10
7MKF	332	26.53	10
7MKF	333	27.23	10
7MKF	334	27.95	10
7MKF	335	25.755	10
7MKF	336	25.2	10
7MKF	337	27.035	10
7MKF	338	31.32	10
7MKF	339	33.315	10
7MKF	340	39.235	10
7MKF	341	44.585	10
7MKF	342	46.765	10
7MKF	343	45.485	10
7MKF	344	45.655	10
7MKF	345	46.27	10
7MKF	346	46.67	10
7MKF	347	46.62	10
7MKF	348	48.71	10
7MKF	349	48.3	10
7MKF	350	41.07	10
7MKF	351	37.15	10
7MKF	352	35.135	10
7MKF	353	31.55	10
7MKF	354	28.845	10
7MKF	355	27.16	10
7MKF	356	27.345	10
7MKF	357	27.8	10
7MKF	358	29.51	10
7MKF	359	26.04	10
7MKF	360	24.2	10
7MKF	361	23.52	10
7MKF	362	23.51	10
7MKF	363	23.7	10
7MKF	364	26.09	10
7MKF	365	32.965	10
7MKF	366	32.87	10
7MKF	367	33.965	10
7MKF	368	32.635	10
7MKF	369	33.255	10
7MKF	370	32.9	10
7MKF	371	35.055	10
7MKF	372	38.84	10
7MKF	373	41.26	10
7MKF	374	44.705	10
7MKF	375	46.08	10
7MKF	376	50.37	10
7MKF	377	53.93	10
7MKF	378	55.895	10
7MKG	306	31.175	10
7MKG	307	31.305	10
7MKG	308	29.715	10
7MKG	309	29.41	10
7MKG	310	31.435	10
7MKG	311	32.215	10
7MKG	312	33.555	10
7MKG	313	35.025	10
7MKG	314	37.98	10
7MKG	315	38.47	10
7MKG	316	38.405	10
7MKG	317	33.825	10
7MKG	318	31.56	10
7MKG	319	33.385	10
7MKG	320	32.575	10
7MKG	321	32.78	10
7MKG	322	34.125	10
7MKG	323	36.86	10
7MKG	324	39.2	10
7MKG	325	40.135	10
7MKG	326	42.47	10
7MKG	327	38.295	10
7MKG	328	35.365	10
7MKG	329	35.31	10
7MKG	330	36.885	10
7MKG	331	38.965	10
7MKG	332	41.75	10
7MKG	333	47.84	10
7MKG	334	52.87	10
7MKG	335	61.11	10
7MKG	336	64.49	10
7MKG	337	67.945	10
7MKG	338	75.655	10
7MKG	339	83.205	10
7MKG	340	94.81	10
7MKG	341	106.57	10
7MKG	342	114.265	10
7MKG	343	113.42	10
7MKG	344	110.755	10
7MKG	345	108.435	10
7MKG	346	107.47	10
7MKG	347	107.765	10
7MKG	348	107.665	10
7MKG	349	106.21	10
7MKG	350	98.765	10
7MKG	351	91.05	10
7MKG	352	82.86	10
7MKG	353	75.785	10
7MKG	354	70.285	10
7MKG	355	68.22	10
7MKG	356	60.625	10
7MKG	357	54.105	10
7MKG	358	48.09	10
7MKG	359	41.92	10
7MKG	360	37.37	10
7MKG	361	34.89	10
7MKG	362	33.78	10
7MKG	363	32.01	10
7MKG	364	32.095	10
7MKG	365	34.855	10
7MKG	366	35.105	10
7MKG	367	34.985	10
7MKG	368	33.695	10
7MKG	369	30.465	10
7MKG	370	30.385	10
7MKG	371	29.88	10
7MKG	372	32.45	10
7MKG	373	32.635	10
7MKG	374	32.0	10
7MKG	375	30.76	10
7MKG	376	30.83	10
7MKG	377	32.125	10
7MKG	378	34.175	10
7MKH	305	83.735	10
7MKH	306	80.13	10
7MKH	307	79.025	10
7MKH	308	69.63	10
7MKH	309	68.125	10
7MKH	310	62.615	10
7MKH	311	64.53	10
7MKH	312	64.33	10
7MKH	313	67.62	10
7MKH	314	68.19	10
7MKH	315	64.005	10
7MKH	316	59.215	10
7MKH	317	55.645	10
7MKH	318	50.315	10
7MKH	319	51.3	10
7MKH	320	50.775	10
7MKH	321	50.035	10
7MKH	322	50.11	10
7MKH	323	51.39	10
7MKH	324	50.72	10
7MKH	325	49.06	10
7MKH	326	47.07	10
7MKH	327	42.07	10
7MKH	328	35.205	10
7MKH	329	31.975	10
7MKH	330	31.125	10
7MKH	331	29.525	10
7MKH	332	30.74	10
7MKH	333	32.935	10
7MKH	334	34.275	10
7MKH	335	32.895	10
7MKH	336	29.06	10
7MKH	337	30.255	10
7MKH	338	34.075	10
7MKH	339	38.355	10
7MKH	340	45.54	10
7MKH	341	56.77	10
7MKH	342	61.355	10
7MKH	343	61.825	10
7MKH	344	59.775	10
7MKH	345	59.57	10
7MKH	346	56.2	10
7MKH	347	55.01	10
7MKH	348	54.035	10
7MKH	349	53.35	10
7MKH	350	45.695	10
7MKH	351	43.36	10
7MKH	352	40.93	10
7MKH	353	37.755	10
7MKH	354	36.395	10
7MKH	355	36.045	10
7MKH	356	37.405	10
7MKH	357	36.545	10
7MKH	358	37.515	10
7MKH	359	33.21	10
7MKH	360	31.02	10
7MKH	361	30.07	10
7MKH	362	30.17	10
7MKH	363	30.935	10
7MKH	364	34.415	10
7MKH	365	40.67	10
7MKH	366	43.81	10
7MKH	367	44.96	10
7MKH	368	45.195	10
7MKH	369	43.655	10
7MKH	370	44.85	10
7MKH	371	45.12	10
7MKH	372	49.925	10
7MKH	373	51.61	10
7MKH	374	57.33	10
7MKH	375	55.94	10
7MKH	376	64.07	10
7MKH	377	72.725	10
7MKH	378	78.67	10
7MKH	379	80.295	10
7NCA	37	74.877	12
7NCA	38	70.662	12
7NCA	39	71.432	12
7NCA	40	66.808	12
7NCA	41	69.279	12
7NCA	42	73.097	12
7NCA	43	80.575	12
7NCA	44	78.888	12
7NCA	45	78.014	12
7NCA	46	74.332	12
7NCA	47	69.726	12
7NCA	48	65.608	12
7NCA	49	61.008	12
7NCA	50	59.402	12
7NCA	51	55.738	12
7NCA	52	52.844	12
7NCA	53	53.616	12
7NCA	54	58.023	12
7NCA	55	59.543	12
7NCA	56	62.883	12
7NCA	57	68.153	12
7NCA	58	66.062	12
7NCA	59	65.828	12
7NCA	60	63.63	12
7NCA	61	61.6	12
7NCA	62	51.744	12
7NCA	63	48.109	12
7NCA	64	45.412	12
7NCA	65	48.74	12
7NCA	66	48.142	12
7NCA	67	53.498	12
7NCA	68	61.852	12
7NCA	69	62.908	12
7NCA	70	60.95	12
7NCA	71	57.057	12
7NCA	72	60.436	12
7NCA	73	58.188	12
7NCA	74	57.489	12
7NCA	75	57.93	12
7NCA	76	57.786	12
7NCA	77	56.732	12
7NCA	78	60.899	12
7NCA	79	62.767	12
7NCA	80	67.697	12
7NCA	81	79.379	12
7NCA	82	87.853	12
7NCA	83	95.717	12
7NCA	84	95.627	12
7NCA	85	94.172	12
7NCA	86	88.454	12
7NCA	87	85.674	12
7NCA	88	80.917	12
7NCA	89	78.213	12
7NCA	90	74.196	12
7NCA	91	68.298	12
7NCA	92	63.72	12
7NCA	93	60.547	12
7NCA	94	66.007	12
7NCA	95	62.893	12
7NCA	96	66.677	12
7NCA	97	70.962	12
7NCG	37	95.073	12
7NCG	38	88.43	12
7NCG	39	87.95	12
7NCG	40	83.592	12
7NCG	41	91.255	12
7NCG	42	101.34	12
7NCG	43	111.857	12
7NCG	44	123.145	12
7NCG	45	133.31	12
7NCG	46	132.523	12
7NCG	47	120.405	12
7NCG	48	111.225	12
7NCG	49	106.442	12
7NCG	50	99.547	12
7NCG	51	87.737	12
7NCG	52	76.265	12
7NCG	53	81.052	12
7NCG	54	83.662	12
7NCG	55	86.147	12
7NCG	56	90.348	12
7NCG	57	106.243	12
7NCG	58	106.41	12
7NCG	59	105.03	12
7NCG	60	102.052	12
7NCG	61	92.087	12
7NCG	62	80.455	12
7NCG	63	71.68	12
7NCG	64	77.715	12
7NCG	65	76.472	12
7NCG	66	72.977	12
7NCG	67	78.495	12
7NCG	68	89.33	12
7NCG	69	98.287	12
7NCG	70	93.653	12
7NCG	71	95.617	12
7NCG	72	100.348	12
7NCG	73	103.79	12
7NCG	74	101.907	12
7NCG	75	100.13	12
7NCG	76	88.678	12
7NCG	77	79.143	12
7NCG	78	75.222	12
7NCG	79	80.87	12
7NCG	80	89.33	12
7NCG	81	108.467	12
7NCG	82	113.878	12
7NCG	83	122.653	12
7NCG	84	124.955	12
7NCG	85	125.54	12
7NCG	86	121.758	12
7NCG	87	113.068	12
7NCG	88	110.603	12
7NCG	89	101.782	12
7NCG	90	99.083	12
7NCG	91	99.673	12
7NCG	92	100.315	12
7NCG	93	96.972	12
7NCG	94	104.492	12
7NCG	95	103.993	12
7NCG	96	103.325	12
7NCG	97	117.64	12
7NCH	14	56.49	12
7NCH	15	53.79	12
7NCH	16	52.72	12
7NCH	17	50.15	12
7NCH	18	50.64	12
7NCH	19	52.62	12
7NCH	20	55.4	12
7NCH	21	55.56	12
7NCH	22	61.88	12
7NCH	23	64.75	12
7NCH	24	68.55	12
7NCH	25	70.99	12
7NCH	36	50.14	12
7NCH	37	46.86	12
7NCH	38	45.29	12
7NCH	39	46.42	12
7NCH	40	46.76	12
7NCH	41	47.99	12
7NCH	42	49.57	12
7NCH	43	49.33	12
7NCH	44	48.7	12
7NCH	45	48.97	12
7NCH	46	46.12	12
7NCH	47	41.51	12
7NCH	48	36.95	12
7NCH	49	37.5	12
7NCH	50	39.09	12
7NCH	51	40.13	12
7NCH	52	39.99	12
7NCH	53	42.83	12
7NCH	54	47.34	12
7NCH	55	47.75	12
7NCH	56	51.05	12
7NCH	57	57.07	12
7NCH	58	57.64	12
7NCH	59	56.55	12
7NCH	60	53.03	12
7NCH	61	50.18	12
7NCH	62	47.69	12
7NCH	63	45.82	12
7NCH	64	45.27	12
7NCH	65	42.49	12
7NCH	66	41.7	12
7NCH	67	42.87	12
7NCH	68	40.41	12
7NCH	69	38.82	12
7NCH	70	38.29	12
7NCH	71	38.84	12
7NCH	72	41.89	12
7NCH	73	39.75	12
7NCH	74	41.0	12
7NCH	75	42.93	12
7NCH	76	41.61	12
7NCH	77	40.63	12
7NCH	78	42.27	12
7NCH	79	42.44	12
7NCH	80	45.69	12
7NCH	81	46.38	12
7NCH	82	46.61	12
7NCH	83	49.23	12
7NCH	84	49.62	12
7NCH	85	51.01	12
7NCH	86	49.05	12
7NCH	87	47.42	12
7NCH	88	44.69	12
7NCH	89	46.13	12
7NCH	90	45.27	12
7NCH	91	45.72	12
7NCI	14	56.49	12
7NCI	15	53.79	12
7NCI	16	52.72	12
7NCI	17	50.15	12
7NCI	18	50.64	12
7NCI	19	52.62	12
7NCI	20	55.4	12
7NCI	21	55.56	12
7NCI	22	61.88	12
7NCI	23	64.75	12
7NCI	24	68.55	12
7NCI	25	70.99	12
7NCI	36	50.14	12
7NCI	37	46.86	12
7NCI	38	45.29	12
7NCI	39	46.42	12
7NCI	40	46.76	12
7NCI	41	47.99	12
7NCI	42	49.57	12
7NCI	43	49.33	12
7NCI	44	48.7	12
7NCI	45	48.97	12
7NCI	46	46.12	12
7NCI	47	41.51	12
7NCI	48	36.95	12
7NCI	49	37.5	12
7NCI	50	39.09	12
7NCI	51	40.13	12
7NCI	52	39.99	12
7NCI	53	42.83	12
7NCI	54	47.34	12
7NCI	55	47.75	12
7NCI	56	51.05	12
7NCI	57	57.07	12
7NCI	58	57.64	12
7NCI	59	56.55	12
7NCI	60	53.03	12
7NCI	61	50.18	12
7NCI	62	47.69	12
7NCI	63	45.82	12
7NCI	64	45.27	12
7NCI	65	42.49	12
7NCI	66	41.7	12
7NCI	67	42.87	12
7NCI	68	40.41	12
7NCI	69	38.82	12
7NCI	70	38.29	12
7NCI	71	38.84	12
7NCI	72	41.89	12
7NCI	73	39.75	12
7NCI	74	41.0	12
7NCI	75	42.93	12
7NCI	76	41.61	12
7NCI	77	40.63	12
7NCI	78	42.27	12
7NCI	79	42.44	12
7NCI	80	45.69	12
7NCI	81	46.38	12
7NCI	82	46.61	12
7NCI	83	49.23	12
7NCI	84	49.62	12
7NCI	85	51.01	12
7NCI	86	49.05	12
7NCI	87	47.42	12
7NCI	88	44.69	12
7NCI	89	46.13	12
7NCI	90	45.27	12
7NCI	91	45.72	12
7NCK	36	47.66	6
7NCK	37	44.2	6
7NCK	38	42.74	6
7NCK	39	43.2	6
7NCK	40	43.99	6
7NCK	41	46.1	6
7NCK	42	47.34	6
7NCK	43	47.85	6
7NCK	44	48.28	6
7NCK	45	50.7	6
7NCK	46	51.71	6
7NCK	47	54.76	6
7NCK	48	54.18	6
7NCK	49	54.59	6
7NCK	50	57.18	6
7NCK	51	58.57	6
7NCK	52	57.58	6
7NCK	53	59.55	6
7NCK	54	61.15	6
7NCK	55	61.84	6
7NCK	56	61.44	6
7NCK	57	62.26	6
7NCK	58	59.88	6
7NCK	59	59.33	6
7NCK	60	58.14	6
7NCK	61	57.12	6
7NCK	62	56.99	6
7NCK	63	55.47	6
7NCK	64	55.31	6
7NCK	65	57.3	6
7NCK	66	56.35	6
7NCK	67	58.72	6
7NCK	68	59.65	6
7NCK	69	61.32	6
7NCK	70	60.45	6
7NCK	71	63.04	6
7NCK	72	61.22	6
7NCK	73	61.98	6
7NCK	74	61.11	6
7NCK	75	58.58	6
7NCK	76	53.85	6
7NCK	77	51.44	6
7NCK	78	50.07	6
7NCK	79	49.07	6
7NCK	80	50.34	6
7NCK	81	48.88	6
7NCK	82	48.12	6
7NCK	83	49.22	6
7NCK	84	47.25	6
7NCK	85	46.8	6
7NCK	86	46.88	6
7NCK	87	47.41	6
7NCK	88	47.21	6
7NCK	89	47.6	6
7NCK	90	50.83	6
7NCK	91	54.4	6
7NCK	92	57.91	6
7NCK	93	60.22	6
7NCK	94	58.56	6
7NCK	95	61.17	6
7NCK	96	63.32	6
7NCK	97	68.76	6
7NCK	98	74.59	6
7NCK	99	77.77	6
7NRQ	304	19.432	10
7NRQ	305	22.087	10
7NRQ	306	21.3	10
7NRQ	307	22.718	10
7NRQ	308	18.928	10
7NRQ	309	16.814	10
7NRQ	310	17.097	10
7NRQ	311	17.716	10
7NRQ	312	15.044	10
7NRQ	313	16.156	10
7NRQ	314	18.412	10
7NRQ	315	19.064	10
7NRQ	316	17.323	10
7NRQ	317	13.838	10
7NRQ	318	10.341	10
7NRQ	319	8.87	10
7NRQ	320	6.865	10
7NRQ	321	8.456	10
7NRQ	322	10.28	10
7NRQ	323	11.095	10
7NRQ	324	10.653	10
7NRQ	325	7.477	10
7NRQ	326	4.153	10
7NRQ	327	2.407	10
7NRQ	328	1.075	10
7NRQ	329	0.87	10
7NRQ	330	1.88	10
7NRQ	331	2.277	10
7NRQ	332	2.152	10
7NRQ	333	2.68	10
7NRQ	334	4.531	10
7NRQ	335	2.304	10
7NRQ	336	0.895	10
7NRQ	337	0.948	10
7NRQ	338	4.23	10
7NRQ	339	4.355	10
7NRQ	340	7.494	10
7NRQ	341	11.479	10
7NRQ	342	14.977	10
7NRQ	343	15.911	10
7NRQ	344	11.577	10
7NRQ	345	12.654	10
7NRQ	346	10.778	10
7NRQ	347	19.513	10
7NRQ	348	16.467	10
7NRQ	349	14.069	10
7NRQ	350	9.69	10
7NRQ	351	10.109	10
7NRQ	352	7.485	10
7NRQ	353	4.428	10
7NRQ	354	3.056	10
7NRQ	355	1.793	10
7NRQ	356	1.307	10
7NRQ	357	1.27	10
7NRQ	358	1.49	10
7NRQ	359	1.192	10
7NRQ	360	1.692	10
7NRQ	361	4.117	10
7NRQ	362	0.793	10
7NRQ	363	1.095	10
7NRQ	364	1.986	10
7NRQ	365	3.632	10
7NRQ	366	3.165	10
7NRQ	367	3.587	10
7NRQ	368	4.588	10
7NRQ	369	7.704	10
7NRQ	370	9.973	10
7NRQ	371	11.023	10
7NRQ	372	13.593	10
7NRQ	373	13.357	10
7NRQ	374	16.403	10
7NRQ	375	15.951	10
7NRQ	376	17.281	10
7NRQ	377	19.813	10
7NRQ	378	25.492	10
7NRQ	379	27.808	10
7NRQ	380	29.547	10
7NRS	304	59.715	10
7NRS	305	56.235	10
7NRS	306	52.025	10
7NRS	307	48.795	10
7NRS	308	42.805	10
7NRS	309	39.075	10
7NRS	310	39.31	10
7NRS	311	39.32	10
7NRS	312	38.09	10
7NRS	313	38.87	10
7NRS	314	41.84	10
7NRS	315	41.34	10
7NRS	316	40.305	10
7NRS	317	38.26	10
7NRS	318	36.145	10
7NRS	319	36.555	10
7NRS	320	36.42	10
7NRS	321	37.925	10
7NRS	322	40.135	10
7NRS	323	40.28	10
7NRS	324	40.64	10
7NRS	325	37.845	10
7NRS	326	39.015	10
7NRS	327	41.075	10
7NRS	328	38.19	10
7NRS	329	40.735	10
7NRS	330	43.335	10
7NRS	331	46.395	10
7NRS	332	48.885	10
7NRS	333	57.07	10
7NRS	334	63.755	10
7NRS	335	68.635	10
7NRS	336	74.925	10
7NRS	337	77.78	10
7NRS	338	82.875	10
7NRS	339	86.86	10
7NRS	340	94.845	10
7NRS	341	107.19	10
7NRS	342	111.065	10
7NRS	343	101.91	10
7NRS	344	101.385	10
7NRS	345	101.58	10
7NRS	346	99.575	10
7NRS	347	102.42	10
7NRS	348	104.255	10
7NRS	349	101.395	10
7NRS	350	96.735	10
7NRS	351	92.98	10
7NRS	352	88.17	10
7NRS	353	80.69	10
7NRS	354	80.19	10
7NRS	355	76.4	10
7NRS	356	72.63	10
7NRS	357	64.13	10
7NRS	358	58.715	10
7NRS	359	48.665	10
7NRS	360	41.17	10
7NRS	361	38.57	10
7NRS	362	33.87	10
7NRS	363	32.05	10
7NRS	364	31.495	10
7NRS	365	32.75	10
7NRS	366	32.12	10
7NRS	367	31.17	10
7NRS	368	32.285	10
7NRS	369	34.485	10
7NRS	370	36.5	10
7NRS	371	35.815	10
7NRS	372	38.59	10
7NRS	373	38.25	10
7NRS	374	37.91	10
7NRS	375	39.815	10
7NRS	376	43.475	10
7NRS	377	48.24	10
7NRS	378	56.4	10
7NRS	379	63.445	10
7NRS	380	72.305	10
7NRT	304	59.715	10
7NRT	305	56.235	10
7NRT	306	52.025	10
7NRT	307	48.795	10
7NRT	308	42.805	10
7NRT	309	39.075	10
7NRT	310	39.31	10
7NRT	311	39.32	10
7NRT	312	38.09	10
7NRT	313	38.87	10
7NRT	314	41.84	10
7NRT	315	41.34	10
7NRT	316	40.305	10
7NRT	317	38.26	10
7NRT	318	36.145	10
7NRT	319	36.555	10
7NRT	320	36.42	10
7NRT	321	37.925	10
7NRT	322	40.135	10
7NRT	323	40.28	10
7NRT	324	40.64	10
7NRT	325	37.845	10
7NRT	326	39.015	10
7NRT	327	41.075	10
7NRT	328	38.19	10
7NRT	329	40.735	10
7NRT	330	43.335	10
7NRT	331	46.395	10
7NRT	332	48.885	10
7NRT	333	57.07	10
7NRT	334	63.755	10
7NRT	335	68.635	10
7NRT	336	74.925	10
7NRT	337	77.78	10
7NRT	338	82.875	10
7NRT	339	86.86	10
7NRT	340	94.845	10
7NRT	341	100.99	10
7NRT	342	103.735	10
7NRT	343	103.445	10
7NRT	344	101.385	10
7NRT	345	101.58	10
7NRT	346	99.575	10
7NRT	347	102.42	10
7NRT	348	104.255	10
7NRT	349	101.395	10
7NRT	350	96.735	10
7NRT	351	92.98	10
7NRT	352	88.17	10
7NRT	353	80.69	10
7NRT	354	80.19	10
7NRT	355	76.4	10
7NRT	356	72.63	10
7NRT	357	64.13	10
7NRT	358	58.715	10
7NRT	359	48.665	10
7NRT	360	41.17	10
7NRT	361	38.57	10
7NRT	362	33.87	10
7NRT	363	32.05	10
7NRT	364	31.495	10
7NRT	365	32.75	10
7NRT	366	32.12	10
7NRT	367	31.17	10
7NRT	368	32.285	10
7NRT	369	34.485	10
7NRT	370	36.5	10
7NRT	371	35.815	10
7NRT	372	38.59	10
7NRT	373	38.25	10
7NRT	374	37.91	10
7NRT	375	39.815	10
7NRT	376	43.475	10
7NRT	377	48.24	10
7NRT	378	56.4	10
7NRT	379	63.445	10
7NRT	380	72.305	10
7NRV	304	82.68	10
7NRV	305	82.79	10
7NRV	306	80.555	10
7NRV	307	77.975	10
7NRV	308	75.005	10
7NRV	309	71.31	10
7NRV	310	68.525	10
7NRV	311	65.125	10
7NRV	312	63.29	10
7NRV	313	61.3	10
7NRV	314	58.96	10
7NRV	315	57.165	10
7NRV	316	55.97	10
7NRV	317	53.99	10
7NRV	318	52.67	10
7NRV	319	52.255	10
7NRV	320	49.97	10
7NRV	321	48.15	10
7NRV	322	47.495	10
7NRV	323	45.61	10
7NRV	324	43.885	10
7NRV	325	41.67	10
7NRV	326	37.725	10
7NRV	327	34.945	10
7NRV	328	33.82	10
7NRV	329	32.71	10
7NRV	330	31.97	10
7NRV	331	31.4	10
7NRV	332	31.035	10
7NRV	333	30.71	10
7NRV	334	30.335	10
7NRV	335	30.78	10
7NRV	336	32.12	10
7NRV	337	34.145	10
7NRV	338	37.74	10
7NRV	339	39.615	10
7NRV	340	43.9	10
7NRV	341	48.525	10
7NRV	342	51.535	10
7NRV	343	51.355	10
7NRV	344	50.58	10
7NRV	345	50.545	10
7NRV	346	48.515	10
7NRV	347	49.08	10
7NRV	348	47.425	10
7NRV	349	45.555	10
7NRV	350	43.785	10
7NRV	351	40.935	10
7NRV	352	39.345	10
7NRV	353	37.505	10
7NRV	354	38.115	10
7NRV	355	37.08	10
7NRV	356	35.865	10
7NRV	357	34.72	10
7NRV	358	35.53	10
7NRV	359	32.985	10
7NRV	360	31.545	10
7NRV	361	32.785	10
7NRV	362	34.44	10
7NRV	363	36.005	10
7NRV	364	38.14	10
7NRV	365	41.915	10
7NRV	366	44.165	10
7NRV	367	47.405	10
7NRV	368	49.705	10
7NRV	369	51.4	10
7NRV	370	54.21	10
7NRV	371	55.535	10
7NRV	372	58.29	10
7NRV	373	61.49	10
7NRV	374	63.875	10
7NRV	375	68.085	10
7NRV	376	72.025	10
7NRV	377	75.87	10
7NRV	378	79.845	10
7NRV	379	82.185	10
7NRV	380	83.65	10
7NRX	304	73.395	10
7NRX	305	73.445	10
7NRX	306	71.775	10
7NRX	307	72.24	10
7NRX	308	67.745	10
7NRX	309	66.55	10
7NRX	310	65.61	10
7NRX	311	64.765	10
7NRX	312	61.465	10
7NRX	313	59.75	10
7NRX	314	61.415	10
7NRX	315	60.59	10
7NRX	316	60.505	10
7NRX	317	59.21	10
7NRX	318	56.5	10
7NRX	319	58.6	10
7NRX	320	58.125	10
7NRX	321	58.785	10
7NRX	322	61.785	10
7NRX	323	60.75	10
7NRX	324	61.87	10
7NRX	325	61.7	10
7NRX	326	64.56	10
7NRX	327	64.745	10
7NRX	328	64.09	10
7NRX	329	66.045	10
7NRX	330	67.495	10
7NRX	331	68.805	10
7NRX	332	71.74	10
7NRX	333	76.125	10
7NRX	334	82.4	10
7NRX	335	85.28	10
7NRX	336	88.64	10
7NRX	337	90.66	10
7NRX	338	95.17	10
7NRX	339	95.68	10
7NRX	340	100.795	10
7NRX	341	108.27	10
7NRX	342	112.755	10
7NRX	343	110.98	10
7NRX	344	109.145	10
7NRX	345	110.4	10
7NRX	346	106.425	10
7NRX	347	109.14	10
7NRX	348	108.555	10
7NRX	349	103.63	10
7NRX	350	99.575	10
7NRX	351	95.69	10
7NRX	352	90.97	10
7NRX	353	85.94	10
7NRX	354	85.335	10
7NRX	355	82.73	10
7NRX	356	78.22	10
7NRX	357	75.19	10
7NRX	358	71.945	10
7NRX	359	68.225	10
7NRX	360	64.45	10
7NRX	361	63.67	10
7NRX	362	57.325	10
7NRX	363	56.335	10
7NRX	364	56.005	10
7NRX	365	58.615	10
7NRX	366	58.8	10
7NRX	367	57.915	10
7NRX	368	56.76	10
7NRX	369	55.275	10
7NRX	370	54.41	10
7NRX	371	54.77	10
7NRX	372	58.625	10
7NRX	373	58.46	10
7NRX	374	60.055	10
7NRX	375	61.115	10
7NRX	376	65.605	10
7NRX	377	72.965	10
7NRX	378	79.89	10
7NRX	379	85.585	10
7NRX	380	92.885	10
7NSL	9	45.24	7
7NSL	10	44.8	7
7NSL	11	44.94	7
7NSL	12	44.3	7
7NSL	13	43.99	7
7NSL	14	42.88	7
7NSL	15	41.77	7
7NSL	16	39.78	7
7NSL	17	40.41	7
7NSL	18	40.46	7
7NSL	19	42.25	7
7NSL	20	43.39	7
7NSL	21	45.77	7
7NSL	22	47.96	7
7NSL	23	46.52	7
7NSL	24	47.27	7
7NSL	25	48.77	7
7NSL	26	44.59	7
7NSL	27	43.93	7
7NSL	28	41.57	7
7NSL	29	39.97	7
7NSL	30	37.52	7
7NSL	31	37.73	7
7NSL	32	39.33	7
7NSL	33	39.92	7
7NSL	34	41.93	7
7NSL	35	43.8	7
7NSL	36	44.19	7
7NSL	37	43.78	7
7NSL	38	43.37	7
7NSL	39	44.86	7
7NSL	40	44.91	7
7NSL	41	43.47	7
7NSL	42	43.66	7
7NSL	43	46.29	7
7NSL	44	46.27	7
7NSL	45	47.74	7
7NSL	46	49.6	7
7NSL	47	49.59	7
7NSL	48	51.23	7
7NSL	49	52.2	7
7NSL	50	59.08	7
7NSL	51	64.15	7
7NSL	52	65.6	7
7NSL	68	80.3	7
7NSL	69	78.87	7
7NSL	70	77.15	7
7NSL	71	72.87	7
7NSL	72	68.2	7
7NSL	73	63.49	7
7NSL	74	61.57	7
7NSL	75	59.83	7
7NSL	76	57.37	7
7NSL	77	61.02	7
7NSL	78	60.9	7
7NSL	79	60.98	7
7NSL	80	59.44	7
7NSL	81	59.0	7
7NSL	82	57.52	7
7NSL	83	58.02	7
7NSL	84	54.79	7
7NSL	85	52.45	7
7NSL	86	53.1	7
7NSL	87	50.44	7
7NSL	88	51.52	7
7NSL	89	49.44	7
7NSL	90	50.48	7
7NSL	91	53.11	7
7NSL	92	55.69	7
7NSL	93	58.4	7
7NSL	94	59.75	7
7NSL	95	61.66	7
7NSL	96	63.15	7
7NSL	97	63.66	7
7NSL	98	67.29	7
7NSL	99	70.16	7
7NSL	100	72.77	7
7NSL	101	77.52	7
7NSL	102	79.49	7
7NSL	103	81.14	7
7NSL	104	81.34	7
7NSL	105	81.53	7
7NSL	106	83.43	7
7NSL	107	85.02	7
7NSL	108	85.4	7
7OB4	11	85.722	14
7OB4	12	85.201	14
7OB4	13	83.754	14
7OB4	14	79.726	14
7OB4	15	78.522	14
7OB4	16	77.262	14
7OB4	17	78.916	14
7OB4	18	80.663	14
7OB4	19	81.035	14
7OB4	20	78.066	14
7OB4	21	77.018	14
7OB4	22	74.169	14
7OB4	23	69.839	14
7OB4	24	66.718	14
7OB4	25	60.996	14
7OB4	26	58.208	14
7OB4	27	53.731	14
7OB4	28	52.582	14
7OB4	29	53.814	14
7OB4	30	58.62	14
7OB4	31	60.446	14
7OB4	32	64.081	14
7OB4	33	66.958	14
7OB4	34	72.179	14
7OB4	35	72.351	14
7OB4	57	39.468	14
7OB4	58	38.935	14
7OB4	59	38.966	14
7OB4	60	37.666	14
7OB4	61	36.853	14
7OB4	62	35.436	14
7OB4	63	34.509	14
7OB4	64	34.007	14
7OB4	65	34.061	14
7OB4	66	36.67	14
7OB4	67	39.592	14
7OB4	68	43.826	14
7OB4	69	46.237	14
7OB4	70	39.579	14
7OB4	71	40.7	14
7OB4	72	40.516	14
7OB4	73	40.396	14
7OB4	74	41.521	14
7OB4	75	39.884	14
7OB4	76	38.776	14
7OB4	77	35.891	14
7OB4	78	37.274	14
7OB4	79	34.924	14
7OB4	80	33.087	14
7OB4	81	30.419	14
7OB4	82	32.09	14
7OB4	83	32.764	14
7OB4	84	32.999	14
7OB4	85	31.608	14
7OB4	86	29.877	14
7OB4	87	29.926	14
7OB4	88	30.864	14
7OB4	89	29.081	14
7OB4	90	27.923	14
7OB4	91	31.491	14
7OB4	92	30.954	14
7OB4	93	32.371	14
7OB4	94	34.59	14
7OB4	95	38.734	14
7OB4	96	39.737	14
7OB4	97	41.884	14
7OB4	98	44.073	14
7OB4	99	45.954	14
7OB4	100	45.13	14
7OB4	101	44.826	14
7OB4	102	44.872	14
7OB4	103	45.013	14
7OB4	104	46.473	14
7OB4	105	46.183	14
7OB4	106	47.981	14
7OB4	107	50.259	14
7OB4	108	54.167	14
7OB4	109	56.984	14
7OB4	110	56.644	14
7OB4	111	56.374	14
7OB4	112	59.109	14
7OB4	113	59.756	14
7OB4	114	60.851	14
7OB4	115	62.729	14
7OB4	116	63.69	14
7OB4	117	61.104	14
7OB4	118	59.704	14
7OB4	119	58.298	14
7OB4	120	55.974	14
7OB4	121	53.866	14
7OB4	122	52.756	14
7OB4	123	51.979	14
7OVT	2	68.19	12
7OVT	3	66.55	12
7OVT	4	67.34	12
7OVT	5	65.88	12
7OVT	6	67.23	12
7OVT	7	67.21	12
7OVT	8	70.0	12
7OVT	9	73.74	12
7OVT	10	75.61	12
7OVT	11	74.18	12
7OVT	12	75.36	12
7OVT	13	75.6	12
7OVT	14	77.8	12
7OVT	15	76.0	12
7OVT	16	76.8	12
7OVT	17	73.51	12
7OVT	18	71.76	12
7OVT	19	72.46	12
7OVT	20	71.34	12
7OVT	21	74.9	12
7OVT	22	76.83	12
7OVT	23	81.71	12
7OVT	24	81.8	12
7OVT	25	83.23	12
7OVT	26	83.73	12
7OVT	27	81.15	12
7OVT	28	78.97	12
7OVT	29	78.53	12
7OVT	30	79.95	12
7OVT	31	81.95	12
7OVT	32	82.78	12
7OVT	33	82.49	12
7OVT	34	80.13	12
7OVT	35	80.49	12
7OVT	36	77.89	12
7OVT	37	79.26	12
7OVT	38	79.39	12
7OVT	39	80.83	12
7OVT	40	81.03	12
7OVT	41	81.49	12
7OVT	42	81.97	12
7OVT	43	82.25	12
7OVT	44	79.84	12
7OVT	45	78.12	12
7OVT	46	79.04	12
7OVT	47	76.54	12
7OVT	48	75.02	12
7OVT	49	74.53	12
7OVT	50	72.26	12
7OVT	51	68.47	12
7OVT	52	67.87	12
7OVT	53	69.99	12
7OVT	54	72.36	12
7OVT	55	73.35	12
7OVT	56	73.5	12
7OVT	57	73.81	12
7OVT	58	72.9	12
7OVT	59	74.29	12
7OVT	60	75.76	12
7OVT	61	75.26	12
7OVT	62	75.2	12
7OVT	63	74.94	12
7OVT	64	73.33	12
7OVT	65	72.85	12
7OVT	66	71.22	12
7OVT	67	71.89	12
7OVT	68	70.99	12
7OVT	69	72.84	12
7OVT	70	75.82	12
7OZG	14	81.41	10
7OZG	15	81.74	10
7OZG	16	82.06	10
7OZG	17	78.15	10
7OZG	18	78.3	10
7OZG	19	80.81	10
7OZG	20	87.97	10
7OZG	21	93.56	10
7OZG	22	103.39	10
7OZG	23	106.15	10
7OZG	24	112.01	10
7OZG	25	114.3	10
7OZG	36	108.84	10
7OZG	37	106.2	10
7OZG	38	89.84	10
7OZG	39	86.42	10
7OZG	40	77.06	10
7OZG	41	77.6	10
7OZG	42	75.19	10
7OZG	43	73.85	10
7OZG	44	77.28	10
7OZG	45	77.9	10
7OZG	46	78.32	10
7OZG	47	70.25	10
7OZG	48	67.25	10
7OZG	49	63.39	10
7OZG	50	63.06	10
7OZG	51	63.66	10
7OZG	52	58.73	10
7OZG	53	62.13	10
7OZG	54	66.3	10
7OZG	55	67.39	10
7OZG	56	70.04	10
7OZG	57	77.48	10
7OZG	58	79.05	10
7OZG	59	77.72	10
7OZG	60	75.38	10
7OZG	61	70.58	10
7OZG	62	69.87	10
7OZG	63	75.31	10
7OZG	64	73.43	10
7OZG	65	70.18	10
7OZG	66	71.34	10
7OZG	67	77.02	10
7OZG	68	72.74	10
7OZG	69	65.9	10
7OZG	70	65.08	10
7OZG	71	64.68	10
7OZG	72	68.47	10
7OZG	73	66.36	10
7OZG	74	63.09	10
7OZG	75	61.24	10
7OZG	76	61.25	10
7OZG	77	60.69	10
7OZG	78	65.48	10
7OZG	79	73.18	10
7OZG	80	74.13	10
7OZG	81	78.74	10
7OZG	82	80.26	10
7OZG	83	86.38	10
7OZG	84	81.88	10
7OZG	85	76.0	10
7OZG	86	71.63	10
7OZG	87	71.52	10
7OZG	88	66.14	10
7OZG	89	67.94	10
7OZG	90	62.34	10
7OZG	91	66.41	10
7OZG	92	70.88	10
7OZG	93	74.27	10
7OZG	94	78.41	10
7OZG	95	82.98	10
7OZG	96	81.73	10
7OZH	36	145.6	10
7OZH	37	140.09	10
7OZH	38	128.36	10
7OZH	39	117.8	10
7OZH	40	113.85	10
7OZH	41	110.0	10
7OZH	42	104.23	10
7OZH	43	120.05	10
7OZH	44	117.02	10
7OZH	45	118.76	10
7OZH	46	122.6	10
7OZH	47	114.23	10
7OZH	48	119.02	10
7OZH	49	117.05	10
7OZH	50	117.32	10
7OZH	51	104.85	10
7OZH	52	94.31	10
7OZH	53	107.67	10
7OZH	54	124.59	10
7OZH	55	138.97	10
7OZH	56	141.11	10
7OZH	57	139.13	10
7OZH	58	132.99	10
7OZH	59	134.74	10
7OZH	60	136.87	10
7OZH	61	136.57	10
7OZH	62	136.73	10
7OZH	63	126.0	10
7OZH	64	119.02	10
7OZH	65	121.92	10
7OZH	66	112.76	10
7OZH	67	116.04	10
7OZH	68	111.87	10
7OZH	69	112.47	10
7OZH	70	110.16	10
7OZH	71	107.52	10
7OZH	72	113.9	10
7OZH	73	97.56	10
7OZH	74	97.37	10
7OZH	75	99.44	10
7OZH	76	108.82	10
7OZH	77	107.86	10
7OZH	78	117.34	10
7OZH	79	125.24	10
7OZH	80	130.6	10
7OZH	81	131.86	10
7OZH	82	144.52	10
7OZH	83	152.2	10
7OZH	84	155.0	10
7OZH	85	153.82	10
7OZH	86	143.49	10
7OZH	87	140.89	10
7OZH	88	130.51	10
7OZH	89	123.23	10
7OZH	90	120.95	10
7OZH	91	121.1	10
7OZH	92	129.56	10
7OZH	93	133.71	10
7P65	272	40.33	5
7P65	273	39.38	5
7P65	274	37.21	5
7P65	275	32.11	5
7P65	276	31.43	5
7P65	277	27.1	5
7P65	278	24.16	5
7P65	279	26.88	5
7P65	280	28.91	5
7P65	281	30.73	5
7P65	282	26.79	5
7P65	283	24.38	5
7P65	284	17.3	5
7P65	285	12.65	5
7P65	286	10.12	5
7P65	287	8.47	5
7P65	288	9.25	5
7P65	289	10.56	5
7P65	290	11.85	5
7P65	291	10.97	5
7P65	292	11.38	5
7P65	293	13.18	5
7P65	294	14.51	5
7P65	295	14.5	5
7P65	296	12.11	5
7P65	297	10.64	5
7P65	298	8.98	5
7P65	299	7.97	5
7P65	300	7.22	5
7P65	301	7.65	5
7P65	302	9.27	5
7P65	303	10.31	5
7P65	304	10.48	5
7P65	305	9.97	5
7P65	306	10.51	5
7P65	307	10.34	5
7P65	308	9.58	5
7P65	309	10.1	5
7P65	310	10.44	5
7P65	311	15.05	5
7P65	312	14.6	5
7P65	313	17.58	5
7P65	314	22.59	5
7P65	315	23.33	5
7P65	316	21.04	5
7P65	317	16.69	5
7P65	318	11.58	5
7P65	319	10.61	5
7P65	320	10.67	5
7P65	321	12.76	5
7P65	322	14.06	5
7P65	323	18.0	5
7P65	324	22.44	5
7P65	325	24.27	5
7P65	326	22.33	5
7P65	327	22.85	5
7P65	328	22.76	5
7P65	329	25.16	5
7P65	330	29.73	5
7P65	331	29.32	5
7P65	332	31.83	5
7P65	333	37.91	5
7P65	334	40.23	5
7P65	335	36.7	5
7P65	336	37.29	5
7P65	337	34.55	5
7P65	338	32.99	5
7P65	339	33.75	5
7P65	340	35.7	5
7P65	341	37.08	5
7P65	342	36.21	5
7P65	343	32.69	5
7P65	344	27.43	5
7P65	345	26.31	5
7P65	346	23.38	5
7P65	347	24.24	5
7P65	348	21.81	5
7P65	349	20.4	5
7P65	350	15.1	5
7P65	351	15.74	5
7P65	352	15.45	5
7P65	353	17.56	5
7P65	354	18.19	5
7P65	355	20.62	5
7P65	356	20.83	5
7P65	357	22.29	5
7P65	358	24.48	5
7P65	359	23.27	5
7P65	360	23.85	5
7P65	361	25.59	5
7P65	362	24.0	5
7P65	363	22.04	5
7P65	364	22.93	5
7P65	365	24.14	5
7P65	366	25.47	5
7P65	367	25.11	5
7P65	368	23.76	5
7P65	369	20.61	5
7P65	370	17.14	5
7P65	371	16.7	5
7P65	372	14.95	5
7P65	373	12.6	5
7P65	374	10.32	5
7P65	375	10.65	5
7P65	376	10.03	5
7P65	377	11.92	5
7P65	378	13.22	5
7P65	379	23.04	5
7P65	380	27.7	5
7P65	381	31.21	5
7P66	272	60.89	5
7P66	273	61.19	5
7P66	274	58.84	5
7P66	275	59.14	5
7P66	276	55.32	5
7P66	277	51.04	5
7P66	278	52.52	5
7P66	279	55.88	5
7P66	280	57.54	5
7P66	281	57.97	5
7P66	282	57.73	5
7P66	283	58.47	5
7P66	284	56.95	5
7P66	285	58.71	5
7P66	286	55.88	5
7P66	287	50.55	5
7P66	288	50.9	5
7P66	289	49.31	5
7P66	290	57.02	5
7P66	291	59.67	5
7P66	292	58.09	5
7P66	293	52.0	5
7P66	294	50.53	5
7P66	295	47.81	5
7P66	296	44.75	5
7P66	297	43.55	5
7P66	298	43.25	5
7P66	299	41.54	5
7P66	300	48.45	5
7P66	301	51.25	5
7P66	302	51.27	5
7P66	303	51.52	5
7P66	304	50.31	5
7P66	305	49.51	5
7P66	306	46.32	5
7P66	307	40.58	5
7P66	308	38.73	5
7P66	309	42.97	5
7P66	310	46.55	5
7P66	311	47.73	5
7P66	312	45.81	5
7P66	313	48.5	5
7P66	314	53.28	5
7P66	315	51.18	5
7P66	316	51.75	5
7P66	317	49.87	5
7P66	318	47.66	5
7P66	319	49.74	5
7P66	320	48.0	5
7P66	321	45.1	5
7P66	322	49.85	5
7P66	323	49.08	5
7P66	324	49.84	5
7P66	325	53.67	5
7P66	326	50.98	5
7P66	327	54.04	5
7P66	328	56.83	5
7P66	329	64.69	5
7P66	330	69.48	5
7P66	331	73.31	5
7P66	332	74.96	5
7P66	333	76.47	5
7P66	334	76.9	5
7P66	335	75.91	5
7P66	336	73.91	5
7P66	337	72.21	5
7P66	338	69.9	5
7P66	339	65.82	5
7P66	340	66.36	5
7P66	341	66.66	5
7P66	342	70.26	5
7P66	343	67.51	5
7P66	344	65.24	5
7P66	345	67.2	5
7P66	346	58.34	5
7P66	347	62.96	5
7P66	348	62.63	5
7P66	349	65.33	5
7P66	350	70.79	5
7P66	351	73.51	5
7P66	352	73.73	5
7P66	353	66.78	5
7P66	354	62.6	5
7P66	355	60.6	5
7P66	356	62.84	5
7P66	357	59.2	5
7P66	358	65.72	5
7P66	359	60.27	5
7P66	360	57.06	5
7P66	361	55.23	5
7P66	362	53.9	5
7P66	363	56.88	5
7P66	364	58.38	5
7P66	365	59.44	5
7P66	366	64.08	5
7P66	367	65.69	5
7P66	368	65.91	5
7P66	369	71.58	5
7P66	370	70.59	5
7P66	371	70.95	5
7P66	372	75.72	5
7P66	373	70.76	5
7P66	374	74.32	5
7P66	375	73.6	5
7P66	376	80.45	5
7P66	377	84.95	5
7P66	378	97.12	5
7P66	379	102.28	5
7P67	272	50.13	10
7P67	273	49.75	10
7P67	274	49.39	10
7P67	275	46.31	10
7P67	276	47.38	10
7P67	277	42.16	10
7P67	278	41.44	10
7P67	279	44.08	10
7P67	280	41.83	10
7P67	281	40.52	10
7P67	282	41.34	10
7P67	283	40.82	10
7P67	284	39.93	10
7P67	285	40.24	10
7P67	286	37.47	10
7P67	287	33.82	10
7P67	288	33.53	10
7P67	289	30.39	10
7P67	290	27.78	10
7P67	291	27.25	10
7P67	292	25.98	10
7P67	293	22.83	10
7P67	294	23.97	10
7P67	295	19.81	10
7P67	296	17.41	10
7P67	297	14.81	10
7P67	298	14.39	10
7P67	299	14.11	10
7P67	300	15.31	10
7P67	301	16.8	10
7P67	302	15.78	10
7P67	303	12.64	10
7P67	304	13.23	10
7P67	305	13.97	10
7P67	306	15.16	10
7P67	307	14.27	10
7P67	308	15.6	10
7P67	309	17.67	10
7P67	310	23.69	10
7P67	311	27.47	10
7P67	312	24.4	10
7P67	313	26.88	10
7P67	314	26.85	10
7P67	315	27.28	10
7P67	316	26.37	10
7P67	317	25.21	10
7P67	318	26.44	10
7P67	319	31.36	10
7P67	320	33.32	10
7P67	321	33.75	10
7P67	322	37.64	10
7P67	323	37.92	10
7P67	324	37.61	10
7P67	325	39.93	10
7P67	326	39.44	10
7P67	327	40.81	10
7P67	328	40.2	10
7P67	329	42.39	10
7P67	330	45.12	10
7P67	331	43.74	10
7P67	332	45.35	10
7P67	333	45.17	10
7P67	334	44.59	10
7P67	335	43.92	10
7P67	336	43.33	10
7P67	337	40.79	10
7P67	338	40.03	10
7P67	339	37.87	10
7P67	340	40.84	10
7P67	341	46.62	10
7P67	342	51.22	10
7P67	343	53.35	10
7P67	344	52.78	10
7P67	345	51.24	10
7P67	346	49.52	10
7P67	347	48.6	10
7P67	348	44.41	10
7P67	349	41.94	10
7P67	350	37.79	10
7P67	351	36.84	10
7P67	352	32.92	10
7P67	353	31.07	10
7P67	354	27.28	10
7P67	355	23.67	10
7P67	356	24.15	10
7P67	357	18.9	10
7P67	358	20.89	10
7P67	359	17.44	10
7P67	360	13.7	10
7P67	361	12.14	10
7P67	362	10.92	10
7P67	363	10.29	10
7P67	364	10.72	10
7P67	365	12.21	10
7P67	366	13.33	10
7P67	367	13.9	10
7P67	368	14.02	10
7P67	369	15.45	10
7P67	370	14.78	10
7P67	371	13.29	10
7P67	372	14.86	10
7P67	373	15.9	10
7P67	374	20.33	10
7P67	375	24.61	10
7P67	376	31.51	10
7P67	377	40.9	10
7P67	378	48.72	10
7P67	379	56.76	10
7P68	272	47.02	10
7P68	273	45.59	10
7P68	274	45.07	10
7P68	275	39.705	10
7P68	276	38.61	10
7P68	277	35.945	10
7P68	278	34.63	10
7P68	279	35.28	10
7P68	280	34.715	10
7P68	281	34.16	10
7P68	282	32.04	10
7P68	283	27.25	10
7P68	284	25.18	10
7P68	285	22.66	10
7P68	286	20.065	10
7P68	287	18.69	10
7P68	288	18.47	10
7P68	289	19.135	10
7P68	290	20.295	10
7P68	291	22.645	10
7P68	292	23.68	10
7P68	293	24.54	10
7P68	294	24.74	10
7P68	295	24.085	10
7P68	296	23.53	10
7P68	297	21.15	10
7P68	298	20.495	10
7P68	299	18.915	10
7P68	300	20.11	10
7P68	301	20.835	10
7P68	302	21.455	10
7P68	303	22.77	10
7P68	304	25.065	10
7P68	305	26.295	10
7P68	306	26.985	10
7P68	307	25.165	10
7P68	308	24.725	10
7P68	309	25.015	10
7P68	310	30.86	10
7P68	311	29.365	10
7P68	312	26.15	10
7P68	313	25.35	10
7P68	314	24.175	10
7P68	315	22.56	10
7P68	316	19.385	10
7P68	317	19.715	10
7P68	318	18.24	10
7P68	319	18.59	10
7P68	320	19.15	10
7P68	321	22.4	10
7P68	322	26.82	10
7P68	323	27.225	10
7P68	324	30.295	10
7P68	325	33.27	10
7P68	326	30.54	10
7P68	327	29.875	10
7P68	328	30.51	10
7P68	329	31.115	10
7P68	330	36.06	10
7P68	331	35.505	10
7P68	332	37.33	10
7P68	333	39.16	10
7P68	334	36.54	10
7P68	335	34.44	10
7P68	336	34.735	10
7P68	337	34.885	10
7P68	338	36.7	10
7P68	339	37.83	10
7P68	340	42.13	10
7P68	341	46.595	10
7P68	342	53.87	10
7P68	343	58.135	10
7P68	344	56.94	10
7P68	345	59.495	10
7P68	346	56.76	10
7P68	347	61.435	10
7P68	348	54.685	10
7P68	349	57.045	10
7P68	350	52.36	10
7P68	351	51.42	10
7P68	352	47.53	10
7P68	353	41.2	10
7P68	354	37.5	10
7P68	355	32.755	10
7P68	356	32.24	10
7P68	357	28.32	10
7P68	358	30.24	10
7P68	359	28.63	10
7P68	360	25.6	10
7P68	361	23.115	10
7P68	362	18.035	10
7P68	363	18.89	10
7P68	364	18.575	10
7P68	365	22.045	10
7P68	366	23.9	10
7P68	367	24.0	10
7P68	368	24.74	10
7P68	369	26.34	10
7P68	370	27.92	10
7P68	371	28.31	10
7P68	372	29.975	10
7P68	373	29.765	10
7P68	374	34.14	10
7P68	375	36.495	10
7P68	376	41.735	10
7P68	377	47.64	10
7P68	378	51.77	10
7P68	379	54.435	10
7P6A	272	46.19	5
7P6A	273	46.25	5
7P6A	274	46.63	5
7P6A	275	31.87	5
7P6A	276	31.34	5
7P6A	277	29.72	5
7P6A	278	29.1	5
7P6A	279	30.16	5
7P6A	280	31.84	5
7P6A	281	32.75	5
7P6A	282	32.4	5
7P6A	283	31.62	5
7P6A	284	27.9	5
7P6A	285	25.33	5
7P6A	286	22.54	5
7P6A	287	21.0	5
7P6A	288	32.79	5
7P6A	289	32.85	5
7P6A	290	35.63	5
7P6A	291	37.64	5
7P6A	292	35.06	5
7P6A	293	33.68	5
7P6A	294	33.9	5
7P6A	295	32.21	5
7P6A	296	29.56	5
7P6A	297	26.54	5
7P6A	298	26.93	5
7P6A	299	25.41	5
7P6A	300	26.34	5
7P6A	301	26.27	5
7P6A	302	26.37	5
7P6A	303	27.45	5
7P6A	304	29.07	5
7P6A	305	28.32	5
7P6A	306	25.68	5
7P6A	307	26.66	5
7P6A	308	25.42	5
7P6A	309	26.66	5
7P6A	310	29.31	5
7P6A	311	31.95	5
7P6A	312	29.79	5
7P6A	313	31.3	5
7P6A	314	34.24	5
7P6A	315	33.89	5
7P6A	316	32.2	5
7P6A	317	31.48	5
7P6A	318	31.95	5
7P6A	319	34.13	5
7P6A	320	33.59	5
7P6A	321	37.08	5
7P6A	322	37.8	5
7P6A	323	37.14	5
7P6A	324	38.59	5
7P6A	325	39.27	5
7P6A	326	38.41	5
7P6A	327	38.04	5
7P6A	328	37.85	5
7P6A	329	40.89	5
7P6A	330	44.64	5
7P6A	331	45.75	5
7P6A	332	48.01	5
7P6A	333	50.85	5
7P6A	334	51.33	5
7P6A	335	48.24	5
7P6A	336	47.93	5
7P6A	337	44.57	5
7P6A	338	48.35	5
7P6A	339	44.42	5
7P6A	340	44.57	5
7P6A	341	47.8	5
7P6A	342	48.96	5
7P6A	343	45.09	5
7P6A	344	44.56	5
7P6A	345	44.48	5
7P6A	346	44.6	5
7P6A	347	43.2	5
7P6A	348	45.03	5
7P6A	349	39.76	5
7P6A	350	32.66	5
7P6A	351	34.38	5
7P6A	352	34.27	5
7P6A	353	34.1	5
7P6A	354	32.3	5
7P6A	355	32.88	5
7P6A	356	34.39	5
7P6A	357	34.14	5
7P6A	358	34.37	5
7P6A	359	32.17	5
7P6A	360	30.52	5
7P6A	361	30.31	5
7P6A	362	26.4	5
7P6A	363	25.92	5
7P6A	364	25.9	5
7P6A	365	27.53	5
7P6A	366	29.63	5
7P6A	367	29.37	5
7P6A	368	30.37	5
7P6A	369	33.75	5
7P6A	370	35.33	5
7P6A	371	35.1	5
7P6A	372	38.13	5
7P6A	373	33.25	5
7P6A	374	34.91	5
7P6A	375	33.23	5
7P6A	376	39.53	5
7P6A	377	46.04	5
7P6A	378	52.62	5
7P6A	379	60.73	5
7P6B	272	44.12	5
7P6B	273	42.76	5
7P6B	274	41.98	5
7P6B	275	39.25	5
7P6B	276	40.17	5
7P6B	277	38.63	5
7P6B	278	38.39	5
7P6B	279	39.49	5
7P6B	280	40.37	5
7P6B	281	41.2	5
7P6B	282	41.03	5
7P6B	283	42.69	5
7P6B	284	38.85	5
7P6B	285	38.05	5
7P6B	286	36.5	5
7P6B	287	33.48	5
7P6B	288	34.1	5
7P6B	289	34.7	5
7P6B	290	35.83	5
7P6B	291	37.53	5
7P6B	292	35.73	5
7P6B	293	32.57	5
7P6B	294	30.36	5
7P6B	295	27.66	5
7P6B	296	26.0	5
7P6B	297	22.79	5
7P6B	298	23.43	5
7P6B	299	22.79	5
7P6B	300	20.21	5
7P6B	301	20.36	5
7P6B	302	21.25	5
7P6B	303	22.05	5
7P6B	304	23.53	5
7P6B	305	23.23	5
7P6B	306	21.76	5
7P6B	307	22.42	5
7P6B	308	21.48	5
7P6B	309	22.95	5
7P6B	310	25.64	5
7P6B	311	28.29	5
7P6B	312	27.82	5
7P6B	313	29.9	5
7P6B	314	31.02	5
7P6B	315	33.54	5
7P6B	316	32.38	5
7P6B	317	31.84	5
7P6B	318	32.85	5
7P6B	319	33.86	5
7P6B	320	33.83	5
7P6B	321	35.15	5
7P6B	322	36.49	5
7P6B	323	36.55	5
7P6B	324	35.91	5
7P6B	325	36.05	5
7P6B	326	34.09	5
7P6B	327	33.63	5
7P6B	328	34.26	5
7P6B	329	36.99	5
7P6B	330	40.88	5
7P6B	331	41.87	5
7P6B	332	42.32	5
7P6B	333	44.49	5
7P6B	334	45.56	5
7P6B	335	45.63	5
7P6B	336	44.99	5
7P6B	337	40.3	5
7P6B	338	40.58	5
7P6B	339	38.08	5
7P6B	340	40.05	5
7P6B	341	42.11	5
7P6B	342	44.3	5
7P6B	343	43.67	5
7P6B	344	41.77	5
7P6B	345	40.69	5
7P6B	346	38.86	5
7P6B	347	37.93	5
7P6B	348	37.93	5
7P6B	349	34.02	5
7P6B	350	28.99	5
7P6B	351	29.76	5
7P6B	352	29.72	5
7P6B	353	29.84	5
7P6B	354	28.89	5
7P6B	355	30.33	5
7P6B	356	32.02	5
7P6B	357	30.57	5
7P6B	358	30.4	5
7P6B	359	28.78	5
7P6B	360	26.77	5
7P6B	361	25.48	5
7P6B	362	21.43	5
7P6B	363	22.0	5
7P6B	364	21.45	5
7P6B	365	23.24	5
7P6B	366	24.76	5
7P6B	367	25.29	5
7P6B	368	25.17	5
7P6B	369	29.42	5
7P6B	370	31.73	5
7P6B	371	28.75	5
7P6B	372	32.3	5
7P6B	373	30.08	5
7P6B	374	31.74	5
7P6B	375	33.29	5
7P6B	376	38.12	5
7P6B	377	44.3	5
7P6B	378	52.74	5
7P6B	379	57.51	5
7P6C	272	72.3	10
7P6C	273	71.39	10
7P6C	274	72.22	10
7P6C	275	71.68	10
7P6C	276	72.63	10
7P6C	277	71.39	10
7P6C	278	69.17	10
7P6C	279	66.0	10
7P6C	280	64.26	10
7P6C	281	63.77	10
7P6C	282	60.3	10
7P6C	283	53.43	10
7P6C	284	49.62	10
7P6C	285	46.61	10
7P6C	286	42.06	10
7P6C	287	42.74	10
7P6C	288	42.62	10
7P6C	289	42.8	10
7P6C	290	47.29	10
7P6C	291	52.44	10
7P6C	292	52.57	10
7P6C	293	52.72	10
7P6C	294	52.95	10
7P6C	295	50.58	10
7P6C	296	48.01	10
7P6C	297	42.68	10
7P6C	298	42.73	10
7P6C	299	41.37	10
7P6C	300	37.87	10
7P6C	301	35.8	10
7P6C	302	35.74	10
7P6C	303	36.27	10
7P6C	304	37.45	10
7P6C	305	40.53	10
7P6C	306	39.33	10
7P6C	307	39.85	10
7P6C	308	38.85	10
7P6C	309	41.29	10
7P6C	310	44.0	10
7P6C	311	47.28	10
7P6C	312	47.4	10
7P6C	313	49.4	10
7P6C	314	50.99	10
7P6C	315	51.5	10
7P6C	316	48.24	10
7P6C	317	44.64	10
7P6C	318	42.62	10
7P6C	319	43.24	10
7P6C	320	43.64	10
7P6C	321	46.66	10
7P6C	322	50.33	10
7P6C	323	50.32	10
7P6C	324	53.86	10
7P6C	325	57.13	10
7P6C	326	57.42	10
7P6C	327	59.32	10
7P6C	328	61.13	10
7P6C	329	64.24	10
7P6C	330	68.31	10
7P6C	331	68.72	10
7P6C	332	70.0	10
7P6C	333	72.43	10
7P6C	334	73.48	10
7P6C	335	70.61	10
7P6C	336	70.76	10
7P6C	337	67.25	10
7P6C	338	67.43	10
7P6C	339	64.25	10
7P6C	340	64.5	10
7P6C	341	63.42	10
7P6C	342	64.6	10
7P6C	343	62.54	10
7P6C	344	61.16	10
7P6C	345	59.22	10
7P6C	346	58.31	10
7P6C	347	58.49	10
7P6C	348	55.76	10
7P6C	349	51.52	10
7P6C	350	45.32	10
7P6C	351	45.82	10
7P6C	352	44.99	10
7P6C	353	43.09	10
7P6C	354	43.21	10
7P6C	355	44.95	10
7P6C	356	46.36	10
7P6C	357	44.75	10
7P6C	358	43.27	10
7P6C	359	39.91	10
7P6C	360	36.81	10
7P6C	361	35.37	10
7P6C	362	32.09	10
7P6C	363	30.74	10
7P6C	364	30.46	10
7P6C	365	31.27	10
7P6C	366	32.79	10
7P6C	367	32.31	10
7P6C	368	32.19	10
7P6C	369	35.86	10
7P6C	370	37.76	10
7P6C	371	37.08	10
7P6C	372	40.59	10
7P6C	373	39.5	10
7P6C	374	40.48	10
7P6C	375	44.54	10
7P6C	376	52.7	10
7P6C	377	58.09	10
7P6C	378	64.48	10
7P6C	379	68.87	10
7P6D	273	11.14	5
7P6D	274	9.45	5
7P6D	275	8.73	5
7P6D	276	7.46	5
7P6D	277	6.37	5
7P6D	278	4.81	5
7P6D	279	4.38	5
7P6D	280	3.08	5
7P6D	281	2.91	5
7P6D	282	1.99	5
7P6D	283	1.45	5
7P6D	284	1.2	5
7P6D	285	0.86	5
7P6D	286	0.59	5
7P6D	287	0.54	5
7P6D	288	0.59	5
7P6D	289	0.44	5
7P6D	290	0.36	5
7P6D	291	0.28	5
7P6D	292	0.25	5
7P6D	293	0.24	5
7P6D	294	0.25	5
7P6D	295	0.25	5
7P6D	296	0.28	5
7P6D	297	0.3	5
7P6D	298	0.47	5
7P6D	299	0.53	5
7P6D	300	0.59	5
7P6D	301	0.67	5
7P6D	302	0.71	5
7P6D	303	0.78	5
7P6D	304	0.73	5
7P6D	305	0.53	5
7P6D	306	0.33	5
7P6D	307	0.33	5
7P6D	308	0.19	5
7P6D	309	0.15	5
7P6D	310	0.15	5
7P6D	311	0.16	5
7P6D	312	0.15	5
7P6D	313	0.17	5
7P6D	314	0.22	5
7P6D	315	0.25	5
7P6D	316	0.27	5
7P6D	317	0.38	5
7P6D	318	0.39	5
7P6D	319	0.49	5
7P6D	320	0.75	5
7P6D	321	1.14	5
7P6D	322	1.83	5
7P6D	323	2.63	5
7P6D	324	3.1	5
7P6D	325	3.19	5
7P6D	326	2.1	5
7P6D	327	1.37	5
7P6D	328	0.88	5
7P6D	329	0.74	5
7P6D	330	0.47	5
7P6D	331	0.38	5
7P6D	332	0.29	5
7P6D	333	0.22	5
7P6D	334	0.19	5
7P6D	335	0.2	5
7P6D	336	0.26	5
7P6D	337	0.26	5
7P6D	338	0.38	5
7P6D	339	0.46	5
7P6D	340	0.76	5
7P6D	341	1.19	5
7P6D	342	1.45	5
7P6D	343	1.57	5
7P6D	344	1.91	5
7P6D	345	1.99	5
7P6D	346	1.95	5
7P6D	347	2.57	5
7P6D	348	3.76	5
7P6D	349	3.39	5
7P6D	350	2.2	5
7P6D	351	1.83	5
7P6D	352	1.44	5
7P6D	353	1.44	5
7P6D	354	1.43	5
7P6D	355	1.86	5
7P6D	356	1.9	5
7P6D	357	2.02	5
7P6D	358	2.75	5
7P6D	359	2.69	5
7P6D	360	3.26	5
7P6D	361	3.97	5
7P6D	362	5.15	5
7P6D	363	5.18	5
7P6D	364	5.36	5
7P6D	365	5.12	5
7P6D	366	5.28	5
7P6D	367	5.19	5
7P6D	368	4.82	5
7P6D	369	3.4	5
7P6D	370	2.69	5
7P6D	371	1.98	5
7P6D	372	1.57	5
7P6D	373	1.09	5
7P6D	374	1.02	5
7P6D	375	1.33	5
7P6D	376	2.46	5
7P6D	377	3.41	5
7P6D	378	4.36	5
7P6D	379	7.58	5
7P6D	380	7.54	5
7P6D	381	9.89	5
7P6D	382	10.09	5
7P6D	383	12.82	5
7P6D	384	14.99	5
7P6D	385	21.97	5
7P6D	386	24.58	5
7P6D	387	28.45	5
7P6E	274	135.88	10
7P6E	275	136.19	10
7P6E	276	134.68	10
7P6E	277	130.65	10
7P6E	278	126.44	10
7P6E	279	121.85	10
7P6E	280	118.2	10
7P6E	281	116.05	10
7P6E	282	114.78	10
7P6E	283	116.62	10
7P6E	284	111.14	10
7P6E	285	110.16	10
7P6E	286	108.5	10
7P6E	287	107.01	10
7P6E	288	107.39	10
7P6E	289	105.48	10
7P6E	290	105.93	10
7P6E	291	104.47	10
7P6E	292	104.27	10
7P6E	293	97.66	10
7P6E	294	96.04	10
7P6E	295	92.2	10
7P6E	296	88.5	10
7P6E	297	84.6	10
7P6E	298	83.94	10
7P6E	299	84.05	10
7P6E	300	82.92	10
7P6E	301	82.46	10
7P6E	302	85.1	10
7P6E	303	84.69	10
7P6E	304	83.61	10
7P6E	305	84.11	10
7P6E	306	81.48	10
7P6E	307	81.68	10
7P6E	308	82.99	10
7P6E	309	85.52	10
7P6E	310	94.23	10
7P6E	311	93.14	10
7P6E	312	92.14	10
7P6E	313	98.64	10
7P6E	314	101.35	10
7P6E	315	102.66	10
7P6E	316	107.16	10
7P6E	317	110.42	10
7P6E	318	113.92	10
7P6E	319	120.52	10
7P6E	320	127.71	10
7P6E	321	133.48	10
7P6E	322	137.12	10
7P6E	323	140.52	10
7P6E	324	138.07	10
7P6E	325	134.02	10
7P6E	326	131.71	10
7P6E	327	127.91	10
7P6E	328	122.95	10
7P6E	329	118.86	10
7P6E	330	115.19	10
7P6E	331	112.16	10
7P6E	332	109.34	10
7P6E	333	108.94	10
7P6E	334	105.08	10
7P6E	335	102.63	10
7P6E	336	97.23	10
7P6E	337	94.42	10
7P6E	338	94.25	10
7P6E	339	90.5	10
7P6E	340	91.05	10
7P6E	341	94.25	10
7P6E	342	99.9	10
7P6E	343	95.25	10
7P6E	344	92.63	10
7P6E	345	91.76	10
7P6E	346	87.44	10
7P6E	347	84.58	10
7P6E	348	91.17	10
7P6E	349	95.01	10
7P6E	350	90.0	10
7P6E	351	90.75	10
7P6E	352	91.66	10
7P6E	353	89.7	10
7P6E	354	90.61	10
7P6E	355	95.63	10
7P6E	356	101.41	10
7P6E	357	102.88	10
7P6E	358	106.6	10
7P6E	359	107.25	10
7P6E	360	107.24	10
7P6E	361	113.4	10
7P6E	362	122.1	10
7P6E	363	123.45	10
7P6E	364	124.81	10
7P6E	368	150.77	10
7P6E	369	144.57	10
7P6E	370	132.05	10
7P6E	371	124.86	10
7P6E	372	118.99	10
7P6E	373	113.95	10
7P6E	374	110.51	10
7P6E	375	107.72	10
7P6E	376	109.05	10
7P6E	377	114.35	10
7P6E	378	119.18	10
7P6E	379	126.33	10
7P6E	380	124.4	10
7P6E	381	126.35	10
7PY2	282	77.22	4
7PY2	283	79.09	4
7PY2	284	72.83	4
7PY2	285	72.72	4
7PY2	286	67.23	4
7PY2	287	68.45	4
7PY2	288	68.35	4
7PY2	289	62.44	4
7PY2	290	69.33	4
7PY2	291	69.65	4
7PY2	292	54.19	4
7PY2	293	64.53	4
7PY2	294	73.46	4
7PY2	295	72.07	4
7PY2	296	67.69	4
7PY2	297	59.45	4
7PY2	298	60.84	4
7PY2	299	56.2	4
7PY2	300	47.98	4
7PY2	301	45.53	4
7PY2	302	47.57	4
7PY2	303	64.79	4
7PY2	304	65.43	4
7PY2	305	68.72	4
7PY2	306	56.29	4
7PY2	307	72.88	4
7PY2	308	56.76	4
7PY2	309	68.52	4
7PY2	310	75.73	4
7PY2	311	77.19	4
7PY2	312	68.48	4
7PY2	313	75.12	4
7PY2	314	73.86	4
7PY2	315	65.48	4
7PY2	316	69.05	4
7PY2	317	77.18	4
7PY2	318	65.06	4
7PY2	319	69.09	4
7PY2	320	63.77	4
7PY2	321	55.76	4
7PY2	322	60.28	4
7PY2	323	69.97	4
7PY2	324	71.44	4
7PY2	325	56.86	4
7PY2	326	65.23	4
7PY2	327	67.11	4
7PY2	328	56.91	4
7PY2	329	50.52	4
7PY2	330	59.16	4
7PY2	331	50.5	4
7PY2	332	48.18	4
7PY2	333	48.26	4
7PY2	334	51.6	4
7PY2	335	49.85	4
7PY2	336	60.29	4
7PY2	337	56.74	4
7PY2	338	63.05	4
7PY2	339	66.01	4
7PY2	340	73.15	4
7PY2	341	72.22	4
7PY2	342	66.18	4
7PY2	343	63.09	4
7PY2	344	57.39	4
7PY2	345	56.0	4
7PY2	346	59.11	4
7PY2	347	66.45	4
7PY2	348	70.13	4
7PY2	349	67.12	4
7PY2	350	50.82	4
7PY2	351	64.08	4
7PY2	352	59.34	4
7PY2	353	51.8	4
7PY2	354	60.83	4
7PY2	355	69.44	4
7PY2	356	67.14	4
7PY2	357	70.04	4
7PY2	358	65.36	4
7PY2	359	98.74	4
7PY2	360	98.42	4
7Q3U	281	62.132	5
7Q3U	282	60.606	5
7Q3U	283	59.354	5
7Q3U	284	63.17	5
7Q3U	285	64.254	5
7Q3U	286	71.148	5
7Q3U	287	75.98	5
7Q3U	288	81.064	5
7Q3U	289	85.748	5
7Q3U	290	85.972	5
7Q3U	291	92.304	5
7Q3U	292	90.168	5
7Q3U	293	84.77	5
7Q3U	294	89.024	5
7Q3U	295	94.268	5
7Q3U	296	100.346	5
7Q3U	297	102.71	5
7Q3U	298	103.74	5
7Q3U	299	104.582	5
7Q3U	300	104.16	5
7Q3U	301	105.208	5
7Q3U	302	104.7	5
7Q3U	303	104.148	5
7Q3U	304	110.578	5
7Q3U	305	109.368	5
7Q3U	306	106.446	5
7Q3U	307	112.038	5
7Q3U	308	117.01	5
7Q3U	309	119.452	5
7Q3U	310	112.732	5
7Q3U	311	116.458	5
7Q3U	312	120.26	5
7Q3U	313	116.45	5
7Q3U	314	116.916	5
7Q3U	315	121.562	5
7Q3U	316	124.782	5
7Q3U	317	118.612	5
7Q3U	318	119.762	5
7Q3U	319	117.58	5
7Q3U	320	111.414	5
7Q3U	321	107.498	5
7Q3U	322	108.924	5
7Q3U	323	113.348	5
7Q3U	324	107.728	5
7Q3U	325	107.592	5
7Q3U	326	105.884	5
7Q3U	327	103.49	5
7Q3U	328	101.576	5
7Q3U	329	93.622	5
7Q3U	330	94.93	5
7Q3U	331	90.926	5
7Q3U	332	89.374	5
7Q3U	333	90.136	5
7Q3U	334	98.328	5
7Q3U	335	97.556	5
7Q3U	336	96.326	5
7Q3U	337	93.2	5
7Q3U	338	89.968	5
7Q3U	339	80.978	5
7Q3U	340	73.06	5
7Q3U	341	66.116	5
7Q3U	342	60.886	5
7Q3U	343	65.656	5
7Q3U	344	68.79	5
7Q3U	345	74.172	5
7Q3U	346	80.028	5
7Q3U	347	89.47	5
7Q3U	348	94.69	5
7Q3U	349	97.256	5
7Q3U	350	100.472	5
7Q3U	351	94.388	5
7Q4B	9	73.005	10
7Q4B	10	70.67	10
7Q4B	11	63.583	10
7Q4B	12	57.591	10
7Q4B	13	56.098	10
7Q4B	14	55.461	10
7Q4B	15	53.868	10
7Q4B	16	51.097	10
7Q4B	17	46.424	10
7Q4B	18	45.214	10
7Q4B	19	45.809	10
7Q4B	20	48.499	10
7Q4B	21	53.916	10
7Q4B	22	60.981	10
7Q4B	23	64.077	10
7Q4B	24	60.443	10
7Q4B	25	58.975	10
7Q4B	26	58.153	10
7Q4B	27	54.775	10
7Q4B	28	56.651	10
7Q4B	29	54.347	10
7Q4B	30	50.883	10
7Q4B	31	48.409	10
7Q4B	32	46.604	10
7Q4B	33	45.941	10
7Q4B	34	47.142	10
7Q4B	35	49.299	10
7Q4B	36	46.992	10
7Q4B	37	48.345	10
7Q4B	38	50.051	10
7Q4B	39	49.836	10
7Q4B	40	50.76	10
7Q4B	41	55.635	10
7Q4B	42	62.55	10
7Q4M	12	79.344	10
7Q4M	13	79.791	10
7Q4M	14	75.257	10
7Q4M	15	70.949	10
7Q4M	16	63.448	10
7Q4M	17	56.624	10
7Q4M	18	54.44	10
7Q4M	19	56.904	10
7Q4M	20	57.614	10
7Q4M	21	65.241	10
7Q4M	22	73.739	10
7Q4M	23	73.964	10
7Q4M	24	64.757	10
7Q4M	25	58.296	10
7Q4M	26	54.458	10
7Q4M	27	48.796	10
7Q4M	28	51.768	10
7Q4M	29	48.616	10
7Q4M	30	45.708	10
7Q4M	31	41.331	10
7Q4M	32	42.488	10
7Q4M	33	46.682	10
7Q4M	34	50.134	10
7Q4M	35	55.66	10
7Q4M	36	55.929	10
7Q4M	37	56.654	10
7Q4M	38	56.155	10
7Q4M	39	53.559	10
7Q4M	40	55.404	10
7Q4M	41	60.238	10
7Q4M	42	68.885	10
7Q64	85	26.35	10
7Q64	86	22.865	20
7Q64	87	22.235	20
7Q64	88	38.933	30
7Q64	89	38.603	30
7Q64	90	37.46	30
7Q64	91	36.463	30
7Q64	92	36.84	30
7Q64	93	32.813	30
7Q64	94	30.497	30
7Q64	95	28.837	30
7Q64	96	28.13	30
7Q64	97	27.053	30
7Q64	98	27.53	30
7Q64	99	27.943	30
7Q64	100	26.457	30
7Q64	101	24.93	30
7Q64	102	22.917	30
7Q64	103	22.233	30
7Q64	104	20.267	30
7Q64	105	17.533	30
7Q64	106	16.803	30
7Q64	107	15.517	30
7Q64	108	15.743	30
7Q64	109	16.523	30
7Q64	110	20.69	30
7Q64	111	24.74	30
7Q64	112	27.127	30
7Q64	113	27.327	30
7Q64	114	27.86	30
7Q64	115	30.543	30
7Q64	116	32.313	30
7Q64	117	33.807	30
7Q64	118	36.033	30
7Q64	119	37.637	30
7Q64	120	40.387	30
7Q64	121	42.64	30
7Q64	122	45.48	10
7Q64	123	49.6	10
7Q64	124	52.9	10
7Q65	85	30.816	22
7Q65	86	29.582	22
7Q65	87	28.533	22
7Q65	88	28.072	22
7Q65	89	27.464	22
7Q65	90	27.333	22
7Q65	91	26.645	22
7Q65	92	26.415	22
7Q65	93	27.058	22
7Q65	94	26.921	22
7Q65	95	26.76	22
7Q65	96	26.955	22
7Q65	97	26.886	22
7Q65	98	26.364	22
7Q65	99	25.996	22
7Q65	100	25.22	22
7Q65	101	23.862	22
7Q65	102	22.369	22
7Q65	103	22.324	22
7Q65	104	22.53	22
7Q65	105	22.966	22
7Q65	106	22.372	22
7Q65	107	22.778	22
7Q65	108	23.037	22
7Q65	109	23.382	22
7Q65	110	23.845	22
7Q65	111	24.836	22
7Q65	112	25.505	22
7Q65	113	25.797	22
7Q65	114	26.164	22
7Q65	115	27.19	22
7Q65	116	27.203	22
7Q65	117	27.538	22
7Q65	118	26.241	22
7Q65	119	25.393	22
7Q65	120	24.292	22
7Q65	121	24.292	22
7Q65	122	24.48	22
7Q65	123	24.795	22
7Q65	124	24.81	22
7Q66	85	49.147	22
7Q66	86	47.565	22
7Q66	87	46.48	22
7Q66	88	45.452	22
7Q66	89	45.588	22
7Q66	90	45.843	22
7Q66	91	45.811	22
7Q66	92	45.658	22
7Q66	93	45.807	22
7Q66	94	45.72	22
7Q66	95	45.543	22
7Q66	96	45.685	22
7Q66	97	45.078	22
7Q66	98	44.842	22
7Q66	99	44.428	22
7Q66	100	44.457	22
7Q66	101	43.869	22
7Q66	102	43.863	22
7Q66	103	43.952	22
7Q66	104	43.925	22
7Q66	105	43.713	22
7Q66	106	43.318	22
7Q66	107	43.061	22
7Q66	108	42.864	22
7Q66	109	43.116	22
7Q66	110	40.189	11
7Q66	111	41.084	11
7Q66	112	41.769	11
7Q66	113	42.139	11
7Q66	114	41.856	11
7Q66	115	43.18	11
7Q66	116	43.938	11
7Q66	117	45.703	11
7Q66	118	48.25	11
7Q66	119	49.445	11
7Q66	120	50.295	11
7Q66	121	51.245	11
7Q67	90	55.55	11
7Q67	91	51.985	11
7Q67	92	48.812	11
7Q67	93	48.363	11
7Q67	94	46.842	11
7Q67	95	42.851	11
7Q67	96	42.425	11
7Q67	97	41.627	11
7Q67	98	40.664	11
7Q67	99	38.2	11
7Q67	100	36.944	11
7Q67	101	33.408	11
7Q67	102	31.653	11
7Q67	103	30.654	11
7Q67	104	31.449	11
7Q67	105	31.915	11
7Q67	106	30.217	11
7Q67	107	32.428	11
7Q67	108	34.805	11
7Q67	109	37.546	11
7Q67	110	36.083	11
7Q67	111	32.316	11
7Q67	112	31.695	11
7Q67	113	27.877	11
7Q67	114	26.711	11
7Q67	115	26.788	11
7Q67	116	31.083	11
7Q67	117	33.042	11
7Q67	118	35.361	11
7Q67	119	36.385	11
7Q67	120	34.528	11
7Q67	121	34.307	11
7Q67	122	33.746	11
7QIG	72	38.997	3
7QIG	73	38.487	3
7QIG	74	37.577	3
7QIG	75	37.557	3
7QIG	76	39.247	3
7QIG	77	38.3	3
7QIG	78	39.18	3
7QIG	79	38.683	3
7QIG	80	39.047	3
7QIG	81	38.81	3
7QIG	82	38.45	3
7QIG	83	38.717	3
7QIG	84	39.213	3
7QIG	85	39.277	3
7QIG	86	38.693	3
7QIG	87	38.727	3
7QIG	88	37.777	3
7QIG	89	36.843	3
7QIG	90	35.363	3
7QIG	91	34.737	3
7QIG	92	34.297	3
7QIG	93	34.36	3
7QIG	94	34.217	3
7QIG	95	35.167	3
7QIG	96	34.233	3
7QIG	97	33.523	3
7QIG	98	33.003	3
7QIG	99	32.41	3
7QIG	100	32.477	3
7QIG	101	32.673	3
7QIG	102	32.18	3
7QIG	103	32.67	3
7QIG	104	32.477	3
7QIG	105	33.0	3
7QIG	106	33.04	3
7QIG	107	33.233	3
7QIG	108	33.233	3
7QIG	109	34.18	3
7QIG	110	34.467	3
7QIG	111	36.553	3
7QIG	112	36.607	3
7QIG	113	38.993	3
7QIG	114	38.363	3
7QIG	115	40.443	3
7QIG	116	38.683	3
7QIG	117	38.94	3
7QIG	118	37.937	3
7QIG	119	37.243	3
7QIG	120	37.7	3
7QIG	121	38.45	3
7QIG	122	37.783	3
7QIG	123	38.73	3
7QIG	124	39.253	3
7QIG	125	39.48	3
7QIG	126	37.78	3
7QIG	127	38.237	3
7QIG	128	37.637	3
7QIG	129	37.87	3
7QIG	130	37.687	3
7QIG	131	40.557	3
7QIG	132	37.463	3
7QIG	133	37.82	3
7QIG	134	36.113	3
7QIG	135	35.413	3
7QIG	136	34.223	3
7QIG	137	33.457	3
7QIG	138	32.69	3
7QIG	139	32.963	3
7QIG	140	32.99	3
7QIG	141	34.173	3
7QIG	142	33.61	3
7QIG	143	34.7	3
7QIG	144	33.91	3
7QIG	145	32.373	3
7QIG	146	32.167	3
7QIG	147	31.923	3
7QIG	148	31.497	3
7QIG	149	31.893	3
7QIG	150	31.993	3
7QIG	151	32.827	3
7QIG	152	33.077	3
7QIG	153	35.127	3
7QIG	154	36.687	3
7QIG	155	38.563	3
7QIG	156	40.98	3
7QIG	157	40.757	3
7QIG	158	41.447	3
7QIG	159	42.553	3
7QIG	160	45.463	3
7QIG	161	46.53	3
7QIG	162	47.797	3
7QIG	163	48.967	3
7QIG	164	50.417	3
7QIG	165	52.167	3
7QIG	166	54.167	3
7QIG	167	57.987	3
7QIG	168	60.73	3
7QIG	169	62.297	3
7QIG	170	63.683	3
7QIG	171	64.82	3
7QIG	172	64.367	3
7QIG	173	65.803	3
7QIG	174	64.94	3
7QIG	175	62.883	3
7QIG	176	61.257	3
7QIG	177	60.537	3
7QIG	178	57.357	3
7QIG	179	54.92	3
7QIG	180	52.613	3
7QIG	181	50.787	3
7QIG	182	50.987	3
7QIG	183	48.417	3
7QIG	184	49.273	3
7QIG	185	48.763	3
7QIG	186	47.153	3
7QIG	187	44.763	3
7QIG	188	43.597	3
7QIG	189	40.32	3
7QIG	190	42.857	3
7QIG	191	40.1	3
7QIG	192	37.767	3
7QIG	193	35.99	3
7QIG	194	33.387	3
7QIG	195	34.387	3
7QIG	196	32.947	3
7QIG	197	34.487	3
7QIG	198	34.65	3
7QIG	199	33.603	3
7QIG	200	33.183	3
7QIG	201	32.337	3
7QIG	202	32.503	3
7QIG	203	32.017	3
7QJV	304	82.68	12
7QJV	305	82.79	12
7QJV	306	80.555	12
7QJV	307	77.975	12
7QJV	308	75.005	12
7QJV	309	71.31	12
7QJV	310	68.525	12
7QJV	311	65.125	12
7QJV	312	63.29	12
7QJV	313	61.3	12
7QJV	314	58.96	12
7QJV	315	57.165	12
7QJV	316	55.97	12
7QJV	317	53.99	12
7QJV	318	52.67	12
7QJV	319	52.255	12
7QJV	320	49.97	12
7QJV	321	48.15	12
7QJV	322	47.495	12
7QJV	323	45.61	12
7QJV	324	43.885	12
7QJV	325	41.67	12
7QJV	326	37.725	12
7QJV	327	34.945	12
7QJV	328	33.82	12
7QJV	329	32.71	12
7QJV	330	31.97	12
7QJV	331	31.4	12
7QJV	332	31.035	12
7QJV	333	30.71	12
7QJV	334	30.335	12
7QJV	335	30.78	12
7QJV	336	32.12	12
7QJV	337	34.145	12
7QJV	338	37.74	12
7QJV	339	39.615	12
7QJV	340	43.9	12
7QJV	341	48.525	12
7QJV	342	51.535	12
7QJV	343	51.355	12
7QJV	344	50.58	12
7QJV	345	50.545	12
7QJV	346	48.515	12
7QJV	347	49.08	12
7QJV	348	47.425	12
7QJV	349	45.555	12
7QJV	350	43.785	12
7QJV	351	40.935	12
7QJV	352	39.345	12
7QJV	353	37.505	12
7QJV	354	38.115	12
7QJV	355	37.08	12
7QJV	356	35.865	12
7QJV	357	34.72	12
7QJV	358	35.53	12
7QJV	359	32.985	12
7QJV	360	31.545	12
7QJV	361	32.785	12
7QJV	362	34.44	12
7QJV	363	36.005	12
7QJV	364	38.14	12
7QJV	365	41.915	12
7QJV	366	44.165	12
7QJV	367	47.405	12
7QJV	368	49.705	12
7QJV	369	51.4	12
7QJV	370	54.21	12
7QJV	371	55.535	12
7QJV	372	58.29	12
7QJV	373	61.49	12
7QJV	374	63.875	12
7QJV	375	68.085	12
7QJV	376	72.025	12
7QJV	377	75.87	12
7QJV	378	79.845	12
7QJW	305	264.12	6
7QJW	306	270.82	6
7QJW	307	260.06	6
7QJW	308	257.21	6
7QJW	309	249.07	6
7QJW	310	234.9	6
7QJW	311	225.24	6
7QJW	312	218.15	6
7QJW	313	210.14	6
7QJW	314	194.06	6
7QJW	315	183.0	6
7QJW	316	162.97	6
7QJW	317	140.97	6
7QJW	318	112.93	6
7QJW	319	101.49	6
7QJW	320	90.67	6
7QJW	321	93.98	6
7QJW	322	87.48	6
7QJW	323	89.72	6
7QJW	324	78.04	6
7QJW	325	67.1	6
7QJW	326	63.68	6
7QJW	327	59.37	6
7QJW	328	46.72	6
7QJW	329	48.57	6
7QJW	330	40.56	6
7QJW	331	36.71	6
7QJW	332	32.88	6
7QJW	333	35.05	6
7QJW	334	34.22	6
7QJW	335	35.58	6
7QJW	336	41.64	6
7QJW	337	44.01	6
7QJW	338	50.36	6
7QJW	339	52.88	6
7QJW	340	59.8	6
7QJW	341	69.97	6
7QJW	342	78.42	6
7QJW	343	75.5	6
7QJW	344	69.81	6
7QJW	345	76.56	6
7QJW	346	84.24	6
7QJW	347	80.09	6
7QJW	348	88.38	6
7QJW	349	88.87	6
7QJW	350	67.06	6
7QJW	351	67.3	6
7QJW	352	52.63	6
7QJW	353	43.15	6
7QJW	354	42.58	6
7QJW	355	44.9	6
7QJW	356	49.35	6
7QJW	357	51.23	6
7QJW	358	56.18	6
7QJW	359	47.63	6
7QJW	360	49.04	6
7QJW	361	49.21	6
7QJW	362	45.77	6
7QJW	363	44.71	6
7QJW	364	47.69	6
7QJW	365	62.9	6
7QJW	366	72.52	6
7QJW	367	85.97	6
7QJW	368	84.58	6
7QJW	369	100.05	6
7QJW	370	115.51	6
7QJW	371	132.47	6
7QJW	372	154.1	6
7QJW	373	177.4	6
7QJW	374	172.07	6
7QJW	375	178.0	6
7QJW	376	179.4	6
7QJW	377	210.62	6
7QJW	378	234.92	6
7QJW	379	240.99	6
7QJX	304	30.0	12
7QJX	305	30.0	12
7QJX	306	30.0	12
7QJX	307	30.0	12
7QJX	308	30.0	12
7QJX	309	30.0	12
7QJX	310	30.0	12
7QJX	311	30.0	12
7QJX	312	30.0	12
7QJX	313	30.0	12
7QJX	314	30.0	12
7QJX	315	30.0	12
7QJX	316	30.0	12
7QJX	317	30.0	12
7QJX	318	30.0	12
7QJX	319	30.0	12
7QJX	320	30.0	12
7QJX	321	30.0	12
7QJX	322	30.0	12
7QJX	323	30.0	12
7QJX	324	30.0	12
7QJX	325	30.0	12
7QJX	326	30.0	12
7QJX	327	30.0	12
7QJX	328	30.0	12
7QJX	329	30.0	12
7QJX	330	30.0	12
7QJX	331	30.0	12
7QJX	332	30.0	12
7QJX	333	30.0	12
7QJX	334	30.0	12
7QJX	335	30.0	12
7QJX	336	30.0	12
7QJX	337	30.0	12
7QJX	338	30.0	12
7QJX	339	30.0	12
7QJX	340	30.0	12
7QJX	341	30.0	12
7QJX	342	30.0	12
7QJX	343	85.33	12
7QJX	344	81.01	12
7QJX	345	78.41	12
7QJX	346	71.49	12
7QJX	347	80.55	12
7QJX	348	82.63	12
7QJX	349	77.89	12
7QJX	350	61.88	12
7QJX	351	64.83	12
7QJX	352	58.95	12
7QJX	353	57.16	12
7QJX	354	54.34	12
7QJX	355	52.55	12
7QJX	356	57.03	12
7QJX	357	53.31	12
7QJX	358	52.3	12
7QJX	359	39.76	12
7QJX	360	40.4	12
7QJX	361	40.76	12
7QJX	362	39.51	12
7QJX	363	39.28	12
7QJX	364	39.01	12
7QJX	365	30.0	12
7QJX	366	30.0	12
7QJX	367	30.0	12
7QJX	368	30.0	12
7QJX	369	30.0	12
7QJX	370	30.0	12
7QJX	371	30.0	12
7QJX	372	30.0	12
7QJX	373	30.0	12
7QJX	374	30.0	12
7QJX	375	30.0	12
7QJX	376	30.0	12
7QJX	377	30.0	12
7QJX	378	30.0	12
7QJY	305	30.0	6
7QJY	306	30.0	6
7QJY	307	30.0	6
7QJY	308	30.0	6
7QJY	309	30.0	6
7QJY	310	30.0	6
7QJY	311	30.0	6
7QJY	312	30.0	6
7QJY	313	30.0	6
7QJY	314	30.0	6
7QJY	315	30.0	6
7QJY	316	30.0	6
7QJY	317	30.0	6
7QJY	318	30.0	6
7QJY	319	30.0	6
7QJY	320	30.0	6
7QJY	321	30.0	6
7QJY	322	30.0	6
7QJY	323	30.0	6
7QJY	324	30.0	6
7QJY	325	30.0	6
7QJY	326	30.0	6
7QJY	327	30.0	6
7QJY	328	30.0	6
7QJY	329	30.0	6
7QJY	330	30.0	6
7QJY	331	30.0	6
7QJY	332	30.0	6
7QJY	333	30.0	6
7QJY	334	35.83	6
7QJY	335	45.26	6
7QJY	336	48.75	6
7QJY	337	43.69	6
7QJY	338	41.45	6
7QJY	339	42.19	6
7QJY	340	44.76	6
7QJY	341	56.49	6
7QJY	342	60.89	6
7QJY	343	53.85	6
7QJY	344	48.77	6
7QJY	345	58.18	6
7QJY	346	52.69	6
7QJY	347	64.6	6
7QJY	348	64.25	6
7QJY	349	53.4	6
7QJY	350	45.88	6
7QJY	351	42.3	6
7QJY	352	37.74	6
7QJY	353	35.38	6
7QJY	354	35.57	6
7QJY	355	32.83	6
7QJY	356	33.53	6
7QJY	357	36.48	6
7QJY	358	41.68	6
7QJY	359	30.0	6
7QJY	360	30.0	6
7QJY	361	30.0	6
7QJY	362	30.0	6
7QJY	363	30.0	6
7QJY	364	30.0	6
7QJY	365	30.0	6
7QJY	366	30.0	6
7QJY	367	30.0	6
7QJY	368	30.0	6
7QJY	369	30.0	6
7QJY	370	30.0	6
7QJY	371	30.0	6
7QJY	372	30.0	6
7QJY	373	30.0	6
7QJY	374	30.0	6
7QJY	375	30.0	6
7QJY	376	30.0	6
7QJY	377	30.0	6
7QJY	378	30.0	6
7QJY	379	30.0	6
7QJZ	305	30.0	6
7QJZ	306	30.0	6
7QJZ	307	30.0	6
7QJZ	308	30.0	6
7QJZ	309	30.0	6
7QJZ	310	30.0	6
7QJZ	311	30.0	6
7QJZ	312	30.0	6
7QJZ	313	30.0	6
7QJZ	314	30.0	6
7QJZ	315	30.0	6
7QJZ	316	30.0	6
7QJZ	317	30.0	6
7QJZ	318	30.0	6
7QJZ	319	30.0	6
7QJZ	320	30.0	6
7QJZ	321	30.0	6
7QJZ	322	30.0	6
7QJZ	323	30.0	6
7QJZ	324	30.0	6
7QJZ	325	30.0	6
7QJZ	326	30.0	6
7QJZ	327	30.0	6
7QJZ	328	30.0	6
7QJZ	329	30.0	6
7QJZ	330	30.0	6
7QJZ	331	30.0	6
7QJZ	332	30.0	6
7QJZ	333	30.0	6
7QJZ	334	35.83	6
7QJZ	335	45.26	6
7QJZ	336	48.75	6
7QJZ	337	43.69	6
7QJZ	338	41.45	6
7QJZ	339	42.19	6
7QJZ	340	44.76	6
7QJZ	341	56.49	6
7QJZ	342	60.89	6
7QJZ	343	53.85	6
7QJZ	344	48.77	6
7QJZ	345	58.18	6
7QJZ	346	52.69	6
7QJZ	347	64.6	6
7QJZ	348	64.25	6
7QJZ	349	53.4	6
7QJZ	350	45.88	6
7QJZ	351	42.3	6
7QJZ	352	37.74	6
7QJZ	353	35.38	6
7QJZ	354	35.57	6
7QJZ	355	32.83	6
7QJZ	356	33.53	6
7QJZ	357	36.48	6
7QJZ	358	41.68	6
7QJZ	359	30.0	6
7QJZ	360	30.0	6
7QJZ	361	30.0	6
7QJZ	362	30.0	6
7QJZ	363	30.0	6
7QJZ	364	30.0	6
7QJZ	365	30.0	6
7QJZ	366	30.0	6
7QJZ	367	30.0	6
7QJZ	368	30.0	6
7QJZ	369	30.0	6
7QJZ	370	30.0	6
7QJZ	371	30.0	6
7QJZ	372	30.0	6
7QJZ	373	30.0	6
7QJZ	374	30.0	6
7QJZ	375	30.0	6
7QJZ	376	30.0	6
7QJZ	377	30.0	6
7QJZ	378	30.0	6
7QK1	305	30.0	6
7QK1	306	30.0	6
7QK1	307	30.0	6
7QK1	308	30.0	6
7QK1	309	30.0	6
7QK1	310	30.0	6
7QK1	311	30.0	6
7QK1	312	30.0	6
7QK1	313	30.0	6
7QK1	314	30.0	6
7QK1	315	30.0	6
7QK1	316	30.0	6
7QK1	317	30.0	6
7QK1	318	30.0	6
7QK1	319	30.0	6
7QK1	320	30.0	6
7QK1	321	30.0	6
7QK1	322	30.0	6
7QK1	323	30.0	6
7QK1	324	30.0	6
7QK1	325	30.0	6
7QK1	326	30.0	6
7QK1	327	30.0	6
7QK1	328	30.0	6
7QK1	329	30.0	6
7QK1	330	30.0	6
7QK1	331	30.0	6
7QK1	332	30.0	6
7QK1	333	30.0	6
7QK1	334	35.83	6
7QK1	335	45.26	6
7QK1	336	48.75	6
7QK1	337	43.69	6
7QK1	338	41.45	6
7QK1	339	42.19	6
7QK1	340	44.76	6
7QK1	341	56.49	6
7QK1	342	60.89	6
7QK1	343	53.85	6
7QK1	344	48.77	6
7QK1	345	58.18	6
7QK1	346	52.69	6
7QK1	347	64.6	6
7QK1	348	64.25	6
7QK1	349	53.4	6
7QK1	350	45.88	6
7QK1	351	42.3	6
7QK1	352	37.74	6
7QK1	353	35.38	6
7QK1	354	35.57	6
7QK1	355	32.83	6
7QK1	356	33.53	6
7QK1	357	36.48	6
7QK1	358	41.68	6
7QK1	359	30.0	6
7QK1	360	30.0	6
7QK1	361	30.0	6
7QK1	362	30.0	6
7QK1	363	30.0	6
7QK1	364	30.0	6
7QK1	365	30.0	6
7QK1	366	30.0	6
7QK1	367	30.0	6
7QK1	368	30.0	6
7QK1	369	30.0	6
7QK1	370	30.0	6
7QK1	371	30.0	6
7QK1	372	30.0	6
7QK1	373	30.0	6
7QK1	374	30.0	6
7QK1	375	30.0	6
7QK1	376	30.0	6
7QK1	377	30.0	6
7QK1	378	30.0	6
7QK1	379	30.0	6
7QK2	308	30.0	6
7QK2	309	30.0	6
7QK2	310	30.0	6
7QK2	311	30.0	6
7QK2	312	30.0	6
7QK2	313	30.0	6
7QK2	314	30.0	6
7QK2	315	30.0	6
7QK2	316	30.0	6
7QK2	317	30.0	6
7QK2	318	30.0	6
7QK2	319	30.0	6
7QK2	320	30.0	6
7QK2	321	30.0	6
7QK2	322	30.0	6
7QK2	323	30.0	6
7QK2	324	30.0	6
7QK2	325	30.0	6
7QK2	326	30.0	6
7QK2	327	30.0	6
7QK2	328	30.0	6
7QK2	329	30.0	6
7QK2	330	30.0	6
7QK2	331	30.0	6
7QK2	332	30.0	6
7QK2	333	30.0	6
7QK2	334	35.83	6
7QK2	335	45.26	6
7QK2	336	48.75	6
7QK2	337	43.69	6
7QK2	338	41.45	6
7QK2	339	42.19	6
7QK2	340	44.76	6
7QK2	341	56.49	6
7QK2	342	60.89	6
7QK2	343	53.85	6
7QK2	344	48.77	6
7QK2	345	58.18	6
7QK2	346	52.69	6
7QK2	347	64.6	6
7QK2	348	64.25	6
7QK2	349	53.4	6
7QK2	350	45.88	6
7QK2	351	42.3	6
7QK2	352	37.74	6
7QK2	353	35.38	6
7QK2	354	35.57	6
7QK2	355	32.83	6
7QK2	356	33.53	6
7QK2	357	36.48	6
7QK2	358	41.68	6
7QK2	359	30.0	6
7QK2	360	30.0	6
7QK2	361	30.0	6
7QK2	362	30.0	6
7QK2	363	30.0	6
7QK2	364	30.0	6
7QK2	365	30.0	6
7QK2	366	30.0	6
7QK2	367	30.0	6
7QK2	368	30.0	6
7QK2	369	30.0	6
7QK2	370	30.0	6
7QK2	371	30.0	6
7QK2	372	30.0	6
7QK2	373	30.0	6
7QK2	374	30.0	6
7QK2	375	30.0	6
7QK2	376	30.0	6
7QK2	377	30.0	6
7QK2	378	30.0	6
7QK3	270	30.0	3
7QK3	271	30.0	3
7QK3	272	30.0	3
7QK3	273	30.0	3
7QK3	274	30.0	3
7QK3	275	30.0	3
7QK3	276	30.0	3
7QK3	277	30.0	3
7QK3	278	30.0	3
7QK3	279	30.0	3
7QK3	280	30.0	3
7QK3	281	30.0	3
7QK3	282	30.0	3
7QK3	283	30.0	3
7QK3	284	56.95	3
7QK3	285	58.71	3
7QK3	286	55.88	3
7QK3	287	50.55	3
7QK3	288	50.9	3
7QK3	289	49.31	3
7QK3	290	57.02	3
7QK3	291	59.67	3
7QK3	292	58.09	3
7QK3	293	52.0	3
7QK3	294	50.53	3
7QK3	295	47.81	3
7QK3	296	44.75	3
7QK3	297	43.55	3
7QK3	298	43.25	3
7QK3	299	41.54	3
7QK3	300	48.45	3
7QK3	301	51.25	3
7QK3	302	51.27	3
7QK3	303	51.52	3
7QK3	304	50.31	3
7QK3	305	49.51	3
7QK3	306	46.32	3
7QK3	307	40.58	3
7QK3	308	38.73	3
7QK3	309	42.97	3
7QK3	310	46.55	3
7QK3	311	47.73	3
7QK3	312	45.81	3
7QK3	313	48.5	3
7QK3	314	53.28	3
7QK3	315	51.18	3
7QK3	316	51.75	3
7QK3	317	49.87	3
7QK3	318	47.66	3
7QK3	319	49.74	3
7QK3	320	48.0	3
7QK3	321	45.1	3
7QK3	322	49.85	3
7QK3	323	49.08	3
7QK3	324	49.84	3
7QK3	325	30.0	3
7QK3	326	30.0	3
7QK3	327	30.0	3
7QK3	328	30.0	3
7QK3	329	30.0	3
7QK3	330	30.0	3
7QK5	306	82.19	9
7QK5	307	79.4	9
7QK5	308	76.56	9
7QK5	309	72.4	9
7QK5	310	69.33	9
7QK5	311	65.39	9
7QK5	312	63.67	9
7QK5	313	61.45	9
7QK5	314	58.83	9
7QK5	315	56.8	9
7QK5	316	55.49	9
7QK5	317	53.46	9
7QK5	318	52.45	9
7QK5	319	52.09	9
7QK5	320	49.98	9
7QK5	321	47.86	9
7QK5	322	47.04	9
7QK5	323	45.03	9
7QK5	324	43.18	9
7QK5	325	41.17	9
7QK5	326	37.6	9
7QK5	327	34.69	9
7QK5	328	33.92	9
7QK5	329	32.69	9
7QK5	330	32.07	9
7QK5	331	31.44	9
7QK5	332	31.12	9
7QK5	333	30.86	9
7QK5	334	30.37	9
7QK5	335	30.75	9
7QK5	336	31.95	9
7QK5	337	34.06	9
7QK5	338	37.66	9
7QK5	339	39.59	9
7QK5	340	44.07	9
7QK5	341	48.72	9
7QK5	342	51.37	9
7QK5	343	50.94	9
7QK5	344	50.12	9
7QK5	345	49.93	9
7QK5	346	48.05	9
7QK5	347	48.31	9
7QK5	348	45.92	9
7QK5	349	44.03	9
7QK5	350	42.6	9
7QK5	351	39.71	9
7QK5	352	38.51	9
7QK5	353	36.97	9
7QK5	354	37.68	9
7QK5	355	36.7	9
7QK5	356	35.6	9
7QK5	357	34.82	9
7QK5	358	35.6	9
7QK5	359	32.99	9
7QK5	360	31.23	9
7QK5	361	32.74	9
7QK5	362	34.42	9
7QK5	363	35.84	9
7QK5	364	37.93	9
7QK5	365	41.42	9
7QK5	366	43.68	9
7QK5	367	47.09	9
7QK5	368	49.21	9
7QK5	369	51.15	9
7QK5	370	53.8	9
7QK5	371	55.47	9
7QK5	372	58.6	9
7QK5	373	61.89	9
7QK5	374	64.71	9
7QK5	375	69.21	9
7QK5	376	73.49	9
7QK5	377	77.93	9
7QK5	378	82.27	9
7QK5	379	84.25	9
7QK6	275	30.0	3
7QK6	276	30.0	3
7QK6	277	30.0	3
7QK6	278	30.0	3
7QK6	279	30.0	3
7QK6	280	30.0	3
7QK6	281	30.0	3
7QK6	282	30.0	3
7QK6	283	30.0	3
7QK6	284	56.95	3
7QK6	285	58.71	3
7QK6	286	55.88	3
7QK6	287	50.55	3
7QK6	288	50.9	3
7QK6	289	49.31	3
7QK6	290	57.02	3
7QK6	291	59.67	3
7QK6	292	58.09	3
7QK6	293	52.0	3
7QK6	294	50.53	3
7QK6	295	47.81	3
7QK6	296	44.75	3
7QK6	297	43.55	3
7QK6	298	43.25	3
7QK6	299	41.54	3
7QK6	300	48.45	3
7QK6	301	51.25	3
7QK6	302	51.27	3
7QK6	303	51.52	3
7QK6	304	50.31	3
7QK6	305	49.51	3
7QK6	306	46.32	3
7QK6	307	40.58	3
7QK6	308	38.73	3
7QK6	309	42.97	3
7QK6	310	46.55	3
7QK6	311	47.73	3
7QK6	312	45.81	3
7QK6	313	48.5	3
7QK6	314	53.28	3
7QK6	315	51.18	3
7QK6	316	51.75	3
7QK6	317	49.87	3
7QK6	318	47.66	3
7QK6	319	49.74	3
7QK6	320	48.0	3
7QK6	321	45.1	3
7QK6	322	49.85	3
7QK6	323	49.08	3
7QK6	324	49.84	3
7QK6	325	30.0	3
7QK6	326	30.0	3
7QK6	327	30.0	3
7QK6	328	30.0	3
7QKG	275	30.0	3
7QKG	276	30.0	3
7QKG	277	30.0	3
7QKG	278	30.0	3
7QKG	279	30.0	3
7QKG	280	30.0	3
7QKG	281	30.0	3
7QKG	282	30.0	3
7QKG	283	30.0	3
7QKG	284	56.95	3
7QKG	285	58.71	3
7QKG	286	55.88	3
7QKG	287	50.55	3
7QKG	288	50.9	3
7QKG	289	49.31	3
7QKG	290	57.02	3
7QKG	291	59.67	3
7QKG	292	58.09	3
7QKG	293	52.0	3
7QKG	294	50.53	3
7QKG	295	47.81	3
7QKG	296	44.75	3
7QKG	297	43.55	3
7QKG	298	43.25	3
7QKG	299	41.54	3
7QKG	300	48.45	3
7QKG	301	51.25	3
7QKG	302	51.27	3
7QKG	303	51.52	3
7QKG	304	50.31	3
7QKG	305	49.51	3
7QKG	306	46.32	3
7QKG	307	40.58	3
7QKG	308	38.73	3
7QKG	309	42.97	3
7QKG	310	46.55	3
7QKG	311	47.73	3
7QKG	312	45.81	3
7QKG	313	48.5	3
7QKG	314	53.28	3
7QKG	315	51.18	3
7QKG	316	51.75	3
7QKG	317	49.87	3
7QKG	318	47.66	3
7QKG	319	49.74	3
7QKG	320	48.0	3
7QKG	321	45.1	3
7QKG	322	49.85	3
7QKG	323	49.08	3
7QKG	324	49.84	3
7QKG	325	30.0	3
7QKG	326	30.0	3
7QKG	327	30.0	3
7QKG	328	30.0	3
7QKI	304	84.27	6
7QKI	305	84.47	6
7QKI	306	82.19	6
7QKI	307	79.4	6
7QKI	308	76.56	6
7QKI	309	72.4	6
7QKI	310	69.33	6
7QKI	311	65.39	6
7QKI	312	63.67	6
7QKI	313	61.45	6
7QKI	314	58.83	6
7QKI	315	56.8	6
7QKI	316	55.49	6
7QKI	317	53.46	6
7QKI	318	52.45	6
7QKI	319	52.09	6
7QKI	320	49.98	6
7QKI	321	47.86	6
7QKI	322	47.04	6
7QKI	323	45.03	6
7QKI	324	43.18	6
7QKI	325	41.17	6
7QKI	326	37.6	6
7QKI	327	34.69	6
7QKI	328	33.92	6
7QKI	329	32.69	6
7QKI	330	32.07	6
7QKI	331	31.44	6
7QKI	332	31.12	6
7QKI	333	30.86	6
7QKI	334	30.37	6
7QKI	335	30.75	6
7QKI	336	31.95	6
7QKI	337	34.06	6
7QKI	338	37.66	6
7QKI	339	39.59	6
7QKI	340	44.07	6
7QKI	341	48.72	6
7QKI	342	51.37	6
7QKI	343	50.94	6
7QKI	344	50.12	6
7QKI	345	49.93	6
7QKI	346	48.05	6
7QKI	347	48.31	6
7QKI	348	45.92	6
7QKI	349	44.03	6
7QKI	350	42.6	6
7QKI	351	39.71	6
7QKI	352	38.51	6
7QKI	353	36.97	6
7QKI	354	37.68	6
7QKI	355	36.7	6
7QKI	356	35.6	6
7QKI	357	34.82	6
7QKI	358	35.6	6
7QKI	359	32.99	6
7QKI	360	31.23	6
7QKI	361	32.74	6
7QKI	362	34.42	6
7QKI	363	35.84	6
7QKI	364	37.93	6
7QKI	365	41.42	6
7QKI	366	43.68	6
7QKI	367	47.09	6
7QKI	368	49.21	6
7QKI	369	51.15	6
7QKI	370	53.8	6
7QKI	371	55.47	6
7QKI	372	58.6	6
7QKI	373	61.89	6
7QKI	374	64.71	6
7QKI	375	69.21	6
7QKI	376	73.49	6
7QKI	377	77.93	6
7QKI	378	82.27	6
7QKI	379	84.25	6
7QKJ	305	30.0	12
7QKJ	306	30.0	12
7QKJ	307	30.0	12
7QKJ	308	30.0	12
7QKJ	309	30.0	12
7QKJ	310	30.0	12
7QKJ	311	30.0	12
7QKJ	312	30.0	12
7QKJ	313	30.0	12
7QKJ	314	30.0	12
7QKJ	315	30.0	12
7QKJ	316	30.0	12
7QKJ	317	30.0	12
7QKJ	318	30.0	12
7QKJ	319	30.0	12
7QKJ	320	30.0	12
7QKJ	321	30.0	12
7QKJ	322	30.0	12
7QKJ	323	30.0	12
7QKJ	324	30.0	12
7QKJ	325	30.0	12
7QKJ	326	30.0	12
7QKJ	327	30.0	12
7QKJ	328	30.0	12
7QKJ	329	30.0	12
7QKJ	330	30.0	12
7QKJ	331	30.0	12
7QKJ	332	30.0	12
7QKJ	333	30.0	12
7QKJ	334	35.83	12
7QKJ	335	45.26	12
7QKJ	336	48.75	12
7QKJ	337	43.69	12
7QKJ	338	41.45	12
7QKJ	339	42.19	12
7QKJ	340	44.76	12
7QKJ	341	56.49	12
7QKJ	342	60.89	12
7QKJ	343	53.85	12
7QKJ	344	48.77	12
7QKJ	345	58.18	12
7QKJ	346	52.69	12
7QKJ	347	64.6	12
7QKJ	348	64.25	12
7QKJ	349	53.4	12
7QKJ	350	45.88	12
7QKJ	351	42.3	12
7QKJ	352	37.74	12
7QKJ	353	35.38	12
7QKJ	354	35.57	12
7QKJ	355	32.83	12
7QKJ	356	33.53	12
7QKJ	357	36.48	12
7QKJ	358	41.68	12
7QKJ	359	30.0	12
7QKJ	360	30.0	12
7QKJ	361	30.0	12
7QKJ	362	30.0	12
7QKJ	363	30.0	12
7QKJ	364	30.0	12
7QKJ	365	30.0	12
7QKJ	366	30.0	12
7QKJ	367	30.0	12
7QKJ	368	30.0	12
7QKJ	369	30.0	12
7QKJ	370	30.0	12
7QKJ	371	30.0	12
7QKJ	372	30.0	12
7QKJ	373	30.0	12
7QKJ	374	30.0	12
7QKJ	375	30.0	12
7QKJ	376	30.0	12
7QKJ	377	30.0	12
7QKJ	378	30.0	12
7QKJ	379	30.0	12
7QKK	304	140.28	3
7QKK	305	126.17	3
7QKK	306	113.5	3
7QKK	307	94.34	3
7QKK	308	85.02	3
7QKK	309	75.76	3
7QKK	310	77.34	3
7QKK	311	78.47	3
7QKK	312	85.17	3
7QKK	313	87.67	3
7QKK	314	99.51	3
7QKK	315	96.14	3
7QKK	316	90.27	3
7QKK	317	86.22	3
7QKK	318	67.43	3
7QKK	319	72.37	3
7QKK	320	70.47	3
7QKK	321	69.6	3
7QKK	322	65.65	3
7QKK	323	66.96	3
7QKK	324	73.27	3
7QKK	325	79.14	3
7QKK	326	83.44	3
7QKK	327	71.57	3
7QKK	328	56.12	3
7QKK	329	51.14	3
7QKK	330	45.81	3
7QKK	331	45.55	3
7QKK	332	45.87	3
7QKK	333	46.19	3
7QKK	334	44.7	3
7QKK	335	41.39	3
7QKK	336	38.47	3
7QKK	337	42.79	3
7QKK	338	51.73	3
7QKK	339	51.71	3
7QKK	340	64.12	3
7QKK	341	74.78	3
7QKK	342	90.09	3
7QKK	343	85.33	3
7QKK	344	81.01	3
7QKK	345	78.41	3
7QKK	346	71.49	3
7QKK	347	80.55	3
7QKK	348	82.63	3
7QKK	349	77.89	3
7QKK	350	61.88	3
7QKK	351	64.83	3
7QKK	352	58.95	3
7QKK	353	57.16	3
7QKK	354	54.34	3
7QKK	355	52.55	3
7QKK	356	57.03	3
7QKK	357	53.31	3
7QKK	358	52.3	3
7QKK	359	39.76	3
7QKK	360	40.4	3
7QKK	361	40.76	3
7QKK	362	39.51	3
7QKK	363	39.28	3
7QKK	364	39.01	3
7QKK	365	42.32	3
7QKK	366	43.57	3
7QKK	367	45.03	3
7QKK	368	49.36	3
7QKK	369	49.83	3
7QKK	370	49.45	3
7QKK	371	51.63	3
7QKK	372	57.64	3
7QKK	373	57.08	3
7QKK	374	63.66	3
7QKK	375	68.07	3
7QKK	376	72.97	3
7QKK	377	87.93	3
7QKK	378	99.64	3
7QKK	379	127.09	3
7QKL	304	30.0	6
7QKL	305	30.0	6
7QKL	306	30.0	6
7QKL	307	30.0	6
7QKL	308	30.0	6
7QKL	309	30.0	6
7QKL	310	30.0	6
7QKL	311	30.0	6
7QKL	312	30.0	6
7QKL	313	30.0	6
7QKL	314	30.0	6
7QKL	315	30.0	6
7QKL	316	30.0	6
7QKL	317	30.0	6
7QKL	318	30.0	6
7QKL	319	30.0	6
7QKL	320	30.0	6
7QKL	321	30.0	6
7QKL	322	30.0	6
7QKL	323	30.0	6
7QKL	324	30.0	6
7QKL	325	30.0	6
7QKL	326	30.0	6
7QKL	327	30.0	6
7QKL	328	30.0	6
7QKL	329	30.0	6
7QKL	330	30.0	6
7QKL	331	30.0	6
7QKL	332	30.0	6
7QKL	333	30.0	6
7QKL	334	30.0	6
7QKL	335	30.0	6
7QKL	336	30.0	6
7QKL	337	30.0	6
7QKL	338	30.0	6
7QKL	339	30.0	6
7QKL	340	30.0	6
7QKL	341	30.0	6
7QKL	342	30.0	6
7QKL	343	85.33	6
7QKL	344	81.01	6
7QKL	345	78.41	6
7QKL	346	71.49	6
7QKL	347	80.55	6
7QKL	348	82.63	6
7QKL	349	77.89	6
7QKL	350	61.88	6
7QKL	351	64.83	6
7QKL	352	58.95	6
7QKL	353	57.16	6
7QKL	354	54.34	6
7QKL	355	52.55	6
7QKL	356	57.03	6
7QKL	357	53.31	6
7QKL	358	52.3	6
7QKL	359	39.76	6
7QKL	360	40.4	6
7QKL	361	40.76	6
7QKL	362	39.51	6
7QKL	363	39.28	6
7QKL	364	39.01	6
7QKL	365	30.0	6
7QKL	366	30.0	6
7QKL	367	30.0	6
7QKL	368	30.0	6
7QKL	369	30.0	6
7QKL	370	30.0	6
7QKL	371	30.0	6
7QKL	372	30.0	6
7QKL	373	30.0	6
7QKL	374	30.0	6
7QKL	375	30.0	6
7QKL	376	30.0	6
7QKL	377	30.0	6
7QKL	378	30.0	6
7QKL	379	30.0	6
7QKM	274	30.0	6
7QKM	275	30.0	6
7QKM	276	30.0	6
7QKM	277	30.0	6
7QKM	278	30.0	6
7QKM	279	30.0	6
7QKM	280	30.0	6
7QKM	281	30.0	6
7QKM	282	30.0	6
7QKM	283	30.0	6
7QKM	284	30.0	6
7QKM	285	30.0	6
7QKM	286	30.0	6
7QKM	287	30.0	6
7QKM	288	30.0	6
7QKM	289	30.0	6
7QKM	290	30.0	6
7QKM	291	30.0	6
7QKM	292	30.0	6
7QKM	293	30.0	6
7QKM	294	30.0	6
7QKM	295	30.0	6
7QKM	296	30.0	6
7QKM	297	43.55	6
7QKM	298	43.25	6
7QKM	299	41.54	6
7QKM	300	30.0	6
7QKM	301	30.0	6
7QKM	302	30.0	6
7QKM	303	30.0	6
7QKM	304	30.0	6
7QKM	305	30.0	6
7QKM	306	30.0	6
7QKM	307	30.0	6
7QKM	308	30.0	6
7QKM	309	30.0	6
7QKM	310	30.0	6
7QKM	311	30.0	6
7QKM	312	30.0	6
7QKM	313	30.0	6
7QKM	314	30.0	6
7QKM	315	30.0	6
7QKM	316	30.0	6
7QKM	317	30.0	6
7QKM	318	30.0	6
7QKM	319	30.0	6
7QKM	320	30.0	6
7QKM	321	30.0	6
7QKM	322	30.0	6
7QKM	323	30.0	6
7QKM	324	30.0	6
7QKM	325	30.0	6
7QKM	326	30.0	6
7QKM	327	30.0	6
7QKM	328	30.0	6
7QKU	304	84.27	3
7QKU	305	57.235	6
7QKU	306	56.095	6
7QKU	307	54.7	6
7QKU	308	53.28	6
7QKU	309	51.2	6
7QKU	310	49.665	6
7QKU	311	47.695	6
7QKU	312	46.835	6
7QKU	313	45.725	6
7QKU	314	44.415	6
7QKU	315	43.4	6
7QKU	316	42.745	6
7QKU	317	41.73	6
7QKU	318	41.225	6
7QKU	319	41.045	6
7QKU	320	39.99	6
7QKU	321	38.93	6
7QKU	322	38.52	6
7QKU	323	37.515	6
7QKU	324	36.59	6
7QKU	325	35.585	6
7QKU	326	33.8	6
7QKU	327	32.345	6
7QKU	328	31.96	6
7QKU	329	31.345	6
7QKU	330	31.035	6
7QKU	331	30.72	6
7QKU	332	30.56	6
7QKU	333	30.43	6
7QKU	334	33.1	6
7QKU	335	38.005	6
7QKU	336	40.35	6
7QKU	337	38.875	6
7QKU	338	39.555	6
7QKU	339	40.89	6
7QKU	340	44.415	6
7QKU	341	52.605	6
7QKU	342	56.13	6
7QKU	343	52.395	6
7QKU	344	49.445	6
7QKU	345	54.055	6
7QKU	346	50.37	6
7QKU	347	56.455	6
7QKU	348	55.085	6
7QKU	349	48.715	6
7QKU	350	44.24	6
7QKU	351	41.005	6
7QKU	352	38.125	6
7QKU	353	36.175	6
7QKU	354	36.625	6
7QKU	355	34.765	6
7QKU	356	34.565	6
7QKU	357	35.65	6
7QKU	358	38.64	6
7QKU	359	31.495	6
7QKU	360	30.615	6
7QKU	361	31.37	6
7QKU	362	32.21	6
7QKU	363	32.92	6
7QKU	364	33.965	6
7QKU	365	35.71	6
7QKU	366	36.84	6
7QKU	367	38.545	6
7QKU	368	39.605	6
7QKU	369	40.575	6
7QKU	370	41.9	6
7QKU	371	42.735	6
7QKU	372	44.3	6
7QKU	373	45.945	6
7QKU	374	47.355	6
7QKU	375	49.605	6
7QKU	376	51.745	6
7QKU	377	53.965	6
7QKU	378	56.135	6
7QKU	379	57.125	6
7QKV	309	249.07	9
7QKV	310	234.9	9
7QKV	311	225.24	9
7QKV	312	218.15	9
7QKV	313	210.14	9
7QKV	314	194.06	9
7QKV	315	183.0	9
7QKV	316	162.97	9
7QKV	317	140.97	9
7QKV	318	112.93	9
7QKV	319	101.49	9
7QKV	320	90.67	9
7QKV	321	93.98	9
7QKV	322	87.48	9
7QKV	323	89.72	9
7QKV	324	78.04	9
7QKV	325	67.1	9
7QKV	326	63.68	9
7QKV	327	59.37	9
7QKV	328	46.72	9
7QKV	329	48.57	9
7QKV	330	40.56	9
7QKV	331	36.71	9
7QKV	332	32.88	9
7QKV	333	35.05	9
7QKV	334	34.22	9
7QKV	335	35.58	9
7QKV	336	41.64	9
7QKV	337	44.01	9
7QKV	338	50.36	9
7QKV	339	52.88	9
7QKV	340	59.8	9
7QKV	341	69.97	9
7QKV	342	78.42	9
7QKV	343	75.5	9
7QKV	344	69.81	9
7QKV	345	76.56	9
7QKV	346	84.24	9
7QKV	347	80.09	9
7QKV	348	88.38	9
7QKV	349	88.87	9
7QKV	350	67.06	9
7QKV	351	67.3	9
7QKV	352	52.63	9
7QKV	353	43.15	9
7QKV	354	42.58	9
7QKV	355	44.9	9
7QKV	356	49.35	9
7QKV	357	51.23	9
7QKV	358	56.18	9
7QKV	359	47.63	9
7QKV	360	49.04	9
7QKV	361	49.21	9
7QKV	362	45.77	9
7QKV	363	44.71	9
7QKV	364	47.69	9
7QKV	365	62.9	9
7QKV	366	72.52	9
7QKV	367	85.97	9
7QKV	368	84.58	9
7QKV	369	100.05	9
7QKV	370	115.51	9
7QKV	371	132.47	9
7QKV	372	154.1	9
7QKV	373	177.4	9
7QKV	374	172.07	9
7QKV	375	178.0	9
7QKV	376	179.4	9
7QKV	377	210.62	9
7QKW	275	30.0	6
7QKW	276	30.0	6
7QKW	277	30.0	6
7QKW	278	30.0	6
7QKW	279	30.0	6
7QKW	280	30.0	6
7QKW	281	30.0	6
7QKW	282	30.0	6
7QKW	283	30.0	6
7QKW	284	56.95	6
7QKW	285	58.71	6
7QKW	286	55.88	6
7QKW	287	50.55	6
7QKW	288	50.9	6
7QKW	289	49.31	6
7QKW	290	57.02	6
7QKW	291	59.67	6
7QKW	292	58.09	6
7QKW	293	52.0	6
7QKW	294	50.53	6
7QKW	295	47.81	6
7QKW	296	44.75	6
7QKW	297	43.55	6
7QKW	298	43.25	6
7QKW	299	41.54	6
7QKW	300	48.45	6
7QKW	301	51.25	6
7QKW	302	51.27	6
7QKW	303	51.52	6
7QKW	304	50.31	6
7QKW	305	49.51	6
7QKW	306	46.32	6
7QKW	307	40.58	6
7QKW	308	38.73	6
7QKW	309	42.97	6
7QKW	310	46.55	6
7QKW	311	47.73	6
7QKW	312	45.81	6
7QKW	313	48.5	6
7QKW	314	53.28	6
7QKW	315	51.18	6
7QKW	316	51.75	6
7QKW	317	49.87	6
7QKW	318	47.66	6
7QKW	319	49.74	6
7QKW	320	48.0	6
7QKW	321	45.1	6
7QKW	322	49.85	6
7QKW	323	49.08	3
7QKW	324	49.84	3
7QKW	325	30.0	3
7QKW	326	30.0	3
7QKW	327	30.0	3
7QKW	328	30.0	3
7QKX	306	270.82	6
7QKX	307	260.06	6
7QKX	308	257.21	6
7QKX	309	249.07	6
7QKX	310	234.9	6
7QKX	311	225.24	6
7QKX	312	218.15	6
7QKX	313	210.14	6
7QKX	314	194.06	6
7QKX	315	183.0	6
7QKX	316	162.97	6
7QKX	317	140.97	6
7QKX	318	112.93	6
7QKX	319	101.49	6
7QKX	320	90.67	6
7QKX	321	93.98	6
7QKX	322	87.48	6
7QKX	323	89.72	6
7QKX	324	78.04	6
7QKX	325	67.1	6
7QKX	326	63.68	6
7QKX	327	59.37	6
7QKX	328	46.72	6
7QKX	329	48.57	6
7QKX	330	40.56	6
7QKX	331	36.71	6
7QKX	332	32.88	6
7QKX	333	35.05	6
7QKX	334	34.22	6
7QKX	335	35.58	6
7QKX	336	41.64	6
7QKX	337	44.01	6
7QKX	338	50.36	6
7QKX	339	52.88	6
7QKX	340	59.8	6
7QKX	341	69.97	6
7QKX	342	78.42	6
7QKX	343	75.5	6
7QKX	344	69.81	6
7QKX	345	76.56	6
7QKX	346	84.24	6
7QKX	347	80.09	6
7QKX	348	88.38	6
7QKX	349	88.87	6
7QKX	350	67.06	6
7QKX	351	67.3	6
7QKX	352	52.63	6
7QKX	353	43.15	6
7QKX	354	42.58	6
7QKX	355	44.9	6
7QKX	356	49.35	6
7QKX	357	51.23	6
7QKX	358	56.18	6
7QKX	359	47.63	6
7QKX	360	49.04	6
7QKX	361	49.21	6
7QKX	362	45.77	6
7QKX	363	44.71	6
7QKX	364	47.69	6
7QKX	365	62.9	6
7QKX	366	72.52	6
7QKX	367	85.97	6
7QKX	368	84.58	6
7QKX	369	100.05	6
7QKX	370	115.51	6
7QKX	371	132.47	6
7QKX	372	154.1	6
7QKX	373	177.4	6
7QKX	374	172.07	6
7QKX	375	178.0	6
7QKX	376	179.4	6
7QKX	377	210.62	6
7QKX	378	234.92	6
7QKY	376	30.0	6
7QKY	377	30.0	6
7QKY	378	30.0	6
7QKY	379	30.0	6
7QKY	380	30.0	6
7QKY	381	30.0	6
7QKY	382	30.0	6
7QKY	383	30.0	6
7QKY	384	30.0	6
7QKY	385	30.0	6
7QKY	386	30.0	6
7QKY	387	30.0	6
7QKY	388	30.0	6
7QKY	389	30.0	6
7QKY	390	30.0	6
7QKY	391	30.0	6
7QKY	392	30.0	6
7QKY	393	30.0	6
7QKY	394	30.0	6
7QKY	395	30.0	6
7QKY	396	30.0	6
7QKY	397	30.0	6
7QKY	398	30.0	6
7QKY	399	30.0	6
7QKY	400	30.0	6
7QKY	401	30.0	6
7QKY	402	30.0	6
7QKY	403	30.0	6
7QKY	404	30.0	6
7QKY	405	30.0	6
7QKY	406	30.0	6
7QKY	407	30.0	6
7QKY	408	30.0	6
7QKY	409	30.0	6
7QKY	410	30.0	6
7QKY	411	30.0	6
7QKY	412	30.0	6
7QKY	413	30.0	6
7QKY	414	30.0	6
7QKY	415	30.0	6
7QKY	416	30.0	6
7QKY	417	30.0	6
7QKY	418	30.0	6
7QKY	419	30.0	6
7QKY	420	30.0	6
7QKY	421	30.0	6
7QKY	422	30.0	6
7QKY	423	30.0	6
7QKY	424	30.0	6
7QKY	425	30.0	6
7QKY	426	30.0	6
7QKY	427	30.0	6
7QKY	428	30.0	6
7QKY	429	30.0	6
7QKY	430	30.0	6
7QKY	431	30.0	6
7QKY	432	30.0	6
7QKY	433	30.0	6
7QKY	434	30.0	6
7QKY	435	30.0	6
7QKY	436	30.0	6
7QKY	437	30.0	6
7QKY	438	30.0	6
7QKY	439	30.0	6
7QKY	440	30.0	6
7QKY	441	30.0	6
7QKZ	307	94.34	9
7QKZ	308	85.02	9
7QKZ	309	75.76	9
7QKZ	310	77.34	9
7QKZ	311	30.0	9
7QKZ	312	30.0	9
7QKZ	313	30.0	9
7QKZ	314	30.0	9
7QKZ	315	30.0	9
7QKZ	316	30.0	9
7QKZ	317	30.0	9
7QL0	309	249.07	6
7QL0	310	234.9	6
7QL0	311	225.24	6
7QL0	312	218.15	6
7QL0	313	210.14	6
7QL0	314	194.06	6
7QL0	315	183.0	6
7QL0	316	162.97	6
7QL0	317	140.97	6
7QL0	318	112.93	6
7QL0	319	101.49	6
7QL0	320	90.67	6
7QL0	321	93.98	6
7QL0	322	87.48	6
7QL0	323	89.72	6
7QL0	324	78.04	6
7QL0	325	67.1	6
7QL0	326	63.68	6
7QL0	327	59.37	6
7QL0	328	46.72	6
7QL0	329	48.57	6
7QL0	330	40.56	6
7QL0	331	36.71	6
7QL0	332	32.88	6
7QL0	333	35.05	6
7QL0	334	34.22	6
7QL0	335	35.58	6
7QL0	336	41.64	6
7QL0	337	44.01	6
7QL0	338	50.36	6
7QL0	339	52.88	6
7QL0	340	59.8	6
7QL0	341	69.97	6
7QL0	342	78.42	6
7QL0	343	75.5	6
7QL0	344	69.81	6
7QL0	345	76.56	6
7QL0	346	84.24	6
7QL0	347	80.09	6
7QL0	348	88.38	6
7QL0	349	88.87	6
7QL0	350	67.06	6
7QL0	351	67.3	6
7QL0	352	52.63	6
7QL0	353	43.15	6
7QL0	354	42.58	6
7QL0	355	44.9	6
7QL0	356	49.35	6
7QL0	357	51.23	6
7QL0	358	56.18	6
7QL0	359	47.63	6
7QL0	360	49.04	6
7QL0	361	49.21	6
7QL0	362	45.77	6
7QL0	363	44.71	6
7QL0	364	47.69	6
7QL0	365	62.9	6
7QL0	366	72.52	6
7QL0	367	85.97	6
7QL0	368	84.58	6
7QL0	369	100.05	6
7QL0	370	115.51	6
7QL0	371	132.47	6
7QL0	372	154.1	6
7QL0	373	177.4	6
7QL0	374	172.07	6
7QL0	375	178.0	6
7QL0	376	179.4	6
7QL0	377	210.62	6
7QL1	306	30.0	3
7QL1	307	30.0	3
7QL1	308	30.0	3
7QL1	309	30.0	3
7QL1	310	30.0	3
7QL1	311	56.05	3
7QL1	312	43.66	3
7QL1	313	48.79	3
7QL1	314	56.2	3
7QL1	315	57.51	3
7QL1	316	53.22	3
7QL1	317	37.04	3
7QL1	318	33.35	3
7QL1	319	39.9	3
7QL1	320	28.14	3
7QL1	321	32.13	3
7QL1	322	32.01	3
7QL1	323	29.74	3
7QL1	324	31.52	3
7QL1	325	25.76	3
7QL1	326	19.41	3
7QL1	327	20.75	3
7QL1	328	22.97	3
7QL1	329	18.86	3
7QL1	330	19.02	3
7QL1	331	24.43	3
7QL1	332	26.48	3
7QL1	333	30.99	3
7QL1	334	35.83	3
7QL1	335	45.26	3
7QL1	336	48.75	3
7QL1	337	43.69	3
7QL1	338	41.45	3
7QL1	339	42.19	3
7QL1	340	44.76	3
7QL1	341	56.49	3
7QL1	342	60.89	3
7QL1	343	53.85	3
7QL1	344	48.77	3
7QL1	345	58.18	3
7QL1	346	52.69	3
7QL1	347	64.6	3
7QL1	348	64.25	3
7QL1	349	53.4	3
7QL1	350	45.88	3
7QL1	351	42.3	3
7QL1	352	37.74	3
7QL1	353	35.38	3
7QL1	354	35.57	3
7QL1	355	32.83	3
7QL1	356	33.53	3
7QL1	357	36.48	3
7QL1	358	41.68	3
7QL1	359	33.0	3
7QL1	360	31.73	3
7QL1	361	26.87	3
7QL1	362	27.81	3
7QL1	363	29.49	3
7QL1	364	29.01	3
7QL1	365	21.65	3
7QL1	366	22.95	3
7QL1	367	27.97	3
7QL1	368	25.51	3
7QL1	369	32.11	3
7QL1	370	36.56	3
7QL1	371	40.9	3
7QL1	372	46.63	3
7QL1	373	46.08	3
7QL1	374	43.3	3
7QL1	375	53.41	3
7QL1	376	54.75	3
7QL1	377	58.9	3
7QL1	378	70.54	3
7QL2	275	30.0	3
7QL2	276	30.0	3
7QL2	277	30.0	3
7QL2	278	30.0	3
7QL2	279	30.0	3
7QL2	280	30.0	3
7QL2	281	30.0	3
7QL2	282	30.0	3
7QL2	283	30.0	3
7QL2	284	56.95	3
7QL2	285	58.71	3
7QL2	286	55.88	3
7QL2	287	50.55	3
7QL2	288	50.9	3
7QL2	289	49.31	3
7QL2	290	57.02	3
7QL2	291	59.67	3
7QL2	292	58.09	3
7QL2	293	52.0	3
7QL2	294	50.53	3
7QL2	295	47.81	3
7QL2	296	44.75	3
7QL2	297	43.55	3
7QL2	298	43.25	3
7QL2	299	41.54	3
7QL2	300	48.45	3
7QL2	301	51.25	3
7QL2	302	51.27	3
7QL2	303	51.52	3
7QL2	304	50.31	3
7QL2	305	49.51	3
7QL2	306	46.32	3
7QL2	307	40.58	3
7QL2	308	38.73	3
7QL2	309	42.97	3
7QL2	310	46.55	3
7QL2	311	47.73	3
7QL2	312	45.81	3
7QL2	313	48.5	3
7QL2	314	53.28	3
7QL2	315	51.18	3
7QL2	316	51.75	3
7QL2	317	49.87	3
7QL2	318	47.66	3
7QL2	319	49.74	3
7QL2	320	48.0	3
7QL2	321	45.1	3
7QL2	322	49.85	3
7QL2	323	49.08	3
7QL2	324	49.84	3
7QL3	308	30.0	6
7QL3	309	30.0	6
7QL3	310	30.0	6
7QL3	311	30.0	6
7QL3	312	30.0	6
7QL3	313	30.0	6
7QL3	314	30.0	6
7QL3	315	30.0	6
7QL3	316	30.0	6
7QL3	317	30.0	6
7QL3	318	30.0	6
7QL3	319	30.0	6
7QL3	320	30.0	6
7QL3	321	30.0	6
7QL3	322	30.0	6
7QL3	323	30.0	6
7QL3	324	30.0	6
7QL3	325	30.0	6
7QL3	326	30.0	6
7QL3	327	30.0	6
7QL3	328	30.0	6
7QL3	329	30.0	6
7QL3	330	30.0	6
7QL3	331	30.0	6
7QL3	332	30.0	6
7QL3	333	30.0	6
7QL3	334	35.83	6
7QL3	335	45.26	6
7QL3	336	48.75	6
7QL3	337	43.69	6
7QL3	338	41.45	6
7QL3	339	42.19	6
7QL3	340	44.76	6
7QL3	341	56.49	6
7QL3	342	60.89	6
7QL3	343	53.85	6
7QL3	344	48.77	6
7QL3	345	58.18	6
7QL3	346	52.69	6
7QL3	347	64.6	6
7QL3	348	64.25	6
7QL3	349	53.4	6
7QL3	350	45.88	6
7QL3	351	42.3	6
7QL3	352	37.74	6
7QL3	353	35.38	6
7QL3	354	35.57	6
7QL3	355	32.83	6
7QL3	356	33.53	6
7QL3	357	36.48	6
7QL3	358	41.68	6
7QL3	359	30.0	6
7QL3	360	30.0	6
7QL3	361	30.0	6
7QL3	362	30.0	6
7QL3	363	30.0	6
7QL3	364	30.0	6
7QL3	365	30.0	6
7QL3	366	30.0	6
7QL3	367	30.0	6
7QL3	368	30.0	6
7QL3	369	30.0	6
7QL3	370	30.0	6
7QL3	371	30.0	6
7QL3	372	30.0	6
7QL3	373	30.0	6
7QL3	374	30.0	6
7QL3	375	30.0	6
7QL3	376	30.0	6
7QL3	377	30.0	6
7QL3	378	30.0	6
7QL4	304	82.68	6
7QL4	305	82.79	6
7QL4	306	80.555	6
7QL4	307	77.975	6
7QL4	308	75.005	6
7QL4	309	71.31	6
7QL4	310	68.525	6
7QL4	311	65.125	6
7QL4	312	63.29	6
7QL4	313	61.3	6
7QL4	314	58.96	6
7QL4	315	57.165	6
7QL4	316	55.97	6
7QL4	317	53.99	6
7QL4	318	52.67	6
7QL4	319	52.255	6
7QL4	320	49.97	6
7QL4	321	48.15	6
7QL4	322	47.495	6
7QL4	323	45.61	6
7QL4	324	43.885	6
7QL4	325	41.67	6
7QL4	326	37.725	6
7QL4	327	34.945	6
7QL4	328	33.82	6
7QL4	329	32.71	6
7QL4	330	31.97	6
7QL4	331	31.4	6
7QL4	332	31.035	6
7QL4	333	30.71	6
7QL4	334	30.335	6
7QL4	335	30.78	6
7QL4	336	32.12	6
7QL4	337	34.145	6
7QL4	338	37.74	6
7QL4	339	39.615	6
7QL4	340	43.9	6
7QL4	341	48.525	6
7QL4	342	51.535	6
7QL4	343	51.355	6
7QL4	344	50.58	6
7QL4	345	50.545	6
7QL4	346	48.515	6
7QL4	347	49.08	6
7QL4	348	47.425	6
7QL4	349	45.555	6
7QL4	350	43.785	6
7QL4	351	40.935	6
7QL4	352	39.345	6
7QL4	353	37.505	6
7QL4	354	38.115	6
7QL4	355	37.08	6
7QL4	356	35.865	6
7QL4	357	34.72	6
7QL4	358	35.53	6
7QL4	359	32.985	6
7QL4	360	31.545	6
7QL4	361	32.785	6
7QL4	362	34.44	6
7QL4	363	36.005	6
7QL4	364	38.14	6
7QL4	365	41.915	6
7QL4	366	44.165	6
7QL4	367	47.405	6
7QL4	368	49.705	6
7QL4	369	51.4	6
7QL4	370	54.21	6
7QL4	371	55.535	6
7QL4	372	58.29	6
7QL4	373	61.49	6
7QL4	374	63.875	6
7QL4	375	68.085	6
7QL4	376	72.025	6
7QL4	377	75.87	6
7QL4	378	79.845	6
7QL4	379	82.185	6
7QV5	1	56.152	18
7QV5	2	58.378	18
7QV5	3	56.863	18
7QV5	4	74.734	27
7QV5	5	71.139	27
7QV5	6	72.56	27
7QV5	7	75.749	27
7QV5	8	60.16	18
7QV5	9	55.673	18
7QV5	10	52.115	18
7QV5	11	49.675	18
7QV5	12	44.53	18
7QV5	13	43.518	18
7QV5	14	43.363	18
7QV5	15	43.47	18
7QV5	16	48.197	18
7QV5	17	50.992	18
7QV6	1	92.158	18
7QV6	2	90.4	18
7QV6	3	88.045	18
7QV6	4	85.378	18
7QV6	5	80.717	18
7QV6	6	77.787	18
7QV6	7	75.702	18
7QV6	8	74.022	18
7QV6	9	72.09	18
7QV6	10	68.993	18
7QV6	11	66.963	18
7QV6	12	68.652	18
7QV6	13	68.523	18
7QV6	14	70.017	18
7QV6	15	75.143	18
7QV6	16	80.085	18
7QV6	17	83.263	18
7QVC	120	49.53	3
7QVC	121	50.4	3
7QVC	122	49.51	3
7QVC	123	45.67	3
7QVC	124	42.19	3
7QVC	125	34.31	3
7QVC	126	32.78	3
7QVC	127	31.27	3
7QVC	128	32.38	3
7QVC	129	32.49	3
7QVC	130	33.25	3
7QVC	131	30.24	3
7QVC	132	27.79	3
7QVC	133	28.71	3
7QVC	134	30.78	3
7QVC	135	34.09	3
7QVC	136	43.19	3
7QVC	137	48.6	3
7QVC	138	55.18	3
7QVC	139	60.29	3
7QVC	140	62.63	3
7QVC	141	60.58	3
7QVC	142	60.11	3
7QVC	143	54.29	3
7QVC	144	57.7	3
7QVC	145	55.52	3
7QVC	146	52.0	3
7QVC	147	47.96	3
7QVC	148	43.27	3
7QVC	149	40.25	3
7QVC	150	33.17	3
7QVC	151	27.61	3
7QVC	152	26.13	3
7QVC	153	29.36	3
7QVC	154	27.11	3
7QVC	155	30.07	3
7QVC	156	30.81	3
7QVC	157	34.68	3
7QVC	158	37.45	3
7QVC	159	42.42	3
7QVC	160	42.7	3
7QVC	161	43.3	3
7QVC	162	45.31	3
7QVC	163	45.31	3
7QVC	164	44.62	3
7QVC	165	43.14	3
7QVC	166	43.05	3
7QVC	167	40.63	3
7QVC	168	43.73	3
7QVC	169	44.69	3
7QVC	170	48.4	3
7QVC	171	55.33	3
7QVC	172	57.57	3
7QVC	173	55.61	3
7QVC	174	60.12	3
7QVC	175	62.0	3
7QVC	176	62.64	3
7QVC	177	65.98	3
7QVC	178	69.15	3
7QVC	179	65.53	3
7QVC	180	64.96	3
7QVC	181	60.0	3
7QVC	182	60.02	3
7QVC	183	59.4	3
7QVC	184	61.44	3
7QVC	185	62.74	3
7QVC	186	59.4	3
7QVC	187	57.63	3
7QVC	188	58.84	3
7QVC	189	57.23	3
7QVC	190	52.69	3
7QVC	191	53.34	3
7QVC	192	44.13	3
7QVC	193	38.4	3
7QVC	194	34.6	3
7QVC	195	34.32	3
7QVC	196	36.09	3
7QVC	197	34.27	3
7QVC	198	39.83	3
7QVC	199	42.75	3
7QVC	200	49.61	3
7QVC	201	56.41	3
7QVC	202	61.45	3
7QVC	203	65.34	3
7QVC	204	66.26	3
7QVC	205	68.97	3
7QVC	206	73.27	3
7QVC	207	73.58	3
7QVC	208	71.6	3
7QVC	209	69.34	3
7QVC	210	64.36	3
7QVC	211	60.0	3
7QVC	212	54.17	3
7QVC	213	52.29	3
7QVC	214	51.78	3
7QVC	215	47.85	3
7QVC	216	43.98	3
7QVC	217	40.19	3
7QVC	218	34.69	3
7QVC	219	32.88	3
7QVC	220	30.71	3
7QVC	221	27.48	3
7QVC	222	24.96	3
7QVC	223	21.83	3
7QVC	224	21.15	3
7QVC	225	21.47	3
7QVC	226	23.76	3
7QVC	227	28.68	3
7QVC	228	34.51	3
7QVC	229	33.4	3
7QVC	230	32.89	3
7QVC	231	34.46	3
7QVC	232	34.41	3
7QVC	233	35.03	3
7QVC	234	38.32	3
7QVC	235	38.87	3
7QVC	236	36.88	3
7QVC	237	37.16	3
7QVC	238	37.39	3
7QVC	239	35.97	3
7QVC	240	35.08	3
7QVC	241	33.06	3
7QVC	242	30.98	3
7QVC	243	26.3	3
7QVC	244	28.66	3
7QVC	245	29.38	3
7QVC	246	30.28	3
7QVC	247	27.18	3
7QVC	248	26.97	3
7QVC	249	28.1	3
7QVC	250	33.56	3
7QVC	251	39.0	3
7QVC	252	48.42	3
7QVC	253	30.0	3
7QVC	254	30.0	3
7QVF	120	49.53	6
7QVF	121	50.4	6
7QVF	122	49.51	6
7QVF	123	45.67	6
7QVF	124	42.19	6
7QVF	125	34.31	6
7QVF	126	32.78	6
7QVF	127	31.27	6
7QVF	128	32.38	6
7QVF	129	32.49	6
7QVF	130	33.25	6
7QVF	131	30.24	6
7QVF	132	27.79	6
7QVF	133	28.71	6
7QVF	134	30.78	6
7QVF	135	34.09	6
7QVF	136	43.19	6
7QVF	137	48.6	6
7QVF	138	55.18	6
7QVF	139	60.29	6
7QVF	140	62.63	6
7QVF	141	60.58	6
7QVF	142	60.11	6
7QVF	143	54.29	6
7QVF	144	57.7	6
7QVF	145	55.52	6
7QVF	146	52.0	6
7QVF	147	47.96	6
7QVF	148	43.27	6
7QVF	149	40.25	6
7QVF	150	33.17	6
7QVF	151	27.61	6
7QVF	152	26.13	6
7QVF	153	29.36	6
7QVF	154	27.11	6
7QVF	155	30.07	6
7QVF	156	30.81	6
7QVF	157	34.68	6
7QVF	158	37.45	6
7QVF	159	42.42	6
7QVF	160	42.7	6
7QVF	161	43.3	6
7QVF	162	45.31	6
7QVF	163	45.31	6
7QVF	164	44.62	6
7QVF	165	43.14	6
7QVF	166	43.05	6
7QVF	167	40.63	6
7QVF	168	43.73	6
7QVF	169	44.69	6
7QVF	170	48.4	6
7QVF	171	55.33	6
7QVF	172	57.57	6
7QVF	173	55.61	6
7QVF	174	60.12	6
7QVF	175	62.0	6
7QVF	176	62.64	6
7QVF	177	65.98	6
7QVF	178	69.15	6
7QVF	179	65.53	6
7QVF	180	64.96	6
7QVF	181	60.0	6
7QVF	182	60.02	6
7QVF	183	59.4	6
7QVF	184	61.44	6
7QVF	185	62.74	6
7QVF	186	59.4	6
7QVF	187	57.63	6
7QVF	188	58.84	6
7QVF	189	57.23	6
7QVF	190	52.69	6
7QVF	191	53.34	6
7QVF	192	44.13	6
7QVF	193	38.4	6
7QVF	194	34.6	6
7QVF	195	34.32	6
7QVF	196	36.09	6
7QVF	197	34.27	6
7QVF	198	39.83	6
7QVF	199	42.75	6
7QVF	200	49.61	6
7QVF	201	56.41	6
7QVF	202	61.45	6
7QVF	203	65.34	6
7QVF	204	66.26	6
7QVF	205	68.97	6
7QVF	206	73.27	6
7QVF	207	73.58	6
7QVF	208	71.6	6
7QVF	209	69.34	6
7QVF	210	64.36	6
7QVF	211	60.0	6
7QVF	212	54.17	6
7QVF	213	52.29	6
7QVF	214	51.78	6
7QVF	215	47.85	6
7QVF	216	43.98	6
7QVF	217	40.19	6
7QVF	218	34.69	6
7QVF	219	32.88	6
7QVF	220	30.71	6
7QVF	221	27.48	6
7QVF	222	24.96	6
7QVF	223	21.83	6
7QVF	224	21.15	6
7QVF	225	21.47	6
7QVF	226	23.76	6
7QVF	227	28.68	6
7QVF	228	34.51	6
7QVF	229	33.4	6
7QVF	230	32.89	6
7QVF	231	34.46	6
7QVF	232	34.41	6
7QVF	233	35.03	6
7QVF	234	38.32	6
7QVF	235	38.87	6
7QVF	236	36.88	6
7QVF	237	37.16	6
7QVF	238	37.39	6
7QVF	239	35.97	6
7QVF	240	35.08	6
7QVF	241	33.06	6
7QVF	242	30.98	6
7QVF	243	26.3	6
7QVF	244	28.66	6
7QVF	245	29.38	6
7QVF	246	30.28	6
7QVF	247	27.18	6
7QVF	248	26.97	6
7QVF	249	28.1	6
7QVF	250	33.56	6
7QVF	251	39.0	6
7QVF	252	48.42	6
7QVF	253	30.0	6
7QVF	254	30.0	6
7QWG	120	49.53	3
7QWG	121	50.4	3
7QWG	122	49.51	3
7QWG	123	45.67	3
7QWG	124	42.19	3
7QWG	125	34.31	3
7QWG	126	32.78	3
7QWG	127	31.27	3
7QWG	128	32.38	3
7QWG	129	32.49	3
7QWG	130	33.25	3
7QWG	131	30.24	3
7QWG	132	27.79	3
7QWG	133	28.71	3
7QWG	134	30.78	3
7QWG	135	34.09	3
7QWG	136	43.19	3
7QWG	137	48.6	3
7QWG	138	55.18	3
7QWG	139	60.29	3
7QWG	140	62.63	3
7QWG	141	60.58	3
7QWG	142	60.11	3
7QWG	143	54.29	3
7QWG	144	57.7	3
7QWG	145	55.52	3
7QWG	146	52.0	3
7QWG	147	47.96	3
7QWG	148	43.27	3
7QWG	149	40.25	3
7QWG	150	33.17	3
7QWG	151	27.61	3
7QWG	152	26.13	3
7QWG	153	29.36	3
7QWG	154	27.11	3
7QWG	155	30.07	3
7QWG	156	30.81	3
7QWG	157	34.68	3
7QWG	158	37.45	3
7QWG	159	42.42	3
7QWG	160	42.7	3
7QWG	161	43.3	3
7QWG	162	45.31	3
7QWG	163	45.31	3
7QWG	164	44.62	3
7QWG	165	43.14	3
7QWG	166	43.05	3
7QWG	167	40.63	3
7QWG	168	43.73	3
7QWG	169	44.69	3
7QWG	170	48.4	3
7QWG	171	55.33	3
7QWG	172	57.57	3
7QWG	173	55.61	3
7QWG	174	60.12	3
7QWG	175	62.0	3
7QWG	176	62.64	3
7QWG	177	65.98	3
7QWG	178	69.15	3
7QWG	179	65.53	3
7QWG	180	64.96	3
7QWG	181	60.0	3
7QWG	182	60.02	3
7QWG	183	59.4	3
7QWG	184	61.44	3
7QWG	185	62.74	3
7QWG	186	59.4	3
7QWG	187	57.63	3
7QWG	188	58.84	3
7QWG	189	57.23	3
7QWG	190	52.69	3
7QWG	191	53.34	3
7QWG	192	44.13	3
7QWG	193	38.4	3
7QWG	194	34.6	3
7QWG	195	34.32	3
7QWG	196	36.09	3
7QWG	197	34.27	3
7QWG	198	39.83	3
7QWG	199	42.75	3
7QWG	200	49.61	3
7QWG	201	56.41	3
7QWG	202	61.45	3
7QWG	203	65.34	3
7QWG	204	66.26	3
7QWG	205	68.97	3
7QWG	206	73.27	3
7QWG	207	73.58	3
7QWG	208	71.6	3
7QWG	209	69.34	3
7QWG	210	64.36	3
7QWG	211	60.0	3
7QWG	212	54.17	3
7QWG	213	52.29	3
7QWG	214	51.78	3
7QWG	215	47.85	3
7QWG	216	43.98	3
7QWG	217	40.19	3
7QWG	218	34.69	3
7QWG	219	32.88	3
7QWG	220	30.71	3
7QWG	221	27.48	3
7QWG	222	24.96	3
7QWG	223	21.83	3
7QWG	224	21.15	3
7QWG	225	21.47	3
7QWG	226	23.76	3
7QWG	227	28.68	3
7QWG	228	34.51	3
7QWG	229	33.4	3
7QWG	230	32.89	3
7QWG	231	34.46	3
7QWG	232	34.41	3
7QWG	233	35.03	3
7QWG	234	38.32	3
7QWG	235	38.87	3
7QWG	236	36.88	3
7QWG	237	37.16	3
7QWG	238	37.39	3
7QWG	239	35.97	3
7QWG	240	35.08	3
7QWG	241	33.06	3
7QWG	242	30.98	3
7QWG	243	26.3	3
7QWG	244	28.66	3
7QWG	245	29.38	3
7QWG	246	30.28	3
7QWG	247	27.18	3
7QWG	248	26.97	3
7QWG	249	28.1	3
7QWG	250	33.56	3
7QWG	251	39.0	3
7QWG	252	48.42	3
7QWG	253	30.0	3
7QWG	254	30.0	3
7QWL	120	49.53	3
7QWL	121	50.4	3
7QWL	122	49.51	3
7QWL	123	45.67	3
7QWL	124	42.19	3
7QWL	125	34.31	3
7QWL	126	32.78	3
7QWL	127	31.27	3
7QWL	128	32.38	3
7QWL	129	32.49	3
7QWL	130	33.25	3
7QWL	131	30.24	3
7QWL	132	27.79	3
7QWL	133	28.71	3
7QWL	134	30.78	3
7QWL	135	34.09	3
7QWL	136	43.19	3
7QWL	137	48.6	3
7QWL	138	55.18	3
7QWL	139	60.29	3
7QWL	140	62.63	3
7QWL	141	60.58	3
7QWL	142	60.11	3
7QWL	143	54.29	3
7QWL	144	57.7	3
7QWL	145	55.52	3
7QWL	146	52.0	3
7QWL	147	47.96	3
7QWL	148	43.27	3
7QWL	149	40.25	3
7QWL	150	33.17	3
7QWL	151	27.61	3
7QWL	152	26.13	3
7QWL	153	29.36	3
7QWL	154	27.11	3
7QWL	155	30.07	3
7QWL	156	30.81	3
7QWL	157	34.68	3
7QWL	158	37.45	3
7QWL	159	42.42	3
7QWL	160	42.7	3
7QWL	161	43.3	3
7QWL	162	45.31	3
7QWL	163	45.31	3
7QWL	164	44.62	3
7QWL	165	43.14	3
7QWL	166	43.05	3
7QWL	167	40.63	3
7QWL	168	43.73	3
7QWL	169	44.69	3
7QWL	170	48.4	3
7QWL	171	55.33	3
7QWL	172	57.57	3
7QWL	173	55.61	3
7QWL	174	60.12	3
7QWL	175	62.0	3
7QWL	176	62.64	3
7QWL	177	65.98	3
7QWL	178	69.15	3
7QWL	179	65.53	3
7QWL	180	64.96	3
7QWL	181	60.0	3
7QWL	182	60.02	3
7QWL	183	59.4	3
7QWL	184	61.44	3
7QWL	185	62.74	3
7QWL	186	59.4	3
7QWL	187	57.63	3
7QWL	188	58.84	3
7QWL	189	57.23	3
7QWL	190	52.69	3
7QWL	191	53.34	3
7QWL	192	44.13	3
7QWL	193	38.4	3
7QWL	194	34.6	3
7QWL	195	34.32	3
7QWL	196	36.09	3
7QWL	197	34.27	3
7QWL	198	39.83	3
7QWL	199	42.75	3
7QWL	200	49.61	3
7QWL	201	56.41	3
7QWL	202	61.45	3
7QWL	203	65.34	3
7QWL	204	66.26	3
7QWL	205	68.97	3
7QWL	206	73.27	3
7QWL	207	73.58	3
7QWL	208	71.6	3
7QWL	209	69.34	3
7QWL	210	64.36	3
7QWL	211	60.0	3
7QWL	212	54.17	3
7QWL	213	52.29	3
7QWL	214	51.78	3
7QWL	215	47.85	3
7QWL	216	43.98	3
7QWL	217	40.19	3
7QWL	218	34.69	3
7QWL	219	32.88	3
7QWL	220	30.71	3
7QWL	221	27.48	3
7QWL	222	24.96	3
7QWL	223	21.83	3
7QWL	224	21.15	3
7QWL	225	21.47	3
7QWL	226	23.76	3
7QWL	227	28.68	3
7QWL	228	34.51	3
7QWL	229	33.4	3
7QWL	230	32.89	3
7QWL	231	34.46	3
7QWL	232	34.41	3
7QWL	233	35.03	3
7QWL	234	38.32	3
7QWL	235	38.87	3
7QWL	236	36.88	3
7QWL	237	37.16	3
7QWL	238	37.39	3
7QWL	239	35.97	3
7QWL	240	35.08	3
7QWL	241	33.06	3
7QWL	242	30.98	3
7QWL	243	26.3	3
7QWL	244	28.66	3
7QWL	245	29.38	3
7QWL	246	30.28	3
7QWL	247	27.18	3
7QWL	248	26.97	3
7QWL	249	28.1	3
7QWL	250	33.56	3
7QWL	251	39.0	3
7QWL	252	48.42	3
7QWL	253	30.0	3
7QWL	254	30.0	3
7QWM	120	50.053	3
7QWM	121	50.617	3
7QWM	122	49.817	3
7QWM	123	45.693	3
7QWM	124	42.453	3
7QWM	125	34.893	3
7QWM	126	33.507	3
7QWM	127	32.017	3
7QWM	128	33.04	3
7QWM	129	33.457	3
7QWM	130	34.143	3
7QWM	131	31.62	3
7QWM	132	29.143	3
7QWM	133	30.367	3
7QWM	134	32.113	3
7QWM	135	35.51	3
7QWM	136	43.99	3
7QWM	137	49.303	3
7QWM	138	55.503	3
7QWM	139	60.433	3
7QWM	140	62.89	3
7QWM	141	60.69	3
7QWM	142	60.21	3
7QWM	143	54.557	3
7QWM	144	58.13	3
7QWM	145	55.833	3
7QWM	146	52.283	3
7QWM	147	48.09	3
7QWM	148	44.227	3
7QWM	149	41.203	3
7QWM	150	34.497	3
7QWM	151	29.1	3
7QWM	152	27.467	3
7QWM	153	30.297	3
7QWM	154	28.45	3
7QWM	155	30.773	3
7QWM	156	32.123	3
7QWM	157	35.303	3
7QWM	158	37.973	3
7QWM	159	43.127	3
7QWM	160	43.283	3
7QWM	161	44.117	3
7QWM	162	45.94	3
7QWM	163	45.973	3
7QWM	164	45.137	3
7QWM	165	43.493	3
7QWM	166	43.643	3
7QWM	167	41.69	3
7QWM	168	44.55	3
7QWM	169	45.433	3
7QWM	170	49.227	3
7QWM	171	55.867	3
7QWM	172	58.423	3
7QWM	173	56.5	3
7QWM	174	61.033	3
7QWM	175	62.767	3
7QWM	176	63.573	3
7QWM	177	66.557	3
7QWM	178	69.693	3
7QWM	179	66.477	3
7QWM	180	65.633	3
7QWM	181	60.443	3
7QWM	182	60.61	3
7QWM	183	60.137	3
7QWM	184	61.71	3
7QWM	185	63.06	3
7QWM	186	59.657	3
7QWM	187	57.767	3
7QWM	188	59.303	3
7QWM	189	57.713	3
7QWM	190	53.623	3
7QWM	191	54.183	3
7QWM	192	45.423	3
7QWM	193	39.337	3
7QWM	194	35.513	3
7QWM	195	35.183	3
7QWM	196	36.88	3
7QWM	197	35.063	3
7QWM	198	40.483	3
7QWM	199	43.48	3
7QWM	200	49.947	3
7QWM	201	57.187	3
7QWM	202	62.143	3
7QWM	203	66.037	3
7QWM	204	66.84	3
7QWM	205	69.64	3
7QWM	206	73.473	3
7QWM	207	73.86	3
7QWM	208	72.3	3
7QWM	209	70.027	3
7QWM	210	65.513	3
7QWM	211	60.67	3
7QWM	212	54.797	3
7QWM	213	52.873	3
7QWM	214	52.49	3
7QWM	215	48.123	3
7QWM	216	44.57	3
7QWM	217	40.75	3
7QWM	218	35.417	3
7QWM	219	33.483	3
7QWM	220	31.37	3
7QWM	221	27.88	3
7QWM	222	25.223	3
7QWM	223	22.767	3
7QWM	224	21.833	3
7QWM	225	22.39	3
7QWM	226	24.81	3
7QWM	227	29.763	3
7QWM	228	36.24	3
7QWM	229	34.423	3
7QWM	230	33.817	3
7QWM	231	35.443	3
7QWM	232	35.323	3
7QWM	233	35.803	3
7QWM	234	38.717	3
7QWM	235	39.393	3
7QWM	236	37.71	3
7QWM	237	37.557	3
7QWM	238	37.84	3
7QWM	239	36.497	3
7QWM	240	35.733	3
7QWM	241	34.157	3
7QWM	242	31.617	3
7QWM	243	27.57	3
7QWM	244	29.753	3
7QWM	245	30.563	3
7QWM	246	30.817	3
7QWM	247	27.687	3
7QWM	248	27.943	3
7QWM	249	29.087	3
7QWM	250	34.317	3
7QWM	251	40.127	3
7QWM	252	49.703	3
7QWM	253	56.187	3
7QWM	254	30.0	3
7R4T	304	30.0	6
7R4T	305	30.0	6
7R4T	306	30.0	6
7R4T	307	30.0	6
7R4T	308	30.0	6
7R4T	309	30.0	6
7R4T	310	30.0	6
7R4T	311	30.0	6
7R4T	312	30.0	6
7R4T	313	30.0	6
7R4T	314	30.0	6
7R4T	315	30.0	6
7R4T	316	30.0	6
7R4T	317	30.0	6
7R4T	318	30.0	6
7R4T	319	30.0	6
7R4T	320	30.0	6
7R4T	321	30.0	6
7R4T	322	30.0	6
7R4T	323	30.0	6
7R4T	324	30.0	6
7R4T	325	30.0	6
7R4T	326	30.0	6
7R4T	327	30.0	6
7R4T	328	30.0	6
7R4T	329	30.0	6
7R4T	330	30.0	6
7R4T	331	30.0	6
7R4T	332	30.0	6
7R4T	333	30.0	6
7R4T	334	30.0	6
7R4T	335	30.0	6
7R4T	336	30.0	6
7R4T	337	30.0	6
7R4T	338	30.0	6
7R4T	339	30.0	6
7R4T	340	30.0	6
7R4T	341	30.0	6
7R4T	342	30.0	6
7R4T	343	85.33	6
7R4T	344	81.01	6
7R4T	345	78.41	6
7R4T	346	71.49	6
7R4T	347	80.55	6
7R4T	348	82.63	6
7R4T	349	77.89	6
7R4T	350	61.88	6
7R4T	351	64.83	6
7R4T	352	58.95	6
7R4T	353	57.16	6
7R4T	354	54.34	6
7R4T	355	52.55	6
7R4T	356	57.03	6
7R4T	357	53.31	6
7R4T	358	52.3	6
7R4T	359	39.76	6
7R4T	360	40.4	6
7R4T	361	40.76	6
7R4T	362	39.51	6
7R4T	363	39.28	6
7R4T	364	39.01	6
7R4T	365	30.0	6
7R4T	366	30.0	6
7R4T	367	30.0	6
7R4T	368	30.0	6
7R4T	369	30.0	6
7R4T	370	30.0	6
7R4T	371	30.0	6
7R4T	372	30.0	6
7R4T	373	30.0	6
7R4T	374	30.0	6
7R4T	375	30.0	6
7R4T	376	30.0	6
7R4T	377	30.0	6
7R4T	378	30.0	6
7R4T	379	30.0	6
7R5H	305	30.0	6
7R5H	306	30.0	6
7R5H	307	30.0	6
7R5H	308	30.0	6
7R5H	309	30.0	6
7R5H	310	30.0	6
7R5H	311	30.0	6
7R5H	312	30.0	6
7R5H	313	30.0	6
7R5H	314	30.0	6
7R5H	315	30.0	6
7R5H	316	30.0	6
7R5H	317	30.0	6
7R5H	318	30.0	6
7R5H	319	30.0	6
7R5H	320	30.0	6
7R5H	321	30.0	6
7R5H	322	30.0	6
7R5H	323	30.0	6
7R5H	324	30.0	6
7R5H	325	30.0	6
7R5H	326	30.0	6
7R5H	327	30.0	6
7R5H	328	30.0	6
7R5H	329	30.0	6
7R5H	330	30.0	6
7R5H	331	30.0	6
7R5H	332	30.0	6
7R5H	333	30.86	6
7R5H	334	30.37	6
7R5H	335	30.75	6
7R5H	336	31.95	6
7R5H	337	34.06	6
7R5H	338	37.66	6
7R5H	339	39.59	6
7R5H	340	44.07	6
7R5H	341	48.72	6
7R5H	342	51.37	6
7R5H	343	50.94	6
7R5H	344	50.12	6
7R5H	345	49.93	6
7R5H	346	48.05	6
7R5H	347	48.31	6
7R5H	348	45.92	6
7R5H	349	44.03	6
7R5H	350	42.6	6
7R5H	351	39.71	6
7R5H	352	38.51	6
7R5H	353	30.0	6
7R5H	354	30.0	6
7R5H	355	30.0	6
7R5H	356	30.0	6
7R5H	357	30.0	6
7R5H	358	30.0	6
7R5H	359	30.0	6
7R5H	360	30.0	6
7R5H	361	30.0	6
7R5H	362	30.0	6
7R5H	363	30.0	6
7R5H	364	30.0	6
7R5H	365	30.0	6
7R5H	366	30.0	6
7R5H	367	30.0	6
7R5H	368	30.0	6
7R5H	369	30.0	6
7R5H	370	30.0	6
7R5H	371	30.0	6
7R5H	372	30.0	6
7R5H	373	30.0	6
7R5H	374	30.0	6
7R5H	375	30.0	6
7R5H	376	30.0	6
7R5H	377	30.0	6
7R5H	378	30.0	6
7R5H	379	30.0	6
7R5H	380	30.0	3
7R5H	381	30.0	3
7R5H	382	30.0	3
7R5H	383	30.0	3
7R5H	384	30.0	3
7R5H	385	30.0	3
7R5H	386	30.0	3
7R5H	387	30.0	3
7R5H	388	30.0	3
7RL4	86	103.56	20
7RL4	87	102.797	20
7RL4	88	98.218	20
7RL4	89	95.888	20
7RL4	90	93.172	20
7RL4	91	92.41	20
7RL4	92	90.302	20
7RL4	93	87.925	20
7RL4	94	90.81	20
7RL4	95	89.707	20
7RL4	96	87.825	20
7RL4	97	84.875	20
7RL4	98	79.885	20
7RL4	99	78.05	20
7RL4	100	76.925	20
7RL4	101	76.323	20
7RL4	102	73.785	20
7RL4	103	73.192	20
7RL4	104	74.657	20
7RL4	105	76.33	20
7RL4	106	79.08	20
7RL4	107	79.76	20
7RL4	108	80.335	20
7RL4	109	80.873	20
7RL4	110	83.877	20
7RL4	111	87.118	20
7RL4	112	89.828	20
7RL4	113	91.873	20
7RL4	114	91.763	20
7RL4	115	92.352	20
7RL4	116	93.515	20
7RL4	117	95.637	20
7RL4	118	97.955	20
7RL4	119	99.16	20
7SAQ	120	30.0	5
7SAQ	121	1.25	5
7SAQ	122	1.25	5
7SAQ	123	0.96	5
7SAQ	124	0.98	5
7SAQ	125	1.17	5
7SAQ	126	1.57	5
7SAQ	127	2.06	5
7SAQ	128	2.76	5
7SAQ	129	3.58	5
7SAQ	130	4.25	5
7SAQ	131	5.48	5
7SAQ	132	6.62	5
7SAQ	133	7.42	5
7SAQ	134	9.68	5
7SAQ	135	11.61	5
7SAQ	136	13.1	5
7SAQ	137	17.1	5
7SAQ	138	20.96	5
7SAQ	139	23.0	5
7SAQ	140	25.16	5
7SAQ	141	22.35	5
7SAQ	142	20.24	5
7SAQ	143	18.17	5
7SAQ	144	19.46	5
7SAQ	145	17.35	5
7SAQ	146	15.6	5
7SAQ	147	13.91	5
7SAQ	148	12.1	5
7SAQ	149	10.73	5
7SAQ	150	8.62	5
7SAQ	151	8.68	5
7SAQ	152	6.79	5
7SAQ	153	6.58	5
7SAQ	154	5.87	5
7SAQ	155	5.36	5
7SAQ	156	4.47	5
7SAQ	157	4.01	5
7SAQ	158	3.89	5
7SAQ	159	4.15	5
7SAQ	160	4.1	5
7SAQ	161	4.17	5
7SAQ	162	4.73	5
7SAQ	163	5.25	5
7SAQ	164	5.07	5
7SAQ	165	4.92	5
7SAQ	166	5.66	5
7SAQ	167	4.79	5
7SAQ	168	4.4	5
7SAQ	169	4.22	5
7SAQ	170	4.59	5
7SAQ	171	8.29	5
7SAQ	172	9.97	5
7SAQ	173	11.21	5
7SAQ	174	13.54	5
7SAQ	175	14.47	5
7SAQ	176	15.79	5
7SAQ	177	16.83	5
7SAQ	178	19.46	5
7SAQ	179	18.4	5
7SAQ	180	16.9	5
7SAQ	181	14.13	5
7SAQ	182	12.36	5
7SAQ	183	11.97	5
7SAQ	184	9.38	5
7SAQ	185	7.49	5
7SAQ	186	5.59	5
7SAQ	187	4.48	5
7SAQ	188	3.71	5
7SAQ	189	3.64	5
7SAQ	190	4.09	5
7SAQ	191	5.79	5
7SAQ	192	6.29	5
7SAQ	193	6.46	5
7SAQ	194	5.41	5
7SAQ	195	5.02	5
7SAQ	196	4.87	5
7SAQ	197	4.55	5
7SAQ	198	4.44	5
7SAQ	199	5.41	5
7SAQ	200	6.36	5
7SAQ	201	8.33	5
7SAQ	202	9.34	5
7SAQ	203	11.18	5
7SAQ	204	14.45	5
7SAQ	205	16.61	5
7SAQ	206	20.81	5
7SAQ	207	21.42	5
7SAQ	208	18.86	5
7SAQ	209	14.09	5
7SAQ	210	12.78	5
7SAQ	211	9.91	5
7SAQ	212	9.22	5
7SAQ	213	6.58	5
7SAQ	214	4.91	5
7SAQ	215	3.37	5
7SAQ	216	2.01	5
7SAQ	217	1.53	5
7SAQ	218	1.28	5
7SAQ	219	1.27	5
7SAQ	220	1.1	5
7SAQ	221	0.79	5
7SAQ	222	0.69	5
7SAQ	223	0.49	5
7SAQ	224	0.44	5
7SAQ	225	0.38	5
7SAQ	226	0.53	5
7SAQ	227	0.83	5
7SAQ	228	1.06	5
7SAQ	229	1.33	5
7SAQ	230	1.8	5
7SAQ	231	2.05	5
7SAQ	232	2.25	5
7SAQ	233	2.1	5
7SAQ	234	2.03	5
7SAQ	235	2.25	5
7SAQ	236	1.84	5
7SAQ	237	2.29	5
7SAQ	238	1.56	5
7SAQ	239	1.44	5
7SAQ	240	1.21	5
7SAQ	241	0.91	5
7SAQ	242	0.59	5
7SAQ	243	0.47	5
7SAQ	244	0.51	5
7SAQ	245	0.55	5
7SAQ	246	0.51	5
7SAQ	247	0.54	5
7SAQ	248	0.55	5
7SAQ	249	0.78	5
7SAQ	250	0.93	5
7SAQ	251	1.23	5
7SAQ	252	1.98	5
7SAQ	253	3.1	5
7SAQ	254	3.31	5
7SAR	120	30.0	10
7SAR	121	1.25	10
7SAR	122	1.25	10
7SAR	123	0.96	10
7SAR	124	1.23	10
7SAR	125	0.83	10
7SAR	126	0.99	10
7SAR	127	1.41	10
7SAR	128	2.04	10
7SAR	129	2.88	10
7SAR	130	2.76	10
7SAR	131	3.06	10
7SAR	132	3.62	10
7SAR	133	4.27	10
7SAR	134	6.03	10
7SAR	135	7.59	10
7SAR	136	11.55	10
7SAR	137	17.51	10
7SAR	138	21.1	10
7SAR	139	24.08	10
7SAR	140	29.5	10
7SAR	141	25.32	10
7SAR	142	22.85	10
7SAR	143	21.78	10
7SAR	144	22.39	10
7SAR	145	22.5	10
7SAR	146	19.44	10
7SAR	147	15.23	10
7SAR	148	12.21	10
7SAR	149	7.85	10
7SAR	150	4.42	10
7SAR	151	3.57	10
7SAR	152	3.76	10
7SAR	153	3.47	10
7SAR	154	4.75	10
7SAR	155	4.85	10
7SAR	156	4.0	10
7SAR	157	3.2	10
7SAR	158	2.81	10
7SAR	159	2.84	10
7SAR	160	3.0	10
7SAR	161	3.34	10
7SAR	162	6.67	10
7SAR	163	9.91	10
7SAR	164	11.25	10
7SAR	165	8.01	10
7SAR	166	7.86	10
7SAR	167	5.64	10
7SAR	168	3.65	10
7SAR	169	2.96	10
7SAR	170	2.79	10
7SAR	171	5.47	10
7SAR	172	7.62	10
7SAR	173	9.63	10
7SAR	174	10.68	10
7SAR	175	11.33	10
7SAR	176	10.87	10
7SAR	177	12.54	10
7SAR	178	14.31	10
7SAR	179	11.09	10
7SAR	180	7.35	10
7SAR	181	3.83	10
7SAR	182	2.24	10
7SAR	183	1.66	10
7SAR	184	1.55	10
7SAR	185	1.19	10
7SAR	186	0.92	10
7SAR	187	1.01	10
7SAR	188	1.25	10
7SAR	189	1.54	10
7SAR	190	2.4	10
7SAR	191	3.7	10
7SAR	192	5.67	10
7SAR	193	7.58	10
7SAR	194	6.4	10
7SAR	195	5.21	10
7SAR	196	4.83	10
7SAR	197	3.99	10
7SAR	198	3.67	10
7SAR	199	4.05	10
7SAR	200	4.43	10
7SAR	201	7.4	10
7SAR	202	9.35	10
7SAR	203	11.71	10
7SAR	204	15.97	10
7SAR	205	20.43	10
7SAR	206	26.9	10
7SAR	207	28.31	10
7SAR	208	23.82	10
7SAR	209	16.79	10
7SAR	210	14.76	10
7SAR	211	12.48	10
7SAR	212	12.37	10
7SAR	213	7.75	10
7SAR	214	4.91	10
7SAR	215	4.81	10
7SAR	216	4.11	10
7SAR	217	3.01	10
7SAR	218	1.68	10
7SAR	219	1.36	10
7SAR	220	1.19	10
7SAR	221	0.93	10
7SAR	222	0.85	10
7SAR	223	0.65	10
7SAR	224	0.47	10
7SAR	225	0.37	10
7SAR	226	0.42	10
7SAR	227	0.34	10
7SAR	228	0.35	10
7SAR	229	0.39	10
7SAR	230	0.69	10
7SAR	231	1.34	10
7SAR	232	2.0	10
7SAR	233	2.23	10
7SAR	234	1.7	10
7SAR	235	1.41	10
7SAR	236	0.94	10
7SAR	237	1.03	10
7SAR	238	0.5	10
7SAR	239	0.7	10
7SAR	240	0.67	10
7SAR	241	0.85	10
7SAR	242	0.48	10
7SAR	243	0.49	10
7SAR	244	0.45	10
7SAR	245	0.73	10
7SAR	246	0.58	10
7SAR	247	0.53	10
7SAR	248	0.52	10
7SAR	249	0.63	10
7SAR	250	0.79	10
7SAR	251	1.05	10
7SAR	252	1.53	10
7SAR	253	2.4	10
7SAR	254	3.9	10
7SAS	120	30.0	10
7SAS	121	1.25	10
7SAS	122	1.25	10
7SAS	123	0.96	10
7SAS	124	1.23	10
7SAS	125	65.0	10
7SAS	126	65.0	10
7SAS	127	40.5	10
7SAS	128	34.3	10
7SAS	129	25.85	10
7SAS	130	30.21	10
7SAS	131	19.59	10
7SAS	132	11.44	10
7SAS	133	2.13	10
7SAS	134	10.86	10
7SAS	135	27.21	10
7SAS	136	15.98	10
7SAS	137	19.92	10
7SAS	138	19.77	10
7SAS	139	21.23	10
7SAS	140	24.09	10
7SAS	141	29.08	10
7SAS	142	26.62	10
7SAS	143	21.91	10
7SAS	144	25.92	10
7SAS	145	29.23	10
7SAS	146	22.22	10
7SAS	147	15.05	10
7SAS	148	13.44	10
7SAS	149	9.82	10
7SAS	150	15.87	10
7SAS	151	19.2	10
7SAS	152	10.92	10
7SAS	153	12.82	10
7SAS	154	11.02	10
7SAS	155	15.53	10
7SAS	156	12.41	10
7SAS	157	21.27	10
7SAS	158	10.58	10
7SAS	159	15.21	10
7SAS	160	13.15	10
7SAS	161	15.89	10
7SAS	162	22.34	10
7SAS	163	30.52	10
7SAS	164	44.41	10
7SAS	165	30.86	10
7SAS	166	32.3	10
7SAS	167	29.99	10
7SAS	168	24.91	10
7SAS	169	17.29	10
7SAS	170	16.81	10
7SAS	171	13.69	10
7SAS	172	12.41	10
7SAS	173	12.84	10
7SAS	174	20.81	10
7SAS	175	25.67	10
7SAS	176	23.61	10
7SAS	177	23.79	10
7SAS	178	23.98	10
7SAS	179	27.15	10
7SAS	180	20.7	10
7SAS	181	22.49	10
7SAS	182	18.38	10
7SAS	183	16.54	10
7SAS	184	18.32	10
7SAS	185	16.18	10
7SAS	186	24.65	10
7SAS	187	65.0	10
7SAS	188	30.14	10
7SAS	189	26.29	10
7SAS	190	22.77	10
7SAS	191	27.83	10
7SAS	192	65.0	10
7SAS	193	51.65	10
7SAS	194	65.0	10
7SAS	195	34.79	10
7SAS	196	26.1	10
7SAS	197	31.35	10
7SAS	198	65.0	10
7SAS	199	9.65	10
7SAS	200	7.44	10
7SAS	201	12.81	10
7SAS	202	11.59	10
7SAS	203	12.87	10
7SAS	204	65.0	10
7SAS	205	26.22	10
7SAS	206	21.09	10
7SAS	207	17.2	10
7SAS	208	28.22	10
7SAS	209	36.49	10
7SAS	210	65.0	10
7SAS	211	65.0	10
7SAS	212	26.56	10
7SAS	213	11.91	10
7SAS	214	12.07	10
7SAS	215	8.08	10
7SAS	216	27.44	10
7SAS	217	6.54	10
7SAS	218	19.65	10
7SAS	219	31.01	10
7SAS	220	65.0	10
7SAS	221	43.97	10
7SAS	222	65.0	10
7SAS	223	49.18	10
7SAS	224	65.0	10
7SAS	225	65.0	10
7SAS	226	41.99	10
7SAS	227	65.0	10
7SAS	228	24.93	10
7SAS	229	29.02	10
7SAS	230	18.3	10
7SAS	231	16.41	10
7SAS	232	20.15	10
7SAS	233	16.9	10
7SAS	234	20.36	10
7SAS	235	28.47	10
7SAS	236	65.0	10
7SAS	237	28.18	10
7SAS	238	20.14	10
7SAS	239	15.93	10
7SAS	240	22.43	10
7SAS	241	23.42	10
7SAS	242	65.0	10
7SAS	243	65.0	10
7SAS	244	44.94	10
7SAS	245	65.0	10
7SAS	246	46.05	10
7SAS	247	65.0	10
7SAS	248	65.0	10
7SAS	249	65.0	10
7SAS	250	65.0	10
7SAS	251	28.8	10
7SAS	252	10.93	10
7SAS	253	12.52	10
7SAS	254	4.87	10
7SP1	391	106.64	15
7SP1	392	103.15	15
7SP1	393	99.55	15
7SP1	394	90.43	15
7SP1	395	85.48	15
7SP1	396	89.01	15
7SP1	397	85.34	15
7SP1	398	87.2	15
7SP1	399	85.35	15
7SP1	400	87.04	15
7SP1	401	91.82	15
7SP1	402	91.44	15
7SP1	403	83.68	15
7SP1	404	81.5	15
7SP1	405	78.88	15
7SP1	406	79.46	15
7SP1	407	71.87	15
7SP1	408	60.76	15
7SP1	409	58.1	15
7SP1	410	55.11	15
7SP1	411	55.04	15
7SP1	412	58.92	15
7SP1	413	61.34	15
7SP1	414	66.61	15
7SP1	415	69.37	15
7SP1	416	67.23	15
7SP1	417	66.24	15
7SP1	418	61.82	15
7SP1	419	59.93	15
7SP1	420	60.16	15
7SP1	421	67.04	15
7SP1	422	66.59	15
7SP1	423	80.14	15
7SP1	424	82.16	15
7SP1	425	88.4	15
7SP1	426	93.39	15
7TD6	71	106.85	5
7TD6	72	106.84	5
7TD6	73	106.38	5
7TD6	74	108.4	5
7TD6	75	106.42	5
7TD6	76	108.26	5
7TD6	77	103.93	5
7TD6	78	104.07	5
7TD6	79	102.58	5
7TD6	80	106.3	5
7TD6	81	105.05	5
7TD6	82	104.07	5
7TD6	83	102.66	5
7TD6	84	101.22	5
7TD6	85	101.39	5
7TD6	86	96.49	5
7TD6	87	96.96	5
7TD6	88	95.99	5
7TD6	89	94.82	5
7TD6	90	95.21	5
7TD6	91	97.59	5
7TD6	92	97.33	5
7TD6	93	98.75	5
7TD6	94	99.49	5
7TD6	95	100.8	5
7TD6	96	99.7	5
7TD6	97	96.18	5
7TD6	98	92.48	5
7TD6	99	92.86	5
7TD6	100	95.89	5
7TD6	101	97.45	5
7TD6	102	99.87	5
7TD6	103	99.01	5
7TD6	104	97.41	5
7TD6	105	94.28	5
7TD6	106	95.94	5
7TD6	107	94.12	5
7TD6	108	97.12	5
7TD6	109	98.97	5
7TD6	110	98.71	5
7TD6	111	100.9	5
7TD6	112	102.31	5
7TD6	113	105.25	5
7TD6	114	100.36	5
7TD6	115	98.19	5
7TD6	116	95.49	5
7TD6	117	97.55	5
7TD6	118	100.14	5
7TD6	119	101.35	5
7TD6	120	105.31	5
7TD6	121	106.4	5
7TD6	122	104.18	5
7TD6	123	105.38	5
7TD6	124	104.55	5
7TD6	125	105.23	5
7TD6	126	105.9	5
7TD6	127	106.92	5
7TD6	128	106.58	5
7TD6	129	109.18	5
7TD6	130	110.83	5
7TD6	131	111.98	5
7TD6	132	106.69	5
7TD6	133	100.35	5
7TD6	134	97.78	5
7TD6	135	96.43	5
7TD6	136	96.87	5
7TD6	137	96.93	5
7TD6	138	97.69	5
7TD6	139	98.5	5
7TD6	140	102.12	5
7TD6	141	101.5	5
7TD6	142	101.99	5
7TD6	143	105.89	5
7TD6	144	106.63	5
7TD6	145	104.16	5
7TD6	146	105.25	5
7TD6	147	103.37	5
7TD6	148	103.1	5
7TD6	149	102.27	5
7TD6	150	102.24	5
7TD6	151	100.18	5
7TD6	152	96.79	5
7TD6	153	98.25	5
7TD6	154	98.31	5
7TD6	155	101.69	5
7TD6	156	96.86	5
7TD6	157	95.26	5
7TD6	158	95.09	5
7TD6	159	94.39	5
7TD6	160	95.43	5
7TD6	161	94.13	5
7TD6	162	96.45	5
7TD6	163	94.58	5
7TD6	164	92.53	5
7TD6	165	89.55	5
7TD6	166	92.86	5
7TD6	167	97.25	5
7TD6	168	103.85	5
7TD6	169	111.94	5
7TD6	170	115.95	5
7TD6	171	120.43	5
7TD6	172	122.01	5
7TD6	173	123.29	5
7TD6	174	120.89	5
7TD6	175	117.77	5
7TD6	176	110.62	5
7TD6	177	107.08	5
7TD6	178	103.25	5
7TD6	179	98.29	5
7TD6	180	94.95	5
7TD6	181	94.3	5
7TD6	182	97.93	5
7TD6	183	99.79	5
7TD6	184	105.18	5
7TD6	185	106.01	5
7TD6	186	104.77	5
7TD6	187	102.89	5
7TD6	188	100.79	5
7TD6	189	100.64	5
7TD6	190	101.44	5
7TD6	191	101.91	5
7TD6	192	100.83	5
7TD6	193	100.68	5
7TD6	194	101.31	5
7TD6	195	104.68	5
7TD6	196	103.75	5
7TD6	197	108.08	5
7TD6	198	112.03	5
7TD6	199	111.91	5
7TD6	200	112.74	5
7TD6	201	112.9	5
7TD6	202	116.49	5
7TD6	203	115.27	5
7TD6	204	122.35	5
7TD6	205	117.78	5
7TD6	206	116.58	5
7TD6	207	111.25	5
7TD6	208	114.45	5
7U0Z	272	137.913	3
7U0Z	273	120.1	3
7U0Z	274	87.377	3
7U0Z	275	46.523	3
7U0Z	276	27.187	3
7U0Z	277	13.11	3
7U0Z	278	9.567	3
7U0Z	279	8.177	3
7U0Z	280	8.767	3
7U0Z	281	7.0	3
7U0Z	282	12.16	3
7U0Z	283	19.3	3
7U0Z	284	22.757	3
7U0Z	285	22.82	3
7U0Z	286	23.847	3
7U0Z	287	17.65	3
7U0Z	288	21.54	3
7U0Z	289	57.187	3
7U0Z	290	21.037	3
7U0Z	291	13.767	3
7U0Z	292	10.113	3
7U0Z	293	11.0	3
7U0Z	294	8.267	3
7U0Z	295	13.157	3
7U0Z	296	20.04	3
7U0Z	297	24.937	3
7U0Z	298	96.383	3
7U0Z	299	40.82	3
7U0Z	300	29.643	3
7U0Z	301	33.177	3
7U0Z	302	43.223	3
7U0Z	303	51.953	3
7U0Z	304	56.997	3
7U0Z	305	53.563	3
7U0Z	306	50.82	3
7U0Z	307	47.273	3
7U0Z	308	26.97	3
7U0Z	309	22.37	3
7U0Z	310	33.297	3
7U0Z	311	64.363	3
7U0Z	312	33.313	3
7U0Z	313	22.823	3
7U0Z	314	23.713	3
7U0Z	315	21.9	3
7U0Z	316	21.793	3
7U0Z	317	20.51	3
7U0Z	318	18.173	3
7U0Z	319	26.863	3
7U0Z	320	53.813	3
7U0Z	321	70.3	3
7U0Z	322	87.557	3
7U0Z	323	93.88	3
7U0Z	324	76.953	3
7U0Z	325	49.413	3
7U0Z	326	44.74	3
7U0Z	327	33.92	3
7U0Z	328	32.31	3
7U0Z	329	38.113	3
7U0Z	330	54.463	3
7U0Z	331	54.43	3
7U0Z	332	53.18	3
7U0Z	333	68.503	3
7U0Z	334	67.843	3
7U0Z	335	54.61	3
7U0Z	336	26.767	3
7U0Z	337	19.73	3
7U0Z	338	16.307	3
7U0Z	339	14.07	3
7U0Z	340	8.317	3
7U0Z	341	8.263	3
7U0Z	342	12.163	3
7U0Z	343	51.4	3
7U0Z	344	14.837	3
7U0Z	345	11.263	3
7U0Z	346	22.45	3
7U0Z	347	16.523	3
7U0Z	348	24.513	3
7U0Z	349	44.03	3
7U0Z	350	47.847	3
7U0Z	351	65.19	3
7U0Z	352	101.41	3
7U0Z	353	116.233	3
7U0Z	354	132.377	3
7U0Z	355	138.71	3
7U0Z	356	123.687	3
7U0Z	357	81.943	3
7U0Z	358	64.757	3
7U0Z	359	52.57	3
7U0Z	360	40.973	3
7U0Z	361	47.017	3
7U0Z	362	53.637	3
7U0Z	363	55.54	3
7U0Z	364	69.167	3
7U0Z	365	103.307	3
7U0Z	366	107.14	3
7U0Z	367	100.993	3
7U0Z	368	93.14	3
7U0Z	369	64.75	3
7U0Z	370	27.617	3
7U0Z	371	21.567	3
7U0Z	372	22.463	3
7U0Z	373	27.857	3
7U0Z	374	38.88	3
7U0Z	375	35.67	3
7U0Z	376	50.587	3
7U0Z	377	57.0	3
7U0Z	378	55.473	3
7U0Z	379	61.75	3
7U0Z	380	66.927	3
7U0Z	381	68.97	3
7U10	120	35.233	3
7U10	121	35.987	3
7U10	122	36.45	3
7U10	123	35.933	3
7U10	124	36.81	3
7U10	125	36.887	3
7U10	126	37.737	3
7U10	127	39.1	3
7U10	128	39.47	3
7U10	129	40.06	3
7U10	130	40.13	3
7U10	131	40.65	3
7U10	132	40.823	3
7U10	133	40.703	3
7U10	134	41.733	3
7U10	135	43.08	3
7U10	136	44.11	3
7U10	137	46.46	3
7U10	138	48.057	3
7U10	139	48.293	3
7U10	140	49.757	3
7U10	141	49.88	3
7U10	142	50.07	3
7U10	143	49.46	3
7U10	144	49.317	3
7U10	145	49.28	3
7U10	146	47.753	3
7U10	147	45.933	3
7U10	148	45.047	3
7U10	149	43.657	3
7U10	150	42.333	3
7U10	151	42.133	3
7U10	152	41.15	3
7U10	153	40.593	3
7U10	154	40.593	3
7U10	155	40.197	3
7U10	156	39.29	3
7U10	157	38.503	3
7U10	158	38.44	3
7U10	159	38.077	3
7U10	160	37.173	3
7U10	161	36.673	3
7U10	162	37.56	3
7U10	163	37.27	3
7U10	164	38.513	3
7U10	165	36.907	3
7U10	166	37.22	3
7U10	167	36.987	3
7U10	168	36.913	3
7U10	169	36.173	3
7U10	170	35.677	3
7U10	171	35.757	3
7U10	172	36.083	3
7U10	173	35.73	3
7U10	174	34.963	3
7U10	175	34.49	3
7U10	176	34.483	3
7U10	177	35.837	3
7U10	178	37.183	3
7U10	179	37.07	3
7U10	180	36.433	3
7U10	181	35.637	3
7U10	182	35.267	3
7U10	183	35.03	3
7U10	184	34.217	3
7U10	185	32.937	3
7U10	186	31.46	3
7U10	187	30.58	3
7U10	188	30.75	3
7U10	189	31.51	3
7U10	190	31.513	3
7U10	191	32.41	3
7U10	192	32.547	3
7U10	193	31.64	3
7U10	194	31.41	3
7U10	195	31.56	3
7U10	196	32.57	3
7U10	197	33.033	3
7U10	198	32.993	3
7U10	199	33.237	3
7U10	200	34.373	3
7U10	201	36.06	3
7U10	202	38.17	3
7U10	203	40.067	3
7U10	204	43.607	3
7U10	205	46.73	3
7U10	206	48.963	3
7U10	207	50.233	3
7U10	208	49.47	3
7U10	209	48.307	3
7U10	210	46.55	3
7U10	211	45.45	3
7U10	212	44.043	3
7U10	213	42.123	3
7U10	214	41.007	3
7U10	215	39.343	3
7U10	216	37.317	3
7U10	217	35.353	3
7U10	218	33.93	3
7U10	219	32.383	3
7U10	220	32.263	3
7U10	221	32.293	3
7U10	222	32.077	3
7U10	223	31.667	3
7U10	224	30.587	3
7U10	225	29.657	3
7U10	226	30.533	3
7U10	227	31.833	3
7U10	228	33.187	3
7U10	229	33.097	3
7U10	230	33.577	3
7U10	231	34.563	3
7U10	232	35.18	3
7U10	233	35.003	3
7U10	234	34.523	3
7U10	235	34.38	3
7U10	236	35.013	3
7U10	237	35.793	3
7U10	238	34.99	3
7U10	239	34.637	3
7U10	240	34.28	3
7U10	241	33.16	3
7U10	242	31.617	3
7U10	243	31.587	3
7U10	244	31.677	3
7U10	245	32.41	3
7U10	246	32.447	3
7U10	247	32.87	3
7U10	248	33.26	3
7U10	249	33.857	3
7U10	250	34.773	3
7U10	251	36.347	3
7U10	252	36.98	3
7U10	253	36.78	3
7U10	254	37.02	3
7U11	120	58.047	3
7U11	121	56.723	3
7U11	122	56.59	3
7U11	123	53.78	3
7U11	124	54.76	3
7U11	125	55.197	3
7U11	126	53.457	3
7U11	127	55.003	3
7U11	128	56.007	3
7U11	129	58.413	3
7U11	130	59.433	3
7U11	131	59.337	3
7U11	132	62.33	3
7U11	133	60.233	3
7U11	134	65.317	3
7U11	135	66.933	3
7U11	136	69.817	3
7U11	137	75.397	3
7U11	138	80.62	3
7U11	139	83.967	3
7U11	140	87.907	3
7U11	141	89.443	3
7U11	142	91.173	3
7U11	143	86.733	3
7U11	144	88.18	3
7U11	145	92.29	3
7U11	146	81.977	3
7U11	147	74.39	3
7U11	148	69.533	3
7U11	149	66.41	3
7U11	150	65.707	3
7U11	151	68.53	3
7U11	152	64.237	3
7U11	153	62.3	3
7U11	154	64.537	3
7U11	155	63.603	3
7U11	156	63.64	3
7U11	157	62.903	3
7U11	158	62.907	3
7U11	159	63.493	3
7U11	160	64.97	3
7U11	161	66.707	3
7U11	162	69.947	3
7U11	163	71.683	3
7U11	164	74.097	3
7U11	165	68.353	3
7U11	166	67.37	3
7U11	167	68.26	3
7U11	168	69.737	3
7U11	169	71.687	3
7U11	170	72.907	3
7U11	171	77.263	3
7U11	172	79.713	3
7U11	173	81.99	3
7U11	174	83.707	3
7U11	175	84.663	3
7U11	176	88.617	3
7U11	177	94.56	3
7U11	178	98.41	3
7U11	179	100.243	3
7U11	180	101.93	3
7U11	181	102.037	3
7U11	182	101.17	3
7U11	183	100.617	3
7U11	184	93.023	3
7U11	185	84.157	3
7U11	186	78.493	3
7U11	187	77.353	3
7U11	188	77.083	3
7U11	189	76.907	3
7U11	190	75.117	3
7U11	191	76.057	3
7U11	192	75.737	3
7U11	193	71.137	3
7U11	194	70.07	3
7U11	195	69.12	3
7U11	196	64.44	3
7U11	197	63.847	3
7U11	198	62.48	3
7U11	199	61.403	3
7U11	200	63.99	3
7U11	201	66.113	3
7U11	202	70.157	3
7U11	203	73.85	3
7U11	204	80.42	3
7U11	205	84.067	3
7U11	206	91.647	3
7U11	207	97.563	3
7U11	208	95.01	3
7U11	209	89.017	3
7U11	210	77.53	3
7U11	211	72.22	3
7U11	212	68.843	3
7U11	213	66.66	3
7U11	214	64.32	3
7U11	215	57.84	3
7U11	216	54.827	3
7U11	217	50.337	3
7U11	218	49.997	3
7U11	219	47.117	3
7U11	220	49.053	3
7U11	221	47.837	3
7U11	222	44.517	3
7U11	223	44.66	3
7U11	224	44.363	3
7U11	225	42.363	3
7U11	226	46.65	3
7U11	227	54.207	3
7U11	228	59.853	3
7U11	229	63.017	3
7U11	230	67.397	3
7U11	231	70.283	3
7U11	232	73.637	3
7U11	233	73.027	3
7U11	234	72.63	3
7U11	235	72.01	3
7U11	236	69.487	3
7U11	237	68.837	3
7U11	238	66.54	3
7U11	239	65.433	3
7U11	240	63.577	3
7U11	241	58.47	3
7U11	242	54.063	3
7U11	243	50.967	3
7U11	244	49.827	3
7U11	245	48.707	3
7U11	246	48.32	3
7U11	247	49.14	3
7U11	248	48.5	3
7U11	249	49.853	3
7U11	250	50.657	3
7U11	251	50.7	3
7U11	252	54.657	3
7U11	253	61.823	3
7U11	254	64.4	3
7U12	120	48.21	3
7U12	121	43.263	3
7U12	122	39.453	3
7U12	123	34.87	3
7U12	124	33.243	3
7U12	125	36.943	3
7U12	126	40.503	3
7U12	127	47.183	3
7U12	128	52.81	3
7U12	129	52.453	3
7U12	130	47.637	3
7U12	131	40.317	3
7U12	132	38.493	3
7U12	133	34.403	3
7U12	134	36.823	3
7U12	135	32.62	3
7U12	136	37.45	3
7U12	137	42.16	3
7U12	138	48.353	3
7U12	139	52.66	3
7U12	140	62.233	3
7U12	141	59.6	3
7U12	142	59.12	3
7U12	143	52.247	3
7U12	144	49.707	3
7U12	145	49.847	3
7U12	146	39.873	3
7U12	147	34.723	3
7U12	148	31.447	3
7U12	149	29.543	3
7U12	150	29.42	3
7U12	151	28.79	3
7U12	152	27.933	3
7U12	153	26.357	3
7U12	154	27.753	3
7U12	155	27.953	3
7U12	156	31.597	3
7U12	157	32.94	3
7U12	158	29.673	3
7U12	159	33.697	3
7U12	160	38.47	3
7U12	161	43.77	3
7U12	162	47.27	3
7U12	163	51.887	3
7U12	164	48.65	3
7U12	165	52.503	3
7U12	166	54.673	3
7U12	167	52.873	3
7U12	168	46.077	3
7U12	169	48.4	3
7U12	170	49.987	3
7U12	171	65.587	3
7U12	172	82.017	3
7U12	173	82.917	3
7U12	174	73.61	3
7U12	175	65.44	3
7U12	176	63.377	3
7U12	177	59.79	3
7U12	178	62.327	3
7U12	179	66.227	3
7U12	180	65.473	3
7U12	181	54.92	3
7U12	182	46.767	3
7U12	183	42.86	3
7U12	184	37.053	3
7U12	185	26.303	3
7U12	186	25.423	3
7U12	187	26.607	3
7U12	188	35.723	3
7U12	189	50.4	3
7U12	190	47.367	3
7U12	191	36.66	3
7U12	192	29.52	3
7U12	193	24.56	3
7U12	194	30.967	3
7U12	195	45.4	3
7U12	196	20.867	3
7U12	197	18.903	3
7U12	198	17.653	3
7U12	199	27.613	3
7U12	200	19.303	3
7U12	201	17.483	3
7U12	202	13.26	3
7U12	203	17.2	3
7U12	204	26.83	3
7U12	205	31.627	3
7U12	206	35.743	3
7U12	207	39.407	3
7U12	208	43.757	3
7U12	209	48.883	3
7U12	210	55.873	3
7U12	211	58.2	3
7U12	212	62.23	3
7U12	213	59.277	3
7U12	214	62.323	3
7U12	215	62.547	3
7U12	216	52.407	3
7U12	217	39.107	3
7U12	218	30.0	3
7U12	219	17.493	3
7U12	220	18.113	3
7U12	221	18.287	3
7U12	222	14.29	3
7U12	223	19.003	3
7U12	224	19.31	3
7U12	225	16.61	3
7U12	226	19.683	3
7U12	227	22.377	3
7U12	228	29.797	3
7U12	229	34.717	3
7U12	230	39.59	3
7U12	231	46.55	3
7U12	232	49.163	3
7U12	233	44.953	3
7U12	234	38.703	3
7U12	235	32.037	3
7U12	236	32.197	3
7U12	237	37.5	3
7U12	238	33.28	3
7U12	239	33.437	3
7U12	240	31.933	3
7U12	241	33.077	3
7U12	242	31.15	3
7U12	243	51.213	3
7U12	244	46.703	3
7U12	245	46.933	3
7U12	246	36.683	3
7U12	247	49.553	3
7U12	248	27.587	3
7U12	249	24.107	3
7U12	250	32.237	3
7U12	251	29.027	3
7U12	252	28.217	3
7U12	253	36.42	3
7U12	254	39.907	3
7U13	120	74.663	3
7U13	121	73.907	3
7U13	122	72.577	3
7U13	123	68.517	3
7U13	124	67.197	3
7U13	125	69.117	3
7U13	126	74.157	3
7U13	127	74.55	3
7U13	128	76.147	3
7U13	129	75.27	3
7U13	130	71.697	3
7U13	131	66.36	3
7U13	132	65.653	3
7U13	133	64.107	3
7U13	134	68.517	3
7U13	135	70.153	3
7U13	136	74.08	3
7U13	137	80.697	3
7U13	138	81.913	3
7U13	139	87.653	3
7U13	140	89.94	3
7U13	141	91.453	3
7U13	142	98.45	3
7U13	143	99.843	3
7U13	144	100.373	3
7U13	145	102.557	3
7U13	146	98.773	3
7U13	147	92.823	3
7U13	148	87.253	3
7U13	149	78.007	3
7U13	150	70.453	3
7U13	151	70.363	3
7U13	152	66.783	3
7U13	153	61.847	3
7U13	154	60.337	3
7U13	155	57.667	3
7U13	156	58.583	3
7U13	157	64.753	3
7U13	158	65.133	3
7U13	159	72.773	3
7U13	160	79.167	3
7U13	161	82.447	3
7U13	162	84.513	3
7U13	163	88.247	3
7U13	164	96.157	3
7U13	165	94.49	3
7U13	166	94.563	3
7U13	167	93.91	3
7U13	168	93.24	3
7U13	169	94.86	3
7U13	170	94.67	3
7U13	171	99.22	3
7U13	172	104.873	3
7U13	173	105.747	3
7U13	174	106.19	3
7U13	175	105.28	3
7U13	176	101.157	3
7U13	177	96.033	3
7U13	178	92.603	3
7U13	179	92.607	3
7U13	180	88.973	3
7U13	181	89.19	3
7U13	182	89.96	3
7U13	183	92.26	3
7U13	184	81.83	3
7U13	185	71.387	3
7U13	186	65.917	3
7U13	187	66.323	3
7U13	188	71.737	3
7U13	189	75.217	3
7U13	190	79.99	3
7U13	191	79.257	3
7U13	192	78.767	3
7U13	193	69.007	3
7U13	194	67.373	3
7U13	195	65.207	3
7U13	196	62.35	3
7U13	197	65.453	3
7U13	198	62.293	3
7U13	199	65.95	3
7U13	200	64.977	3
7U13	201	68.527	3
7U13	202	68.497	3
7U13	203	68.253	3
7U13	204	71.417	3
7U13	205	74.247	3
7U13	206	78.397	3
7U13	207	79.43	3
7U13	208	78.593	3
7U13	209	80.77	3
7U13	210	83.923	3
7U13	211	84.293	3
7U13	212	86.337	3
7U13	213	84.35	3
7U13	214	84.86	3
7U13	215	79.51	3
7U13	216	74.867	3
7U13	217	67.407	3
7U13	218	66.71	3
7U13	219	62.363	3
7U13	220	64.063	3
7U13	221	61.173	3
7U13	222	60.21	3
7U13	223	60.6	3
7U13	224	62.667	3
7U13	225	60.847	3
7U13	226	62.61	3
7U13	227	70.967	3
7U13	228	72.337	3
7U13	229	75.32	3
7U13	230	74.627	3
7U13	231	76.123	3
7U13	232	76.37	3
7U13	233	73.043	3
7U13	234	75.227	3
7U13	235	73.48	3
7U13	236	75.23	3
7U13	237	71.923	3
7U13	238	60.523	3
7U13	239	58.227	3
7U13	240	59.81	3
7U13	241	58.183	3
7U13	242	55.687	3
7U13	243	49.867	3
7U13	244	48.713	3
7U13	245	50.667	3
7U13	246	51.887	3
7U13	247	53.423	3
7U13	248	55.407	3
7U13	249	53.993	3
7U13	250	59.1	3
7U13	251	57.02	3
7U13	252	64.433	3
7U13	253	71.633	3
7U13	254	72.727	3
7U14	120	38.94	3
7U14	121	42.9	3
7U14	122	50.397	3
7U14	123	48.553	3
7U14	124	55.467	3
7U14	125	69.38	3
7U14	126	87.47	3
7U14	127	115.943	3
7U14	128	101.373	3
7U14	129	86.4	3
7U14	130	78.427	3
7U14	131	69.203	3
7U14	132	64.493	3
7U14	133	69.983	3
7U14	134	75.293	3
7U14	135	77.06	3
7U14	136	78.667	3
7U14	137	81.53	3
7U14	138	85.16	3
7U14	139	82.177	3
7U14	140	80.307	3
7U14	141	78.81	3
7U14	142	81.587	3
7U14	143	81.04	3
7U14	144	80.413	3
7U14	145	85.797	3
7U14	146	78.71	3
7U14	147	72.147	3
7U14	148	70.443	3
7U14	149	66.047	3
7U14	150	61.327	3
7U14	151	64.067	3
7U14	152	44.443	3
7U14	153	25.083	3
7U14	154	13.27	3
7U14	155	7.077	3
7U14	156	2.94	3
7U14	157	1.44	3
7U14	158	2.517	3
7U14	159	10.133	3
7U14	160	7.76	3
7U14	161	10.093	3
7U14	162	18.497	3
7U14	163	30.26	3
7U14	164	66.467	3
7U14	165	76.643	3
7U14	166	84.267	3
7U14	167	86.687	3
7U14	168	78.847	3
7U14	169	78.5	3
7U14	170	71.463	3
7U14	171	78.393	3
7U14	172	76.99	3
7U14	173	81.507	3
7U14	174	84.803	3
7U14	175	90.42	3
7U14	176	92.57	3
7U14	177	96.04	3
7U14	178	101.793	3
7U14	179	97.197	3
7U14	180	96.59	3
7U14	181	86.51	3
7U14	182	87.663	3
7U14	183	90.097	3
7U14	184	76.377	3
7U14	185	56.68	3
7U14	186	50.46	3
7U14	187	53.293	3
7U14	188	70.017	3
7U14	189	83.34	3
7U14	190	82.787	3
7U14	191	73.73	3
7U14	192	69.903	3
7U14	193	63.403	3
7U14	194	58.95	3
7U14	195	58.21	3
7U14	196	56.037	3
7U14	197	65.64	3
7U14	198	66.893	3
7U14	199	85.417	3
7U14	200	92.973	3
7U14	201	100.133	3
7U14	202	99.487	3
7U14	203	101.453	3
7U14	204	100.22	3
7U14	205	107.803	3
7U14	206	103.95	3
7U14	207	111.027	3
7U14	208	106.223	3
7U14	209	108.917	3
7U14	210	104.763	3
7U14	211	108.35	3
7U14	212	111.39	3
7U14	213	115.51	3
7U14	214	121.07	3
7U14	215	122.917	3
7U14	216	114.967	3
7U14	217	110.087	3
7U14	218	109.787	3
7U14	219	111.237	3
7U14	220	116.033	3
7U14	221	121.45	3
7U14	222	123.95	3
7U14	223	122.687	3
7U14	224	118.97	3
7U14	225	128.417	3
7U14	226	111.297	3
7U14	227	111.45	3
7U14	228	104.337	3
7U14	229	94.28	3
7U14	230	104.32	3
7U14	231	91.193	3
7U14	232	78.557	3
7U14	233	67.977	3
7U14	234	61.917	3
7U14	235	56.353	3
7U14	236	54.373	3
7U14	237	60.787	3
7U14	238	42.0	3
7U14	239	26.327	3
7U14	240	22.497	3
7U14	241	15.177	3
7U14	242	21.21	3
7U14	243	10.303	3
7U14	244	14.13	3
7U14	245	23.81	3
7U14	246	32.147	3
7U14	247	40.093	3
7U14	248	67.123	3
7U14	249	60.297	3
7U14	250	80.46	3
7U14	251	87.82	3
7U14	252	91.317	3
7U14	253	110.193	3
7U14	254	119.37	3
7U15	120	85.91	3
7U15	121	81.01	3
7U15	122	74.54	3
7U15	123	65.8	3
7U15	124	65.95	3
7U15	125	61.77	3
7U15	126	66.94	3
7U15	127	57.89	3
7U15	128	72.3	3
7U15	129	69.47	3
7U15	130	64.82	3
7U15	131	69.09	3
7U15	132	63.27	3
7U15	133	58.21	3
7U15	134	69.74	3
7U15	135	72.84	3
7U15	136	89.19	3
7U15	137	86.34	3
7U15	138	101.78	3
7U15	139	98.38	3
7U15	140	99.48	3
7U15	141	94.38	3
7U15	142	89.47	3
7U15	143	84.67	3
7U15	144	81.46	3
7U15	145	83.17	3
7U15	146	77.9	3
7U15	147	68.77	3
7U15	148	74.88	3
7U15	149	64.19	3
7U15	150	62.43	3
7U15	151	67.11	3
7U15	152	50.04	3
7U15	153	62.42	3
7U15	154	53.89	3
7U15	155	56.47	3
7U15	156	52.98	3
7U15	157	50.26	3
7U15	158	59.21	3
7U15	159	74.72	3
7U15	160	70.77	3
7U15	161	70.98	3
7U15	162	73.56	3
7U15	163	72.58	3
7U15	164	74.58	3
7U15	165	69.64	3
7U15	166	65.0	3
7U15	167	66.89	3
7U15	168	62.24	3
7U15	169	60.01	3
7U15	170	69.41	3
7U15	171	77.04	3
7U15	172	76.85	3
7U15	173	79.42	3
7U15	174	86.36	3
7U15	175	84.72	3
7U15	176	83.73	3
7U15	177	82.1	3
7U15	178	90.15	3
7U15	179	89.49	3
7U15	180	86.31	3
7U15	181	74.59	3
7U15	182	73.23	3
7U15	183	77.95	3
7U15	184	79.73	3
7U15	185	78.0	3
7U15	186	82.09	3
7U15	187	78.81	3
7U15	188	71.4	3
7U15	189	72.88	3
7U15	190	77.22	3
7U15	191	85.26	3
7U15	192	77.65	3
7U15	193	81.27	3
7U15	194	74.88	3
7U15	195	66.59	3
7U15	196	67.32	3
7U15	197	72.49	3
7U15	198	73.68	3
7U15	199	72.74	3
7U15	200	85.71	3
7U15	201	96.64	3
7U15	202	94.54	3
7U15	203	103.56	3
7U15	204	92.74	3
7U15	205	100.05	3
7U15	206	100.04	3
7U15	207	89.33	3
7U15	208	86.09	3
7U15	209	85.84	3
7U15	210	77.05	3
7U15	211	77.86	3
7U15	212	84.29	3
7U15	213	90.57	3
7U15	214	85.42	3
7U15	215	81.05	3
7U15	216	66.86	3
7U15	217	71.12	3
7U15	218	68.83	3
7U15	219	70.91	3
7U15	220	67.03	3
7U15	221	56.28	3
7U15	222	55.55	3
7U15	223	53.5	3
7U15	224	48.96	3
7U15	225	53.53	3
7U15	226	54.09	3
7U15	227	42.82	3
7U15	228	43.08	3
7U15	229	49.38	3
7U15	230	50.79	3
7U15	231	57.82	3
7U15	232	61.71	3
7U15	233	63.48	3
7U15	234	63.94	3
7U15	235	54.93	3
7U15	236	50.09	3
7U15	237	53.16	3
7U15	238	47.82	3
7U15	239	52.61	3
7U15	240	48.09	3
7U15	241	51.99	3
7U15	242	36.15	3
7U15	243	48.12	3
7U15	244	53.44	3
7U15	245	54.11	3
7U15	246	64.92	3
7U15	247	59.59	3
7U15	248	65.75	3
7U15	249	57.0	3
7U15	250	79.35	3
7U15	251	80.49	3
7U15	252	91.34	3
7U15	253	90.16	3
7U15	254	92.11	3
7U16	120	129.373	3
7U16	121	125.613	3
7U16	122	127.853	3
7U16	123	121.657	3
7U16	124	120.573	3
7U16	125	119.21	3
7U16	126	117.803	3
7U16	127	126.993	3
7U16	128	128.67	3
7U16	129	134.997	3
7U16	130	136.2	3
7U16	131	134.913	3
7U16	132	136.993	3
7U16	133	138.02	3
7U16	134	138.067	3
7U16	135	141.38	3
7U16	136	142.92	3
7U16	137	147.153	3
7U16	138	155.657	3
7U16	139	159.45	3
7U16	140	162.717	3
7U16	141	160.09	3
7U16	142	158.337	3
7U16	143	150.167	3
7U16	144	149.45	3
7U16	145	152.66	3
7U16	146	144.09	3
7U16	147	141.22	3
7U16	148	139.36	3
7U16	149	133.457	3
7U16	150	132.383	3
7U16	151	136.08	3
7U16	152	130.947	3
7U16	153	129.497	3
7U16	154	136.607	3
7U16	155	138.34	3
7U16	156	134.147	3
7U16	157	133.563	3
7U16	158	132.38	3
7U16	159	135.793	3
7U16	160	137.13	3
7U16	161	141.51	3
7U16	162	148.917	3
7U16	163	152.02	3
7U16	164	151.54	3
7U16	165	140.507	3
7U16	166	133.387	3
7U16	167	131.877	3
7U16	168	126.197	3
7U16	169	123.34	3
7U16	170	125.053	3
7U16	171	132.56	3
7U16	172	139.167	3
7U16	173	140.523	3
7U16	174	147.237	3
7U16	175	142.237	3
7U16	176	142.89	3
7U16	177	148.563	3
7U16	178	153.117	3
7U16	179	147.863	3
7U16	180	148.403	3
7U16	181	141.6	3
7U16	182	138.233	3
7U16	183	143.627	3
7U16	184	134.763	3
7U16	185	134.997	3
7U16	186	127.63	3
7U16	187	131.88	3
7U16	188	134.28	3
7U16	189	131.93	3
7U16	190	130.263	3
7U16	191	136.0	3
7U16	192	132.127	3
7U16	193	132.613	3
7U16	194	129.913	3
7U16	195	133.93	3
7U16	196	136.35	3
7U16	197	141.467	3
7U16	198	135.597	3
7U16	199	131.063	3
7U16	200	134.957	3
7U16	201	138.003	3
7U16	202	136.613	3
7U16	203	138.873	3
7U16	204	138.713	3
7U16	205	143.99	3
7U16	206	149.033	3
7U16	207	154.427	3
7U16	208	150.843	3
7U16	209	150.53	3
7U16	210	146.883	3
7U16	211	140.597	3
7U16	212	138.083	3
7U16	213	138.253	3
7U16	214	140.893	3
7U16	215	129.563	3
7U16	216	126.707	3
7U16	217	123.513	3
7U16	218	119.923	3
7U16	219	112.463	3
7U16	220	116.1	3
7U16	221	113.86	3
7U16	222	112.253	3
7U16	223	113.367	3
7U16	224	115.003	3
7U16	225	109.283	3
7U16	226	114.887	3
7U16	227	123.877	3
7U16	228	122.513	3
7U16	229	123.0	3
7U16	230	125.513	3
7U16	231	128.34	3
7U16	232	129.787	3
7U16	233	129.93	3
7U16	234	125.607	3
7U16	235	128.003	3
7U16	236	127.93	3
7U16	237	125.28	3
7U16	238	126.367	3
7U16	239	126.933	3
7U16	240	123.803	3
7U16	241	123.117	3
7U16	242	113.287	3
7U16	243	108.94	3
7U16	244	108.89	3
7U16	245	112.047	3
7U16	246	117.983	3
7U16	247	126.533	3
7U16	248	120.18	3
7U16	249	126.153	3
7U16	250	124.123	3
7U16	251	121.377	3
7U16	252	127.127	3
7U16	253	138.17	3
7U16	254	140.88	3
7U17	120	85.91	3
7U17	121	81.01	3
7U17	122	74.54	3
7U17	123	65.8	3
7U17	124	65.95	3
7U17	125	61.77	3
7U17	126	66.94	3
7U17	127	57.89	3
7U17	128	72.3	3
7U17	129	69.47	3
7U17	130	64.82	3
7U17	131	69.09	3
7U17	132	63.27	3
7U17	133	58.21	3
7U17	134	69.74	3
7U17	135	72.84	3
7U17	136	89.19	3
7U17	137	86.34	3
7U17	138	101.78	3
7U17	139	98.38	3
7U17	140	99.48	3
7U17	141	94.38	3
7U17	142	89.47	3
7U17	143	84.67	3
7U17	144	81.46	3
7U17	145	83.17	3
7U17	146	77.9	3
7U17	147	68.77	3
7U17	148	74.88	3
7U17	149	64.19	3
7U17	150	62.43	3
7U17	151	67.11	3
7U17	152	50.04	3
7U17	153	62.42	3
7U17	154	53.89	3
7U17	155	56.47	3
7U17	156	52.98	3
7U17	157	50.26	3
7U17	158	59.21	3
7U17	159	74.72	3
7U17	160	70.77	3
7U17	161	70.98	3
7U17	162	73.56	3
7U17	163	72.58	3
7U17	164	74.58	3
7U17	165	69.64	3
7U17	166	65.0	3
7U17	167	66.89	3
7U17	168	62.24	3
7U17	169	60.01	3
7U17	170	69.41	3
7U17	171	77.04	3
7U17	172	76.85	3
7U17	173	79.42	3
7U17	174	86.36	3
7U17	175	84.72	3
7U17	176	83.73	3
7U17	177	82.1	3
7U17	178	90.15	3
7U17	179	89.49	3
7U17	180	86.31	3
7U17	181	74.59	3
7U17	182	73.23	3
7U17	183	77.95	3
7U17	184	79.73	3
7U17	185	78.0	3
7U17	186	82.09	3
7U17	187	78.81	3
7U17	188	71.4	3
7U17	189	72.88	3
7U17	190	77.22	3
7U17	191	85.26	3
7U17	192	77.65	3
7U17	193	81.27	3
7U17	194	74.88	3
7U17	195	66.59	3
7U17	196	67.32	3
7U17	197	72.49	3
7U17	198	73.68	3
7U17	199	72.74	3
7U17	200	85.71	3
7U17	201	96.64	3
7U17	202	94.54	3
7U17	203	103.56	3
7U17	204	92.74	3
7U17	205	100.05	3
7U17	206	100.04	3
7U17	207	89.33	3
7U17	208	86.09	3
7U17	209	85.84	3
7U17	210	77.05	3
7U17	211	77.86	3
7U17	212	84.29	3
7U17	213	90.57	3
7U17	214	85.42	3
7U17	215	81.05	3
7U17	216	66.86	3
7U17	217	71.12	3
7U17	218	68.83	3
7U17	219	70.91	3
7U17	220	67.03	3
7U17	221	56.28	3
7U17	222	55.55	3
7U17	223	53.5	3
7U17	224	48.96	3
7U17	225	53.53	3
7U17	226	54.09	3
7U17	227	42.82	3
7U17	228	43.08	3
7U17	229	49.38	3
7U17	230	50.79	3
7U17	231	57.82	3
7U17	232	61.71	3
7U17	233	63.48	3
7U17	234	63.94	3
7U17	235	54.93	3
7U17	236	50.09	3
7U17	237	53.16	3
7U17	238	47.82	3
7U17	239	52.61	3
7U17	240	48.09	3
7U17	241	51.99	3
7U17	242	36.15	3
7U17	243	48.12	3
7U17	244	53.44	3
7U17	245	54.11	3
7U17	246	64.92	3
7U17	247	59.59	3
7U17	248	65.75	3
7U17	249	57.0	3
7U17	250	79.35	3
7U17	251	80.49	3
7U17	252	91.34	3
7U17	253	90.16	3
7U17	254	92.11	3
7U18	120	78.177	3
7U18	121	76.29	3
7U18	122	77.14	3
7U18	123	74.91	3
7U18	124	75.32	3
7U18	125	75.45	3
7U18	126	73.287	3
7U18	127	73.377	3
7U18	128	73.03	3
7U18	129	74.83	3
7U18	130	74.743	3
7U18	131	77.65	3
7U18	132	79.743	3
7U18	133	76.39	3
7U18	134	79.173	3
7U18	135	80.03	3
7U18	136	80.277	3
7U18	137	82.283	3
7U18	138	88.21	3
7U18	139	90.243	3
7U18	140	90.98	3
7U18	141	89.69	3
7U18	142	86.933	3
7U18	143	84.243	3
7U18	144	85.797	3
7U18	145	87.1	3
7U18	146	82.753	3
7U18	147	79.17	3
7U18	148	80.063	3
7U18	149	78.98	3
7U18	150	79.977	3
7U18	151	82.163	3
7U18	152	80.953	3
7U18	153	78.3	3
7U18	154	79.05	3
7U18	155	78.91	3
7U18	156	78.97	3
7U18	157	76.96	3
7U18	158	77.78	3
7U18	159	80.4	3
7U18	160	82.6	3
7U18	161	85.287	3
7U18	162	86.807	3
7U18	163	88.533	3
7U18	164	89.533	3
7U18	165	84.737	3
7U18	166	80.58	3
7U18	167	80.337	3
7U18	168	76.617	3
7U18	169	76.05	3
7U18	170	76.55	3
7U18	171	76.67	3
7U18	172	78.673	3
7U18	173	77.037	3
7U18	174	78.403	3
7U18	175	75.543	3
7U18	176	76.5	3
7U18	177	78.673	3
7U18	178	81.537	3
7U18	179	81.21	3
7U18	180	83.017	3
7U18	181	83.487	3
7U18	182	85.15	3
7U18	183	87.143	3
7U18	184	81.86	3
7U18	185	78.5	3
7U18	186	74.42	3
7U18	187	74.483	3
7U18	188	75.783	3
7U18	189	76.993	3
7U18	190	77.323	3
7U18	191	79.71	3
7U18	192	81.007	3
7U18	193	79.35	3
7U18	194	77.77	3
7U18	195	78.457	3
7U18	196	77.37	3
7U18	197	77.033	3
7U18	198	75.133	3
7U18	199	73.897	3
7U18	200	75.933	3
7U18	201	77.817	3
7U18	202	81.073	3
7U18	203	82.37	3
7U18	204	88.783	3
7U18	205	93.403	3
7U18	206	94.197	3
7U18	207	95.73	3
7U18	208	97.02	3
7U18	209	95.593	3
7U18	210	94.93	3
7U18	211	92.997	3
7U18	212	90.2	3
7U18	213	87.887	3
7U18	214	85.747	3
7U18	215	78.817	3
7U18	216	76.19	3
7U18	217	73.2	3
7U18	218	71.423	3
7U18	219	69.237	3
7U18	220	69.84	3
7U18	221	69.66	3
7U18	222	68.813	3
7U18	223	69.293	3
7U18	224	69.58	3
7U18	225	70.247	3
7U18	226	73.153	3
7U18	227	77.463	3
7U18	228	78.23	3
7U18	229	77.913	3
7U18	230	76.637	3
7U18	231	77.127	3
7U18	232	76.707	3
7U18	233	77.643	3
7U18	234	76.753	3
7U18	235	76.783	3
7U18	236	77.5	3
7U18	237	76.01	3
7U18	238	74.617	3
7U18	239	77.02	3
7U18	240	76.21	3
7U18	241	76.73	3
7U18	242	74.95	3
7U18	243	71.33	3
7U18	244	72.113	3
7U18	245	72.707	3
7U18	246	73.0	3
7U18	247	71.717	3
7U18	248	71.913	3
7U18	249	75.853	3
7U18	250	74.94	3
7U18	251	76.737	3
7U18	252	79.897	3
7U18	253	83.623	3
7U18	254	82.077	3
7UAK	38	164.335	6
7UAK	39	159.753	6
7UAK	40	152.372	6
7UAK	41	150.893	6
7UAK	42	141.49	6
7UAK	43	133.385	6
7UAK	44	125.423	6
7UAK	45	114.183	6
7UAK	46	109.948	6
7UAK	47	105.782	6
7UAK	48	101.66	6
7UAK	49	93.958	6
7UAK	50	89.987	6
7UAK	51	88.433	6
7UAK	52	86.383	6
7UAK	53	91.01	6
7UAK	54	92.652	6
7UAK	55	88.122	6
7UAK	56	92.355	6
7UAK	57	98.213	6
7UAK	58	96.927	6
7UAK	59	93.983	6
7UAK	60	88.145	6
7UAK	61	85.623	6
7UAK	62	82.79	6
7UAK	63	78.88	6
7UAK	64	78.898	6
7UAK	65	76.837	6
7UAK	66	81.717	6
7UAK	67	84.187	6
7UAK	68	84.1	6
7UAK	69	83.398	6
7UAK	70	82.43	6
7UAK	71	87.687	6
7UAK	72	93.398	6
7UAK	73	98.148	6
7UAK	74	90.377	6
7UAK	75	90.423	6
7UAK	76	85.66	6
7UAK	77	88.862	6
7UAK	78	98.545	6
7UAK	79	94.683	6
7UAK	80	99.022	6
7UAK	81	95.067	6
7UAK	82	94.398	6
7UAK	83	97.863	6
7UAK	84	107.418	6
7UAK	85	113.225	6
7UAK	86	111.13	6
7UAK	87	107.858	6
7UAK	88	100.087	6
7UAK	89	91.888	6
7UAK	90	92.39	6
7UAK	91	95.583	6
7UAK	92	96.233	6
7UAK	93	97.878	6
7UAK	94	98.812	6
7UAK	95	102.18	6
7UAK	96	110.047	6
7UAK	97	120.485	6
7UAK	98	130.027	6
7UAK	99	138.367	6
7UMQ	58	46.09	10
7UMQ	59	45.41	10
7UMQ	60	43.79	10
7UMQ	61	41.65	10
7UMQ	62	41.04	10
7UMQ	63	39.15	10
7UMQ	64	36.84	10
7UMQ	65	35.02	10
7UMQ	66	33.45	10
7UMQ	67	32.09	10
7UMQ	68	29.79	10
7UMQ	69	27.63	10
7UMQ	70	27.88	10
7UMQ	71	27.33	10
7UMQ	72	28.14	10
7UMQ	73	28.04	10
7UMQ	74	26.1	10
7UMQ	75	26.3	10
7UMQ	76	26.7	10
7UMQ	77	26.2	10
7UMQ	78	26.84	10
7UMQ	79	25.98	10
7UMQ	80	26.46	10
7UMQ	81	28.37	10
7UMQ	82	28.02	10
7UMQ	83	27.17	10
7UMQ	84	27.97	10
7UMQ	85	27.76	10
7UMQ	86	27.68	10
7UMQ	87	26.77	10
7UMQ	88	26.0	10
7UMQ	89	26.79	10
7UMQ	90	28.03	10
7UMQ	91	28.63	10
7UMQ	92	31.4	10
7UMQ	93	33.59	10
7UMQ	94	33.48	10
7UMQ	95	34.99	10
7UMQ	96	36.58	10
7UMQ	97	35.58	10
7UMQ	98	36.04	10
7UMQ	99	35.76	10
7UMQ	100	33.58	10
7UMQ	101	33.69	10
7UMQ	102	32.13	10
7UMQ	103	29.92	10
7UMQ	104	28.64	10
7UMQ	105	27.84	10
7UMQ	106	28.72	10
7UMQ	107	27.56	10
7UMQ	108	27.68	10
7UMQ	109	28.3	10
7UMQ	110	29.34	10
7UMQ	111	31.82	10
7UMQ	112	34.35	10
7UMQ	113	34.14	10
7UMQ	114	34.65	10
7UMQ	115	33.01	10
7UMQ	116	31.54	10
7UMQ	117	32.06	10
7UMQ	118	32.04	10
7UMQ	119	34.07	10
7UN5	58	106.112	10
7UN5	59	107.199	10
7UN5	60	102.039	10
7UN5	61	98.144	10
7UN5	62	96.827	10
7UN5	63	97.506	10
7UN5	64	97.732	10
7UN5	65	100.15	10
7UN5	66	98.14	10
7UN5	67	95.628	10
7UN5	68	94.182	10
7UN5	69	95.254	10
7UN5	70	96.683	10
7UN5	71	96.051	10
7UN5	72	93.582	10
7UN5	73	92.738	10
7UN5	74	88.885	10
7UN5	75	89.613	10
7UN5	76	92.171	10
7UN5	77	98.444	10
7UN5	78	100.547	10
7UN5	79	101.584	10
7UN5	80	104.07	10
7UN5	81	107.506	10
7UN5	82	106.502	10
7UN5	83	105.186	10
7UN5	84	106.756	10
7UN5	85	109.389	10
7UN5	86	109.685	10
7UN5	87	108.671	10
7UN5	88	104.705	10
7UN5	89	103.808	10
7UN5	90	104.923	10
7UN5	91	100.131	10
7UN5	92	99.165	10
7UN5	93	98.109	10
7UN5	94	93.861	10
7UN5	95	92.112	10
7UN5	96	92.829	10
7UN5	97	92.524	10
7UN5	98	90.821	10
7UN5	99	87.713	10
7UN5	100	89.997	10
7UN5	101	92.306	10
7UN5	102	95.199	10
7UN5	103	94.821	10
7UN5	104	93.726	10
7UN5	105	93.567	10
7UN5	106	93.584	10
7UN5	107	90.902	10
7UN5	108	91.049	10
7UN5	109	94.89	10
7UN5	110	96.563	10
7UN5	111	98.776	10
7UN5	112	104.687	10
7UN5	113	103.616	10
7UN5	114	103.785	10
7UN5	115	100.811	10
7UN5	116	99.74	10
7UN5	117	99.543	10
7UN5	118	105.49	10
7UN5	119	105.553	10
7UPE	306	221.34	10
7UPE	307	223.28	10
7UPE	308	217.32	10
7UPE	309	211.5	10
7UPE	310	204.44	10
7UPE	311	206.1	10
7UPE	312	198.0	10
7UPE	313	198.97	10
7UPE	314	188.92	10
7UPE	315	183.62	10
7UPE	316	185.04	10
7UPE	317	182.45	10
7UPE	318	179.15	10
7UPE	319	179.27	10
7UPE	320	174.81	10
7UPE	321	182.97	10
7UPE	322	185.38	10
7UPE	323	183.8	10
7UPE	324	186.0	10
7UPE	325	184.02	10
7UPE	326	184.24	10
7UPE	327	179.67	10
7UPE	328	173.28	10
7UPE	329	170.31	10
7UPE	330	161.36	10
7UPE	331	164.36	10
7UPE	332	162.92	10
7UPE	333	165.98	10
7UPE	334	167.26	10
7UPE	335	166.37	10
7UPE	336	163.01	10
7UPE	337	163.65	10
7UPE	338	167.35	10
7UPE	339	165.09	10
7UPE	340	171.6	10
7UPE	341	173.39	10
7UPE	342	176.96	10
7UPE	343	181.84	10
7UPE	344	179.43	10
7UPE	345	178.44	10
7UPE	346	172.12	10
7UPE	347	175.21	10
7UPE	348	176.76	10
7UPE	349	177.08	10
7UPE	350	165.6	10
7UPE	351	160.41	10
7UPE	352	163.92	10
7UPE	353	168.08	10
7UPE	354	164.67	10
7UPE	355	163.45	10
7UPE	356	163.32	10
7UPE	357	159.97	10
7UPE	358	161.31	10
7UPE	359	161.84	10
7UPE	360	155.75	10
7UPE	361	161.08	10
7UPE	362	163.51	10
7UPE	363	167.38	10
7UPE	364	167.38	10
7UPE	365	166.25	10
7UPE	366	167.53	10
7UPE	367	164.51	10
7UPE	368	168.83	10
7UPE	369	169.9	10
7UPE	370	176.29	10
7UPE	371	182.0	10
7UPE	372	188.21	10
7UPE	373	188.79	10
7UPE	374	194.98	10
7UPE	375	194.96	10
7UPE	376	204.34	10
7UPE	377	215.75	10
7UPE	378	231.62	10
7UPE	379	236.84	10
7UPF	306	221.34	10
7UPF	307	223.28	10
7UPF	308	217.32	10
7UPF	309	211.5	10
7UPF	310	204.44	10
7UPF	311	206.1	10
7UPF	312	198.0	10
7UPF	313	198.97	10
7UPF	314	188.92	10
7UPF	315	183.62	10
7UPF	316	185.04	10
7UPF	317	182.45	10
7UPF	318	179.15	10
7UPF	319	179.27	10
7UPF	320	174.81	10
7UPF	321	182.97	10
7UPF	322	185.38	10
7UPF	323	183.8	10
7UPF	324	186.0	10
7UPF	325	184.02	10
7UPF	326	184.24	10
7UPF	327	179.67	10
7UPF	328	173.28	10
7UPF	329	170.31	10
7UPF	330	161.36	10
7UPF	331	164.36	10
7UPF	332	162.92	10
7UPF	333	165.98	10
7UPF	334	167.26	10
7UPF	335	166.37	10
7UPF	336	163.01	10
7UPF	337	163.65	10
7UPF	338	167.35	10
7UPF	339	165.09	10
7UPF	340	171.6	10
7UPF	341	173.39	10
7UPF	342	176.96	10
7UPF	343	181.84	10
7UPF	344	179.43	10
7UPF	345	178.44	10
7UPF	346	172.12	10
7UPF	347	175.21	10
7UPF	348	176.76	10
7UPF	349	177.08	10
7UPF	350	165.6	10
7UPF	351	160.41	10
7UPF	352	163.92	10
7UPF	353	168.08	10
7UPF	354	164.67	10
7UPF	355	163.45	10
7UPF	356	163.32	10
7UPF	357	159.97	10
7UPF	358	161.31	10
7UPF	359	161.84	10
7UPF	360	155.75	10
7UPF	361	161.08	10
7UPF	362	163.51	10
7UPF	363	167.38	10
7UPF	364	167.38	10
7UPF	365	166.25	10
7UPF	366	167.53	10
7UPF	367	164.51	10
7UPF	368	168.83	10
7UPF	369	169.9	10
7UPF	370	176.29	10
7UPF	371	182.0	10
7UPF	372	188.21	10
7UPF	373	188.79	10
7UPF	374	194.98	10
7UPF	375	194.96	10
7UPF	376	204.34	10
7UPF	377	215.75	10
7UPF	378	231.62	10
7UPF	379	236.84	10
7UPG	305	56.48	10
7UPG	306	48.26	10
7UPG	307	41.6	10
7UPG	308	30.09	10
7UPG	309	27.52	10
7UPG	310	30.58	10
7UPG	311	35.86	10
7UPG	312	118.04	10
7UPG	313	34.03	10
7UPG	314	26.84	10
7UPG	315	18.46	10
7UPG	316	15.72	10
7UPG	317	17.34	10
7UPG	318	19.55	10
7UPG	319	23.01	10
7UPG	320	26.76	10
7UPG	321	29.25	10
7UPG	322	47.38	10
7UPG	323	58.22	10
7UPG	324	57.13	10
7UPG	325	47.29	10
7UPG	326	40.39	10
7UPG	327	46.99	10
7UPG	328	47.96	10
7UPG	329	118.04	10
7UPG	330	34.68	10
7UPG	331	26.24	10
7UPG	332	18.66	10
7UPG	333	25.13	10
7UPG	334	34.05	10
7UPG	335	35.03	10
7UPG	336	29.56	10
7UPG	337	30.93	10
7UPG	338	45.18	10
7UPG	339	118.04	10
7UPG	340	40.19	10
7UPG	341	26.95	10
7UPG	342	19.32	10
7UPG	343	12.72	10
7UPG	344	15.73	10
7UPG	345	19.5	10
7UPG	346	29.38	10
7UPG	347	32.79	10
7UPG	348	44.81	10
7UPG	349	118.04	10
7UPG	350	52.42	10
7UPG	351	118.04	10
7UPG	352	47.68	10
7UPG	353	52.16	10
7UPG	354	118.04	10
7UPG	355	43.24	10
7UPG	356	24.75	10
7UPG	357	14.24	10
7UPG	358	7.74	10
7UPG	359	11.61	10
7UPG	360	22.18	10
7UPG	361	45.08	10
7UPG	362	118.04	10
7UPG	363	51.84	10
7UPG	364	43.81	10
7UPG	365	45.9	10
7UPG	366	46.81	10
7UPG	367	46.98	10
7UPG	368	44.81	10
7UPG	369	27.55	10
7UPG	370	17.85	10
7UPG	371	14.88	10
7UPG	372	25.27	10
7UPG	373	118.04	10
7UPG	374	36.94	10
7UPG	375	14.58	10
7UPG	376	13.22	10
7UPG	377	15.69	10
7UPG	378	25.34	10
7UPG	379	29.3	10
7V47	36	52.313	6
7V47	37	48.71	6
7V47	38	41.178	6
7V47	39	42.798	6
7V47	40	36.107	6
7V47	41	35.202	6
7V47	42	36.548	6
7V47	43	39.86	6
7V47	44	39.825	6
7V47	45	43.252	6
7V47	46	46.348	6
7V47	47	37.768	6
7V47	48	32.353	6
7V47	49	27.59	6
7V47	50	28.892	6
7V47	51	28.868	6
7V47	52	28.05	6
7V47	53	31.487	6
7V47	54	36.815	6
7V47	55	40.615	6
7V47	56	47.022	6
7V47	57	58.912	6
7V47	58	59.47	6
7V47	59	61.753	6
7V47	60	62.342	6
7V47	61	58.827	6
7V47	62	50.885	6
7V47	63	44.302	6
7V47	64	43.918	6
7V47	65	40.033	6
7V47	66	37.905	6
7V47	67	36.375	6
7V47	68	40.928	6
7V47	69	39.485	6
7V47	70	35.238	6
7V47	71	35.942	6
7V47	72	33.915	6
7V47	73	35.3	6
7V47	74	36.587	6
7V47	75	38.005	6
7V47	76	32.642	6
7V47	77	32.525	6
7V47	78	32.62	6
7V47	79	37.542	6
7V47	80	38.78	6
7V47	81	45.522	6
7V47	82	49.283	6
7V47	83	60.178	6
7V47	84	61.308	6
7V47	85	61.135	6
7V47	86	57.852	6
7V47	87	56.377	6
7V47	88	53.162	6
7V47	89	56.51	6
7V47	90	53.642	6
7V47	91	54.508	6
7V47	92	56.108	6
7V47	93	56.917	6
7V47	94	54.752	6
7V47	95	55.732	6
7V47	96	54.548	6
7V48	36	72.487	6
7V48	37	67.4	6
7V48	38	54.563	6
7V48	39	52.083	6
7V48	40	45.98	6
7V48	41	49.698	6
7V48	42	52.025	6
7V48	43	56.967	6
7V48	44	58.138	6
7V48	45	62.18	6
7V48	46	64.327	6
7V48	47	50.04	6
7V48	48	43.665	6
7V48	49	42.388	6
7V48	50	45.402	6
7V48	51	42.688	6
7V48	52	44.715	6
7V48	53	46.093	6
7V48	54	55.637	6
7V48	55	64.455	6
7V48	56	75.697	6
7V48	57	90.628	6
7V48	58	94.725	6
7V48	59	100.1	6
7V48	60	107.097	6
7V48	61	107.575	6
7V48	62	93.67	6
7V48	63	87.51	6
7V48	64	81.165	6
7V48	65	73.907	6
7V48	66	66.907	6
7V48	67	63.123	6
7V48	68	68.138	6
7V48	69	61.882	6
7V48	70	54.272	6
7V48	71	52.125	6
7V48	72	55.048	6
7V48	73	52.395	6
7V48	74	51.815	6
7V48	75	53.895	6
7V48	76	48.628	6
7V48	77	50.967	6
7V48	78	54.218	6
7V48	79	63.39	6
7V48	80	72.238	6
7V48	81	76.083	6
7V48	82	82.033	6
7V48	83	90.083	6
7V48	84	95.457	6
7V48	85	95.83	6
7V48	86	93.852	6
7V48	87	88.858	6
7V48	88	85.213	6
7V48	89	89.283	6
7V48	90	85.612	6
7V48	91	85.737	6
7V48	92	98.243	6
7V48	93	109.203	6
7V48	94	116.343	6
7V48	95	123.29	6
7V48	96	128.645	6
7V48	97	137.71	6
7V48	98	140.892	6
7V49	36	135.857	3
7V49	37	126.92	3
7V49	38	114.717	3
7V49	39	108.557	3
7V49	40	106.313	3
7V49	41	103.637	3
7V49	42	105.87	3
7V49	43	102.337	3
7V49	44	100.303	3
7V49	45	91.453	3
7V49	46	96.4	3
7V49	47	93.97	3
7V49	48	91.343	3
7V49	49	84.42	3
7V49	50	84.713	3
7V49	51	82.073	3
7V49	52	83.583	3
7V49	53	88.293	3
7V49	54	89.243	3
7V49	55	94.82	3
7V49	56	85.927	3
7V49	57	89.477	3
7V49	58	91.08	3
7V49	59	90.737	3
7V49	60	91.883	3
7V49	61	88.797	3
7V49	62	93.95	3
7V49	63	97.36	3
7V49	64	110.52	3
7V49	65	116.333	3
7V49	66	113.037	3
7V49	67	109.917	3
7V49	68	107.31	3
7V49	69	101.613	3
7V49	70	102.153	3
7V49	71	100.16	3
7V49	72	101.097	3
7V49	73	97.877	3
7V49	74	93.697	3
7V49	75	89.817	3
7V49	76	81.28	3
7V49	77	81.35	3
7V49	78	84.877	3
7V49	79	88.79	3
7V49	80	99.207	3
7V49	81	102.137	3
7V49	82	97.547	3
7V49	83	103.747	3
7V49	84	101.607	3
7V49	85	99.53	3
7V49	86	94.057	3
7V49	87	95.843	3
7V49	88	97.033	3
7V49	89	93.557	3
7V49	90	95.08	3
7V49	91	96.8	3
7V49	92	103.58	3
7V49	93	102.387	3
7V49	94	113.88	3
7V49	95	112.453	3
7V4A	14	81.367	3
7V4A	15	73.957	3
7V4A	16	70.54	3
7V4A	17	66.183	3
7V4A	18	68.33	3
7V4A	19	70.477	3
7V4A	20	74.087	3
7V4A	21	73.13	3
7V4A	22	80.277	3
7V4A	23	84.777	3
7V4A	24	90.413	3
7V4A	25	93.84	3
7V4A	32	132.16	3
7V4A	33	131.193	3
7V4A	34	125.773	3
7V4A	35	117.923	3
7V4A	36	104.853	3
7V4A	37	91.9	3
7V4A	38	83.09	3
7V4A	39	78.7	3
7V4A	40	73.58	3
7V4A	41	71.643	3
7V4A	42	73.773	3
7V4A	43	76.037	3
7V4A	44	76.74	3
7V4A	45	77.933	3
7V4A	46	76.05	3
7V4A	47	68.86	3
7V4A	48	60.097	3
7V4A	49	56.16	3
7V4A	50	52.883	3
7V4A	51	54.34	3
7V4A	52	55.14	3
7V4A	53	61.247	3
7V4A	54	69.24	3
7V4A	55	72.633	3
7V4A	56	76.58	3
7V4A	57	85.523	3
7V4A	58	84.347	3
7V4A	59	82.303	3
7V4A	60	76.657	3
7V4A	61	75.597	3
7V4A	62	68.637	3
7V4A	63	61.473	3
7V4A	64	60.82	3
7V4A	65	57.123	3
7V4A	66	54.003	3
7V4A	67	54.853	3
7V4A	68	56.57	3
7V4A	69	56.513	3
7V4A	70	53.133	3
7V4A	71	54.65	3
7V4A	72	56.297	3
7V4A	73	56.657	3
7V4A	74	61.097	3
7V4A	75	63.08	3
7V4A	76	63.06	3
7V4A	77	63.777	3
7V4A	78	64.89	3
7V4A	79	68.85	3
7V4A	80	73.637	3
7V4A	81	75.587	3
7V4A	82	75.06	3
7V4A	83	80.253	3
7V4A	84	85.243	3
7V4A	85	77.163	3
7V4A	86	69.25	3
7V4A	87	63.54	3
7V4A	88	56.717	3
7V4A	89	58.34	3
7V4A	90	62.413	3
7V4A	91	68.853	3
7V4A	92	75.027	3
7V4A	93	82.063	3
7V4A	94	85.527	3
7V4A	95	94.95	3
7V4A	96	103.837	3
7V4A	97	111.497	3
7V4A	98	118.353	3
7V4A	99	120.727	3
7V4B	14	94.178	6
7V4B	15	91.963	6
7V4B	16	87.578	6
7V4B	17	81.722	6
7V4B	18	79.835	6
7V4B	19	82.772	6
7V4B	20	85.395	6
7V4B	21	88.573	6
7V4B	22	95.303	6
7V4B	23	100.377	6
7V4B	24	104.262	6
7V4B	25	101.798	6
7V4B	32	150.232	6
7V4B	33	151.363	6
7V4B	34	143.133	6
7V4B	35	132.298	6
7V4B	36	126.985	6
7V4B	37	116.103	6
7V4B	38	100.657	6
7V4B	39	98.832	6
7V4B	40	91.485	6
7V4B	41	94.98	6
7V4B	42	94.73	6
7V4B	43	97.947	6
7V4B	44	98.54	6
7V4B	45	97.99	6
7V4B	46	97.667	6
7V4B	47	80.92	6
7V4B	48	71.942	6
7V4B	49	65.545	6
7V4B	50	63.448	6
7V4B	51	64.163	6
7V4B	52	64.425	6
7V4B	53	66.603	6
7V4B	54	75.817	6
7V4B	55	73.87	6
7V4B	56	81.21	6
7V4B	57	89.58	6
7V4B	58	91.808	6
7V4B	59	95.8	6
7V4B	60	95.688	6
7V4B	61	95.89	6
7V4B	62	84.162	6
7V4B	63	79.258	6
7V4B	64	77.073	6
7V4B	65	72.507	6
7V4B	66	74.387	6
7V4B	67	78.423	6
7V4B	68	78.457	6
7V4B	69	85.41	6
7V4B	70	80.423	6
7V4B	71	79.612	6
7V4B	72	78.0	6
7V4B	73	76.195	6
7V4B	74	77.255	6
7V4B	75	81.687	6
7V4B	76	80.432	6
7V4B	77	89.195	6
7V4B	78	90.2	6
7V4B	79	97.03	6
7V4B	80	96.02	6
7V4B	81	94.94	6
7V4B	82	94.113	6
7V4B	83	92.433	6
7V4B	84	86.323	6
7V4B	85	85.832	6
7V4B	86	82.423	6
7V4B	87	80.587	6
7V4B	88	79.918	6
7V4B	89	82.382	6
7V4B	90	85.267	6
7V4B	91	92.658	6
7V4B	92	95.488	6
7V4B	93	97.437	6
7V4B	94	100.757	6
7V4B	95	111.465	6
7V4B	96	121.472	6
7V4B	97	126.837	6
7V4B	98	133.315	6
7V4B	99	133.545	6
7V4C	37	90.44	3
7V4C	38	88.827	3
7V4C	39	88.823	3
7V4C	40	80.973	3
7V4C	41	77.137	3
7V4C	42	78.683	3
7V4C	43	73.307	3
7V4C	44	67.247	3
7V4C	45	65.74	3
7V4C	46	57.703	3
7V4C	47	54.127	3
7V4C	48	49.833	3
7V4C	49	50.93	3
7V4C	50	54.603	3
7V4C	51	50.87	3
7V4C	52	48.187	3
7V4C	53	52.837	3
7V4C	54	64.517	3
7V4C	55	68.51	3
7V4C	56	78.417	3
7V4C	57	91.81	3
7V4C	58	96.787	3
7V4C	59	99.027	3
7V4C	60	97.277	3
7V4C	61	91.09	3
7V4C	62	77.67	3
7V4C	63	70.63	3
7V4C	64	64.037	3
7V4C	65	60.657	3
7V4C	66	57.967	3
7V4C	67	58.46	3
7V4C	68	56.377	3
7V4C	69	54.83	3
7V4C	70	52.243	3
7V4C	71	50.767	3
7V4C	72	52.857	3
7V4C	73	50.863	3
7V4C	74	52.183	3
7V4C	75	56.437	3
7V4C	76	55.127	3
7V4C	77	59.67	3
7V4C	78	68.04	3
7V4C	79	80.083	3
7V4C	80	90.493	3
7V4C	81	97.657	3
7V4C	82	92.877	3
7V4C	83	101.187	3
7V4C	84	92.27	3
7V4C	85	83.69	3
7V4C	86	74.44	3
7V4C	87	70.88	3
7V4C	88	65.45	3
7V4C	89	60.23	3
7V4C	90	60.467	3
7V4C	91	60.41	3
7V4C	92	65.093	3
7V4C	93	62.19	3
7V4C	94	62.78	3
7V4C	95	68.12	3
7V4C	96	77.503	3
7V4C	97	89.567	3
7V4C	98	96.243	3
7V4D	37	97.58	6
7V4D	38	94.923	6
7V4D	39	93.723	6
7V4D	40	96.902	6
7V4D	41	94.108	6
7V4D	42	92.973	6
7V4D	43	86.017	6
7V4D	44	82.092	6
7V4D	45	76.798	6
7V4D	46	73.225	6
7V4D	47	64.883	6
7V4D	48	61.075	6
7V4D	49	55.902	6
7V4D	50	56.585	6
7V4D	51	51.697	6
7V4D	52	51.718	6
7V4D	53	51.122	6
7V4D	54	55.862	6
7V4D	55	57.29	6
7V4D	56	65.803	6
7V4D	57	74.33	6
7V4D	58	75.293	6
7V4D	59	81.12	6
7V4D	60	80.58	6
7V4D	61	78.987	6
7V4D	62	74.843	6
7V4D	63	74.657	6
7V4D	64	76.887	6
7V4D	65	77.813	6
7V4D	66	76.95	6
7V4D	67	77.908	6
7V4D	68	78.71	6
7V4D	69	78.26	6
7V4D	70	73.383	6
7V4D	71	70.503	6
7V4D	72	69.482	6
7V4D	73	62.698	6
7V4D	74	56.477	6
7V4D	75	56.12	6
7V4D	76	52.152	6
7V4D	77	55.393	6
7V4D	78	58.17	6
7V4D	79	64.077	6
7V4D	80	69.022	6
7V4D	81	72.813	6
7V4D	82	76.143	6
7V4D	83	84.797	6
7V4D	84	89.478	6
7V4D	85	91.215	6
7V4D	86	92.762	6
7V4D	87	92.32	6
7V4D	88	85.23	6
7V4D	89	88.002	6
7V4D	90	91.803	6
7V4D	91	100.078	6
7V4D	92	110.568	6
7V4D	93	116.705	6
7V4D	94	126.17	6
7VQQ	34	69.86	3
7VQQ	35	65.537	3
7VQQ	36	65.257	3
7VQQ	37	59.01	3
7VQQ	38	55.02	3
7VQQ	39	54.343	3
7VQQ	40	51.793	3
7VQQ	41	50.37	3
7VQQ	42	50.293	3
7VQQ	43	50.41	3
7VQQ	44	52.927	3
7VQQ	45	59.807	3
7VQQ	46	70.137	3
7VQQ	47	73.703	3
7VQQ	48	76.85	3
7VQQ	49	72.667	3
7VQQ	50	74.303	3
7VQQ	51	71.887	3
7VQQ	52	66.147	3
7VQQ	53	59.573	3
7VQQ	54	52.943	3
7VQQ	55	48.62	3
7VQQ	56	46.63	3
7VQQ	57	47.523	3
7VQQ	58	50.103	3
7VQQ	59	46.633	3
7VQQ	60	50.143	3
7VQQ	61	49.597	3
7VQQ	62	52.673	3
7VQQ	63	52.67	3
7VQQ	64	52.813	3
7VQQ	65	52.397	3
7VQQ	66	55.383	3
7VQQ	67	56.427	3
7VQQ	68	58.677	3
7VQQ	69	57.383	3
7VQQ	70	61.107	3
7VQQ	71	64.283	3
7VQQ	72	59.637	3
7VQQ	73	58.873	3
7VQQ	74	50.137	3
7VQQ	75	53.447	3
7VQQ	76	50.19	3
7VQQ	77	55.027	3
7VQQ	78	60.313	3
7VQQ	79	58.323	3
7VQQ	80	56.07	3
7VQQ	81	58.467	3
7VQQ	82	50.677	3
7VQQ	83	53.26	3
7VQQ	84	55.12	3
7VQQ	85	58.683	3
7VQQ	86	63.03	3
7VQQ	87	71.817	3
7VQQ	88	75.65	3
7VQQ	89	75.687	3
7VQQ	90	76.267	3
7VQQ	91	77.863	3
7VQQ	92	74.02	3
7VQQ	93	71.147	3
7VQQ	94	65.597	3
7VQQ	95	63.23	3
7VQQ	96	64.44	3
7VQQ	97	68.507	3
7VQQ	98	71.033	3
7VQQ	99	76.413	3
7VQQ	100	79.753	3
7VQQ	101	83.89	3
7VQQ	102	87.93	3
7VQQ	103	95.953	3
7VQQ	104	101.25	3
7VQQ	105	105.7	3
7VQQ	106	105.717	3
7VQQ	107	95.257	3
7VQQ	108	81.517	3
7VQQ	109	74.913	3
7VQQ	110	65.567	3
7VQQ	111	55.133	3
7VQQ	112	52.33	3
7VQQ	113	51.39	3
7VQQ	114	49.467	3
7VQQ	115	48.55	3
7VQQ	116	48.39	3
7VQQ	117	50.12	3
7VQQ	118	56.413	3
7VQQ	119	59.493	3
7VQQ	120	65.847	3
7VQQ	121	72.403	3
7VQQ	122	76.167	3
7VQQ	123	89.9	3
7VQQ	124	94.673	3
7VZF	4	74.947	3
7VZF	5	73.19	3
7VZF	6	71.29	3
7VZF	7	79.933	3
7VZF	8	80.077	3
7VZF	9	84.14	3
7VZF	10	85.937	3
7VZF	11	84.843	3
7VZF	12	86.85	3
7VZF	13	83.247	3
7VZF	14	75.94	3
7VZF	15	68.32	3
7VZF	16	60.62	3
7VZF	17	56.687	3
7VZF	18	57.403	3
7VZF	19	53.313	3
7VZF	20	54.92	3
7VZF	21	54.733	3
7VZF	22	59.81	3
7VZF	23	54.057	3
7VZF	24	57.67	3
7VZF	25	61.8	3
7VZF	26	65.217	3
7VZF	27	68.287	3
7VZF	28	71.207	3
7VZF	29	68.987	3
7VZF	30	65.083	3
7VZF	31	61.543	3
7VZF	32	53.843	3
7VZF	33	52.347	3
7VZF	34	52.263	3
7VZF	35	51.617	3
7VZF	36	48.97	3
7VZF	37	48.633	3
7VZF	38	51.48	3
7VZF	39	54.61	3
7VZF	40	57.633	3
7VZF	41	61.307	3
7VZF	42	60.7	3
7VZF	43	55.44	3
7VZF	44	55.693	3
7VZF	45	54.517	3
7VZF	46	51.55	3
7VZF	47	53.143	3
7VZF	48	49.377	3
7VZF	49	50.597	3
7VZF	50	53.163	3
7VZF	51	52.87	3
7VZF	52	58.64	3
7VZF	53	63.617	3
7VZF	54	68.953	3
7VZF	55	70.887	3
7VZF	56	68.26	3
7VZF	87	65.49	3
7VZF	88	65.947	3
7VZF	89	68.133	3
7VZF	90	70.2	3
7VZF	91	77.353	3
7VZF	92	77.197	3
7VZF	93	75.143	3
7VZF	94	67.783	3
7VZF	95	61.193	3
7VZF	96	60.087	3
7VZF	97	61.827	3
7VZF	98	54.287	3
7VZF	99	51.663	3
7VZF	100	48.693	3
7VZF	101	52.303	3
7VZF	102	51.297	3
7VZF	103	47.613	3
7VZF	104	41.607	3
7VZF	105	39.96	3
7VZF	106	41.75	3
7VZF	107	41.703	3
7VZF	108	45.993	3
7VZF	109	50.76	3
7VZF	110	51.993	3
7VZF	111	54.503	3
7VZF	112	55.85	3
7VZF	113	56.513	3
7VZF	114	57.47	3
7VZF	115	61.207	3
7VZF	116	65.48	3
7VZF	117	73.763	3
7VZF	118	81.39	3
7VZF	119	85.817	3
7VZF	120	89.81	3
7VZF	121	97.687	3
7VZF	122	110.74	3
7VZF	123	121.527	3
7VZF	124	134.337	3
7VZF	125	141.547	3
7VZF	126	143.657	3
7VZF	127	144.38	3
7VZF	128	142.403	3
7VZF	129	141.187	3
7VZF	130	140.193	3
7VZF	131	138.487	3
7VZF	132	134.25	3
7VZF	133	124.863	3
7VZF	134	117.907	3
7VZF	135	107.65	3
7VZF	136	102.457	3
7VZF	137	99.95	3
7VZF	138	96.887	3
7VZF	139	93.79	3
7VZF	140	94.02	3
7VZF	141	87.853	3
7VZF	142	79.41	3
7VZF	143	73.767	3
7VZF	144	68.397	3
7VZF	145	65.033	3
7VZF	146	61.66	3
7VZF	147	61.143	3
7VZF	148	53.353	3
7VZF	149	47.167	3
7VZF	150	47.123	3
7VZF	151	46.96	3
7VZF	152	47.057	3
7VZF	153	50.473	3
7VZF	154	53.273	3
7WMM	37	77.785	6
7WMM	38	75.045	6
7WMM	39	70.06	6
7WMM	40	65.71	6
7WMM	41	61.38	6
7WMM	42	58.15	6
7WMM	43	56.6	6
7WMM	44	50.925	6
7WMM	45	41.235	6
7WMM	46	45.035	6
7WMM	47	36.45	6
7WMM	48	32.28	6
7WMM	49	28.42	6
7WMM	50	29.035	6
7WMM	51	29.98	6
7WMM	52	28.865	6
7WMM	53	29.235	6
7WMM	54	30.165	6
7WMM	55	30.48	6
7WMM	56	32.12	6
7WMM	57	35.725	6
7WMM	58	41.175	6
7WMM	59	45.465	6
7WMM	60	48.36	6
7WMM	61	52.545	6
7WMM	62	47.42	6
7WMM	63	43.46	6
7WMM	64	42.07	6
7WMM	65	41.265	6
7WMM	66	45.0	6
7WMM	67	50.225	6
7WMM	68	49.185	6
7WMM	69	45.935	6
7WMM	70	42.205	6
7WMM	71	39.765	6
7WMM	72	39.445	6
7WMM	73	35.79	6
7WMM	74	32.97	6
7WMM	75	33.75	6
7WMM	76	28.13	6
7WMM	77	28.89	6
7WMM	78	28.45	6
7WMM	79	34.68	6
7WMM	80	42.685	6
7WMM	81	46.695	6
7WMM	82	52.105	6
7WMM	83	60.18	6
7WMM	84	53.635	6
7WMM	85	47.805	6
7WMM	86	42.37	6
7WMM	87	40.9	6
7WMM	88	40.265	6
7WMM	89	41.77	6
7WMM	90	45.05	6
7WMM	91	52.005	6
7WMM	92	59.705	6
7WMM	93	68.625	6
7WMM	94	82.515	6
7WMM	95	94.385	6
7WMM	96	104.115	6
7WMM	97	108.23	6
7WNZ	36	0.31	10
7WNZ	37	0.43	10
7WNZ	38	0.31	10
7WNZ	39	0.3	10
7WNZ	40	0.25	10
7WNZ	41	0.15	10
7WNZ	42	0.27	10
7WNZ	43	0.26	10
7WNZ	44	0.48	10
7WNZ	45	0.69	10
7WNZ	46	0.86	10
7WNZ	47	1.28	10
7WNZ	48	1.16	10
7WNZ	49	1.26	10
7WNZ	50	1.01	10
7WNZ	51	1.18	10
7WNZ	52	1.22	10
7WNZ	53	1.29	10
7WNZ	54	1.42	10
7WNZ	55	1.14	10
7WNZ	56	1.24	10
7WNZ	57	1.23	10
7WNZ	58	1.21	10
7WNZ	59	1.39	10
7WNZ	60	1.64	10
7WNZ	61	1.56	10
7WNZ	62	1.58	10
7WNZ	63	1.62	10
7WNZ	64	1.65	10
7WNZ	65	1.89	10
7WNZ	66	1.99	10
7WNZ	67	2.5	10
7WNZ	68	2.84	10
7WNZ	69	2.84	10
7WNZ	70	1.93	10
7WNZ	71	1.96	10
7WNZ	72	1.53	10
7WNZ	73	1.7	10
7WNZ	74	1.41	10
7WNZ	75	1.64	10
7WNZ	76	1.49	10
7WNZ	77	1.6	10
7WNZ	78	1.72	10
7WNZ	79	1.62	10
7WNZ	80	1.47	10
7WNZ	81	1.5	10
7WNZ	82	1.45	10
7WNZ	83	1.31	10
7WNZ	84	1.13	10
7WNZ	85	1.06	10
7WNZ	86	1.07	10
7WNZ	87	1.3	10
7WNZ	88	1.73	10
7WNZ	89	1.66	10
7WNZ	90	1.9	10
7WNZ	91	2.31	10
7WNZ	92	2.22	10
7WNZ	93	2.96	10
7WNZ	94	3.72	10
7WNZ	95	4.57	10
7WNZ	96	6.53	10
7WNZ	97	10.42	10
7WNZ	98	11.67	10
7WNZ	99	12.86	10
7WNZ	100	13.38	10
7WO0	35	89.24	14
7WO0	36	84.97	14
7WO0	37	84.38	14
7WO0	38	75.5	14
7WO0	39	78.94	14
7WO0	40	70.75	14
7WO0	41	68.08	14
7WO0	42	65.69	14
7WO0	43	70.9	14
7WO0	44	65.97	14
7WO0	45	64.86	14
7WO0	46	59.77	14
7WO0	47	46.45	14
7WO0	48	36.19	14
7WO0	49	29.51	14
7WO0	50	30.21	14
7WO0	51	24.12	14
7WO0	52	23.03	14
7WO0	53	24.04	14
7WO0	54	28.84	14
7WO0	55	28.17	14
7WO0	56	32.86	14
7WO0	57	40.73	14
7WO0	58	39.81	14
7WO0	59	40.8	14
7WO0	60	41.29	14
7WO0	61	37.97	14
7WO0	62	31.95	14
7WO0	63	26.68	14
7WO0	64	39.8	14
7WO0	65	25.17	14
7WO0	66	19.88	14
7WO0	67	22.33	14
7WO0	68	22.01	14
7WO0	69	24.53	14
7WO0	70	25.8	14
7WO0	71	25.85	14
7WO0	72	28.13	14
7WO0	73	31.46	14
7WO0	74	35.21	14
7WO0	75	36.49	14
7WO0	76	31.18	14
7WO0	77	32.33	14
7WO0	78	29.08	14
7WO0	79	36.99	14
7WO0	80	36.35	14
7WO0	81	43.42	14
7WO0	82	45.7	14
7WO0	83	59.81	14
7WO0	84	60.52	14
7WO0	85	58.12	14
7WO0	86	53.61	14
7WO0	87	48.12	14
7WO0	88	41.15	14
7WO0	89	34.41	14
7WO0	90	29.22	14
7WO0	91	25.78	14
7WO0	92	26.47	14
7WO0	93	24.68	14
7WO0	94	30.67	14
7WO0	95	32.15	14
7WO0	96	40.16	14
7WO0	97	54.63	14
7WO0	98	67.71	14
7WO0	99	70.67	14
7X83	120	68.537	3
7X83	121	69.33	3
7X83	122	69.86	3
7X83	123	68.093	3
7X83	124	68.217	3
7X83	125	68.83	3
7X83	126	70.197	3
7X83	127	71.143	3
7X83	128	73.847	3
7X83	129	75.297	3
7X83	130	75.783	3
7X83	131	74.74	3
7X83	132	72.843	3
7X83	133	73.453	3
7X83	134	75.81	3
7X83	135	78.47	3
7X83	136	85.333	3
7X83	137	86.757	3
7X83	138	89.88	3
7X83	139	91.427	3
7X83	140	92.92	3
7X83	141	89.693	3
7X83	142	85.863	3
7X83	143	81.88	3
7X83	144	80.19	3
7X83	145	79.657	3
7X83	146	77.54	3
7X83	147	75.23	3
7X83	148	74.603	3
7X83	149	72.17	3
7X83	150	70.143	3
7X83	151	69.533	3
7X83	152	67.98	3
7X83	153	68.893	3
7X83	154	68.243	3
7X83	155	66.453	3
7X83	156	64.627	3
7X83	157	64.973	3
7X83	158	62.99	3
7X83	159	61.007	3
7X83	160	58.58	3
7X83	161	56.957	3
7X83	162	57.333	3
7X83	163	55.677	3
7X83	164	55.727	3
7X83	165	53.107	3
7X83	166	54.607	3
7X83	167	54.367	3
7X83	168	56.223	3
7X83	169	56.76	3
7X83	170	61.157	3
7X83	171	66.687	3
7X83	172	68.75	3
7X83	173	68.38	3
7X83	174	72.763	3
7X83	175	75.31	3
7X83	176	78.707	3
7X83	177	82.737	3
7X83	178	85.2	3
7X83	179	84.893	3
7X83	180	81.62	3
7X83	181	74.833	3
7X83	182	70.4	3
7X83	183	68.55	3
7X83	184	67.187	3
7X83	185	64.833	3
7X83	186	60.137	3
7X83	187	56.28	3
7X83	188	57.617	3
7X83	189	59.143	3
7X83	190	58.517	3
7X83	191	60.743	3
7X83	192	59.183	3
7X83	193	61.443	3
7X83	194	58.6	3
7X83	195	62.83	3
7X83	196	67.22	3
7X83	197	69.853	3
7X83	198	74.39	3
7X83	199	76.557	3
7X83	200	80.077	3
7X83	201	86.637	3
7X83	202	92.767	3
7X83	203	96.89	3
7X83	204	99.803	3
7X83	205	102.19	3
7X83	206	102.997	3
7X83	207	102.667	3
7X83	208	99.98	3
7X83	209	98.893	3
7X83	210	93.113	3
7X83	211	92.07	3
7X83	212	85.663	3
7X83	213	82.067	3
7X83	214	79.66	3
7X83	215	76.157	3
7X83	216	71.137	3
7X83	217	69.53	3
7X83	218	65.813	3
7X83	219	61.41	3
7X83	220	60.65	3
7X83	221	59.417	3
7X83	222	57.993	3
7X83	223	55.157	3
7X83	224	51.693	3
7X83	225	49.49	3
7X83	226	48.18	3
7X83	227	47.987	3
7X83	228	47.75	3
7X83	229	47.09	3
7X83	230	42.32	3
7X83	231	39.943	3
7X83	232	41.193	3
7X83	233	41.4	3
7X83	234	42.637	3
7X83	235	44.957	3
7X83	236	45.797	3
7X83	237	45.757	3
7X83	238	48.247	3
7X83	239	49.23	3
7X83	240	49.003	3
7X83	241	51.74	3
7X83	242	50.973	3
7X83	243	53.833	3
7X83	244	57.123	3
7X83	245	60.213	3
7X83	246	60.247	3
7X83	247	59.94	3
7X83	248	61.89	3
7X83	249	62.987	3
7X83	250	66.7	3
7X83	251	68.68	3
7X83	252	72.743	3
7X83	253	77.553	3
7X83	254	78.973	3
7X84	120	67.4	3
7X84	121	66.18	3
7X84	122	62.49	3
7X84	123	59.09	3
7X84	124	56.79	3
7X84	125	58.89	3
7X84	126	58.74	3
7X84	127	61.42	3
7X84	128	65.03	3
7X84	129	66.98	3
7X84	130	69.09	3
7X84	131	73.25	3
7X84	132	77.18	3
7X84	133	78.39	3
7X84	134	81.27	3
7X84	135	83.4	3
7X84	136	88.76	3
7X84	137	93.57	3
7X84	138	99.96	3
7X84	139	103.94	3
7X84	140	106.42	3
7X84	141	103.88	3
7X84	142	99.61	3
7X84	143	94.96	3
7X84	144	93.62	3
7X84	145	91.24	3
7X84	146	90.69	3
7X84	147	88.1	3
7X84	148	85.83	3
7X84	149	82.86	3
7X84	150	79.06	3
7X84	151	79.92	3
7X84	152	76.54	3
7X84	153	76.12	3
7X84	154	74.26	3
7X84	155	73.52	3
7X84	156	70.18	3
7X84	157	72.7	3
7X84	158	70.43	3
7X84	159	70.6	3
7X84	160	70.3	3
7X84	161	69.57	3
7X84	162	71.09	3
7X84	163	73.9	3
7X84	164	76.01	3
7X84	165	72.46	3
7X84	166	73.49	3
7X84	167	67.96	3
7X84	168	62.86	3
7X84	169	61.78	3
7X84	170	62.86	3
7X84	171	67.55	3
7X84	172	68.52	3
7X84	173	69.71	3
7X84	174	72.07	3
7X84	175	77.41	3
7X84	176	80.06	3
7X84	177	86.43	3
7X84	178	87.87	3
7X84	179	86.6	3
7X84	180	86.58	3
7X84	181	84.09	3
7X84	182	79.8	3
7X84	183	78.39	3
7X84	184	74.79	3
7X84	185	71.97	3
7X84	186	67.19	3
7X84	187	66.28	3
7X84	188	65.91	3
7X84	189	65.68	3
7X84	190	68.62	3
7X84	191	68.42	3
7X84	192	67.49	3
7X84	193	66.83	3
7X84	194	67.66	3
7X84	195	65.78	3
7X84	196	69.64	3
7X84	197	69.32	3
7X84	198	72.39	3
7X84	199	75.5	3
7X84	200	78.43	3
7X84	201	81.34	3
7X84	202	80.74	3
7X84	203	81.29	3
7X84	204	83.7	3
7X84	205	87.37	3
7X84	206	86.82	3
7X84	207	87.13	3
7X84	208	85.46	3
7X84	209	83.07	3
7X84	210	81.17	3
7X84	211	78.57	3
7X84	212	77.0	3
7X84	213	75.43	3
7X84	214	72.78	3
7X84	215	69.02	3
7X84	216	64.28	3
7X84	217	59.36	3
7X84	218	56.91	3
7X84	219	52.8	3
7X84	220	51.11	3
7X84	221	49.68	3
7X84	222	48.42	3
7X84	223	45.68	3
7X84	224	44.04	3
7X84	225	42.3	3
7X84	226	45.49	3
7X84	227	50.93	3
7X84	228	53.58	3
7X84	229	55.8	3
7X84	230	55.0	3
7X84	231	56.93	3
7X84	232	58.02	3
7X84	233	57.45	3
7X84	234	59.17	3
7X84	235	59.69	3
7X84	236	59.26	3
7X84	237	60.68	3
7X84	238	57.76	3
7X84	239	58.96	3
7X84	240	58.14	3
7X84	241	56.81	3
7X84	242	50.7	3
7X84	243	48.23	3
7X84	244	49.15	3
7X84	245	51.24	3
7X84	246	52.15	3
7X84	247	53.23	3
7X84	248	53.15	3
7X84	249	56.92	3
7X84	250	57.62	3
7X84	251	61.53	3
7X84	252	64.59	3
7X84	253	69.66	3
7X84	254	75.31	3
7XJX	37	87.14	6
7XJX	38	88.32	6
7XJX	39	80.59	6
7XJX	40	76.51	6
7XJX	41	71.61	6
7XJX	42	69.45	6
7XJX	43	61.91	6
7XJX	44	52.99	6
7XJX	45	40.02	6
7XJX	46	38.41	6
7XJX	47	30.4	6
7XJX	48	28.67	6
7XJX	49	23.4	6
7XJX	50	25.23	6
7XJX	51	22.22	6
7XJX	52	20.58	6
7XJX	53	19.88	6
7XJX	54	20.37	6
7XJX	55	21.39	6
7XJX	56	25.44	6
7XJX	57	31.75	6
7XJX	58	36.73	6
7XJX	59	40.74	6
7XJX	60	40.61	6
7XJX	61	44.06	6
7XJX	62	42.78	6
7XJX	63	42.89	6
7XJX	64	41.74	6
7XJX	65	42.69	6
7XJX	66	43.38	6
7XJX	67	47.69	6
7XJX	68	50.37	6
7XJX	69	44.59	6
7XJX	70	39.34	6
7XJX	71	30.97	6
7XJX	72	29.88	6
7XJX	73	26.58	6
7XJX	74	23.75	6
7XJX	75	23.91	6
7XJX	76	21.82	6
7XJX	77	21.6	6
7XJX	78	26.29	6
7XJX	79	30.59	6
7XJX	80	35.93	6
7XJX	81	37.03	6
7XJX	82	44.06	6
7XJX	83	44.65	6
7XJX	84	41.53	6
7XJX	85	37.82	6
7XJX	86	39.17	6
7XJX	87	38.73	6
7XJX	88	34.56	6
7XJX	89	44.28	6
7XJX	90	48.91	6
7XJX	91	59.27	6
7XJX	92	60.45	6
7XJX	93	70.02	6
7XJX	94	75.1	6
7XJX	95	82.22	6
7XJX	96	83.81	6
7XJX	97	90.45	6
7XJX	98	93.18	6
7XJX	99	95.66	6
7XM8	33	154.279	22
7XM8	34	153.705	22
7XM8	35	148.399	22
7XM8	36	146.106	22
7XM8	37	141.064	22
7XM8	38	139.805	22
7XM8	39	134.715	22
7XM8	40	125.055	22
7XM8	41	123.419	22
7XM8	42	121.429	22
7XM8	43	122.049	22
7XM8	44	118.039	22
7XM8	45	118.07	22
7XM8	46	121.092	22
7XM8	47	122.897	22
7XM8	48	122.273	22
7XM8	49	125.214	22
7XM8	50	130.579	22
7XM8	51	135.6	22
7XM8	52	134.502	22
7XM8	53	134.859	22
7XM8	54	127.825	22
7XM8	55	128.644	22
7XM8	56	121.807	22
7XM8	57	126.418	22
7XM8	58	124.591	22
7XM8	59	127.333	22
7XM8	60	129.845	22
7XM8	61	134.306	22
7XO0	36	42.45	6
7XO0	37	43.05	6
7XO0	38	32.16	6
7XO0	39	29.86	6
7XO0	40	24.96	6
7XO0	41	31.26	6
7XO0	42	40.29	6
7XO0	43	44.84	6
7XO0	44	44.05	6
7XO0	45	48.83	6
7XO0	46	50.58	6
7XO0	47	29.07	6
7XO0	48	21.86	6
7XO0	49	26.96	6
7XO0	50	19.05	6
7XO0	51	18.01	6
7XO0	52	26.37	6
7XO0	53	21.45	6
7XO0	54	28.75	6
7XO0	55	31.93	6
7XO0	56	21.18	6
7XO0	57	43.122	6
7XO0	58	44.22	6
7XO0	59	45.0	6
7XO0	60	48.67	6
7XO0	61	39.95	6
7XO0	62	34.53	6
7XO0	63	31.32	6
7XO0	64	32.4	6
7XO0	65	21.61	6
7XO0	66	22.6	6
7XO0	67	20.67	6
7XO0	68	26.66	6
7XO0	69	21.61	6
7XO0	70	27.14	6
7XO0	71	25.41	6
7XO0	72	25.18	6
7XO0	73	19.05	6
7XO0	74	26.44	6
7XO0	75	24.16	6
7XO0	76	19.71	6
7XO0	77	21.58	6
7XO0	78	19.92	6
7XO0	79	22.45	6
7XO0	80	26.28	6
7XO0	81	28.61	6
7XO0	82	36.04	6
7XO0	83	41.75	6
7XO0	84	39.17	6
7XO0	85	45.64	6
7XO0	86	42.9	6
7XO0	87	39.89	6
7XO0	88	36.99	6
7XO0	89	41.03	6
7XO0	90	39.59	6
7XO0	91	40.71	6
7XO0	92	44.92	6
7XO0	93	42.03	6
7XO0	94	36.16	6
7XO0	95	39.0	6
7XO0	96	43.18	6
7XO0	97	55.43	6
7XO1	36	54.53	6
7XO1	37	52.21	6
7XO1	38	43.38	6
7XO1	39	38.61	6
7XO1	40	32.54	6
7XO1	41	35.46	6
7XO1	42	45.91	6
7XO1	43	48.61	6
7XO1	44	49.76	6
7XO1	45	45.59	6
7XO1	46	54.95	6
7XO1	47	38.96	6
7XO1	48	29.02	6
7XO1	49	33.21	6
7XO1	50	28.31	6
7XO1	51	29.25	6
7XO1	52	37.4	6
7XO1	53	33.4	6
7XO1	54	44.19	6
7XO1	55	45.28	6
7XO1	56	50.97	6
7XO1	57	69.5	6
7XO1	58	69.21	6
7XO1	59	75.15	6
7XO1	60	77.07	6
7XO1	61	69.27	6
7XO1	62	66.74	6
7XO1	63	57.17	6
7XO1	64	54.91	6
7XO1	65	47.94	6
7XO1	66	39.92	6
7XO1	67	42.49	6
7XO1	68	45.82	6
7XO1	69	31.66	6
7XO1	70	29.59	6
7XO1	71	28.4	6
7XO1	72	31.09	6
7XO1	73	32.56	6
7XO1	74	36.45	6
7XO1	75	39.31	6
7XO1	76	28.18	6
7XO1	77	29.44	6
7XO1	78	28.38	6
7XO1	79	37.98	6
7XO1	80	44.34	6
7XO1	81	46.58	6
7XO1	82	53.3	6
7XO1	83	67.23	6
7XO1	84	73.79	6
7XO1	85	73.59	6
7XO1	86	71.12	6
7XO1	87	64.89	6
7XO1	88	56.63	6
7XO1	89	65.02	6
7XO1	90	58.07	6
7XO1	91	56.03	6
7XO1	92	64.87	6
7XO1	93	61.66	6
7XO1	94	61.8	6
7XO1	95	62.16	6
7XO1	96	68.85	6
7XO1	97	78.78	6
7XO2	36	60.11	6
7XO2	37	50.59	6
7XO2	38	40.49	6
7XO2	39	38.47	6
7XO2	40	33.77	6
7XO2	41	37.91	6
7XO2	42	46.48	6
7XO2	43	51.7	6
7XO2	44	56.12	6
7XO2	45	55.66	6
7XO2	46	54.04	6
7XO2	47	39.03	6
7XO2	48	29.32	6
7XO2	49	30.05	6
7XO2	50	25.85	6
7XO2	51	27.91	6
7XO2	52	44.74	6
7XO2	53	40.55	6
7XO2	54	49.74	6
7XO2	55	49.17	6
7XO2	56	50.74	6
7XO2	57	63.68	6
7XO2	58	57.26	6
7XO2	59	65.34	6
7XO2	60	72.36	6
7XO2	61	63.32	6
7XO2	62	46.78	6
7XO2	63	36.17	6
7XO2	64	32.58	6
7XO2	65	27.49	6
7XO2	66	29.94	6
7XO2	67	32.11	6
7XO2	68	36.07	6
7XO2	69	24.83	6
7XO2	70	23.73	6
7XO2	71	25.72	6
7XO2	72	30.72	6
7XO2	73	32.69	6
7XO2	74	37.17	6
7XO2	75	35.41	6
7XO2	76	28.69	6
7XO2	77	25.2	6
7XO2	78	24.5	6
7XO2	79	24.49	6
7XO2	80	28.53	6
7XO2	81	30.5	6
7XO2	82	32.59	6
7XO2	83	45.14	6
7XO2	84	48.83	6
7XO2	85	51.32	6
7XO2	86	46.76	6
7XO2	87	41.06	6
7XO2	88	40.44	6
7XO2	89	49.3	6
7XO2	90	52.63	6
7XO2	91	48.78	6
7XO2	92	53.62	6
7XO2	93	46.47	6
7XO2	94	51.12	6
7XO2	95	49.7	6
7XO2	96	54.28	6
7XO2	97	53.52	6
7XO3	36	55.473	6
7XO3	37	53.0	6
7XO3	38	47.645	6
7XO3	39	47.778	6
7XO3	40	42.647	6
7XO3	41	45.333	6
7XO3	42	46.145	6
7XO3	43	47.827	6
7XO3	44	47.208	6
7XO3	45	49.758	6
7XO3	46	52.537	6
7XO3	47	44.158	6
7XO3	48	37.488	6
7XO3	49	34.695	6
7XO3	50	35.588	6
7XO3	51	35.298	6
7XO3	52	35.66	6
7XO3	53	38.075	6
7XO3	54	42.975	6
7XO3	55	47.42	6
7XO3	56	54.575	6
7XO3	57	67.208	6
7XO3	58	68.588	6
7XO3	59	72.343	6
7XO3	60	75.098	6
7XO3	61	74.325	6
7XO3	62	63.418	6
7XO3	63	57.718	6
7XO3	64	53.703	6
7XO3	65	50.298	6
7XO3	66	45.857	6
7XO3	67	44.613	6
7XO3	68	46.628	6
7XO3	69	41.665	6
7XO3	70	37.968	6
7XO3	71	36.325	6
7XO3	72	36.963	6
7XO3	73	39.093	6
7XO3	74	39.585	6
7XO3	75	39.89	6
7XO3	76	36.552	6
7XO3	77	36.628	6
7XO3	78	39.225	6
7XO3	79	46.893	6
7XO3	80	49.105	6
7XO3	81	51.115	6
7XO3	82	54.963	6
7XO3	83	61.407	6
7XO3	84	62.953	6
7XO3	85	62.315	6
7XO3	86	60.723	6
7XO3	87	58.372	6
7XO3	88	55.595	6
7XO3	89	59.63	6
7XO3	90	57.968	6
7XO3	91	58.425	6
7XO3	92	65.29	6
7XO3	93	71.187	6
7XO3	94	73.827	6
7XO3	95	76.648	6
7XO3	96	77.118	6
7XO3	97	82.727	6
7XO3	98	84.79	6
7YAT	97	39.876	24
7YAT	98	37.297	24
7YAT	99	34.202	24
7YAT	100	32.232	24
7YAT	101	30.93	24
7YAT	102	30.035	24
7YAT	103	29.604	24
7YAT	104	27.764	24
7YAT	105	27.149	24
7YAT	106	27.476	24
7YAT	107	28.644	24
7YAT	108	27.923	24
7YAT	109	28.954	24
7YAT	110	29.67	24
7YAT	111	31.655	24
7YAT	112	34.106	24
7YAT	113	36.033	24
7YAT	114	38.089	24
7YAT	115	37.032	24
7YAT	116	39.785	24
7YAT	117	38.556	24
7YAT	118	36.677	24
7YAT	119	34.185	24
7YAT	120	37.756	24
7YAT	121	39.975	24
7YK2	37	115.8	6
7YK2	38	116.37	6
7YK2	39	111.96	6
7YK2	40	111.26	6
7YK2	41	104.36	6
7YK2	42	99.29	6
7YK2	43	88.33	6
7YK2	44	72.03	6
7YK2	45	54.11	6
7YK2	46	52.14	6
7YK2	47	40.17	6
7YK2	48	35.84	6
7YK2	49	26.75	6
7YK2	50	26.64	6
7YK2	51	24.11	6
7YK2	52	20.15	6
7YK2	53	18.46	6
7YK2	54	21.37	6
7YK2	55	22.86	6
7YK2	56	28.74	6
7YK2	57	36.6	6
7YK2	58	41.87	6
7YK2	59	47.38	6
7YK2	60	48.67	6
7YK2	61	53.14	6
7YK2	62	54.95	6
7YK2	63	54.34	6
7YK2	64	52.37	6
7YK2	65	53.15	6
7YK2	66	51.77	6
7YK2	67	55.31	6
7YK2	68	54.66	6
7YK2	69	56.79	6
7YK2	70	55.14	6
7YK2	71	44.0	6
7YK2	72	44.52	6
7YK2	73	40.86	6
7YK2	74	34.53	6
7YK2	75	33.16	6
7YK2	76	26.35	6
7YK2	77	27.74	6
7YK2	78	32.75	6
7YK2	79	41.48	6
7YK2	80	49.38	6
7YK2	81	52.91	6
7YK2	82	60.07	6
7YK2	83	66.79	6
7YK2	84	60.79	6
7YK2	85	56.61	6
7YK2	86	55.58	6
7YK2	87	54.73	6
7YK2	88	51.7	6
7YK2	89	53.78	6
7YK2	90	55.39	6
7YK2	91	60.7	6
7YK2	92	66.33	6
7YK2	93	78.28	6
7YK2	94	88.18	6
7YK2	95	100.09	6
7YK2	96	102.25	6
7YK2	97	111.99	6
7YK2	98	119.84	6
7YK2	99	119.87	6
7YKW	12	255.9	4
7YKW	13	254.69	4
7YKW	14	255.13	4
7YKW	15	248.12	4
7YKW	16	242.43	4
7YKW	17	232.57	4
7YKW	18	208.41	4
7YKW	19	166.73	4
7YKW	20	137.89	4
7YKW	21	108.31	4
7YKW	22	127.145	8
7YKW	23	114.63	8
7YKW	24	102.4	8
7YKW	25	91.045	8
7YKW	26	83.705	8
7YKW	27	70.485	8
7YKW	28	61.04	8
7YKW	29	59.175	8
7YKW	30	54.53	8
7YKW	31	51.625	8
7YKW	32	49.0	8
7YKW	33	46.22	8
7YKW	34	43.75	8
7YKW	35	46.075	8
7YKW	36	48.695	8
7YKW	37	46.61	8
7YKW	38	49.47	8
7YKW	39	48.975	8
7YKW	40	50.97	8
7YKW	41	51.955	8
7YKW	42	50.78	8
7YKW	43	49.015	8
7YKW	44	51.89	8
7YKW	45	55.64	8
7YKW	46	60.085	8
7YKW	47	62.085	8
7YL0	12	186.14	6
7YL0	13	190.1	6
7YL0	14	192.23	6
7YL0	15	191.05	6
7YL0	16	184.18	6
7YL0	17	176.83	6
7YL0	18	173.53	6
7YL0	19	151.59	6
7YL0	20	152.48	12
7YL0	21	142.43	12
7YL0	22	138.28	12
7YL0	23	128.82	12
7YL0	24	123.035	12
7YL0	25	116.19	12
7YL0	26	112.44	12
7YL0	27	98.39	12
7YL0	28	93.84	12
7YL0	29	92.115	12
7YL0	30	92.025	12
7YL0	31	96.14	12
7YL0	32	97.23	12
7YL0	33	98.605	12
7YL0	34	98.745	12
7YL0	35	98.2	12
7YL0	36	95.32	12
7YL0	37	92.23	12
7YL0	38	91.735	12
7YL0	39	89.75	12
7YL0	40	88.27	12
7YL0	41	86.595	12
7YL0	42	80.275	12
7YL0	43	79.885	12
7YL0	44	77.96	12
7YL0	45	76.535	12
7YL0	46	77.415	12
7YL0	47	80.165	12
7YL3	12	156.255	6
7YL3	13	156.8	6
7YL3	14	156.02	6
7YL3	15	154.805	6
7YL3	16	152.65	6
7YL3	17	149.34	6
7YL3	18	148.155	6
7YL3	19	137.755	6
7YL3	20	110.14	12
7YL3	21	105.727	12
7YL3	22	103.782	12
7YL3	23	97.595	12
7YL3	24	89.873	12
7YL3	25	86.192	12
7YL3	26	83.31	12
7YL3	27	74.903	12
7YL3	28	68.66	12
7YL3	29	63.858	12
7YL3	30	60.892	12
7YL3	31	57.058	12
7YL3	32	52.215	12
7YL3	33	47.095	12
7YL3	34	46.96	12
7YL3	35	44.92	12
7YL3	36	43.567	12
7YL3	37	41.115	12
7YL3	38	38.475	12
7YL3	39	36.252	12
7YL3	40	34.572	12
7YL3	41	35.308	12
7YL3	42	34.695	12
7YL3	43	34.45	12
7YL3	44	33.778	12
7YL3	45	33.975	12
7YL3	46	32.91	12
7YL3	47	31.108	12
7YL7	12	190.42	6
7YL7	13	189.59	6
7YL7	14	189.55	6
7YL7	15	187.3	6
7YL7	16	182.57	6
7YL7	17	178.2	6
7YL7	18	174.63	6
7YL7	19	141.27	12
7YL7	20	136.335	12
7YL7	21	128.705	12
7YL7	22	123.735	12
7YL7	23	114.115	12
7YL7	24	103.975	12
7YL7	25	95.075	12
7YL7	26	88.75	12
7YL7	27	76.44	12
7YL7	28	71.1	12
7YL7	29	67.615	12
7YL7	30	67.8	12
7YL7	31	68.305	12
7YL7	32	70.205	12
7YL7	33	72.005	12
7YL7	34	77.065	12
7YL7	35	75.0	12
7YL7	36	69.06	12
7YL7	37	64.03	12
7YL7	38	63.68	12
7YL7	39	59.77	12
7YL7	40	61.445	12
7YL7	41	61.32	12
7YL7	42	59.835	12
7YL7	43	58.955	12
7YL7	44	61.94	12
7YL7	45	62.96	12
7YL7	46	64.785	12
7YL7	47	68.695	12
7YMN	304	147.493	6
7YMN	305	145.367	6
7YMN	306	139.09	6
7YMN	307	134.425	6
7YMN	308	127.365	6
7YMN	309	122.777	6
7YMN	310	119.112	6
7YMN	311	117.142	6
7YMN	312	115.803	6
7YMN	313	116.382	6
7YMN	314	118.12	6
7YMN	315	118.487	6
7YMN	316	118.308	6
7YMN	317	115.018	6
7YMN	318	113.02	6
7YMN	319	113.345	6
7YMN	320	110.725	6
7YMN	321	112.728	6
7YMN	322	114.307	6
7YMN	323	112.562	6
7YMN	324	107.757	6
7YMN	325	101.323	6
7YMN	326	94.722	6
7YMN	327	90.992	6
7YMN	328	84.368	6
7YMN	329	83.927	6
7YMN	330	77.327	6
7YMN	331	77.15	6
7YMN	332	78.148	6
7YMN	333	79.277	6
7YMN	334	79.213	6
7YMN	335	80.297	6
7YMN	336	83.275	6
7YMN	337	81.105	6
7YMN	338	89.362	6
7YMN	339	88.015	6
7YMN	340	95.888	6
7YMN	341	103.522	6
7YMN	342	108.968	6
7YMN	343	109.333	6
7YMN	344	108.137	6
7YMN	345	109.322	6
7YMN	346	105.648	6
7YMN	347	107.593	6
7YMN	348	108.315	6
7YMN	349	108.243	6
7YMN	350	104.28	6
7YMN	351	103.227	6
7YMN	352	98.063	6
7YMN	353	92.773	6
7YMN	354	85.615	6
7YMN	355	86.43	6
7YMN	356	88.477	6
7YMN	357	84.038	6
7YMN	358	84.055	6
7YMN	359	77.482	6
7YMN	360	74.95	6
7YMN	361	75.84	6
7YMN	362	73.58	6
7YMN	363	74.81	6
7YMN	364	80.5	6
7YMN	365	90.135	6
7YMN	366	95.042	6
7YMN	367	102.428	6
7YMN	368	106.065	6
7YMN	369	109.235	6
7YMN	370	111.015	6
7YMN	371	113.465	6
7YMN	372	118.483	6
7YMN	373	118.398	6
7YMN	374	116.575	6
7YMN	375	117.662	6
7YMN	376	121.063	6
7YMN	377	127.012	6
7YMN	378	132.21	6
7YMN	379	134.177	6
7YNF	37	81.458	6
7YNF	38	79.718	6
7YNF	39	77.377	6
7YNF	40	72.298	6
7YNF	41	64.957	6
7YNF	42	58.682	6
7YNF	43	53.315	6
7YNF	44	44.153	6
7YNF	45	32.073	6
7YNF	46	27.425	6
7YNF	47	21.343	6
7YNF	48	18.403	6
7YNF	49	14.39	6
7YNF	50	14.147	6
7YNF	51	12.38	6
7YNF	52	10.978	6
7YNF	53	11.043	6
7YNF	54	13.007	6
7YNF	55	13.537	6
7YNF	56	16.722	6
7YNF	57	21.715	6
7YNF	58	23.798	6
7YNF	59	25.353	6
7YNF	60	25.102	6
7YNF	61	26.378	6
7YNF	62	25.155	6
7YNF	63	22.145	6
7YNF	64	22.29	6
7YNF	65	23.02	6
7YNF	66	24.803	6
7YNF	67	25.955	6
7YNF	68	25.115	6
7YNF	69	22.3	6
7YNF	70	19.98	6
7YNF	71	19.193	6
7YNF	72	20.682	6
7YNF	73	18.757	6
7YNF	74	17.347	6
7YNF	75	17.52	6
7YNF	76	15.227	6
7YNF	77	14.768	6
7YNF	78	15.81	6
7YNF	79	19.222	6
7YNF	80	23.59	6
7YNF	81	26.73	6
7YNF	82	30.33	6
7YNF	83	33.852	6
7YNF	84	30.762	6
7YNF	85	28.387	6
7YNF	86	23.37	6
7YNF	87	20.605	6
7YNF	88	19.105	6
7YNF	89	18.892	6
7YNF	90	20.673	6
7YNF	91	22.673	6
7YNF	92	26.822	6
7YNF	93	30.792	6
7YNF	94	37.287	6
7YNF	95	44.632	6
7YNF	96	54.415	6
7YNF	97	57.4	6
7YNF	98	61.562	6
7YNF	99	64.427	6
7YNG	37	87.072	6
7YNG	38	82.507	6
7YNG	39	75.4	6
7YNG	40	73.147	6
7YNG	41	68.945	6
7YNG	42	66.798	6
7YNG	43	64.172	6
7YNG	44	62.88	6
7YNG	45	58.36	6
7YNG	46	59.807	6
7YNG	47	53.088	6
7YNG	48	48.342	6
7YNG	49	42.525	6
7YNG	50	41.8	6
7YNG	51	40.387	6
7YNG	52	37.365	6
7YNG	53	37.5	6
7YNG	54	38.538	6
7YNG	55	39.482	6
7YNG	56	42.022	6
7YNG	57	48.138	6
7YNG	58	52.035	6
7YNG	59	54.407	6
7YNG	60	55.202	6
7YNG	61	58.643	6
7YNG	62	58.537	6
7YNG	63	58.543	6
7YNG	64	61.217	6
7YNG	65	66.483	6
7YNG	66	68.278	6
7YNG	67	73.133	6
7YNG	68	74.472	6
7YNG	69	73.325	6
7YNG	70	71.05	6
7YNG	71	67.65	6
7YNG	72	67.093	6
7YNG	73	67.765	6
7YNG	74	64.61	6
7YNG	75	59.767	6
7YNG	76	51.538	6
7YNG	77	50.335	6
7YNG	78	49.702	6
7YNG	79	53.53	6
7YNG	80	58.385	6
7YNG	81	59.793	6
7YNG	82	63.102	6
7YNG	83	65.158	6
7YNG	84	62.768	6
7YNG	85	62.178	6
7YNG	86	58.26	6
7YNG	87	59.185	6
7YNG	88	59.495	6
7YNG	89	65.523	6
7YNG	90	67.73	6
7YNG	91	78.258	6
7YNG	92	83.267	6
7YNG	93	84.247	6
7YNG	94	92.602	6
7YNG	95	104.292	6
7YNG	96	114.787	6
7YNG	97	120.848	6
7YNG	98	127.705	6
7YNG	99	131.178	6
7YNL	40	75.31	8
7YNL	41	74.48	8
7YNL	42	71.6	8
7YNL	43	71.84	8
7YNL	44	69.68	8
7YNL	45	67.95	8
7YNL	46	72.41	8
7YNL	47	68.8	8
7YNL	48	67.55	8
7YNL	49	66.27	8
7YNL	50	69.44	8
7YNL	51	72.95	8
7YNL	52	76.12	8
7YNL	53	76.54	8
7YNL	54	80.46	8
7YNL	55	81.37	8
7YNL	56	82.04	8
7YNL	57	81.85	8
7YNL	58	81.2	8
7YNL	59	86.3	8
7YNL	60	87.09	8
7YNL	61	83.02	8
7YNL	62	81.24	8
7YNL	63	77.84	8
7YNL	64	78.95	8
7YNL	65	82.36	8
7YNL	66	82.0	8
7YNL	67	90.44	8
7YNL	68	88.64	8
7YNL	69	88.73	8
7YNL	70	86.99	8
7YNL	71	88.04	8
7YNL	72	84.48	8
7YNL	73	77.17	8
7YNL	74	73.82	8
7YNL	75	75.23	8
7YNL	76	71.53	8
7YNL	77	72.9	8
7YNL	78	73.17	8
7YNL	79	79.01	8
7YNL	80	79.42	8
7YNL	81	86.45	8
7YNL	82	92.62	8
7YNL	83	96.51	8
7YNL	84	93.39	8
7YNL	85	92.83	8
7YNL	86	93.23	8
7YNL	87	94.37	8
7YNL	88	94.41	8
7YNL	89	98.92	8
7YNL	90	99.7	8
7YNL	91	101.78	8
7YNL	92	104.96	8
7YNL	93	110.58	8
7YNL	94	114.12	8
7YNL	95	117.62	8
7YNL	96	123.53	8
7YNL	97	132.18	8
7YNM	37	80.005	8
7YNM	38	76.765	8
7YNM	39	73.42	8
7YNM	40	68.46	8
7YNM	41	64.95	8
7YNM	42	58.9	8
7YNM	43	56.2	8
7YNM	44	51.235	8
7YNM	45	44.37	8
7YNM	46	43.15	8
7YNM	47	35.695	8
7YNM	48	31.61	8
7YNM	49	28.135	8
7YNM	50	28.285	8
7YNM	51	26.72	8
7YNM	52	24.495	8
7YNM	53	24.62	8
7YNM	54	27.3	8
7YNM	55	28.755	8
7YNM	56	32.83	8
7YNM	57	40.575	8
7YNM	58	43.64	8
7YNM	59	47.28	8
7YNM	60	48.53	8
7YNM	61	50.51	8
7YNM	62	47.97	8
7YNM	63	44.685	8
7YNM	64	44.87	8
7YNM	65	46.115	8
7YNM	66	47.16	8
7YNM	67	51.1	8
7YNM	68	49.855	8
7YNM	69	46.305	8
7YNM	70	39.48	8
7YNM	71	36.71	8
7YNM	72	37.485	8
7YNM	73	34.86	8
7YNM	74	32.88	8
7YNM	75	32.655	8
7YNM	76	29.345	8
7YNM	77	31.015	8
7YNM	78	31.455	8
7YNM	79	36.295	8
7YNM	80	39.94	8
7YNM	81	44.495	8
7YNM	82	47.45	8
7YNM	83	52.345	8
7YNM	84	48.525	8
7YNM	85	45.385	8
7YNM	86	42.115	8
7YNM	87	40.53	8
7YNM	88	39.82	8
7YNM	89	39.99	8
7YNM	90	40.525	8
7YNM	91	46.005	8
7YNM	92	54.035	8
7YNM	93	62.28	8
7YNM	94	73.095	8
7YNM	95	81.98	8
7YNM	96	86.41	8
7YNM	97	89.385	8
7YNN	37	80.005	8
7YNN	38	76.765	8
7YNN	39	73.42	8
7YNN	40	68.46	8
7YNN	41	64.95	8
7YNN	42	58.9	8
7YNN	43	56.2	8
7YNN	44	51.235	8
7YNN	45	44.37	8
7YNN	46	43.15	8
7YNN	47	35.695	8
7YNN	48	31.61	8
7YNN	49	28.135	8
7YNN	50	28.285	8
7YNN	51	26.72	8
7YNN	52	24.495	8
7YNN	53	24.62	8
7YNN	54	27.3	8
7YNN	55	28.755	8
7YNN	56	32.83	8
7YNN	57	40.575	8
7YNN	58	43.64	8
7YNN	59	47.28	8
7YNN	60	48.53	8
7YNN	61	50.51	8
7YNN	62	47.97	8
7YNN	63	44.685	8
7YNN	64	44.87	8
7YNN	65	46.115	8
7YNN	66	47.16	8
7YNN	67	51.1	8
7YNN	68	49.855	8
7YNN	69	46.305	8
7YNN	70	39.48	8
7YNN	71	36.71	8
7YNN	72	37.485	8
7YNN	73	34.86	8
7YNN	74	32.88	8
7YNN	75	32.655	8
7YNN	76	29.345	8
7YNN	77	31.015	8
7YNN	78	31.455	8
7YNN	79	36.295	8
7YNN	80	39.94	8
7YNN	81	44.495	8
7YNN	82	47.45	8
7YNN	83	52.345	8
7YNN	84	48.525	8
7YNN	85	45.385	8
7YNN	86	42.115	8
7YNN	87	40.53	8
7YNN	88	39.82	8
7YNN	89	39.99	8
7YNN	90	40.525	8
7YNN	91	46.005	8
7YNN	92	54.035	8
7YNN	93	62.28	8
7YNN	94	73.095	8
7YNN	95	81.98	8
7YNN	96	86.41	8
7YNN	97	89.385	8
7YNO	37	104.687	6
7YNO	38	102.847	6
7YNO	39	97.313	6
7YNO	40	93.903	6
7YNO	41	89.137	6
7YNO	42	81.16	6
7YNO	43	76.953	6
7YNO	44	70.76	6
7YNO	45	58.21	6
7YNO	46	53.9	6
7YNO	47	45.023	6
7YNO	48	39.767	6
7YNO	49	31.693	6
7YNO	50	30.867	6
7YNO	51	28.477	6
7YNO	52	25.59	6
7YNO	53	26.183	6
7YNO	54	28.28	6
7YNO	55	29.283	6
7YNO	56	33.81	6
7YNO	57	42.867	6
7YNO	58	45.303	6
7YNO	59	53.45	6
7YNO	60	53.953	6
7YNO	61	57.687	6
7YNO	62	54.877	6
7YNO	63	54.613	6
7YNO	64	53.463	6
7YNO	65	57.623	6
7YNO	66	59.183	6
7YNO	67	63.367	6
7YNO	68	64.967	6
7YNO	69	59.443	6
7YNO	70	55.287	6
7YNO	71	51.553	6
7YNO	72	50.207	6
7YNO	73	44.003	6
7YNO	74	41.31	6
7YNO	75	41.12	6
7YNO	76	36.02	6
7YNO	77	36.453	6
7YNO	78	41.05	6
7YNO	79	47.5	6
7YNO	80	53.647	6
7YNO	81	57.82	6
7YNO	82	63.14	6
7YNO	83	65.5	6
7YNO	84	62.03	6
7YNO	85	60.667	6
7YNO	86	59.45	6
7YNO	87	58.183	6
7YNO	88	55.357	6
7YNO	89	56.58	6
7YNO	90	58.363	6
7YNO	91	65.517	6
7YNO	92	68.137	6
7YNO	93	79.817	6
7YNO	94	84.487	6
7YNO	95	90.747	6
7YNO	96	93.567	6
7YNO	97	96.363	6
7YNP	37	94.31	6
7YNP	38	90.975	6
7YNP	39	88.87	6
7YNP	40	81.44	6
7YNP	41	73.43	6
7YNP	42	66.582	6
7YNP	43	61.948	6
7YNP	44	56.6	6
7YNP	45	46.88	6
7YNP	46	46.202	6
7YNP	47	37.463	6
7YNP	48	32.627	6
7YNP	49	28.427	6
7YNP	50	29.21	6
7YNP	51	26.88	6
7YNP	52	23.575	6
7YNP	53	21.535	6
7YNP	54	22.893	6
7YNP	55	24.838	6
7YNP	56	29.477	6
7YNP	57	39.13	6
7YNP	58	42.883	6
7YNP	59	48.278	6
7YNP	60	49.748	6
7YNP	61	54.552	6
7YNP	62	52.477	6
7YNP	63	50.855	6
7YNP	64	50.03	6
7YNP	65	49.42	6
7YNP	66	50.13	6
7YNP	67	53.783	6
7YNP	68	52.007	6
7YNP	69	47.513	6
7YNP	70	43.758	6
7YNP	71	40.562	6
7YNP	72	42.792	6
7YNP	73	41.73	6
7YNP	74	39.225	6
7YNP	75	38.615	6
7YNP	76	32.502	6
7YNP	77	32.665	6
7YNP	78	34.278	6
7YNP	79	40.038	6
7YNP	80	46.525	6
7YNP	81	51.36	6
7YNP	82	57.45	6
7YNP	83	62.308	6
7YNP	84	58.637	6
7YNP	85	54.105	6
7YNP	86	48.915	6
7YNP	87	46.133	6
7YNP	88	44.443	6
7YNP	89	43.59	6
7YNP	90	44.638	6
7YNP	91	51.938	6
7YNP	92	58.05	6
7YNP	93	68.913	6
7YNP	94	82.35	6
7YNP	95	92.223	6
7YNP	96	93.903	6
7YNP	97	100.168	6
7YNQ	37	104.687	6
7YNQ	38	102.847	6
7YNQ	39	97.313	6
7YNQ	40	93.903	6
7YNQ	41	89.137	6
7YNQ	42	81.16	6
7YNQ	43	76.953	6
7YNQ	44	70.76	6
7YNQ	45	58.21	6
7YNQ	46	53.9	6
7YNQ	47	45.023	6
7YNQ	48	39.767	6
7YNQ	49	31.693	6
7YNQ	50	30.867	6
7YNQ	51	28.477	6
7YNQ	52	25.59	6
7YNQ	53	26.183	6
7YNQ	54	28.28	6
7YNQ	55	29.283	6
7YNQ	56	33.81	6
7YNQ	57	42.867	6
7YNQ	58	45.303	6
7YNQ	59	53.45	6
7YNQ	60	53.953	6
7YNQ	61	57.687	6
7YNQ	62	54.877	6
7YNQ	63	54.613	6
7YNQ	64	53.463	6
7YNQ	65	57.623	6
7YNQ	66	59.183	6
7YNQ	67	63.367	6
7YNQ	68	64.967	6
7YNQ	69	59.443	6
7YNQ	70	55.287	6
7YNQ	71	51.553	6
7YNQ	72	50.207	6
7YNQ	73	44.003	6
7YNQ	74	41.31	6
7YNQ	75	41.12	6
7YNQ	76	36.02	6
7YNQ	77	36.453	6
7YNQ	78	41.05	6
7YNQ	79	47.5	6
7YNQ	80	53.647	6
7YNQ	81	57.82	6
7YNQ	82	63.14	6
7YNQ	83	65.5	6
7YNQ	84	62.03	6
7YNQ	85	60.667	6
7YNQ	86	59.45	6
7YNQ	87	58.183	6
7YNQ	88	55.357	6
7YNQ	89	56.58	6
7YNQ	90	58.363	6
7YNQ	91	65.517	6
7YNQ	92	68.137	6
7YNQ	93	79.817	6
7YNQ	94	84.487	6
7YNQ	95	90.747	6
7YNQ	96	93.567	6
7YNQ	97	96.363	6
7YNR	37	104.323	6
7YNR	38	101.427	6
7YNR	39	98.067	6
7YNR	40	94.463	6
7YNR	41	87.228	6
7YNR	42	79.142	6
7YNR	43	74.335	6
7YNR	44	68.125	6
7YNR	45	59.705	6
7YNR	46	56.1	6
7YNR	47	46.918	6
7YNR	48	44.853	6
7YNR	49	41.06	6
7YNR	50	41.615	6
7YNR	51	40.652	6
7YNR	52	39.313	6
7YNR	53	39.702	6
7YNR	54	42.182	6
7YNR	55	43.245	6
7YNR	56	46.047	6
7YNR	57	52.128	6
7YNR	58	54.977	6
7YNR	59	58.468	6
7YNR	60	59.557	6
7YNR	61	60.582	6
7YNR	62	56.757	6
7YNR	63	53.52	6
7YNR	64	53.175	6
7YNR	65	54.843	6
7YNR	66	56.548	6
7YNR	67	58.74	6
7YNR	68	58.342	6
7YNR	69	54.492	6
7YNR	70	51.633	6
7YNR	71	48.1	6
7YNR	72	50.098	6
7YNR	73	46.938	6
7YNR	74	45.705	6
7YNR	75	46.907	6
7YNR	76	44.217	6
7YNR	77	43.945	6
7YNR	78	42.648	6
7YNR	79	46.005	6
7YNR	80	51.372	6
7YNR	81	55.013	6
7YNR	82	58.632	6
7YNR	83	61.623	6
7YNR	84	58.812	6
7YNR	85	57.26	6
7YNR	86	52.997	6
7YNR	87	50.358	6
7YNR	88	49.157	6
7YNR	89	49.215	6
7YNR	90	51.845	6
7YNR	91	56.48	6
7YNR	92	61.575	6
7YNR	93	67.373	6
7YNR	94	75.777	6
7YNR	95	82.217	6
7YNR	96	83.74	6
7YNR	97	88.288	6
7YNS	37	98.203	6
7YNS	38	95.927	6
7YNS	39	88.368	6
7YNS	40	82.088	6
7YNS	41	73.318	6
7YNS	42	63.193	6
7YNS	43	56.702	6
7YNS	44	50.07	6
7YNS	45	38.625	6
7YNS	46	40.085	6
7YNS	47	32.692	6
7YNS	48	29.715	6
7YNS	49	24.228	6
7YNS	50	23.828	6
7YNS	51	22.753	6
7YNS	52	21.602	6
7YNS	53	22.735	6
7YNS	54	23.688	6
7YNS	55	24.558	6
7YNS	56	27.16	6
7YNS	57	32.623	6
7YNS	58	36.793	6
7YNS	59	41.503	6
7YNS	60	41.667	6
7YNS	61	45.433	6
7YNS	62	40.165	6
7YNS	63	35.857	6
7YNS	64	34.703	6
7YNS	65	35.698	6
7YNS	66	36.645	6
7YNS	67	39.358	6
7YNS	68	38.458	6
7YNS	69	35.188	6
7YNS	70	31.937	6
7YNS	71	29.237	6
7YNS	72	29.922	6
7YNS	73	27.29	6
7YNS	74	26.637	6
7YNS	75	27.862	6
7YNS	76	26.283	6
7YNS	77	27.51	6
7YNS	78	29.662	6
7YNS	79	35.237	6
7YNS	80	40.245	6
7YNS	81	43.857	6
7YNS	82	49.047	6
7YNS	83	53.687	6
7YNS	84	49.452	6
7YNS	85	46.075	6
7YNS	86	43.698	6
7YNS	87	40.778	6
7YNS	88	38.973	6
7YNS	89	37.627	6
7YNS	90	38.295	6
7YNS	91	42.048	6
7YNS	92	47.36	6
7YNS	93	60.835	6
7YNS	94	73.628	6
7YNS	95	81.377	6
7YNS	96	83.772	6
7YNS	97	88.55	6
7YNT	40	68.312	6
7YNT	41	66.977	6
7YNT	42	65.4	6
7YNT	43	63.975	6
7YNT	44	63.908	6
7YNT	45	65.063	6
7YNT	46	70.143	6
7YNT	47	69.668	6
7YNT	48	66.653	6
7YNT	49	63.28	6
7YNT	50	58.408	6
7YNT	51	56.813	6
7YNT	52	55.323	6
7YNT	53	56.268	6
7YNT	54	57.383	6
7YNT	55	58.405	6
7YNT	56	58.05	6
7YNT	57	58.682	6
7YNT	58	55.82	6
7YNT	59	55.282	6
7YNT	60	54.037	6
7YNT	61	54.007	6
7YNT	62	54.157	6
7YNT	63	56.82	6
7YNT	64	58.748	6
7YNT	65	65.483	6
7YNT	66	67.027	6
7YNT	67	69.903	6
7YNT	68	71.633	6
7YNT	69	72.868	6
7YNT	70	71.055	6
7YNT	71	71.207	6
7YNT	72	67.892	6
7YNT	73	67.04	6
7YNT	74	66.77	6
7YNT	75	67.583	6
7YNT	76	69.443	6
7YNT	77	71.995	6
7YNT	78	75.802	6
7YNT	79	79.387	6
7YNT	80	78.748	6
7YNT	81	80.758	6
7YNT	82	83.932	6
7YNT	83	86.803	6
7YNT	84	87.06	6
7YNT	85	86.663	6
7YNT	86	85.535	6
7YNT	87	83.638	6
7YNT	88	81.667	6
7YNT	89	81.217	6
7YNT	90	82.153	6
7YNT	91	83.605	6
7YNT	92	85.282	6
7YNT	93	88.163	6
7YNT	94	90.827	6
7YNT	95	92.282	6
7YNT	96	95.042	6
7YNT	97	99.588	6
7YPG	304	60.15	6
7YPG	305	55.727	6
7YPG	306	50.678	6
7YPG	307	47.808	6
7YPG	308	46.348	6
7YPG	309	45.563	6
7YPG	310	47.125	6
7YPG	311	47.653	6
7YPG	312	47.098	6
7YPG	313	48.907	6
7YPG	314	53.8	6
7YPG	315	54.678	6
7YPG	316	56.535	6
7YPG	317	58.008	6
7YPG	318	60.748	6
7YPG	319	64.628	6
7YPG	320	69.435	6
7YPG	321	75.442	6
7YPG	322	81.667	6
7YPG	323	76.782	6
7YPG	324	72.662	6
7YPG	325	67.42	6
7YPG	326	61.098	6
7YPG	327	56.367	6
7YPG	328	54.255	6
7YPG	329	55.543	6
7YPG	330	53.37	6
7YPG	331	52.992	6
7YPG	332	54.542	6
7YPG	333	54.677	6
7YPG	334	53.858	6
7YPG	335	50.227	6
7YPG	336	46.225	6
7YPG	337	43.758	6
7YPG	338	45.473	6
7YPG	339	45.592	6
7YPG	340	47.632	6
7YPG	341	50.372	6
7YPG	342	53.447	6
7YPG	343	55.682	6
7YPG	344	57.327	6
7YPG	345	61.81	6
7YPG	346	61.85	6
7YPG	347	65.765	6
7YPG	348	70.802	6
7YPG	349	73.115	6
7YPG	350	72.818	6
7YPG	351	74.838	6
7YPG	352	79.565	6
7YPG	353	85.247	6
7YPG	354	90.213	6
7YPG	355	92.698	6
7YPG	356	97.933	6
7YPG	357	100.448	6
7YPG	358	106.257	6
7YPG	359	110.698	6
7YPG	360	114.897	6
7YPG	361	118.437	6
7YPG	362	121.593	6
7ZH7	1	64.474	10
7ZH7	2	63.015	10
7ZH7	3	61.547	10
7ZH7	4	61.729	10
7ZH7	5	61.168	10
7ZH7	6	62.795	10
7ZH7	7	67.186	10
7ZH7	8	72.116	10
7ZH7	9	68.463	10
7ZH7	10	69.872	10
7ZH7	11	68.978	10
7ZH7	12	69.581	10
7ZH7	13	69.625	10
7ZH7	14	70.038	10
7ZH7	15	70.715	10
7ZH7	16	71.614	10
7ZH7	17	71.164	10
7ZH7	18	73.761	10
7ZH7	19	73.582	10
7ZH7	20	72.954	10
7ZH7	21	77.271	10
7ZH7	22	77.111	10
7ZH7	23	73.697	10
7ZH7	24	76.701	10
7ZH7	25	73.974	10
7ZH7	26	71.061	10
7ZH7	27	69.875	10
7ZH7	28	71.968	10
7ZH7	29	67.353	10
7ZH7	30	66.228	10
7ZH7	31	69.122	10
7ZH7	32	71.223	10
7ZH7	33	74.771	10
7ZH7	34	77.118	10
7ZH7	35	78.945	10
7ZH7	36	85.414	10
7ZH7	37	84.444	10
7ZH7	38	86.563	10
7ZH7	39	83.613	10
7ZH7	40	80.913	10
7ZH7	41	76.862	10
7ZH7	42	77.741	10
7ZH7	43	76.786	10
7ZH7	44	76.233	10
7ZH7	45	71.045	10
7ZH7	46	67.902	10
7ZH7	47	65.034	10
7ZH7	48	63.447	10
7ZH7	49	62.121	10
7ZH7	50	59.08	10
7ZH7	51	57.599	10
7ZH7	52	57.692	10
7ZH7	53	57.316	10
7ZH7	54	59.347	10
7ZH7	55	62.177	10
7ZH7	56	65.67	10
7ZH7	57	67.235	10
7ZH7	58	69.862	10
7ZH7	59	71.517	10
7ZH7	60	69.446	10
7ZH7	61	70.206	10
7ZH7	62	70.498	10
7ZH7	63	66.236	10
7ZH7	64	67.489	10
7ZH7	65	64.448	10
7ZH7	66	65.519	10
7ZH7	67	63.461	10
7ZH7	68	63.444	10
7ZH7	69	59.602	10
7ZH7	70	55.649	10
7ZH7	71	53.74	10
7ZH7	72	53.686	10
7ZH7	73	53.469	10
7ZH7	74	54.355	10
7ZH7	75	57.347	10
7ZH7	76	59.22	10
7ZIR	345	58.192	5
7ZIR	346	48.936	5
7ZIR	347	43.61	5
7ZIR	348	40.846	5
7ZIR	349	40.998	5
7ZIR	350	39.858	5
7ZIR	351	39.066	5
7ZIR	352	40.614	5
7ZIR	353	39.288	5
7ZIR	354	44.044	5
7ZIR	355	45.718	5
7ZIR	356	41.896	5
7ZIR	357	40.07	5
7ZIR	358	36.058	5
7ZIR	359	36.49	5
7ZIR	360	37.988	5
7ZIR	361	37.062	5
7ZIR	362	42.814	5
7ZIR	363	47.134	5
7ZIR	364	54.272	5
7ZIR	365	59.832	5
7ZIR	366	60.042	5
7ZIR	367	60.294	5
7ZIR	368	61.02	5
7ZIR	369	52.856	5
7ZIR	370	54.476	5
7ZIR	371	47.152	5
7ZIR	372	48.92	5
7ZIR	373	45.086	5
7ZIR	374	44.25	5
7ZIR	375	39.398	5
7ZIR	376	38.652	5
7ZIR	377	37.864	5
7ZIR	378	43.702	5
7ZIR	379	41.01	5
7ZIR	380	46.698	5
7ZIR	381	50.202	5
7ZIR	382	57.108	5
7ZIR	383	65.484	5
7ZIR	384	72.472	5
7ZIR	385	75.098	5
7ZIR	386	81.714	5
7ZIR	387	74.298	5
7ZIR	388	84.852	5
7ZIR	389	89.67	5
7ZIR	390	90.322	5
7ZIR	391	92.62	5
7ZIR	392	89.724	5
7ZIR	393	91.964	5
7ZIR	394	96.268	5
7ZIR	395	98.784	5
7ZJ2	303	82.29	12
7ZJ2	304	83.21	12
7ZJ2	305	79.17	12
7ZJ2	306	75.99	12
7ZJ2	307	76.49	12
7ZJ2	308	79.64	12
7ZJ2	309	77.77	12
7ZJ2	310	74.48	12
7ZJ2	311	70.66	12
7ZJ2	312	62.65	12
7ZJ2	313	61.07	12
7ZJ2	314	59.56	12
7ZJ2	315	56.16	12
7ZJ2	316	52.43	12
7ZJ2	317	48.99	12
7ZJ2	318	52.53	12
7ZJ2	319	48.68	12
7ZJ2	320	53.65	12
7ZJ2	321	49.78	12
7ZJ2	322	52.53	12
7ZJ2	323	54.03	12
7ZJ2	324	61.22	12
7ZJ2	325	62.93	12
7ZJ2	326	69.42	12
7ZJ2	327	73.18	12
7ZJ2	328	78.26	12
7ZJ2	329	78.28	12
7ZJ2	330	75.62	12
7ZJ2	331	67.35	12
7ZJ2	332	64.81	12
7ZJ2	333	67.65	12
7ZJ2	334	65.47	12
7ZJ2	335	65.68	12
7ZJ2	336	66.95	12
7ZJ2	337	73.99	12
7ZJ2	338	75.48	12
7ZJ2	339	80.86	12
7ZJ2	340	84.21	12
7ZJ2	341	88.52	12
7ZJ2	342	84.53	12
7ZJ2	343	83.13	12
7ZJ2	344	85.57	12
7ZJ2	345	85.43	12
7ZJ2	346	89.77	12
7ZJ2	347	90.89	12
7ZKY	2	179.64	12
7ZKY	3	173.195	12
7ZKY	4	169.36	12
7ZKY	5	172.485	12
7ZKY	6	170.795	12
7ZKY	7	171.785	12
7ZKY	8	173.6	12
7ZKY	9	173.45	12
7ZKY	10	171.115	12
7ZKY	11	173.895	12
7ZKY	12	174.495	12
7ZKY	13	172.345	12
7ZKY	14	168.99	12
7ZKY	15	160.95	12
7ZKY	16	162.83	12
7ZKY	17	162.255	12
7ZKY	18	163.52	12
7ZKY	19	162.645	12
7ZKY	20	164.235	12
7ZKY	21	162.16	12
7ZKY	22	167.015	12
7ZKY	23	169.14	12
7ZKY	24	166.07	12
7ZKY	25	165.395	12
7ZKY	26	167.56	12
7ZKY	27	171.47	12
7ZKY	28	172.86	12
7ZKY	29	175.665	12
7ZKY	30	172.965	12
7ZKY	31	171.27	12
7ZKY	32	175.215	12
7ZKY	33	173.605	12
7ZKY	34	168.805	12
7ZKY	35	168.005	12
7ZKY	36	164.395	12
7ZKY	37	153.215	12
7ZKY	38	155.81	12
7ZKY	39	150.86	12
7ZKY	40	158.51	12
7ZKY	41	146.34	6
7ZKY	42	162.3	6
7ZKY	43	162.03	6
7ZKY	44	162.01	6
7ZKY	45	160.2	6
7ZKY	46	155.97	6
7ZKY	47	156.48	6
7ZKY	48	161.36	6
7ZKY	49	159.79	6
7ZKY	50	158.24	6
7ZKY	51	156.46	6
7ZKY	52	151.76	6
7ZKY	53	144.4	6
7ZKY	54	147.87	6
7ZKY	55	147.64	6
7ZKY	56	151.08	6
7ZKY	57	161.13	6
7ZKY	58	165.58	6
7ZKY	59	172.11	6
7ZKY	60	180.02	6
7ZKY	61	181.76	6
7ZKY	62	179.61	6
7ZKY	63	177.05	6
7ZKY	64	170.52	6
7ZKY	65	163.19	6
7ZKY	66	163.68	6
7ZKY	67	145.8	6
7ZKY	68	137.52	6
7ZKY	69	126.02	6
8A00	72	31.747	3
8A00	73	30.507	3
8A00	74	29.88	3
8A00	75	29.827	3
8A00	76	31.413	3
8A00	77	32.57	3
8A00	78	34.073	3
8A00	79	35.083	3
8A00	80	37.26	3
8A00	81	37.873	3
8A00	82	37.253	3
8A00	83	38.107	3
8A00	84	37.323	3
8A00	85	36.977	3
8A00	86	36.277	3
8A00	87	36.143	3
8A00	88	35.663	3
8A00	89	33.997	3
8A00	90	32.317	3
8A00	91	31.51	3
8A00	92	30.647	3
8A00	93	29.803	3
8A00	94	29.957	3
8A00	95	30.087	3
8A00	96	29.413	3
8A00	97	27.35	3
8A00	98	26.09	3
8A00	99	25.74	3
8A00	100	24.813	3
8A00	101	25.213	3
8A00	102	25.913	3
8A00	103	26.133	3
8A00	104	26.48	3
8A00	105	27.163	3
8A00	106	28.543	3
8A00	107	29.29	3
8A00	108	30.653	3
8A00	109	30.757	3
8A00	110	31.06	3
8A00	111	32.85	3
8A00	112	32.753	3
8A00	113	34.93	3
8A00	114	34.81	3
8A00	115	37.993	3
8A00	116	35.39	3
8A00	117	34.773	3
8A00	118	35.823	3
8A00	119	33.453	3
8A00	120	31.323	3
8A00	121	31.457	3
8A00	122	30.213	3
8A00	123	31.217	3
8A00	124	30.97	3
8A00	125	30.96	3
8A00	126	29.737	3
8A00	127	30.977	3
8A00	128	29.887	3
8A00	129	31.417	3
8A00	130	30.447	3
8A00	131	31.937	3
8A00	132	28.463	3
8A00	133	27.863	3
8A00	134	27.223	3
8A00	135	26.267	3
8A00	136	26.18	3
8A00	137	27.493	3
8A00	138	27.58	3
8A00	139	29.39	3
8A00	140	28.273	3
8A00	141	30.143	3
8A00	142	30.153	3
8A00	143	31.937	3
8A00	144	32.227	3
8A00	145	28.737	3
8A00	146	29.64	3
8A00	147	27.883	3
8A00	148	27.877	3
8A00	149	25.033	3
8A00	150	25.003	3
8A00	151	24.71	3
8A00	152	24.35	3
8A00	153	26.647	3
8A00	154	30.743	3
8A00	155	33.87	3
8A00	156	36.347	3
8A00	157	34.783	3
8A00	158	34.197	3
8A00	159	34.9	3
8A00	160	36.79	3
8A00	161	38.137	3
8A00	162	39.577	3
8A00	163	41.897	3
8A00	164	44.4	3
8A00	165	47.433	3
8A00	166	50.697	3
8A00	167	56.483	3
8A00	168	60.347	3
8A00	169	62.207	3
8A00	170	63.653	3
8A00	171	65.53	3
8A00	172	65.373	3
8A00	173	66.903	3
8A00	174	66.06	3
8A00	175	63.503	3
8A00	176	62.763	3
8A00	177	62.207	3
8A00	178	57.743	3
8A00	179	54.6	3
8A00	180	48.997	3
8A00	181	44.62	3
8A00	182	45.087	3
8A00	183	43.023	3
8A00	184	43.907	3
8A00	185	43.337	3
8A00	186	42.43	3
8A00	187	41.353	3
8A00	188	41.38	3
8A00	189	39.777	3
8A00	190	38.88	3
8A00	191	38.057	3
8A00	192	33.667	3
8A00	193	31.45	3
8A00	194	26.803	3
8A00	195	28.347	3
8A00	196	29.443	3
8A00	197	32.29	3
8A00	198	33.41	3
8A00	199	31.053	3
8A00	200	32.24	3
8A00	201	32.52	3
8A00	202	35.947	3
8A00	203	40.593	3
8A00	204	47.263	3
8A00	205	50.373	3
8A00	206	53.987	3
8A00	207	58.153	3
8A4L	14	53.483	15
8A4L	15	49.683	15
8A4L	16	47.833	15
8A4L	17	46.953	15
8A4L	18	46.419	15
8A4L	19	51.501	15
8A4L	20	54.423	15
8A4L	21	61.445	15
8A4L	22	70.089	15
8A4L	23	74.806	15
8A4L	24	79.79	15
8A4L	33	65.418	15
8A4L	34	62.071	15
8A4L	35	59.695	15
8A4L	36	54.729	15
8A4L	37	52.502	15
8A4L	38	49.922	15
8A4L	39	49.092	15
8A4L	40	45.241	15
8A4L	41	47.692	15
8A4L	42	51.203	15
8A4L	43	55.909	15
8A4L	44	56.898	15
8A4L	45	59.259	15
8A4L	46	61.91	15
8A4L	47	51.987	15
8A4L	48	44.511	15
8A4L	49	41.491	15
8A4L	50	43.963	15
8A4L	51	41.399	15
8A4L	52	39.468	15
8A4L	53	41.31	15
8A4L	54	46.483	15
8A4L	55	50.289	15
8A4L	56	55.223	15
8A4L	57	63.05	15
8A4L	58	62.113	15
8A4L	59	62.632	15
8A4L	60	63.919	15
8A4L	61	61.047	15
8A4L	62	51.728	15
8A4L	63	45.509	15
8A4L	64	44.131	15
8A4L	65	40.57	15
8A4L	66	37.34	15
8A4L	67	36.921	15
8A4L	68	37.551	15
8A4L	69	35.627	15
8A4L	70	34.384	15
8A4L	71	33.879	15
8A4L	72	35.487	15
8A4L	73	39.431	15
8A4L	74	41.966	15
8A4L	75	43.285	15
8A4L	76	40.263	15
8A4L	77	41.894	15
8A4L	78	43.754	15
8A4L	79	49.085	15
8A4L	80	54.259	15
8A4L	81	53.284	15
8A4L	82	55.226	15
8A4L	83	59.987	15
8A4L	84	55.371	15
8A4L	85	52.236	15
8A4L	86	47.428	15
8A4L	87	44.134	15
8A4L	88	40.541	15
8A4L	89	41.877	15
8A4L	90	41.809	15
8A4L	91	45.593	15
8A4L	92	48.308	15
8A4L	93	51.287	15
8A4L	94	55.067	15
8A4L	95	55.921	15
8A4L	96	57.645	15
8A7O	6	78.435	6
8A7O	7	76.08	6
8A7O	8	76.68	6
8A7O	9	74.94	6
8A7O	10	73.625	6
8A7O	11	73.82	6
8A7O	12	73.375	6
8A7O	13	73.4	6
8A7O	14	71.715	6
8A7O	15	66.405	6
8A7O	16	61.645	6
8A7O	17	55.9	6
8A7O	18	47.825	6
8A7O	19	44.855	6
8A7O	20	42.01	6
8A7O	21	40.25	6
8A7O	22	39.095	6
8A7O	23	38.445	6
8A7O	24	39.42	6
8A7O	25	39.35	6
8A7O	26	35.305	6
8A7O	27	33.675	6
8A7O	28	32.15	6
8A7O	29	33.43	6
8A7O	30	35.39	6
8A7O	31	34.06	6
8A7O	32	38.455	6
8A7O	33	43.205	6
8A7O	34	46.575	6
8A7O	35	46.095	6
8A7O	36	51.185	6
8A7O	37	51.615	6
8A7O	38	55.84	6
8A7O	39	57.955	6
8A7O	40	61.34	6
8A7O	41	61.12	6
8A7O	42	66.075	6
8A7O	43	69.9	6
8A7O	44	75.545	6
8A7O	45	75.43	6
8A7O	46	72.985	6
8A7O	47	71.86	6
8A7O	48	66.205	6
8A7O	49	64.24	6
8A7O	50	64.68	6
8A7O	51	63.49	6
8A7O	52	58.985	6
8A7O	53	56.58	6
8A7O	54	53.155	6
8A7O	55	47.705	6
8A7O	56	39.625	6
8A7O	57	38.115	6
8A7O	58	38.05	6
8A7O	59	36.18	6
8A7O	60	32.7	6
8A7O	61	29.2	6
8A7O	62	27.77	6
8A7O	63	30.04	6
8A7O	64	31.34	6
8A7O	65	33.65	6
8A7O	66	35.63	6
8A7O	67	36.26	6
8A7O	68	38.095	6
8A7O	69	41.465	6
8A7O	70	43.365	6
8A7O	71	43.05	6
8A7O	72	44.485	6
8A7O	73	49.62	6
8A7O	74	52.665	6
8A7O	75	52.72	6
8A7O	76	52.31	6
8A7O	77	49.51	6
8A7O	78	47.645	6
8A7O	79	45.945	6
8A7O	80	45.345	6
8A7O	81	43.365	6
8A7O	82	44.255	6
8A7O	83	45.445	6
8A7O	84	50.775	6
8A7O	85	51.215	6
8A7O	86	56.16	6
8A7O	87	61.8	6
8A7O	88	69.7	6
8A7O	89	77.675	6
8A7O	90	82.84	6
8A7O	91	90.445	6
8A7O	92	96.595	6
8A7O	93	99.43	6
8A7P	6	91.217	6
8A7P	7	86.977	6
8A7P	8	87.742	6
8A7P	9	85.822	6
8A7P	10	89.395	6
8A7P	11	96.135	6
8A7P	12	101.822	6
8A7P	13	108.007	6
8A7P	14	110.208	6
8A7P	15	110.33	6
8A7P	16	108.393	6
8A7P	17	105.883	6
8A7P	18	100.713	6
8A7P	19	95.763	6
8A7P	20	92.798	6
8A7P	21	89.818	6
8A7P	22	87.768	6
8A7P	23	83.92	6
8A7P	24	85.36	6
8A7P	25	81.497	6
8A7P	26	69.685	6
8A7P	27	66.15	6
8A7P	28	59.808	6
8A7P	29	58.472	6
8A7P	30	56.962	6
8A7P	31	57.12	6
8A7P	32	59.908	6
8A7P	33	66.947	6
8A7P	34	74.113	6
8A7P	35	72.027	6
8A7P	36	74.39	6
8A7P	37	72.238	6
8A7P	38	74.047	6
8A7P	39	73.872	6
8A7P	40	73.903	6
8A7P	41	75.518	6
8A7P	42	78.063	6
8A7P	43	78.368	6
8A7P	44	78.86	6
8A7P	45	74.437	6
8A7P	46	74.573	6
8A7P	47	76.903	6
8A7P	48	74.272	6
8A7P	49	71.678	6
8A7P	50	73.343	6
8A7P	51	72.897	6
8A7P	52	74.648	6
8A7P	53	73.967	6
8A7P	54	71.248	6
8A7P	55	70.035	6
8A7P	56	67.708	6
8A7P	57	67.122	6
8A7P	58	66.793	6
8A7P	59	64.562	6
8A7P	60	60.302	6
8A7P	61	59.608	6
8A7P	62	56.828	6
8A7P	63	61.035	6
8A7P	64	66.73	6
8A7P	65	70.415	6
8A7P	66	74.333	6
8A7P	67	74.565	6
8A7P	68	75.032	6
8A7P	69	76.287	6
8A7P	70	78.183	6
8A7P	71	76.88	6
8A7P	72	78.62	6
8A7P	73	82.267	6
8A7P	74	86.4	6
8A7P	75	87.563	6
8A7P	76	87.412	6
8A7P	77	84.342	6
8A7P	78	83.768	6
8A7P	79	85.965	6
8A7P	80	88.032	6
8A7P	81	91.05	6
8A7P	82	91.622	6
8A7P	83	91.47	6
8A7P	84	91.59	6
8A7P	85	96.602	6
8A7P	86	100.95	6
8A7P	87	107.055	6
8A7P	88	108.057	6
8A7P	89	109.243	6
8A7P	90	109.565	6
8A7P	91	110.298	6
8A7P	92	108.73	6
8A7Q	21	53.847	12
8A7Q	22	71.133	12
8A7Q	23	30.129	12
8A7Q	24	33.952	12
8A7Q	25	45.642	12
8A7Q	26	31.098	12
8A7Q	27	44.446	12
8A7Q	28	23.303	12
8A7Q	29	24.232	12
8A7Q	30	34.117	12
8A7Q	31	31.123	12
8A7Q	32	29.03	12
8A7Q	33	27.012	12
8A7Q	34	48.05	12
8A7Q	35	30.899	12
8A7Q	36	51.965	12
8A7Q	37	28.125	12
8A7Q	38	31.492	12
8A7Q	39	33.14	12
8A7Q	40	26.323	12
8A7Q	41	26.153	12
8A7Q	42	31.438	12
8A7Q	43	43.885	12
8A7Q	44	49.204	12
8A7Q	45	25.779	12
8A7Q	46	29.192	12
8A7Q	47	70.276	12
8A7Q	48	43.474	12
8A7Q	49	26.738	12
8A7Q	50	60.945	12
8A7Q	51	41.885	12
8A7Q	52	35.677	12
8A7Q	53	55.803	12
8A7Q	54	36.782	12
8A7Q	55	38.826	12
8A7Q	56	32.828	12
8A7Q	57	34.2	12
8A7Q	58	39.749	12
8A7Q	59	50.647	12
8A7Q	60	33.128	12
8A7Q	61	27.402	12
8A7Q	62	32.62	12
8A7Q	63	30.577	12
8A7Q	64	27.274	12
8A7Q	65	24.933	12
8A7Q	66	53.856	12
8A7Q	67	48.516	12
8A7Q	68	41.595	12
8A7Q	69	64.666	12
8A7Q	70	47.856	12
8A7Q	71	48.297	12
8A7Q	72	46.488	12
8A7Q	73	59.837	12
8A7Q	74	62.738	12
8A7Q	75	55.005	12
8A7Q	76	79.957	12
8A7Q	77	62.233	12
8A7Q	78	61.311	12
8A7Q	79	39.071	12
8A7Q	80	56.197	12
8A7Q	81	76.089	12
8A7Q	82	57.127	12
8A7Q	83	67.016	12
8A7Q	84	74.6	12
8A7T	6	93.43	3
8A7T	7	91.85	3
8A7T	8	87.74	3
8A7T	9	82.927	3
8A7T	10	80.167	3
8A7T	11	80.32	3
8A7T	12	81.84	3
8A7T	13	84.777	3
8A7T	14	82.303	3
8A7T	15	79.5	3
8A7T	16	78.32	3
8A7T	17	74.937	3
8A7T	18	68.7	3
8A7T	19	66.133	3
8A7T	20	64.587	3
8A7T	21	84.678	6
8A7T	22	80.577	6
8A7T	23	77.295	6
8A7T	24	74.187	6
8A7T	25	72.735	6
8A7T	26	65.157	6
8A7T	27	61.645	6
8A7T	28	61.535	6
8A7T	29	62.298	6
8A7T	30	63.31	6
8A7T	31	66.505	6
8A7T	32	72.793	6
8A7T	33	81.188	6
8A7T	34	88.968	6
8A7T	35	87.653	6
8A7T	36	95.167	6
8A7T	37	95.58	6
8A7T	38	99.935	6
8A7T	39	101.115	6
8A7T	40	101.862	6
8A7T	41	102.815	6
8A7T	42	105.14	6
8A7T	43	109.038	6
8A7T	44	114.99	6
8A7T	45	116.467	6
8A7T	46	115.418	6
8A7T	47	117.713	6
8A7T	48	114.877	6
8A7T	49	111.763	6
8A7T	50	113.487	6
8A7T	51	113.237	6
8A7T	52	109.097	6
8A7T	53	105.187	6
8A7T	54	100.028	6
8A7T	55	94.103	6
8A7T	56	86.075	6
8A7T	57	82.97	6
8A7T	58	81.237	6
8A7T	59	78.267	6
8A7T	60	71.062	6
8A7T	61	66.132	6
8A7T	62	63.285	6
8A7T	63	67.593	6
8A7T	64	66.81	6
8A7T	65	71.647	6
8A7T	66	77.36	6
8A7T	67	78.895	6
8A7T	68	81.115	6
8A7T	69	84.058	6
8A7T	70	83.052	6
8A7T	71	85.337	6
8A7T	72	85.298	6
8A7T	73	87.375	6
8A7T	74	87.088	6
8A7T	75	86.082	6
8A7T	76	86.027	6
8A7T	77	83.815	6
8A7T	78	79.665	6
8A7T	79	80.183	6
8A7T	80	82.205	6
8A7T	81	85.795	6
8A7T	82	86.487	6
8A7T	83	90.132	6
8A7T	84	76.57	3
8A7T	85	75.783	3
8A7T	86	79.007	3
8A7T	87	82.19	3
8A7T	88	89.437	3
8A7T	89	93.347	3
8A7T	90	94.787	3
8ADE	11	60.51	7
8ADE	12	61.75	7
8ADE	13	62.01	7
8ADE	14	60.55	7
8ADE	15	63.93	7
8ADE	16	62.62	7
8ADE	17	67.16	7
8ADE	18	71.79	7
8ADE	19	73.66	7
8ADE	20	76.7	7
8ADE	21	82.24	7
8ADE	22	79.25	7
8ADE	23	77.67	7
8ADE	24	73.62	7
8ADE	25	67.7	7
8ADE	26	66.08	7
8ADE	27	61.41	7
8ADE	28	60.35	7
8ADE	29	55.51	7
8ADE	30	56.46	7
8ADE	31	55.89	7
8ADE	32	57.52	7
8ADE	33	59.84	7
8ADE	34	62.53	7
8ADE	35	62.69	7
8ADE	57	74.09	7
8ADE	58	72.58	7
8ADE	59	70.87	7
8ADE	60	68.92	7
8ADE	61	65.81	7
8ADE	62	67.54	7
8ADE	63	68.21	7
8ADE	64	61.78	7
8ADE	65	56.65	7
8ADE	66	55.42	7
8ADE	67	53.32	7
8ADE	68	53.79	7
8ADE	69	56.05	7
8ADE	70	54.04	7
8ADE	71	56.68	7
8ADE	72	58.66	7
8ADE	73	54.32	7
8ADE	74	56.39	7
8ADE	75	57.54	7
8ADE	76	60.04	7
8ADE	77	62.35	7
8ADE	78	65.38	7
8ADE	79	70.96	7
8ADE	80	70.37	7
8ADE	81	71.98	7
8ADE	82	73.22	7
8ADE	83	74.37	7
8ADE	84	75.77	7
8ADE	85	76.24	7
8ADE	86	75.81	7
8ADE	87	76.49	7
8ADE	88	79.03	7
8ADE	89	83.23	7
8ADE	90	84.0	7
8ADE	91	84.68	7
8ADE	92	79.46	7
8ADE	93	76.18	7
8ADE	94	75.43	7
8ADE	95	71.03	7
8ADE	96	71.44	7
8ADE	97	69.28	7
8ADE	98	67.44	7
8ADE	99	67.39	7
8ADE	100	65.77	7
8ADE	101	67.58	7
8ADE	102	68.37	7
8ADE	103	63.15	7
8ADE	104	61.34	7
8ADE	105	58.67	7
8ADE	106	58.0	7
8ADE	107	54.38	7
8ADE	108	53.93	7
8ADE	109	54.73	7
8ADE	110	54.34	7
8ADE	111	55.51	7
8ADE	112	56.26	7
8ADE	113	57.82	7
8ADE	114	57.25	7
8ADE	115	56.13	7
8ADE	116	55.88	7
8ADE	117	56.51	7
8ADE	118	58.48	7
8ADE	119	57.43	7
8ADE	120	56.08	7
8ADE	121	55.11	7
8ADE	122	54.28	7
8ADE	123	55.29	7
8ADS	14	72.205	10
8ADS	15	68.631	10
8ADS	16	69.234	10
8ADS	17	67.316	10
8ADS	18	68.694	10
8ADS	19	71.156	10
8ADS	20	73.758	10
8ADS	21	77.13	10
8ADS	22	82.228	10
8ADS	23	85.295	10
8ADS	24	87.225	10
8ADS	33	73.009	10
8ADS	34	72.065	10
8ADS	35	72.547	10
8ADS	36	68.303	10
8ADS	37	66.683	10
8ADS	38	64.906	10
8ADS	39	64.868	10
8ADS	40	62.543	10
8ADS	41	65.117	10
8ADS	42	67.999	10
8ADS	43	72.275	10
8ADS	44	73.186	10
8ADS	45	74.287	10
8ADS	46	72.576	10
8ADS	47	67.894	10
8ADS	48	65.433	10
8ADS	49	64.931	10
8ADS	50	66.588	10
8ADS	51	66.411	10
8ADS	52	67.451	10
8ADS	53	68.902	10
8ADS	54	73.026	10
8ADS	55	73.431	10
8ADS	56	76.583	10
8ADS	57	80.994	10
8ADS	58	81.981	10
8ADS	59	82.994	10
8ADS	60	83.667	10
8ADS	61	80.639	10
8ADS	62	75.958	10
8ADS	63	73.104	10
8ADS	64	70.225	10
8ADS	65	67.719	10
8ADS	66	64.696	10
8ADS	67	62.798	10
8ADS	68	59.951	10
8ADS	69	56.979	10
8ADS	70	56.948	10
8ADS	71	58.334	10
8ADS	72	61.22	10
8ADS	73	63.877	10
8ADS	74	65.834	10
8ADS	75	65.906	10
8ADS	76	64.739	10
8ADS	77	63.33	10
8ADS	78	64.668	10
8ADS	79	66.755	10
8ADS	80	69.545	10
8ADS	81	70.334	10
8ADS	82	71.406	10
8ADS	83	75.949	10
8ADS	84	72.991	10
8ADS	85	71.8	10
8ADS	86	66.652	10
8ADS	87	66.702	10
8ADS	88	62.966	10
8ADS	89	63.661	10
8ADS	90	63.807	10
8ADS	91	66.617	10
8ADS	92	70.352	10
8ADS	93	71.786	10
8ADS	94	76.842	10
8ADS	95	77.788	10
8ADS	96	80.024	10
8ADU	1	90.37	5
8ADU	2	84.194	5
8ADU	3	77.734	5
8ADU	4	71.33	5
8ADU	5	71.762	5
8ADU	6	67.238	5
8ADU	7	66.59	5
8ADU	8	66.472	5
8ADU	9	69.224	5
8ADU	10	71.762	5
8ADU	11	74.794	5
8ADU	12	76.566	5
8ADU	13	73.868	5
8ADU	14	63.852	5
8ADU	15	59.472	5
8ADU	16	57.326	5
8ADU	17	57.142	5
8ADU	18	56.076	5
8ADU	19	56.646	5
8ADU	20	58.608	5
8ADU	21	59.064	5
8ADU	22	57.402	5
8ADU	23	52.23	5
8ADU	24	50.97	5
8ADU	25	49.19	5
8ADU	26	48.238	5
8ADU	27	48.668	5
8ADU	28	51.984	5
8ADU	29	47.06	5
8ADU	30	47.228	5
8ADU	31	47.61	5
8ADU	32	50.224	5
8ADU	33	52.244	5
8ADU	34	52.624	5
8ADU	35	53.106	5
8ADU	36	53.082	5
8ADU	37	53.438	5
8ADU	38	52.262	5
8ADU	39	52.314	5
8ADU	40	53.12	5
8ADU	41	53.44	5
8ADU	42	53.358	5
8ADU	43	52.178	5
8ADU	44	52.142	5
8ADU	45	52.06	5
8ADU	46	50.816	5
8ADU	47	44.346	5
8ADU	48	42.734	5
8ADU	49	43.238	5
8ADU	50	43.238	5
8ADU	51	46.006	5
8ADU	52	48.07	5
8ADU	53	51.522	5
8ADU	54	59.268	5
8ADU	55	60.21	5
8ADU	56	66.012	5
8ADU	57	71.73	5
8ADU	58	73.8	5
8ADU	59	74.05	5
8ADU	60	74.206	5
8ADU	61	73.048	5
8ADU	62	67.268	5
8ADU	63	63.362	5
8ADU	64	60.744	5
8ADU	65	61.854	5
8ADU	66	60.268	5
8ADU	67	63.108	5
8ADU	68	60.858	5
8ADU	69	56.46	5
8ADU	70	53.986	5
8ADU	71	49.854	5
8ADU	72	50.92	5
8ADU	73	48.434	5
8ADU	74	48.32	5
8ADU	75	48.66	5
8ADU	76	48.288	5
8ADU	77	48.768	5
8ADU	78	55.488	5
8ADU	79	60.008	5
8ADU	80	60.564	5
8ADU	81	60.302	5
8ADU	82	62.248	5
8ADU	83	64.334	5
8ADU	84	67.284	5
8ADU	85	68.088	5
8ADU	86	66.428	5
8ADU	87	64.628	5
8ADU	88	60.09	5
8ADU	89	57.214	5
8ADU	90	58.908	5
8ADU	91	59.94	5
8ADU	92	60.956	5
8ADU	93	61.278	5
8ADU	94	64.614	5
8ADU	95	68.616	5
8ADU	96	73.682	5
8ADU	97	81.4	5
8ADU	98	92.354	5
8ADU	99	95.568	5
8ADV	1	66.538	10
8ADV	2	62.585	10
8ADV	3	58.196	10
8ADV	4	55.542	10
8ADV	5	58.486	10
8ADV	6	56.024	10
8ADV	7	52.285	10
8ADV	8	52.409	10
8ADV	9	55.582	10
8ADV	10	58.706	10
8ADV	11	60.227	10
8ADV	12	63.219	10
8ADV	13	62.192	10
8ADV	14	53.809	10
8ADV	15	49.916	10
8ADV	16	46.873	10
8ADV	17	46.045	10
8ADV	18	46.307	10
8ADV	19	49.459	10
8ADV	20	54.948	10
8ADV	21	53.704	10
8ADV	22	52.365	10
8ADV	23	47.821	10
8ADV	24	46.799	10
8ADV	25	46.529	10
8ADV	26	45.629	10
8ADV	27	45.287	10
8ADV	28	48.635	10
8ADV	29	44.303	10
8ADV	30	42.633	10
8ADV	31	42.68	10
8ADV	32	43.589	10
8ADV	33	44.507	10
8ADV	34	46.252	10
8ADV	35	49.672	10
8ADV	36	45.779	10
8ADV	37	43.823	10
8ADV	38	44.024	10
8ADV	39	47.85	10
8ADV	40	46.911	10
8ADV	41	47.933	10
8ADV	42	49.808	10
8ADV	43	51.726	10
8ADV	44	53.633	10
8ADV	45	54.854	10
8ADV	46	51.468	10
8ADV	47	44.32	10
8ADV	48	41.235	10
8ADV	49	41.405	10
8ADV	50	43.445	10
8ADV	51	45.155	10
8ADV	52	47.495	10
8ADV	53	51.503	10
8ADV	54	57.766	10
8ADV	55	58.417	10
8ADV	56	63.284	10
8ADV	57	67.378	10
8ADV	58	67.126	10
8ADV	59	68.144	10
8ADV	60	69.463	10
8ADV	61	69.026	10
8ADV	62	62.356	10
8ADV	63	58.405	10
8ADV	64	57.649	10
8ADV	65	56.6	10
8ADV	66	55.816	10
8ADV	67	54.385	10
8ADV	68	54.122	10
8ADV	69	50.231	10
8ADV	70	49.132	10
8ADV	71	47.818	10
8ADV	72	48.572	10
8ADV	73	46.398	10
8ADV	74	45.039	10
8ADV	75	46.434	10
8ADV	76	45.453	10
8ADV	77	43.932	10
8ADV	78	47.365	10
8ADV	79	50.8	10
8ADV	80	53.508	10
8ADV	81	53.95	10
8ADV	82	55.557	10
8ADV	83	61.128	10
8ADV	84	61.74	10
8ADV	85	60.023	10
8ADV	86	58.335	10
8ADV	87	55.951	10
8ADV	88	51.362	10
8ADV	89	48.443	10
8ADV	90	48.812	10
8ADV	91	48.965	10
8ADV	92	52.261	10
8ADV	93	53.023	10
8ADV	94	53.621	10
8ADV	95	56.236	10
8ADV	96	60.227	10
8ADV	97	63.657	10
8ADV	98	69.761	10
8ADV	99	74.265	10
8ADW	1	95.817	10
8ADW	2	93.819	10
8ADW	3	89.773	10
8ADW	4	85.139	10
8ADW	5	81.476	10
8ADW	6	74.599	10
8ADW	7	74.772	10
8ADW	8	77.397	10
8ADW	9	82.99	10
8ADW	10	83.381	10
8ADW	11	84.44	10
8ADW	12	85.106	10
8ADW	13	81.894	10
8ADW	14	74.152	10
8ADW	15	67.475	10
8ADW	16	63.481	10
8ADW	17	61.698	10
8ADW	18	62.115	10
8ADW	19	61.237	10
8ADW	20	62.648	10
8ADW	21	60.009	10
8ADW	22	60.039	10
8ADW	23	55.23	10
8ADW	24	55.058	10
8ADW	25	53.977	10
8ADW	26	53.128	10
8ADW	27	51.966	10
8ADW	28	53.939	10
8ADW	29	48.789	10
8ADW	30	47.175	10
8ADW	31	44.643	10
8ADW	32	44.359	10
8ADW	33	46.065	10
8ADW	34	46.018	10
8ADW	35	47.912	10
8ADW	36	47.575	10
8ADW	37	46.982	10
8ADW	38	47.767	10
8ADW	39	48.639	10
8ADW	40	45.719	10
8ADW	41	46.035	10
8ADW	42	47.538	10
8ADW	43	47.792	10
8ADW	44	48.419	10
8ADW	45	45.914	10
8ADW	46	46.241	10
8ADW	47	41.819	10
8ADW	48	38.563	10
8ADW	49	38.083	10
8ADW	50	35.744	10
8ADW	51	35.87	10
8ADW	52	37.23	10
8ADW	53	38.793	10
8ADW	54	45.265	10
8ADW	55	45.417	10
8ADW	56	48.97	10
8ADW	57	55.675	10
8ADW	58	54.295	10
8ADW	59	56.04	10
8ADW	60	57.308	10
8ADW	61	58.132	10
8ADW	62	55.636	10
8ADW	63	54.346	10
8ADW	64	52.712	10
8ADW	65	52.269	10
8ADW	66	46.766	10
8ADW	67	45.254	10
8ADW	68	43.478	10
8ADW	69	41.37	10
8ADW	70	37.321	10
8ADW	71	38.849	10
8ADW	72	40.698	10
8ADW	73	41.692	10
8ADW	74	45.859	10
8ADW	75	48.758	10
8ADW	76	50.051	10
8ADW	77	51.662	10
8ADW	78	56.905	10
8ADW	79	61.967	10
8ADW	80	62.58	10
8ADW	81	62.591	10
8ADW	82	63.41	10
8ADW	83	68.438	10
8ADW	84	69.533	10
8ADW	85	69.674	10
8ADW	86	67.85	10
8ADW	87	65.299	10
8ADW	88	61.373	10
8ADW	89	62.132	10
8ADW	90	62.645	10
8ADW	91	64.782	10
8ADW	92	67.102	10
8ADW	93	69.134	10
8ADW	94	71.858	10
8ADW	95	75.929	10
8ADW	96	80.193	10
8ADW	97	86.205	10
8ADW	98	91.839	10
8ADW	99	95.541	10
8AEX	14	73.782	5
8AEX	15	73.09	5
8AEX	16	74.95	5
8AEX	17	71.552	5
8AEX	18	71.2	5
8AEX	19	69.072	5
8AEX	33	70.09	10
8AEX	34	64.59	10
8AEX	35	60.523	10
8AEX	36	54.078	10
8AEX	37	51.054	10
8AEX	38	45.614	10
8AEX	39	48.492	10
8AEX	40	44.343	10
8AEX	41	46.022	10
8AEX	42	49.138	10
8AEX	43	51.264	10
8AEX	44	50.134	10
8AEX	45	51.109	10
8AEX	46	50.049	10
8AEX	47	43.423	10
8AEX	48	37.738	10
8AEX	49	36.407	10
8AEX	50	38.046	10
8AEX	51	36.241	10
8AEX	52	37.61	10
8AEX	53	41.987	10
8AEX	54	48.245	10
8AEX	55	51.234	10
8AEX	56	55.59	10
8AEX	57	62.149	10
8AEX	58	62.308	10
8AEX	59	62.229	10
8AEX	60	61.248	10
8AEX	61	60.482	10
8AEX	62	51.522	10
8AEX	63	46.49	10
8AEX	64	43.489	10
8AEX	65	41.232	10
8AEX	66	39.186	10
8AEX	67	40.804	10
8AEX	68	41.074	10
8AEX	69	38.834	10
8AEX	70	36.747	10
8AEX	71	37.26	10
8AEX	72	38.48	10
8AEX	73	37.685	10
8AEX	74	39.113	10
8AEX	75	39.818	10
8AEX	76	37.905	10
8AEX	77	37.268	10
8AEX	78	39.356	10
8AEX	79	45.185	10
8AEX	80	50.612	10
8AEX	81	50.592	10
8AEX	82	54.586	10
8AEX	83	59.935	10
8AEX	84	60.919	10
8AEX	85	61.681	10
8AEX	86	60.729	10
8AEX	87	58.216	10
8AEX	88	55.337	10
8AEX	89	49.38	10
8AEX	90	45.738	10
8AEX	91	45.359	10
8AEX	92	47.195	10
8AEX	93	47.205	10
8AEX	94	49.394	10
8AEX	95	52.373	10
8AEX	96	56.765	10
8AEX	97	55.868	10
8AWT	23	76.645	10
8AWT	24	71.89	10
8AWT	25	69.26	10
8AWT	26	60.895	10
8AWT	27	57.95	10
8AWT	28	56.795	10
8AWT	29	59.105	10
8AWT	30	53.245	10
8AWT	31	49.26	10
8AWT	32	49.565	10
8AWT	33	47.98	10
8AWT	34	50.58	10
8AWT	35	52.79	10
8AWT	36	50.33	10
8AWT	37	46.89	10
8AWT	38	50.805	10
8AWT	39	55.04	10
8AWT	40	57.17	10
8AWT	41	57.26	10
8AWT	42	57.72	10
8AWT	43	55.125	10
8AWT	44	58.065	10
8AWT	45	65.87	10
8AWT	46	75.85	10
8AWT	47	87.315	10
8AWT	48	90.43	10
8AZ0	21	108.756	10
8AZ0	22	101.673	10
8AZ0	23	80.616	10
8AZ0	24	68.003	10
8AZ0	25	66.694	10
8AZ0	26	62.123	10
8AZ0	27	60.159	10
8AZ0	28	60.451	10
8AZ0	29	70.123	10
8AZ0	30	79.417	10
8AZ0	31	78.969	10
8AZ0	32	76.167	10
8AZ0	33	68.8	10
8AZ0	34	73.744	10
8AZ0	35	67.669	10
8AZ0	36	55.41	10
8AZ0	37	50.98	10
8AZ0	38	52.107	10
8AZ0	39	53.685	10
8AZ0	40	56.269	10
8AZ0	41	54.332	10
8AZ0	42	54.738	10
8AZ0	43	56.026	10
8AZ0	44	59.035	10
8AZ0	45	60.89	10
8AZ0	46	60.508	10
8AZ0	47	64.08	10
8AZ0	48	60.652	10
8AZ1	24	92.341	10
8AZ1	25	90.807	10
8AZ1	26	85.187	10
8AZ1	27	75.28	10
8AZ1	28	72.949	10
8AZ1	29	68.957	10
8AZ1	30	71.976	10
8AZ1	31	70.236	10
8AZ1	32	69.971	10
8AZ1	33	70.09	10
8AZ1	34	65.916	10
8AZ1	35	65.254	10
8AZ1	36	63.584	10
8AZ1	37	61.971	10
8AZ1	38	67.053	10
8AZ1	39	71.565	10
8AZ1	40	70.373	10
8AZ1	41	73.568	10
8AZ1	42	72.119	10
8AZ1	43	65.517	10
8AZ1	44	66.505	10
8AZ1	45	71.224	10
8AZ1	46	73.826	10
8AZ1	47	78.002	10
8AZ1	48	90.816	10
8AZ2	22	94.619	10
8AZ2	23	85.943	10
8AZ2	24	77.265	15
8AZ2	25	72.002	15
8AZ2	26	67.821	15
8AZ2	27	60.413	15
8AZ2	28	59.037	15
8AZ2	29	60.577	15
8AZ2	30	61.701	15
8AZ2	31	59.341	15
8AZ2	32	58.713	15
8AZ2	33	53.261	15
8AZ2	34	52.507	15
8AZ2	35	49.972	15
8AZ2	36	44.579	15
8AZ2	37	44.118	15
8AZ2	38	44.761	15
8AZ2	39	49.007	15
8AZ2	40	51.618	15
8AZ2	41	56.146	15
8AZ2	42	58.641	15
8AZ2	43	56.166	15
8AZ2	44	55.655	15
8AZ2	45	57.492	15
8AZ2	46	56.676	15
8AZ2	47	58.607	15
8AZ2	48	64.005	15
8AZ3	22	112.083	20
8AZ3	23	104.944	20
8AZ3	24	97.489	20
8AZ3	25	92.751	20
8AZ3	26	90.467	20
8AZ3	27	84.725	20
8AZ3	28	85.404	20
8AZ3	29	84.99	20
8AZ3	30	87.645	20
8AZ3	31	85.553	20
8AZ3	32	82.971	20
8AZ3	33	77.02	20
8AZ3	34	74.659	20
8AZ3	35	72.421	20
8AZ3	36	66.302	20
8AZ3	37	65.538	20
8AZ3	38	63.54	20
8AZ3	39	67.892	20
8AZ3	40	67.959	20
8AZ3	41	71.799	20
8AZ3	42	70.928	20
8AZ3	43	69.105	20
8AZ3	44	68.502	20
8AZ3	45	69.278	20
8AZ3	46	67.174	20
8AZ3	47	69.472	20
8AZ3	48	69.828	20
8AZ4	21	78.11	10
8AZ4	22	73.42	10
8AZ4	23	62.184	10
8AZ4	24	54.233	10
8AZ4	25	51.245	10
8AZ4	26	46.195	10
8AZ4	27	46.062	10
8AZ4	28	46.686	10
8AZ4	29	49.931	10
8AZ4	30	51.643	10
8AZ4	31	52.86	10
8AZ4	32	52.428	10
8AZ4	33	48.6	10
8AZ4	34	50.754	10
8AZ4	35	46.349	10
8AZ4	36	41.047	10
8AZ4	37	36.072	10
8AZ4	38	35.621	10
8AZ4	39	35.008	10
8AZ4	40	34.734	10
8AZ4	41	30.625	10
8AZ4	42	28.33	10
8AZ4	43	29.746	10
8AZ4	44	33.512	10
8AZ4	45	37.027	10
8AZ4	46	37.219	10
8AZ4	47	40.675	10
8AZ4	48	42.612	10
8AZ5	22	102.508	20
8AZ5	23	95.174	20
8AZ5	24	86.16	20
8AZ5	25	78.948	20
8AZ5	26	75.575	20
8AZ5	27	66.589	20
8AZ5	28	63.446	20
8AZ5	29	62.429	20
8AZ5	30	64.246	20
8AZ5	31	62.935	20
8AZ5	32	60.941	20
8AZ5	33	56.721	20
8AZ5	34	54.829	20
8AZ5	35	52.353	20
8AZ5	36	47.844	20
8AZ5	37	48.222	20
8AZ5	38	47.018	20
8AZ5	39	48.639	20
8AZ5	40	47.587	20
8AZ5	41	50.831	20
8AZ5	42	49.141	20
8AZ5	43	46.935	20
8AZ5	44	45.074	20
8AZ5	45	46.892	20
8AZ5	46	46.681	20
8AZ5	47	51.096	20
8AZ5	48	53.782	20
8AZ6	20	84.296	10
8AZ6	21	79.961	10
8AZ6	22	74.296	10
8AZ6	23	63.888	10
8AZ6	24	52.587	10
8AZ6	25	50.251	10
8AZ6	26	43.913	10
8AZ6	27	45.798	10
8AZ6	28	44.627	10
8AZ6	29	52.274	10
8AZ6	30	51.287	10
8AZ6	31	54.957	10
8AZ6	32	83.957	20
8AZ6	33	76.445	20
8AZ6	34	79.325	20
8AZ6	35	72.65	20
8AZ6	36	63.587	20
8AZ6	37	58.639	20
8AZ6	38	52.864	20
8AZ6	39	52.557	20
8AZ6	40	52.465	20
8AZ6	41	52.968	20
8AZ6	42	51.13	20
8AZ6	43	53.693	20
8AZ6	44	56.02	20
8AZ6	45	57.395	20
8AZ6	46	54.421	20
8AZ6	47	57.389	20
8AZ6	48	56.842	20
8AZ7	20	52.858	10
8AZ7	21	51.349	10
8AZ7	22	47.205	10
8AZ7	23	43.742	10
8AZ7	24	54.489	20
8AZ7	25	52.2	20
8AZ7	26	50.46	20
8AZ7	27	49.068	20
8AZ7	28	47.298	20
8AZ7	29	46.532	20
8AZ7	30	47.131	20
8AZ7	31	48.593	20
8AZ7	32	49.403	20
8AZ7	33	43.166	20
8AZ7	34	45.278	20
8AZ7	35	41.169	20
8AZ7	36	38.982	20
8AZ7	37	37.828	20
8AZ7	38	39.255	20
8AZ7	39	40.504	20
8AZ7	40	39.809	20
8AZ7	41	37.279	20
8AZ7	42	34.459	20
8AZ7	43	32.87	20
8AZ7	44	32.236	20
8AZ7	45	33.331	20
8AZ7	46	32.553	20
8AZ7	47	31.53	20
8AZ7	48	30.47	20
8AZS	9	130.87	1
8AZS	10	86.69	1
8AZS	11	73.22	1
8AZS	12	55.67	1
8AZS	13	53.27	1
8AZS	14	57.88	1
8AZS	15	48.16	1
8AZS	16	52.41	1
8AZS	17	50.19	1
8AZS	18	49.21	1
8AZS	19	57.35	1
8AZS	20	49.59	1
8AZS	21	58.37	1
8AZS	22	81.48	1
8AZS	23	90.06	1
8AZS	24	72.2	1
8AZS	25	73.27	1
8AZS	26	71.59	1
8AZS	27	55.72	1
8AZS	28	61.59	1
8AZS	29	57.52	1
8AZS	30	50.31	1
8AZS	31	44.92	1
8AZS	32	48.82	1
8AZS	33	50.54	1
8AZS	34	50.61	1
8AZS	35	48.34	1
8AZS	36	45.34	1
8AZS	37	53.67	1
8AZS	38	69.8	1
8AZS	39	53.63	1
8AZS	40	57.62	1
8AZS	41	64.3	1
8AZS	42	111.52	1
8AZT	12	200.1	1
8AZT	13	167.06	1
8AZT	14	112.12	1
8AZT	15	118.41	1
8AZT	16	123.41	1
8AZT	17	96.79	1
8AZT	18	99.36	1
8AZT	19	81.29	1
8AZT	20	87.09	1
8AZT	21	123.38	1
8AZT	22	163.86	1
8AZT	23	163.42	1
8AZT	24	97.93	1
8AZT	25	97.99	1
8AZT	26	91.44	1
8AZT	27	91.89	1
8AZT	28	104.85	1
8AZT	29	101.11	1
8AZT	30	81.73	1
8AZT	31	51.59	1
8AZT	32	51.69	1
8AZT	33	87.41	1
8AZT	34	78.15	1
8AZT	35	104.9	1
8AZT	36	110.25	1
8AZT	37	117.37	1
8AZT	38	112.6	1
8AZT	39	75.71	1
8AZT	40	61.86	1
8AZT	41	76.31	1
8AZT	42	103.65	1
8AZU	306	140.48	1
8AZU	307	164.84	1
8AZU	308	110.25	1
8AZU	309	114.67	1
8AZU	310	86.01	1
8AZU	311	96.22	1
8AZU	312	115.37	1
8AZU	313	117.37	1
8AZU	314	105.09	1
8AZU	315	110.26	1
8AZU	316	90.72	1
8AZU	317	85.76	1
8AZU	318	60.43	1
8AZU	319	83.54	1
8AZU	320	76.62	1
8AZU	321	90.6	1
8AZU	322	74.72	1
8AZU	323	100.49	1
8AZU	324	101.51	1
8AZU	325	106.56	1
8AZU	326	101.91	1
8AZU	327	69.08	1
8AZU	328	54.36	1
8AZU	329	41.95	1
8AZU	330	44.02	1
8AZU	331	44.24	1
8AZU	332	45.43	1
8AZU	333	65.21	1
8AZU	334	59.92	1
8AZU	335	47.84	1
8AZU	336	45.03	1
8AZU	337	50.75	1
8AZU	338	52.77	1
8AZU	339	58.48	1
8AZU	340	70.32	1
8AZU	341	110.16	1
8AZU	342	117.89	1
8AZU	343	117.21	1
8AZU	344	68.3	1
8AZU	345	90.88	1
8AZU	346	70.13	1
8AZU	347	103.91	1
8AZU	348	95.39	1
8AZU	349	94.2	1
8AZU	350	54.5	1
8AZU	351	73.03	1
8AZU	352	55.38	1
8AZU	353	46.49	1
8AZU	354	50.64	1
8AZU	355	46.47	1
8AZU	356	56.54	1
8AZU	357	54.78	1
8AZU	358	61.7	1
8AZU	359	42.73	1
8AZU	360	40.49	1
8AZU	361	37.85	1
8AZU	362	45.0	1
8AZU	363	41.22	1
8AZU	364	66.04	1
8AZU	365	60.09	1
8AZU	366	59.26	1
8AZU	367	59.65	1
8AZU	368	71.36	1
8AZU	369	59.36	1
8AZU	370	67.02	1
8AZU	371	64.08	1
8AZU	372	84.53	1
8AZU	373	65.76	1
8AZU	374	91.73	1
8AZU	375	79.5	1
8AZU	376	111.2	1
8AZU	377	102.41	1
8AZU	378	126.82	1
8AZU	379	156.73	1
8B3A	1	0.0	30
8B3A	2	0.0	30
8B3A	3	0.0	30
8B3A	4	0.0	30
8B3A	5	0.0	30
8B3A	6	0.0	30
8B3A	7	0.0	30
8BFA	1	116.512	10
8BFA	2	109.931	10
8BFA	3	105.185	10
8BFA	4	99.665	10
8BFA	5	92.835	10
8BFA	6	86.613	10
8BFA	7	86.377	10
8BFA	8	86.113	10
8BFA	9	88.189	10
8BFA	10	91.352	10
8BFA	11	88.268	10
8BFA	12	85.862	10
8BFA	13	86.844	10
8BFA	14	86.003	10
8BFA	15	81.899	10
8BFA	16	81.416	10
8BFA	17	79.319	10
8BFA	18	80.482	10
8BFA	19	80.127	10
8BFA	20	80.462	10
8BFA	21	81.784	10
8BFA	22	83.816	10
8BFA	23	89.271	10
8BFA	24	89.124	10
8BFA	25	88.796	10
8BFA	26	90.828	10
8BFA	27	88.665	10
8BFA	28	85.386	10
8BFA	29	84.133	10
8BFA	30	84.04	10
8BFA	31	81.589	10
8BFA	32	83.301	10
8BFA	33	84.341	10
8BFA	34	88.17	10
8BFA	35	94.371	10
8BFA	36	96.549	10
8BFA	37	103.798	10
8BFA	38	108.388	10
8BFB	1	85.535	10
8BFB	2	77.632	10
8BFB	3	73.959	10
8BFB	4	66.247	10
8BFB	5	60.034	10
8BFB	6	51.242	10
8BFB	7	51.193	10
8BFB	8	49.112	10
8BFB	9	52.228	10
8BFB	10	55.152	10
8BFB	11	50.733	10
8BFB	12	48.781	10
8BFB	13	49.642	10
8BFB	14	49.75	10
8BFB	15	47.909	10
8BFB	16	48.922	10
8BFB	17	45.779	10
8BFB	18	45.928	10
8BFB	19	44.044	10
8BFB	20	44.467	10
8BFB	21	44.999	10
8BFB	22	45.586	10
8BFB	23	47.686	10
8BFB	24	45.549	10
8BFB	25	44.379	10
8BFB	26	45.77	10
8BFB	27	43.365	10
8BFB	28	43.703	10
8BFB	29	43.544	10
8BFB	30	44.054	10
8BFB	31	42.446	10
8BFB	32	45.202	10
8BFB	33	47.244	10
8BFB	34	51.191	10
8BFB	35	56.834	10
8BFB	36	61.449	10
8BFB	37	68.868	10
8BFB	38	76.101	10
8BFZ	12	163.94	2
8BFZ	13	131.535	2
8BFZ	14	90.455	2
8BFZ	15	75.515	2
8BFZ	16	64.12	2
8BFZ	17	41.095	2
8BFZ	18	41.08	2
8BFZ	19	35.815	2
8BFZ	20	40.38	2
8BFZ	21	58.22	2
8BFZ	22	74.375	2
8BFZ	23	79.62	2
8BFZ	24	49.355	2
8BFZ	25	51.785	2
8BFZ	26	47.49	2
8BFZ	27	39.985	2
8BFZ	28	50.345	2
8BFZ	29	37.715	2
8BFZ	30	36.49	2
8BFZ	31	37.205	2
8BFZ	32	38.31	2
8BFZ	33	40.03	2
8BFZ	34	42.77	2
8BFZ	35	55.01	2
8BFZ	36	65.905	2
8BFZ	37	76.41	2
8BFZ	38	61.0	2
8BFZ	39	46.45	2
8BFZ	40	50.03	2
8BFZ	41	57.735	2
8BFZ	42	87.545	2
8BG9	1	213.33	2
8BG9	2	147.9	2
8BG9	3	118.365	2
8BG9	4	93.405	2
8BG9	5	90.03	2
8BG9	6	73.355	2
8BG9	7	72.9	2
8BG9	8	74.255	2
8BG9	9	74.12	2
8BG9	10	81.54	2
8BG9	11	64.61	2
8BG9	12	59.75	2
8BG9	13	60.37	2
8BG9	14	75.19	2
8BG9	15	69.605	2
8BG9	16	80.025	2
8BG9	17	75.4	2
8BG9	18	63.505	2
8BG9	19	70.58	2
8BG9	20	65.6	2
8BG9	21	76.725	2
8BG9	22	87.315	2
8BG9	23	103.64	2
8BG9	24	83.795	2
8BG9	25	92.085	2
8BG9	26	100.525	2
8BG9	27	105.05	2
8BG9	28	85.21	2
8BG9	29	66.245	2
8BG9	30	63.02	2
8BG9	31	61.24	2
8BG9	32	65.395	2
8BG9	33	73.36	2
8BG9	34	86.045	2
8BG9	35	94.74	2
8BG9	36	113.935	2
8BG9	37	136.43	2
8BGS	305	161.38	7
8BGS	306	100.51	7
8BGS	307	112.93	7
8BGS	308	72.23	7
8BGS	309	73.51	7
8BGS	310	68.67	7
8BGS	311	67.12	7
8BGS	312	58.41	7
8BGS	313	70.53	7
8BGS	314	72.3	7
8BGS	315	79.22	7
8BGS	316	70.96	7
8BGS	317	69.81	7
8BGS	318	44.32	7
8BGS	319	49.97	7
8BGS	320	46.62	7
8BGS	321	59.11	7
8BGS	322	72.39	7
8BGS	323	69.94	7
8BGS	324	74.3	7
8BGS	325	76.29	7
8BGS	326	73.1	7
8BGS	327	43.86	7
8BGS	328	29.18	7
8BGS	329	28.82	7
8BGS	330	28.56	7
8BGS	331	34.54	7
8BGS	332	29.57	7
8BGS	333	38.33	7
8BGS	334	36.45	7
8BGS	335	30.37	7
8BGS	336	28.28	7
8BGS	337	28.13	7
8BGS	338	39.6	7
8BGS	339	34.57	7
8BGS	340	55.98	7
8BGS	341	80.99	7
8BGS	342	120.94	7
8BGS	343	107.4	7
8BGS	344	71.68	7
8BGS	345	88.56	7
8BGS	346	62.13	7
8BGS	347	96.55	7
8BGS	348	77.02	7
8BGS	349	78.29	7
8BGS	350	44.19	7
8BGS	351	50.61	7
8BGS	352	43.07	7
8BGS	353	44.41	7
8BGS	354	41.96	7
8BGS	355	35.99	7
8BGS	356	41.96	7
8BGS	357	37.97	7
8BGS	358	41.34	7
8BGS	359	30.28	7
8BGS	360	23.81	7
8BGS	361	20.22	7
8BGS	362	25.78	7
8BGS	363	20.69	7
8BGS	364	29.06	7
8BGS	365	30.18	7
8BGS	366	35.02	7
8BGS	367	47.84	7
8BGS	368	47.18	7
8BGS	369	45.02	7
8BGS	370	44.53	7
8BGS	371	40.79	7
8BGS	372	69.83	7
8BGS	373	46.13	7
8BGS	374	53.61	7
8BGS	375	53.2	7
8BGS	376	67.68	7
8BGS	377	72.85	7
8BGS	378	88.72	7
8BGS	379	112.31	7
8BGV	304	197.61	7
8BGV	305	160.04	7
8BGV	306	103.29	7
8BGV	307	107.51	7
8BGV	308	64.73	7
8BGV	309	70.42	7
8BGV	310	60.63	7
8BGV	311	68.54	7
8BGV	312	58.21	7
8BGV	313	66.67	7
8BGV	314	73.39	7
8BGV	315	77.51	7
8BGV	316	59.24	7
8BGV	317	53.44	7
8BGV	318	32.68	7
8BGV	319	40.32	7
8BGV	320	41.74	7
8BGV	321	46.83	7
8BGV	322	47.02	7
8BGV	323	49.08	7
8BGV	324	57.18	7
8BGV	325	55.01	7
8BGV	326	58.44	7
8BGV	327	45.68	7
8BGV	328	24.36	7
8BGV	329	22.44	7
8BGV	330	22.75	7
8BGV	331	24.54	7
8BGV	332	23.96	7
8BGV	333	33.43	7
8BGV	334	34.63	7
8BGV	335	29.71	7
8BGV	336	23.49	7
8BGV	337	23.75	7
8BGV	338	34.4	7
8BGV	339	28.95	7
8BGV	340	51.8	7
8BGV	341	84.6	7
8BGV	342	119.42	7
8BGV	343	99.11	7
8BGV	344	67.11	7
8BGV	345	82.59	7
8BGV	346	59.14	7
8BGV	347	84.26	7
8BGV	348	89.72	7
8BGV	349	75.8	7
8BGV	350	36.77	7
8BGV	351	40.01	7
8BGV	352	38.08	7
8BGV	353	33.84	7
8BGV	354	29.67	7
8BGV	355	34.1	7
8BGV	356	41.84	7
8BGV	357	33.71	7
8BGV	358	42.99	7
8BGV	359	24.31	7
8BGV	360	18.49	7
8BGV	361	16.66	7
8BGV	362	21.81	7
8BGV	363	20.5	7
8BGV	364	27.43	7
8BGV	365	35.51	7
8BGV	366	40.93	7
8BGV	367	41.84	7
8BGV	368	40.32	7
8BGV	369	37.18	7
8BGV	370	36.65	7
8BGV	371	31.55	7
8BGV	372	49.0	7
8BGV	373	44.46	7
8BGV	374	52.99	7
8BGV	375	49.86	7
8BGV	376	60.28	7
8BGV	377	65.58	7
8BGV	378	81.71	7
8BGV	379	130.84	7
8BGV	380	200.55	7
8BQV	14	83.0	1
8BQV	15	65.68	1
8BQV	16	52.57	1
8BQV	17	41.22	1
8BQV	18	41.45	1
8BQV	19	46.5	1
8BQV	20	63.04	1
8BQV	21	71.65	1
8BQV	22	83.23	1
8BQV	23	102.11	1
8BQV	24	114.58	1
8BQV	25	120.18	1
8BQV	36	95.19	1
8BQV	37	81.92	1
8BQV	38	65.87	1
8BQV	39	51.22	1
8BQV	40	44.16	1
8BQV	41	40.67	1
8BQV	42	37.13	1
8BQV	43	39.76	1
8BQV	44	40.11	1
8BQV	45	33.21	1
8BQV	46	29.29	1
8BQV	47	23.46	1
8BQV	48	20.53	1
8BQV	49	20.51	1
8BQV	50	28.97	1
8BQV	51	28.0	1
8BQV	52	29.52	1
8BQV	53	30.35	1
8BQV	54	32.0	1
8BQV	55	31.51	1
8BQV	56	33.12	1
8BQV	57	38.42	1
8BQV	58	37.34	1
8BQV	59	34.63	1
8BQV	60	36.47	1
8BQV	61	37.68	1
8BQV	62	33.99	1
8BQV	63	29.63	1
8BQV	64	30.57	1
8BQV	65	26.89	1
8BQV	66	29.01	1
8BQV	67	28.96	1
8BQV	68	26.6	1
8BQV	69	25.36	1
8BQV	70	25.16	1
8BQV	71	26.04	1
8BQV	72	29.29	1
8BQV	73	31.48	1
8BQV	74	29.7	1
8BQV	75	28.06	1
8BQV	76	23.52	1
8BQV	77	22.12	1
8BQV	78	22.21	1
8BQV	79	24.45	1
8BQV	80	28.27	1
8BQV	81	32.15	1
8BQV	82	32.47	1
8BQV	83	40.13	1
8BQV	84	36.65	1
8BQV	85	36.17	1
8BQV	86	35.89	1
8BQV	87	35.35	1
8BQV	88	30.37	1
8BQV	89	29.26	1
8BQV	90	27.1	1
8BQV	91	27.78	1
8BQV	92	27.47	1
8BQV	93	25.12	1
8BQV	94	24.4	1
8BQV	95	25.08	1
8BQV	96	32.04	1
8BQV	97	40.3	1
8BQV	98	49.16	1
8BQV	99	64.84	1
8BQV	100	81.3	1
8BQW	14	61.72	2
8BQW	15	52.935	2
8BQW	16	39.32	2
8BQW	17	31.175	2
8BQW	18	32.96	2
8BQW	19	37.91	2
8BQW	20	49.605	2
8BQW	21	51.1	2
8BQW	22	56.915	2
8BQW	23	62.445	2
8BQW	24	69.51	2
8BQW	25	69.365	2
8BQW	36	99.81	2
8BQW	37	90.915	2
8BQW	38	78.625	2
8BQW	39	66.155	2
8BQW	40	56.54	2
8BQW	41	49.06	2
8BQW	42	43.275	2
8BQW	43	45.495	2
8BQW	44	47.335	2
8BQW	45	45.59	2
8BQW	46	41.38	2
8BQW	47	30.72	2
8BQW	48	25.385	2
8BQW	49	26.25	2
8BQW	50	32.64	2
8BQW	51	28.095	2
8BQW	52	26.25	2
8BQW	53	26.035	2
8BQW	54	25.65	2
8BQW	55	25.58	2
8BQW	56	29.215	2
8BQW	57	41.085	2
8BQW	58	46.1	2
8BQW	59	41.055	2
8BQW	60	44.795	2
8BQW	61	44.97	2
8BQW	62	43.005	2
8BQW	63	35.715	2
8BQW	64	38.225	2
8BQW	65	34.945	2
8BQW	66	38.965	2
8BQW	67	35.23	2
8BQW	68	29.42	2
8BQW	69	27.965	2
8BQW	70	25.24	2
8BQW	71	26.83	2
8BQW	72	29.54	2
8BQW	73	29.475	2
8BQW	74	28.375	2
8BQW	75	26.87	2
8BQW	76	23.89	2
8BQW	77	23.455	2
8BQW	78	25.835	2
8BQW	79	28.39	2
8BQW	80	36.565	2
8BQW	81	37.63	2
8BQW	82	39.16	2
8BQW	83	54.215	2
8BQW	84	53.265	2
8BQW	85	48.805	2
8BQW	86	44.37	2
8BQW	87	40.135	2
8BQW	88	33.79	2
8BQW	89	29.135	2
8BQW	90	30.275	2
8BQW	91	30.805	2
8BQW	92	33.75	2
8BQW	93	30.33	2
8BQW	94	33.195	2
8BQW	95	36.6	2
8BQW	96	46.35	2
8BQW	97	53.69	2
8BQW	98	69.13	2
8BQW	99	87.105	2
8BQW	100	106.9	2
8BYN	305	48.153	6
8BYN	306	44.873	6
8BYN	307	43.785	6
8BYN	308	37.587	6
8BYN	309	34.512	6
8BYN	310	31.257	6
8BYN	311	30.63	6
8BYN	312	28.53	6
8BYN	313	26.498	6
8BYN	314	25.93	6
8BYN	315	25.795	6
8BYN	316	23.26	6
8BYN	317	18.607	6
8BYN	318	14.287	6
8BYN	319	12.13	6
8BYN	320	9.03	6
8BYN	321	10.257	6
8BYN	322	8.575	6
8BYN	323	5.708	6
8BYN	324	4.245	6
8BYN	325	3.757	6
8BYN	326	2.915	6
8BYN	327	3.04	6
8BYN	328	3.25	6
8BYN	329	3.84	6
8BYN	330	4.695	6
8BYN	331	5.763	6
8BYN	332	6.318	6
8BYN	333	7.738	6
8BYN	334	9.327	6
8BYN	335	12.003	6
8BYN	336	16.78	6
8BYN	337	18.032	6
8BYN	338	22.038	6
8BYN	339	21.06	6
8BYN	340	25.96	6
8BYN	341	30.227	6
8BYN	342	36.785	6
8BYN	343	36.853	6
8BYN	344	35.092	6
8BYN	345	36.625	6
8BYN	346	32.042	6
8BYN	347	34.182	6
8BYN	348	32.347	6
8BYN	349	31.008	6
8BYN	350	25.287	6
8BYN	351	20.792	6
8BYN	352	14.932	6
8BYN	353	11.873	6
8BYN	354	11.188	6
8BYN	355	9.542	6
8BYN	356	8.508	6
8BYN	357	8.535	6
8BYN	358	9.032	6
8BYN	359	6.823	6
8BYN	360	5.322	6
8BYN	361	4.558	6
8BYN	362	3.487	6
8BYN	363	3.173	6
8BYN	364	3.228	6
8BYN	365	3.485	6
8BYN	366	4.365	6
8BYN	367	5.575	6
8BYN	368	7.593	6
8BYN	369	11.53	6
8BYN	370	16.235	6
8BYN	371	18.058	6
8BYN	372	22.733	6
8BYN	373	23.517	6
8BYN	374	26.298	6
8BYN	375	30.222	6
8BYN	376	31.75	6
8BYN	377	35.627	6
8BYN	378	41.338	6
8BYN	379	45.508	6
8CAQ	305	78.89	5
8CAQ	306	70.17	5
8CAQ	307	67.69	5
8CAQ	308	58.5	5
8CAQ	309	50.92	5
8CAQ	310	51.41	5
8CAQ	311	56.67	5
8CAQ	312	50.96	5
8CAQ	313	50.63	5
8CAQ	314	61.67	5
8CAQ	315	60.15	5
8CAQ	316	60.42	5
8CAQ	317	51.26	5
8CAQ	318	45.03	5
8CAQ	319	47.5	5
8CAQ	320	40.29	5
8CAQ	321	40.06	5
8CAQ	322	39.7	5
8CAQ	323	40.95	5
8CAQ	324	41.35	5
8CAQ	325	39.0	5
8CAQ	326	37.28	5
8CAQ	327	37.82	5
8CAQ	328	34.64	5
8CAQ	329	33.04	5
8CAQ	330	33.8	5
8CAQ	331	39.45	5
8CAQ	332	39.11	5
8CAQ	333	42.98	5
8CAQ	334	47.71	5
8CAQ	335	51.98	5
8CAQ	336	51.94	5
8CAQ	337	46.38	5
8CAQ	338	50.57	5
8CAQ	339	44.84	5
8CAQ	340	54.56	5
8CAQ	341	59.39	5
8CAQ	342	67.42	5
8CAQ	343	65.64	5
8CAQ	344	59.21	5
8CAQ	345	66.51	5
8CAQ	346	56.47	5
8CAQ	347	65.88	5
8CAQ	348	62.72	5
8CAQ	349	57.59	5
8CAQ	350	47.41	5
8CAQ	351	45.71	5
8CAQ	352	38.14	5
8CAQ	353	33.94	5
8CAQ	354	33.02	5
8CAQ	355	37.53	5
8CAQ	356	40.77	5
8CAQ	357	41.06	5
8CAQ	358	47.97	5
8CAQ	359	36.47	5
8CAQ	360	35.06	5
8CAQ	361	34.58	5
8CAQ	362	33.67	5
8CAQ	363	33.5	5
8CAQ	364	34.53	5
8CAQ	365	38.94	5
8CAQ	366	41.25	5
8CAQ	367	38.68	5
8CAQ	368	39.86	5
8CAQ	369	48.34	5
8CAQ	370	43.56	5
8CAQ	371	45.35	5
8CAQ	372	51.92	5
8CAQ	373	51.49	5
8CAQ	374	48.94	5
8CAQ	375	51.36	5
8CAQ	376	50.42	5
8CAQ	377	56.09	5
8CAQ	378	66.45	5
8CAQ	379	84.41	5
8CAX	305	184.75	6
8CAX	306	209.61	6
8CAX	307	181.42	6
8CAX	308	137.19	6
8CAX	309	128.57	6
8CAX	310	130.27	6
8CAX	311	135.79	6
8CAX	312	123.88	6
8CAX	313	129.72	6
8CAX	314	100.49	6
8CAX	315	141.33	6
8CAX	316	132.34	6
8CAX	317	99.37	6
8CAX	318	77.3	6
8CAX	319	96.41	6
8CAX	320	90.92	6
8CAX	321	106.11	6
8CAX	322	98.69	6
8CAX	323	117.14	6
8CAX	324	108.01	6
8CAX	325	118.83	6
8CAX	326	85.51	6
8CAX	327	67.91	6
8CAX	328	53.78	6
8CAX	329	58.89	6
8CAX	330	70.35	6
8CAX	331	60.02	6
8CAX	332	59.56	6
8CAX	333	57.96	6
8CAX	334	57.99	6
8CAX	335	57.93	6
8CAX	336	66.32	6
8CAX	337	48.11	6
8CAX	338	56.13	6
8CAX	339	48.1	6
8CAX	340	60.89	6
8CAX	341	64.56	6
8CAX	342	73.89	6
8CAX	343	76.94	6
8CAX	344	79.12	6
8CAX	345	85.16	6
8CAX	346	91.7	6
8CAX	347	94.44	6
8CAX	348	111.1	6
8CAX	349	94.0	6
8CAX	350	63.18	6
8CAX	351	61.24	6
8CAX	352	52.52	6
8CAX	353	47.62	6
8CAX	354	51.06	6
8CAX	355	57.23	6
8CAX	356	65.8	6
8CAX	357	60.4	6
8CAX	358	71.89	6
8CAX	359	56.8	6
8CAX	360	48.19	6
8CAX	361	49.53	6
8CAX	362	51.2	6
8CAX	363	42.33	6
8CAX	364	73.51	6
8CAX	365	62.94	6
8CAX	366	87.52	6
8CAX	367	113.73	6
8CAX	368	117.3	6
8CAX	369	76.48	6
8CAX	370	84.79	6
8CAX	371	66.06	6
8CAX	372	94.64	6
8CAX	373	79.43	6
8CAX	374	102.1	6
8CAX	375	90.84	6
8CAX	376	111.15	6
8CAX	377	125.12	6
8CAX	378	163.89	6
8CAX	379	196.81	6
8CE7	37	121.595	2
8CE7	38	118.525	2
8CE7	39	97.04	2
8CE7	40	91.515	2
8CE7	41	100.105	2
8CE7	42	95.23	2
8CE7	43	83.68	2
8CE7	44	83.375	2
8CE7	45	68.42	2
8CE7	46	75.06	2
8CE7	47	55.205	2
8CE7	48	37.245	2
8CE7	49	33.5	2
8CE7	50	48.56	2
8CE7	51	44.555	2
8CE7	52	43.67	2
8CE7	53	41.81	2
8CE7	54	43.83	2
8CE7	55	40.82	2
8CE7	56	48.835	2
8CE7	57	58.27	2
8CE7	58	58.825	2
8CE7	59	56.79	2
8CE7	60	54.17	2
8CE7	61	51.74	2
8CE7	62	46.78	2
8CE7	63	41.59	2
8CE7	64	41.195	2
8CE7	65	36.075	2
8CE7	66	36.9	2
8CE7	67	37.28	2
8CE7	68	39.16	2
8CE7	69	36.88	2
8CE7	70	35.495	2
8CE7	71	35.74	2
8CE7	72	47.71	2
8CE7	73	57.59	2
8CE7	74	50.275	2
8CE7	75	56.18	2
8CE7	76	43.75	2
8CE7	77	34.885	2
8CE7	78	40.45	2
8CE7	79	49.06	2
8CE7	80	55.155	2
8CE7	81	67.74	2
8CE7	82	78.115	2
8CE7	83	87.145	2
8CE7	84	75.955	2
8CE7	85	60.495	2
8CE7	86	53.755	2
8CE7	87	46.35	2
8CE7	88	41.485	2
8CE7	89	35.31	2
8CE7	90	37.605	2
8CE7	91	41.865	2
8CE7	92	59.625	2
8CE7	93	73.465	2
8CE7	94	76.43	2
8CE7	95	64.09	2
8CE7	96	79.81	2
8CE7	97	87.94	2
8CE7	98	120.115	2
8CE7	99	138.36	2
8CEB	40	145.675	2
8CEB	41	125.085	2
8CEB	42	91.84	2
8CEB	43	71.41	2
8CEB	44	69.05	2
8CEB	45	57.78	2
8CEB	46	56.965	2
8CEB	47	47.79	2
8CEB	48	37.485	2
8CEB	49	36.18	2
8CEB	50	47.03	2
8CEB	51	37.385	2
8CEB	52	34.7	2
8CEB	53	34.48	2
8CEB	54	34.51	2
8CEB	55	34.36	2
8CEB	56	39.13	2
8CEB	57	61.425	2
8CEB	58	53.285	2
8CEB	59	63.74	2
8CEB	60	61.185	2
8CEB	61	65.665	2
8CEB	62	51.005	2
8CEB	63	42.505	2
8CEB	64	49.175	2
8CEB	65	43.065	2
8CEB	66	46.3	2
8CEB	67	43.505	2
8CEB	68	44.165	2
8CEB	69	43.76	2
8CEB	70	40.97	2
8CEB	71	40.825	2
8CEB	72	52.71	2
8CEB	73	61.5	2
8CEB	74	61.765	2
8CEB	75	62.68	2
8CEB	76	43.295	2
8CEB	77	38.53	2
8CEB	78	34.69	2
8CEB	79	41.755	2
8CEB	80	46.035	2
8CEB	81	58.625	2
8CEB	82	68.065	2
8CEB	83	81.54	2
8CEB	84	75.79	2
8CEB	85	71.21	2
8CEB	86	63.67	2
8CEB	87	62.185	2
8CEB	88	58.835	2
8CEB	89	41.48	2
8CEB	90	51.67	2
8CEB	91	54.225	2
8CEB	92	84.7	2
8CEB	93	111.325	2
8CEB	94	117.61	2
8CEB	95	101.79	2
8CEB	96	115.93	2
8CEB	97	122.36	2
8CG3	272	260.88	5
8CG3	273	221.9	5
8CG3	274	177.62	5
8CG3	275	170.61	5
8CG3	276	140.09	5
8CG3	277	111.93	5
8CG3	278	65.26	5
8CG3	279	44.97	5
8CG3	280	43.58	5
8CG3	281	43.62	5
8CG3	282	49.34	5
8CG3	283	55.89	5
8CG3	284	41.82	5
8CG3	285	43.92	5
8CG3	286	43.03	5
8CG3	287	43.62	5
8CG3	288	45.75	5
8CG3	289	44.41	5
8CG3	290	37.13	5
8CG3	291	36.2	5
8CG3	292	33.49	5
8CG3	293	29.92	5
8CG3	294	33.49	5
8CG3	295	35.28	5
8CG3	296	32.74	5
8CG3	297	30.85	5
8CG3	298	32.41	5
8CG3	299	34.52	5
8CG3	300	31.58	5
8CG3	301	38.15	5
8CG3	302	27.83	5
8CG3	303	27.08	5
8CG3	304	28.07	5
8CG3	305	26.7	5
8CG3	306	26.81	5
8CG3	307	32.23	5
8CG3	308	36.08	5
8CG3	309	36.53	5
8CG3	310	38.42	5
8CG3	311	38.49	5
8CG3	312	31.15	5
8CG3	313	34.72	5
8CG3	314	37.4	5
8CG3	315	33.96	5
8CG3	316	35.57	5
8CG3	317	37.92	5
8CG3	318	37.78	5
8CG3	319	41.05	5
8CG3	320	33.93	5
8CG3	321	33.36	5
8CG3	322	31.31	5
8CG3	323	30.0	5
8CG3	324	26.03	5
8CG3	325	30.31	5
8CG3	326	28.8	5
8CG3	327	29.45	5
8CG3	328	30.11	5
8CG3	329	27.18	5
8CG3	330	26.21	5
8CG3	331	23.54	5
8CG3	332	26.81	5
8CG3	333	27.74	5
8CG3	334	26.86	5
8CG3	335	32.88	5
8CG3	336	46.9	5
8CG3	337	69.79	5
8CG3	338	69.52	5
8CG3	339	63.56	5
8CG3	340	59.22	5
8CG3	341	50.55	5
8CG3	342	44.34	5
8CG3	343	43.93	5
8CG3	344	32.51	5
8CG3	345	27.94	5
8CG3	346	28.73	5
8CG3	347	40.49	5
8CG3	348	46.49	5
8CG3	349	41.84	5
8CG3	350	41.11	5
8CG3	351	36.53	5
8CG3	352	31.03	5
8CG3	353	32.93	5
8CG3	354	27.56	5
8CG3	355	35.14	5
8CG3	356	32.76	5
8CG3	357	36.13	5
8CG3	358	43.04	5
8CG3	359	47.49	5
8CG3	360	77.7	5
8CGG	281	81.21	5
8CGG	282	67.3	5
8CGG	283	70.31	5
8CGG	284	46.52	5
8CGG	285	43.63	5
8CGG	286	41.26	5
8CGG	287	44.88	5
8CGG	288	49.77	5
8CGG	289	52.62	5
8CGG	290	54.63	5
8CGG	291	62.82	5
8CGG	292	83.25	5
8CGG	293	87.04	5
8CGG	294	78.49	5
8CGG	295	64.6	5
8CGG	296	57.29	5
8CGG	297	42.59	5
8CGG	298	40.97	5
8CGG	299	43.33	5
8CGG	300	36.55	5
8CGG	301	37.26	5
8CGG	302	29.18	5
8CGG	303	30.36	5
8CGG	304	29.74	5
8CGG	305	29.03	5
8CGG	306	29.13	5
8CGG	307	37.35	5
8CGG	308	39.04	5
8CGG	309	38.92	5
8CGG	310	36.29	5
8CGG	311	37.26	5
8CGG	312	31.66	5
8CGG	313	35.32	5
8CGG	314	40.55	5
8CGG	315	44.05	5
8CGG	316	41.84	5
8CGG	317	45.21	5
8CGG	318	43.23	5
8CGG	319	46.69	5
8CGG	320	41.97	5
8CGG	321	35.9	5
8CGG	322	35.62	5
8CGG	323	30.22	5
8CGG	324	27.95	5
8CGG	325	28.96	5
8CGG	326	29.05	5
8CGG	327	27.57	5
8CGG	328	28.46	5
8CGG	329	26.74	5
8CGG	330	24.42	5
8CGG	331	21.66	5
8CGG	332	21.74	5
8CGG	333	25.29	5
8CGG	334	25.11	5
8CGG	335	35.24	5
8CGG	336	64.28	5
8CGG	337	99.6	5
8CGG	338	104.79	5
8CGG	339	79.23	5
8CGG	340	69.72	5
8CGG	341	56.26	5
8CGG	342	54.11	5
8CGG	343	42.74	5
8CGG	344	31.28	5
8CGG	345	31.48	5
8CGG	346	27.26	5
8CGG	347	39.55	5
8CGG	348	40.14	5
8CGG	349	37.7	5
8CGG	350	42.93	5
8CGG	351	37.73	5
8CGG	352	35.29	5
8CGG	353	33.83	5
8CGG	354	31.51	5
8CGG	355	36.51	5
8CGG	356	34.06	5
8CGG	357	38.28	5
8CGG	358	45.76	5
8CGG	359	51.11	5
8CGG	360	76.46	5
8CGH	281	115.57	5
8CGH	282	80.29	5
8CGH	283	73.71	5
8CGH	284	51.14	5
8CGH	285	50.78	5
8CGH	286	51.91	5
8CGH	287	50.05	5
8CGH	288	56.02	5
8CGH	289	59.25	5
8CGH	290	58.06	5
8CGH	291	71.14	5
8CGH	292	96.73	5
8CGH	293	90.07	5
8CGH	294	75.14	5
8CGH	295	67.63	5
8CGH	296	53.1	5
8CGH	297	36.11	5
8CGH	298	42.63	5
8CGH	299	42.82	5
8CGH	300	36.62	5
8CGH	301	36.92	5
8CGH	302	28.78	5
8CGH	303	26.83	5
8CGH	304	28.64	5
8CGH	305	29.92	5
8CGH	306	26.23	5
8CGH	307	37.51	5
8CGH	308	38.42	5
8CGH	309	38.18	5
8CGH	310	39.31	5
8CGH	311	39.44	5
8CGH	312	32.56	5
8CGH	313	37.27	5
8CGH	314	39.45	5
8CGH	315	44.59	5
8CGH	316	36.15	5
8CGH	317	38.03	5
8CGH	318	39.9	5
8CGH	319	40.33	5
8CGH	320	38.79	5
8CGH	321	35.71	5
8CGH	322	35.33	5
8CGH	323	32.83	5
8CGH	324	24.47	5
8CGH	325	27.78	5
8CGH	326	25.51	5
8CGH	327	27.12	5
8CGH	328	28.08	5
8CGH	329	24.29	5
8CGH	330	24.63	5
8CGH	331	20.76	5
8CGH	332	21.45	5
8CGH	333	28.49	5
8CGH	334	28.42	5
8CGH	335	39.68	5
8CGH	336	54.28	5
8CGH	337	55.42	5
8CGH	338	56.15	5
8CGH	339	65.27	5
8CGH	340	69.74	5
8CGH	341	56.13	5
8CGH	342	44.03	5
8CGH	343	33.0	5
8CGH	344	31.0	5
8CGH	345	31.68	5
8CGH	346	28.23	5
8CGH	347	38.55	5
8CGH	348	41.31	5
8CGH	349	40.21	5
8CGH	350	42.62	5
8CGH	351	39.26	5
8CGH	352	33.37	5
8CGH	353	33.67	5
8CGH	354	27.53	5
8CGH	355	36.3	5
8CGH	356	32.29	5
8CGH	357	39.59	5
8CGH	358	41.94	5
8CGH	359	46.22	5
8CGH	360	75.12	5
8CPE	1	76.856	5
8CPE	2	73.876	5
8CPE	3	74.3	5
8CPE	4	74.26	5
8CPE	5	75.044	5
8CPE	6	75.332	5
8CPE	7	76.904	5
8CPE	8	77.01	5
8CPE	9	81.16	5
8CPE	10	90.29	5
8CPE	11	93.134	5
8CPE	12	99.008	5
8CPE	13	95.776	5
8CPE	14	97.196	5
8CPE	15	88.734	5
8CPE	16	83.862	5
8CPE	17	83.226	5
8CPE	18	79.168	5
8CPE	19	77.302	5
8CPE	20	76.028	5
8CPE	21	76.878	5
8CPE	22	80.188	5
8CPE	23	77.16	5
8CPE	24	83.28	5
8CPE	25	87.362	5
8CPE	26	84.228	5
8CPE	27	81.324	5
8CPE	28	83.616	5
8CPE	29	87.674	5
8CPE	30	89.688	5
8CPE	31	87.266	5
8CPE	32	85.896	5
8CPE	33	82.208	5
8CPE	34	83.38	5
8CPE	35	83.468	5
8CPE	36	90.06	5
8CPE	37	90.682	5
8CPE	66	107.408	5
8CPE	67	107.654	5
8CPE	68	103.73	5
8CPE	69	94.43	5
8CPE	70	95.036	5
8CPE	71	90.84	5
8CPE	72	91.416	5
8CPE	73	89.978	5
8CPE	74	90.986	5
8CPE	75	90.416	5
8CPE	76	90.836	5
8CPE	77	90.792	5
8CPE	78	90.88	5
8CPE	79	96.478	5
8CPE	80	97.324	5
8CPE	81	96.056	5
8CPE	82	98.354	5
8CPE	83	98.226	5
8CPE	84	99.55	5
8CPE	85	100.246	5
8CPE	86	99.644	5
8CPE	87	94.024	5
8CPE	88	90.414	5
8CPE	89	86.85	5
8CPE	90	84.686	5
8CPE	91	77.492	5
8CPE	92	72.282	5
8CPE	93	78.112	5
8CPE	94	79.396	5
8CPE	95	86.076	5
8CPE	96	85.99	5
8CPE	97	85.506	5
8CPE	98	83.7	5
8CPE	99	83.522	5
8CPE	100	86.738	5
8CPE	101	84.908	5
8CPE	102	85.124	5
8CPE	103	84.118	5
8CPE	104	85.93	5
8CPE	105	86.898	5
8CYR	15	30.0	12
8CYR	16	30.0	12
8CYR	17	30.0	12
8CYR	18	8.15	12
8CYR	19	9.46	12
8CYR	20	9.81	12
8CYR	21	10.86	12
8CYR	22	12.54	12
8CYR	23	14.66	12
8CYR	24	15.78	12
8CYR	36	49.29	12
8CYR	37	47.78	12
8CYR	38	45.9	12
8CYR	39	45.32	12
8CYR	40	43.87	12
8CYR	41	45.72	12
8CYR	42	48.69	12
8CYR	43	50.06	12
8CYR	44	50.54	12
8CYR	45	53.81	12
8CYR	46	51.86	12
8CYR	47	44.54	12
8CYR	48	38.86	12
8CYR	49	38.96	12
8CYR	50	40.69	12
8CYR	51	41.35	12
8CYR	52	41.89	12
8CYR	53	44.61	12
8CYR	54	49.76	12
8CYR	55	48.9	12
8CYR	56	53.16	12
8CYR	57	60.17	12
8CYR	58	58.91	12
8CYR	59	57.55	12
8CYR	60	55.64	12
8CYR	61	54.2	12
8CYR	62	50.64	12
8CYR	63	46.59	12
8CYR	64	44.14	12
8CYR	65	41.88	12
8CYR	66	40.61	12
8CYR	67	41.33	12
8CYR	68	39.78	12
8CYR	69	38.89	12
8CYR	70	39.46	12
8CYR	71	39.02	12
8CYR	72	42.08	12
8CYR	73	40.38	12
8CYR	74	42.32	12
8CYR	75	43.13	12
8CYR	76	40.71	12
8CYR	77	38.99	12
8CYR	78	40.46	12
8CYR	79	43.04	12
8CYR	80	45.73	12
8CYR	81	46.3	12
8CYR	82	45.02	12
8CYR	83	47.93	12
8CYR	84	48.61	12
8CYR	85	48.33	12
8CYR	86	45.38	12
8CYR	87	44.69	12
8CYR	88	42.21	12
8CYR	89	42.69	12
8CYR	90	43.19	12
8CYR	91	45.73	12
8CYR	92	52.38	12
8CYR	93	52.34	12
8CYR	94	53.42	12
8CYR	95	57.42	12
8CYR	96	59.06	12
8CYR	97	30.0	12
8CYS	15	30.0	14
8CYS	16	30.0	14
8CYS	17	30.0	14
8CYS	18	8.15	14
8CYS	19	9.46	14
8CYS	20	9.81	14
8CYS	21	10.86	14
8CYS	22	12.54	14
8CYS	23	14.66	14
8CYS	24	15.78	14
8CYS	36	49.29	14
8CYS	37	47.78	14
8CYS	38	45.9	14
8CYS	39	45.32	14
8CYS	40	43.87	14
8CYS	41	45.72	14
8CYS	42	48.69	14
8CYS	43	50.06	14
8CYS	44	50.54	14
8CYS	45	53.81	14
8CYS	46	51.86	14
8CYS	47	44.54	14
8CYS	48	38.86	14
8CYS	49	38.96	14
8CYS	50	40.69	14
8CYS	51	41.35	14
8CYS	52	41.89	14
8CYS	53	44.61	14
8CYS	54	49.76	14
8CYS	55	48.9	14
8CYS	56	53.16	14
8CYS	57	60.17	14
8CYS	58	58.91	14
8CYS	59	57.55	14
8CYS	60	55.64	14
8CYS	61	54.2	14
8CYS	62	50.64	14
8CYS	63	46.59	14
8CYS	64	44.14	14
8CYS	65	41.88	14
8CYS	66	40.61	14
8CYS	67	41.33	14
8CYS	68	39.78	14
8CYS	69	38.89	14
8CYS	70	39.46	14
8CYS	71	39.02	14
8CYS	72	42.08	14
8CYS	73	40.38	14
8CYS	74	42.32	14
8CYS	75	43.13	14
8CYS	76	40.71	14
8CYS	77	38.99	14
8CYS	78	40.46	14
8CYS	79	43.04	14
8CYS	80	45.73	14
8CYS	81	46.3	14
8CYS	82	45.02	14
8CYS	83	47.93	14
8CYS	84	48.61	14
8CYS	85	48.33	14
8CYS	86	45.38	14
8CYS	87	44.69	14
8CYS	88	42.21	14
8CYS	89	42.69	14
8CYS	90	43.19	14
8CYS	91	45.73	14
8CYS	92	52.38	14
8CYS	93	52.34	14
8CYS	94	53.42	14
8CYS	95	57.42	14
8CYS	96	59.06	14
8CYS	97	30.0	14
8CYT	15	30.0	14
8CYT	16	30.0	14
8CYT	17	30.0	14
8CYT	18	8.15	14
8CYT	19	9.46	14
8CYT	20	9.81	14
8CYT	21	10.86	14
8CYT	22	12.54	14
8CYT	23	14.66	14
8CYT	24	15.78	14
8CYT	36	31.83	14
8CYT	37	33.52	14
8CYT	38	25.95	14
8CYT	39	25.55	14
8CYT	40	22.6	14
8CYT	41	23.65	14
8CYT	42	25.23	14
8CYT	43	25.73	14
8CYT	44	26.24	14
8CYT	45	26.2	14
8CYT	46	25.61	14
8CYT	47	20.28	14
8CYT	48	16.39	14
8CYT	49	14.95	14
8CYT	50	15.13	14
8CYT	51	15.0	14
8CYT	52	15.43	14
8CYT	53	17.6	14
8CYT	54	18.71	14
8CYT	55	20.22	14
8CYT	56	21.35	14
8CYT	57	25.76	14
8CYT	58	25.52	14
8CYT	59	26.07	14
8CYT	60	25.92	14
8CYT	61	24.97	14
8CYT	62	18.69	14
8CYT	63	17.16	14
8CYT	64	17.23	14
8CYT	65	17.3	14
8CYT	66	14.55	14
8CYT	67	15.5	14
8CYT	68	15.33	14
8CYT	69	13.87	14
8CYT	70	12.81	14
8CYT	71	13.18	14
8CYT	72	14.39	14
8CYT	73	15.17	14
8CYT	74	16.79	14
8CYT	75	17.67	14
8CYT	76	16.82	14
8CYT	77	16.37	14
8CYT	78	15.82	14
8CYT	79	16.13	14
8CYT	80	15.61	14
8CYT	81	16.09	14
8CYT	82	16.19	14
8CYT	83	17.55	14
8CYT	84	15.48	14
8CYT	85	13.9	14
8CYT	86	12.13	14
8CYT	87	11.26	14
8CYT	88	9.5	14
8CYT	89	9.42	14
8CYT	90	10.21	14
8CYT	91	12.19	14
8CYT	92	13.63	14
8CYT	93	15.46	14
8CYT	94	16.62	14
8CYT	95	19.36	14
8CYT	96	22.69	14
8CYT	97	23.63	14
8CYV	15	75.51	12
8CYV	16	75.115	12
8CYV	17	69.835	12
8CYV	18	75.035	12
8CYV	19	78.325	12
8CYV	20	83.265	12
8CYV	21	82.545	12
8CYV	22	90.26	12
8CYV	23	95.875	12
8CYV	24	100.27	12
8CYV	36	85.825	12
8CYV	37	86.025	12
8CYV	38	83.13	12
8CYV	39	78.72	12
8CYV	40	77.49	12
8CYV	41	73.195	12
8CYV	42	75.525	12
8CYV	43	72.07	12
8CYV	44	67.055	12
8CYV	45	64.08	12
8CYV	46	64.055	12
8CYV	47	59.53	12
8CYV	48	62.91	12
8CYV	49	63.425	12
8CYV	50	69.82	12
8CYV	51	74.545	12
8CYV	52	72.88	12
8CYV	53	74.06	12
8CYV	54	85.61	12
8CYV	55	88.895	12
8CYV	56	98.925	12
8CYV	57	112.915	12
8CYV	58	118.415	12
8CYV	59	121.73	12
8CYV	60	119.35	12
8CYV	61	112.385	12
8CYV	62	91.17	12
8CYV	63	81.285	12
8CYV	64	71.365	12
8CYV	65	69.155	12
8CYV	66	63.685	12
8CYV	67	70.925	12
8CYV	68	72.535	12
8CYV	69	71.565	12
8CYV	70	65.335	12
8CYV	71	66.79	12
8CYV	72	69.495	12
8CYV	73	70.94	12
8CYV	74	70.77	12
8CYV	75	75.39	12
8CYV	76	71.465	12
8CYV	77	74.855	12
8CYV	78	75.91	12
8CYV	79	74.49	12
8CYV	80	75.95	12
8CYV	81	80.415	12
8CYV	82	79.335	12
8CYV	83	86.68	12
8CYV	84	83.705	12
8CYV	85	75.805	12
8CYV	86	70.685	12
8CYV	87	69.665	12
8CYV	88	68.4	12
8CYV	89	66.715	12
8CYV	90	69.925	12
8CYV	91	78.03	12
8CYV	92	80.355	12
8CYV	93	82.29	12
8CYV	94	87.3	12
8CYV	95	88.57	12
8CYV	96	89.45	12
8CYV	97	88.44	12
8CYW	14	86.49	12
8CYW	15	81.73	12
8CYW	16	80.96	12
8CYW	17	73.69	12
8CYW	18	74.66	12
8CYW	19	77.55	12
8CYW	20	82.83	12
8CYW	21	83.43	12
8CYW	22	94.57	12
8CYW	23	98.9	12
8CYW	24	106.26	12
8CYW	25	105.98	12
8CYW	36	74.55	12
8CYW	37	72.94	12
8CYW	38	69.96	12
8CYW	39	63.72	12
8CYW	40	58.84	12
8CYW	41	56.75	12
8CYW	42	55.34	12
8CYW	43	55.56	12
8CYW	44	51.86	12
8CYW	45	55.14	12
8CYW	46	56.45	12
8CYW	47	53.27	12
8CYW	48	50.68	12
8CYW	49	53.55	12
8CYW	50	59.11	12
8CYW	51	59.67	12
8CYW	52	62.06	12
8CYW	53	62.54	12
8CYW	54	69.3	12
8CYW	55	69.25	12
8CYW	56	72.56	12
8CYW	57	81.76	12
8CYW	58	83.36	12
8CYW	59	81.62	12
8CYW	60	80.93	12
8CYW	61	80.42	12
8CYW	62	72.86	12
8CYW	63	68.19	12
8CYW	64	64.46	12
8CYW	65	62.58	12
8CYW	66	60.8	12
8CYW	67	59.3	12
8CYW	68	56.18	12
8CYW	69	53.59	12
8CYW	70	51.68	12
8CYW	71	50.62	12
8CYW	72	54.18	12
8CYW	73	56.51	12
8CYW	74	58.03	12
8CYW	75	57.95	12
8CYW	76	56.46	12
8CYW	77	57.81	12
8CYW	78	62.94	12
8CYW	79	66.05	12
8CYW	80	75.46	12
8CYW	81	75.8	12
8CYW	82	74.11	12
8CYW	83	78.38	12
8CYW	84	76.95	12
8CYW	85	74.47	12
8CYW	86	67.29	12
8CYW	87	65.95	12
8CYW	88	64.95	12
8CYW	89	70.91	12
8CYW	90	72.19	12
8CYW	91	79.28	12
8CYW	92	83.72	12
8CYW	93	85.56	12
8CYW	94	88.35	12
8CYW	95	91.82	12
8CYW	96	94.84	12
8CYX	14	41.51	10
8CYX	15	40.07	10
8CYX	16	38.41	10
8CYX	17	38.72	10
8CYX	18	39.5	10
8CYX	19	41.08	10
8CYX	20	42.86	10
8CYX	21	45.77	10
8CYX	22	50.93	10
8CYX	23	53.86	10
8CYX	24	55.7	10
8CYX	25	56.87	10
8CYX	36	38.98	10
8CYX	37	38.04	10
8CYX	38	37.36	10
8CYX	39	37.56	10
8CYX	40	38.13	10
8CYX	41	39.52	10
8CYX	42	40.84	10
8CYX	43	42.49	10
8CYX	44	41.74	10
8CYX	45	41.48	10
8CYX	46	42.54	10
8CYX	47	39.28	10
8CYX	48	37.52	10
8CYX	49	37.0	10
8CYX	50	38.95	10
8CYX	51	40.38	10
8CYX	52	41.3	10
8CYX	53	42.82	10
8CYX	54	45.57	10
8CYX	55	46.89	10
8CYX	56	47.82	10
8CYX	57	50.44	10
8CYX	58	50.36	10
8CYX	59	49.66	10
8CYX	60	49.53	10
8CYX	61	48.47	10
8CYX	62	47.08	10
8CYX	63	43.95	10
8CYX	64	42.85	10
8CYX	65	40.1	10
8CYX	66	38.02	10
8CYX	67	37.49	10
8CYX	68	38.17	10
8CYX	69	38.31	10
8CYX	70	37.29	10
8CYX	71	36.67	10
8CYX	72	37.19	10
8CYX	73	37.25	10
8CYX	74	37.84	10
8CYX	75	37.22	10
8CYX	76	36.79	10
8CYX	77	35.95	10
8CYX	78	36.76	10
8CYX	79	37.85	10
8CYX	80	39.53	10
8CYX	81	40.92	10
8CYX	82	41.61	10
8CYX	83	44.44	10
8CYX	84	43.36	10
8CYX	85	43.03	10
8CYX	86	42.63	10
8CYX	87	40.45	10
8CYX	88	39.89	10
8CYX	89	38.73	10
8CYX	90	40.71	10
8CYX	91	41.6	10
8CYX	92	43.19	10
8CYX	93	43.22	10
8CYX	94	43.37	10
8CYX	95	43.4	10
8CYX	96	42.49	10
8CYY	15	30.0	12
8CYY	16	30.0	12
8CYY	17	30.0	12
8CYY	18	8.15	12
8CYY	19	9.46	12
8CYY	20	9.81	12
8CYY	21	10.86	12
8CYY	22	12.54	12
8CYY	23	14.66	12
8CYY	24	15.78	12
8CYY	36	40.56	12
8CYY	37	40.65	12
8CYY	38	35.925	12
8CYY	39	35.435	12
8CYY	40	33.235	12
8CYY	41	34.685	12
8CYY	42	36.96	12
8CYY	43	37.895	12
8CYY	44	38.39	12
8CYY	45	40.005	12
8CYY	46	38.735	12
8CYY	47	32.41	12
8CYY	48	27.625	12
8CYY	49	26.955	12
8CYY	50	27.91	12
8CYY	51	28.175	12
8CYY	52	28.66	12
8CYY	53	31.105	12
8CYY	54	34.235	12
8CYY	55	34.56	12
8CYY	56	37.255	12
8CYY	57	42.965	12
8CYY	58	42.215	12
8CYY	59	41.81	12
8CYY	60	40.78	12
8CYY	61	39.585	12
8CYY	62	34.665	12
8CYY	63	31.875	12
8CYY	64	30.685	12
8CYY	65	29.59	12
8CYY	66	27.58	12
8CYY	67	28.415	12
8CYY	68	27.555	12
8CYY	69	26.38	12
8CYY	70	26.135	12
8CYY	71	26.1	12
8CYY	72	28.235	12
8CYY	73	27.775	12
8CYY	74	29.555	12
8CYY	75	30.4	12
8CYY	76	28.765	12
8CYY	77	27.68	12
8CYY	78	28.14	12
8CYY	79	29.585	12
8CYY	80	30.67	12
8CYY	81	31.195	12
8CYY	82	30.605	12
8CYY	83	32.74	12
8CYY	84	32.045	12
8CYY	85	31.115	12
8CYY	86	28.755	12
8CYY	87	27.975	12
8CYY	88	25.855	12
8CYY	89	26.055	12
8CYY	90	26.7	12
8CYY	91	28.96	12
8CYY	92	33.005	12
8CYY	93	33.9	12
8CYY	94	35.02	12
8CYY	95	38.39	12
8CYY	96	40.875	12
8CYY	97	26.815	12
8CZ0	15	33.685	12
8CZ0	16	37.885	12
8CZ0	17	25.065	12
8CZ0	18	37.825	12
8CZ0	19	33.58	12
8CZ0	20	50.685	12
8CZ0	21	48.885	12
8CZ0	22	61.7	12
8CZ0	23	67.81	12
8CZ0	24	78.84	12
8CZ0	36	31.96	12
8CZ0	37	34.01	12
8CZ0	38	26.825	12
8CZ0	39	32.405	12
8CZ0	40	25.49	12
8CZ0	41	33.07	12
8CZ0	42	37.715	12
8CZ0	43	42.915	12
8CZ0	44	48.655	12
8CZ0	45	54.36	12
8CZ0	46	53.145	12
8CZ0	47	39.605	12
8CZ0	48	32.33	12
8CZ0	49	33.045	12
8CZ0	50	28.215	12
8CZ0	51	33.565	12
8CZ0	52	33.8	12
8CZ0	53	40.63	12
8CZ0	54	51.655	12
8CZ0	55	51.34	12
8CZ0	56	60.505	12
8CZ0	57	75.665	12
8CZ0	58	81.58	12
8CZ0	59	77.395	12
8CZ0	60	73.08	12
8CZ0	61	63.35	12
8CZ0	62	51.25	12
8CZ0	63	46.805	12
8CZ0	64	42.27	12
8CZ0	65	40.765	12
8CZ0	66	32.88	12
8CZ0	67	32.86	12
8CZ0	68	34.945	12
8CZ0	69	25.43	12
8CZ0	70	24.21	12
8CZ0	71	21.28	12
8CZ0	72	26.405	12
8CZ0	73	23.37	12
8CZ0	74	28.955	12
8CZ0	75	33.83	12
8CZ0	76	28.21	12
8CZ0	77	22.605	12
8CZ0	78	21.46	12
8CZ0	79	27.225	12
8CZ0	80	26.08	12
8CZ0	81	39.87	12
8CZ0	82	36.585	12
8CZ0	83	50.45	12
8CZ0	84	39.39	12
8CZ0	85	41.16	12
8CZ0	86	28.635	12
8CZ0	87	32.475	12
8CZ0	88	19.04	12
8CZ0	89	26.67	12
8CZ0	90	25.765	12
8CZ0	91	35.01	12
8CZ0	92	37.05	12
8CZ0	93	37.32	12
8CZ0	94	46.375	12
8CZ0	95	44.685	12
8CZ0	96	61.525	12
8CZ0	97	63.955	12
8CZ1	15	30.0	12
8CZ1	16	30.0	12
8CZ1	17	30.0	12
8CZ1	18	8.15	12
8CZ1	19	9.46	12
8CZ1	20	9.81	12
8CZ1	21	10.86	12
8CZ1	22	12.54	12
8CZ1	23	14.66	12
8CZ1	24	15.78	12
8CZ1	36	49.29	12
8CZ1	37	47.78	12
8CZ1	38	45.9	12
8CZ1	39	45.32	12
8CZ1	40	43.87	12
8CZ1	41	45.72	12
8CZ1	42	48.69	12
8CZ1	43	50.06	12
8CZ1	44	50.54	12
8CZ1	45	53.81	12
8CZ1	46	51.86	12
8CZ1	47	44.54	12
8CZ1	48	38.86	12
8CZ1	49	38.96	12
8CZ1	50	40.69	12
8CZ1	51	41.35	12
8CZ1	52	41.89	12
8CZ1	53	44.61	12
8CZ1	54	49.76	12
8CZ1	55	48.9	12
8CZ1	56	53.16	12
8CZ1	57	60.17	12
8CZ1	58	58.91	12
8CZ1	59	57.55	12
8CZ1	60	55.64	12
8CZ1	61	54.2	12
8CZ1	62	50.64	12
8CZ1	63	46.59	12
8CZ1	64	44.14	12
8CZ1	65	41.88	12
8CZ1	66	40.61	12
8CZ1	67	41.33	12
8CZ1	68	39.78	12
8CZ1	69	38.89	12
8CZ1	70	39.46	12
8CZ1	71	39.02	12
8CZ1	72	42.08	12
8CZ1	73	40.38	12
8CZ1	74	42.32	12
8CZ1	75	43.13	12
8CZ1	76	40.71	12
8CZ1	77	38.99	12
8CZ1	78	40.46	12
8CZ1	79	43.04	12
8CZ1	80	45.73	12
8CZ1	81	46.3	12
8CZ1	82	45.02	12
8CZ1	83	47.93	12
8CZ1	84	48.61	12
8CZ1	85	48.33	12
8CZ1	86	45.38	12
8CZ1	87	44.69	12
8CZ1	88	42.21	12
8CZ1	89	42.69	12
8CZ1	90	43.19	12
8CZ1	91	45.73	12
8CZ1	92	52.38	12
8CZ1	93	52.34	12
8CZ1	94	53.42	12
8CZ1	95	57.42	12
8CZ1	96	59.06	12
8CZ1	97	30.0	12
8CZ2	15	46.255	12
8CZ2	16	46.61	12
8CZ2	17	34.945	12
8CZ2	18	40.005	12
8CZ2	19	39.195	12
8CZ2	20	50.005	12
8CZ2	21	40.53	12
8CZ2	22	59.325	12
8CZ2	23	61.425	12
8CZ2	24	62.185	12
8CZ2	36	50.51	12
8CZ2	37	45.405	12
8CZ2	38	42.255	12
8CZ2	39	40.755	12
8CZ2	40	32.725	12
8CZ2	41	38.92	12
8CZ2	42	45.11	12
8CZ2	43	46.23	12
8CZ2	44	42.61	12
8CZ2	45	47.815	12
8CZ2	46	54.46	12
8CZ2	47	36.155	12
8CZ2	48	37.11	12
8CZ2	49	31.995	12
8CZ2	50	40.275	12
8CZ2	51	42.985	12
8CZ2	52	36.29	12
8CZ2	53	31.935	12
8CZ2	54	42.22	12
8CZ2	55	43.25	12
8CZ2	56	40.67	12
8CZ2	57	50.035	12
8CZ2	58	59.065	12
8CZ2	59	53.555	12
8CZ2	60	55.965	12
8CZ2	61	41.285	12
8CZ2	62	39.32	12
8CZ2	63	37.025	12
8CZ2	64	30.48	12
8CZ2	65	27.765	12
8CZ2	66	22.11	12
8CZ2	67	20.04	12
8CZ2	68	23.0	12
8CZ2	69	42.33	12
8CZ2	70	30.155	12
8CZ2	71	40.225	12
8CZ2	72	31.36	12
8CZ2	73	28.565	12
8CZ2	74	34.695	12
8CZ2	75	37.925	12
8CZ2	76	36.175	12
8CZ2	77	34.295	12
8CZ2	78	37.315	12
8CZ2	79	27.885	12
8CZ2	80	39.415	12
8CZ2	81	37.92	12
8CZ2	82	45.065	12
8CZ2	83	47.18	12
8CZ2	84	34.385	12
8CZ2	85	27.23	12
8CZ2	86	34.74	12
8CZ2	87	29.035	12
8CZ2	88	26.585	12
8CZ2	89	19.37	12
8CZ2	90	25.105	12
8CZ2	91	31.625	12
8CZ2	92	38.265	12
8CZ2	93	32.79	12
8CZ2	94	40.06	12
8CZ2	95	49.43	12
8CZ2	96	54.02	12
8CZ2	97	56.38	12
8CZ3	15	30.0	12
8CZ3	16	30.0	12
8CZ3	17	30.0	12
8CZ3	18	8.15	12
8CZ3	19	9.46	12
8CZ3	20	9.81	12
8CZ3	21	10.86	12
8CZ3	22	12.54	12
8CZ3	23	14.66	12
8CZ3	24	15.78	12
8CZ3	36	31.83	12
8CZ3	37	33.52	12
8CZ3	38	25.95	12
8CZ3	39	25.55	12
8CZ3	40	22.6	12
8CZ3	41	23.65	12
8CZ3	42	25.23	12
8CZ3	43	25.73	12
8CZ3	44	26.24	12
8CZ3	45	26.2	12
8CZ3	46	25.61	12
8CZ3	47	20.28	12
8CZ3	48	16.39	12
8CZ3	49	14.95	12
8CZ3	50	15.13	12
8CZ3	51	15.0	12
8CZ3	52	15.43	12
8CZ3	53	17.6	12
8CZ3	54	18.71	12
8CZ3	55	20.22	12
8CZ3	56	21.35	12
8CZ3	57	25.76	12
8CZ3	58	25.52	12
8CZ3	59	26.07	12
8CZ3	60	25.92	12
8CZ3	61	24.97	12
8CZ3	62	18.69	12
8CZ3	63	17.16	12
8CZ3	64	17.23	12
8CZ3	65	17.3	12
8CZ3	66	14.55	12
8CZ3	67	15.5	12
8CZ3	68	15.33	12
8CZ3	69	13.87	12
8CZ3	70	12.81	12
8CZ3	71	13.18	12
8CZ3	72	14.39	12
8CZ3	73	15.17	12
8CZ3	74	16.79	12
8CZ3	75	17.67	12
8CZ3	76	16.82	12
8CZ3	77	16.37	12
8CZ3	78	15.82	12
8CZ3	79	16.13	12
8CZ3	80	15.61	12
8CZ3	81	16.09	12
8CZ3	82	16.19	12
8CZ3	83	17.55	12
8CZ3	84	15.48	12
8CZ3	85	13.9	12
8CZ3	86	12.13	12
8CZ3	87	11.26	12
8CZ3	88	9.5	12
8CZ3	89	9.42	12
8CZ3	90	10.21	12
8CZ3	91	12.19	12
8CZ3	92	13.63	12
8CZ3	93	15.46	12
8CZ3	94	16.62	12
8CZ3	95	19.36	12
8CZ3	96	22.69	12
8CZ3	97	23.63	12
8CZ6	15	67.52	14
8CZ6	16	71.03	14
8CZ6	17	50.63	14
8CZ6	18	64.55	14
8CZ6	19	67.5	14
8CZ6	20	74.71	14
8CZ6	21	66.85	14
8CZ6	22	79.23	14
8CZ6	23	88.12	14
8CZ6	24	104.68	14
8CZ6	36	89.12	14
8CZ6	37	107.09	14
8CZ6	38	81.8	14
8CZ6	39	80.88	14
8CZ6	40	65.33	14
8CZ6	41	65.65	14
8CZ6	42	77.27	14
8CZ6	43	66.84	14
8CZ6	44	77.21	14
8CZ6	45	78.68	14
8CZ6	46	85.08	14
8CZ6	47	64.58	14
8CZ6	48	56.34	14
8CZ6	49	57.09	14
8CZ6	50	56.54	14
8CZ6	51	69.94	14
8CZ6	52	63.57	14
8CZ6	53	64.74	14
8CZ6	54	75.2	14
8CZ6	55	66.18	14
8CZ6	56	66.89	14
8CZ6	57	82.58	14
8CZ6	58	82.14	14
8CZ6	59	88.77	14
8CZ6	60	92.81	14
8CZ6	61	81.49	14
8CZ6	62	59.68	14
8CZ6	63	61.93	14
8CZ6	64	60.77	14
8CZ6	65	60.51	14
8CZ6	66	52.99	14
8CZ6	67	59.63	14
8CZ6	68	62.03	14
8CZ6	69	51.87	14
8CZ6	70	53.88	14
8CZ6	71	52.28	14
8CZ6	72	69.97	14
8CZ6	73	70.65	14
8CZ6	74	65.47	14
8CZ6	75	70.48	14
8CZ6	76	64.12	14
8CZ6	77	63.03	14
8CZ6	78	52.39	14
8CZ6	79	55.08	14
8CZ6	80	52.2	14
8CZ6	81	64.66	14
8CZ6	82	59.31	14
8CZ6	83	66.88	14
8CZ6	84	56.29	14
8CZ6	85	62.67	14
8CZ6	86	52.59	14
8CZ6	87	53.44	14
8CZ6	88	49.75	14
8CZ6	89	56.26	14
8CZ6	90	57.0	14
8CZ6	91	65.9	14
8CZ6	92	64.09	14
8CZ6	93	57.29	14
8CZ6	94	63.2	14
8CZ6	95	65.7	14
8CZ6	96	73.4	14
8CZ6	97	82.39	14
8DJA	85	171.3	20
8DJA	86	181.14	20
8DJA	87	180.27	20
8DJA	88	187.97	20
8DJA	89	191.02	20
8DJA	90	192.49	20
8DJA	91	196.63	20
8DJA	92	193.86	20
8DJA	93	195.9	20
8DJA	94	202.1	20
8DJA	95	194.98	20
8DJA	96	197.37	20
8DJA	97	192.98	20
8DJA	98	182.28	20
8DJA	99	171.93	20
8DJA	100	168.16	20
8DJA	101	166.01	20
8DJA	102	174.04	20
8DJA	103	171.61	20
8DJA	104	159.53	20
8DJA	105	163.07	20
8DJA	106	144.22	20
8DJA	107	149.93	20
8DJA	108	156.19	20
8DJA	109	156.96	20
8DJA	110	157.51	20
8DJA	111	153.94	20
8DJA	112	147.7	20
8DJA	113	141.57	20
8DJA	114	136.83	20
8DJA	115	140.44	20
8DJA	116	128.51	20
8DJA	117	136.14	20
8DJA	118	130.07	20
8DU2	275	85.51	10
8DU2	276	92.54	10
8DU2	277	83.38	10
8DU2	278	94.48	10
8DU2	279	97.27	10
8DU2	280	80.74	10
8DU2	281	86.86	10
8DU2	282	91.18	10
8DU2	283	90.12	10
8DU2	284	81.18	10
8DU2	285	98.22	10
8DU2	286	90.17	10
8DU2	287	88.54	10
8DU2	288	79.06	10
8DU2	289	75.54	10
8DU2	290	74.48	10
8DU2	291	74.52	10
8DU2	292	71.3	10
8DU2	293	76.02	10
8DU2	294	72.22	10
8DU2	295	60.79	10
8DU2	296	77.8	10
8DU2	297	82.52	10
8DU2	298	83.78	10
8DU2	299	77.25	10
8DU2	300	65.17	10
8DU2	301	59.62	10
8DU2	302	59.26	10
8DU2	303	64.77	10
8DU2	304	77.99	10
8DU2	305	89.02	10
8DU2	306	91.77	10
8DU2	307	83.69	10
8DU2	308	80.12	10
8DU2	309	64.1	10
8DU2	310	64.85	10
8DU2	311	55.31	10
8DU2	312	56.78	10
8DU2	313	52.49	10
8DU2	314	60.83	10
8DU2	315	63.38	10
8DU2	316	61.85	10
8DU2	317	65.37	10
8DU2	318	73.27	10
8DU2	319	62.15	10
8DU2	320	64.26	10
8DU2	321	66.35	10
8DU2	322	75.08	10
8DU2	323	87.56	10
8DU2	324	86.92	10
8DU2	325	91.6	10
8DU2	326	92.67	10
8DU2	327	98.84	10
8DU2	328	94.6	10
8DUW	275	56.0	10
8DUW	276	64.85	10
8DUW	277	65.27	10
8DUW	278	80.26	10
8DUW	279	83.09	10
8DUW	280	72.59	10
8DUW	281	69.23	10
8DUW	282	69.46	10
8DUW	283	77.84	10
8DUW	284	70.64	10
8DUW	285	80.54	10
8DUW	286	69.92	10
8DUW	287	76.1	10
8DUW	288	66.75	10
8DUW	289	62.77	10
8DUW	290	59.58	10
8DUW	291	57.39	10
8DUW	292	65.29	10
8DUW	293	55.28	10
8DUW	294	52.79	10
8DUW	295	40.08	10
8DUW	296	51.32	10
8DUW	297	59.9	10
8DUW	298	58.54	10
8DUW	299	59.44	10
8DUW	300	41.12	10
8DUW	301	46.82	10
8DUW	302	46.54	10
8DUW	303	41.63	10
8DUW	304	51.1	10
8DUW	305	69.0	10
8DUW	306	52.36	10
8DUW	307	51.98	10
8DUW	308	49.33	10
8DUW	309	45.2	10
8DUW	310	47.84	10
8DUW	311	46.93	10
8DUW	312	34.73	10
8DUW	313	41.65	10
8DUW	314	37.62	10
8DUW	315	41.45	10
8DUW	316	43.22	10
8DUW	317	45.41	10
8DUW	318	52.3	10
8DUW	319	48.71	10
8DUW	320	46.09	10
8DUW	321	47.51	10
8DUW	322	59.93	10
8DUW	323	70.68	10
8DUW	324	57.81	10
8DUW	325	66.6	10
8DUW	326	66.42	10
8DUW	327	75.78	10
8DUW	328	76.7	10
8E7D	11	104.598	5
8E7D	12	95.244	5
8E7D	13	89.308	5
8E7D	14	78.072	5
8E7D	15	73.64	5
8E7D	16	78.902	5
8E7D	17	81.314	5
8E7D	18	89.762	5
8E7D	19	85.512	5
8E7D	20	89.628	5
8E7D	21	80.296	5
8E7D	22	81.782	5
8E7D	23	78.22	5
8E7D	24	69.464	5
8E7D	25	57.342	5
8E7D	26	53.752	5
8E7D	27	60.334	5
8E7D	28	43.898	5
8E7D	29	47.632	5
8E7D	30	50.992	5
8E7D	31	57.15	5
8E7D	32	64.706	5
8E7D	33	66.488	5
8E7D	34	72.218	5
8E7D	58	92.49	5
8E7D	59	102.588	5
8E7D	60	99.316	5
8E7D	61	88.772	5
8E7D	62	86.898	5
8E7D	63	82.364	5
8E7D	64	63.166	5
8E7D	65	64.408	5
8E7D	66	62.88	5
8E7D	67	53.398	5
8E7D	68	63.98	5
8E7D	69	55.882	5
8E7D	70	62.276	5
8E7D	71	69.746	5
8E7D	72	68.384	5
8E7D	73	64.44	5
8E7D	74	54.084	5
8E7D	75	62.65	5
8E7D	76	67.46	5
8E7D	77	68.924	5
8E7D	78	77.82	5
8E7D	79	77.798	5
8E7D	80	75.084	5
8E7D	81	72.474	5
8E7D	82	86.22	5
8E7D	83	86.114	5
8E7D	84	79.852	5
8E7D	85	90.7	5
8E7D	86	84.828	5
8E7D	87	82.632	5
8E7D	88	106.506	5
8E7D	89	105.836	5
8E7D	90	105.584	5
8E7D	91	100.226	5
8E7D	92	105.378	5
8E7D	93	95.016	5
8E7D	94	95.388	5
8E7D	95	86.4	5
8E7D	96	83.988	5
8E7D	97	83.288	5
8E7D	98	90.846	5
8E7D	99	93.908	5
8E7D	100	99.392	5
8E7D	101	96.61	5
8E7D	102	86.048	5
8E7D	103	70.432	5
8E7D	104	67.04	5
8E7D	105	57.74	5
8E7D	106	50.21	5
8E7D	107	53.368	5
8E7D	108	59.396	5
8E7D	109	53.644	5
8E7D	110	60.168	5
8E7D	111	63.38	5
8E7D	112	68.904	5
8E7D	113	64.564	5
8E7D	114	68.76	5
8E7D	115	73.704	5
8E7D	116	64.6	5
8E7D	117	64.336	5
8E7D	118	68.534	5
8E7D	119	64.464	5
8E7D	120	66.39	5
8E7D	121	73.492	5
8E7D	122	76.022	5
8E7D	123	86.932	5
8E7E	12	52.59	5
8E7E	13	51.93	5
8E7E	14	51.43	5
8E7E	15	51.0	5
8E7E	16	50.22	5
8E7E	17	50.3	5
8E7E	18	51.1	5
8E7E	19	51.68	5
8E7E	20	53.13	5
8E7E	21	57.17	5
8E7E	22	53.4	5
8E7E	23	50.6	5
8E7E	24	50.12	5
8E7E	25	48.15	5
8E7E	26	48.11	5
8E7E	27	46.59	5
8E7E	28	45.99	5
8E7E	29	45.88	5
8E7E	30	46.23	5
8E7E	31	50.43	5
8E7E	32	51.15	5
8E7E	33	53.37	5
8E7E	34	55.15	5
8E7E	35	55.4	5
8E7E	68	45.52	5
8E7E	69	44.91	5
8E7E	70	45.19	5
8E7E	71	46.57	5
8E7E	72	48.2	5
8E7E	73	50.38	5
8E7E	74	54.08	5
8E7E	75	50.6	5
8E7E	76	54.85	5
8E7E	77	57.0	5
8E7E	78	59.98	5
8E7E	79	65.76	5
8E7E	80	67.03	5
8E7E	81	68.9	5
8E7E	82	70.9	5
8E7E	83	72.4	5
8E7E	84	72.23	5
8E7E	85	71.44	5
8E7E	86	70.09	5
8E7E	87	72.31	5
8E7E	88	68.69	5
8E7E	89	67.14	5
8E7E	90	69.38	5
8E7E	91	67.9	5
8E7E	92	68.42	5
8E7E	93	64.94	5
8E7E	94	64.04	5
8E7E	95	64.98	5
8E7E	96	65.17	5
8E7E	97	66.09	5
8E7E	98	66.27	5
8E7E	99	65.38	5
8E7E	100	62.82	5
8E7E	101	61.88	5
8E7E	102	59.49	5
8E7E	103	57.92	5
8E7E	104	62.04	5
8E7E	105	81.74	5
8E7E	106	57.15	5
8E7E	107	51.25	5
8E7E	108	48.38	5
8E7E	109	50.14	5
8E7E	110	50.03	5
8E7E	111	50.38	5
8E7E	112	51.15	5
8E7E	113	50.83	5
8E7E	114	50.21	5
8E7E	115	49.35	5
8E7E	116	49.55	5
8E7E	117	47.67	5
8E7E	118	45.82	5
8E7E	119	45.35	5
8E7E	120	44.4	5
8E7E	121	44.19	5
8E7E	122	44.01	5
8E7E	123	44.63	5
8E7E	124	45.56	5
8E7H	12	101.66	5
8E7H	13	92.83	5
8E7H	14	87.48	5
8E7H	15	73.6	5
8E7H	16	71.29	5
8E7H	17	82.81	5
8E7H	18	86.13	5
8E7H	19	80.14	5
8E7H	20	89.91	5
8E7H	21	87.14	5
8E7H	22	78.55	5
8E7H	23	80.09	5
8E7H	24	68.17	5
8E7H	25	61.19	5
8E7H	26	59.86	5
8E7H	27	66.45	5
8E7H	28	62.61	5
8E7H	29	55.47	5
8E7H	30	58.12	5
8E7H	31	63.77	5
8E7H	32	61.09	5
8E7H	33	74.81	5
8E7H	34	76.14	5
8E7H	35	79.39	5
8E7H	58	86.51	5
8E7H	59	94.26	5
8E7H	60	95.98	5
8E7H	61	104.17	5
8E7H	62	109.78	5
8E7H	63	102.41	5
8E7H	64	89.64	5
8E7H	65	84.32	5
8E7H	66	81.28	5
8E7H	67	67.77	5
8E7H	68	65.54	5
8E7H	69	67.36	5
8E7H	70	58.76	5
8E7H	71	58.73	5
8E7H	72	61.35	5
8E7H	73	58.97	5
8E7H	74	57.71	5
8E7H	75	65.59	5
8E7H	76	62.65	5
8E7H	77	62.48	5
8E7H	78	68.07	5
8E7H	79	67.64	5
8E7H	80	70.99	5
8E7H	81	85.51	5
8E7H	82	87.32	5
8E7H	83	89.03	5
8E7H	84	95.42	5
8E7H	85	93.14	5
8E7H	86	90.89	5
8E7H	87	84.16	5
8E7H	88	101.27	5
8E7H	89	104.33	5
8E7H	90	105.07	5
8E7H	91	96.45	5
8E7H	92	94.68	5
8E7H	93	70.54	5
8E7H	94	68.27	5
8E7H	95	62.04	5
8E7H	96	66.03	5
8E7H	97	70.31	5
8E7H	98	74.87	5
8E7H	99	87.73	5
8E7H	100	84.69	5
8E7H	101	84.98	5
8E7H	102	90.05	5
8E7H	103	63.57	5
8E7H	104	56.48	5
8E7H	105	57.53	5
8E7H	106	51.58	5
8E7H	107	50.73	5
8E7H	108	57.63	5
8E7H	109	46.85	5
8E7H	110	62.07	5
8E7H	111	60.19	5
8E7H	112	70.65	5
8E7H	113	57.89	5
8E7H	114	58.85	5
8E7H	115	66.58	5
8E7H	116	68.39	5
8E7H	117	73.16	5
8E7H	118	77.05	5
8E7H	119	70.63	5
8E7H	120	59.47	5
8E7H	121	63.36	5
8E7H	122	65.44	5
8E7H	123	87.37	5
8E7I	12	104.14	5
8E7I	13	107.08	5
8E7I	14	98.8	5
8E7I	15	98.04	5
8E7I	16	89.85	5
8E7I	17	86.28	5
8E7I	18	92.8	5
8E7I	19	88.39	5
8E7I	20	84.5	5
8E7I	21	83.68	5
8E7I	22	71.54	5
8E7I	23	65.74	5
8E7I	24	61.84	5
8E7I	25	58.02	5
8E7I	26	55.69	5
8E7I	27	52.65	5
8E7I	28	50.44	5
8E7I	29	50.01	5
8E7I	30	57.26	5
8E7I	31	63.1	5
8E7I	32	65.36	5
8E7I	33	73.06	5
8E7I	34	75.48	5
8E7I	58	87.56	5
8E7I	59	94.26	5
8E7I	60	95.35	5
8E7I	61	96.45	5
8E7I	62	97.88	5
8E7I	63	92.55	5
8E7I	64	79.65	5
8E7I	65	71.77	5
8E7I	66	69.84	5
8E7I	67	60.72	5
8E7I	68	53.83	5
8E7I	69	55.08	5
8E7I	70	64.76	5
8E7I	71	70.55	5
8E7I	72	79.33	5
8E7I	73	75.98	5
8E7I	74	75.53	5
8E7I	75	74.54	5
8E7I	76	68.99	5
8E7I	77	64.17	5
8E7I	78	64.08	5
8E7I	79	67.11	5
8E7I	80	73.82	5
8E7I	81	75.43	5
8E7I	82	78.58	5
8E7I	83	85.61	5
8E7I	84	84.81	5
8E7I	85	86.08	5
8E7I	86	85.29	5
8E7I	87	84.47	5
8E7I	88	91.7	5
8E7I	89	99.58	5
8E7I	90	106.74	5
8E7I	91	99.08	5
8E7I	92	100.01	5
8E7I	93	86.99	5
8E7I	94	85.81	5
8E7I	95	79.9	5
8E7I	96	83.09	5
8E7I	97	80.9	5
8E7I	98	85.08	5
8E7I	99	88.52	5
8E7I	100	96.33	5
8E7I	101	92.37	5
8E7I	102	89.57	5
8E7I	103	80.46	5
8E7I	104	80.01	5
8E7I	105	71.69	5
8E7I	106	66.97	5
8E7I	107	60.06	5
8E7I	108	58.39	5
8E7I	109	55.34	5
8E7I	110	53.98	5
8E7I	111	52.09	5
8E7I	112	52.54	5
8E7I	113	49.53	5
8E7I	114	48.97	5
8E7I	115	54.05	5
8E7I	116	58.48	5
8E7I	117	53.68	5
8E7I	118	55.88	5
8E7I	119	54.43	5
8E7I	120	57.53	5
8E7I	121	62.65	5
8E7I	122	67.82	5
8E7I	123	74.91	5
8E7J	12	80.25	5
8E7J	13	81.99	5
8E7J	14	75.88	5
8E7J	15	75.23	5
8E7J	16	71.33	5
8E7J	17	70.86	5
8E7J	18	73.44	5
8E7J	19	70.24	5
8E7J	20	68.95	5
8E7J	21	70.35	5
8E7J	22	66.75	5
8E7J	23	61.18	5
8E7J	24	59.35	5
8E7J	25	55.09	5
8E7J	26	52.94	5
8E7J	27	52.74	5
8E7J	28	51.88	5
8E7J	29	54.17	5
8E7J	30	57.93	5
8E7J	31	63.45	5
8E7J	32	66.33	5
8E7J	33	71.47	5
8E7J	34	78.97	5
8E7J	35	79.1	5
8E7J	64	79.03	5
8E7J	65	74.82	5
8E7J	66	67.16	5
8E7J	67	60.51	5
8E7J	68	55.25	5
8E7J	69	52.68	5
8E7J	70	53.71	5
8E7J	71	51.5	5
8E7J	72	52.28	5
8E7J	73	48.54	5
8E7J	74	49.64	5
8E7J	75	51.84	5
8E7J	76	55.97	5
8E7J	77	60.26	5
8E7J	78	65.62	5
8E7J	79	76.16	5
8E7J	80	76.49	5
8E7J	81	80.86	5
8E7J	82	84.59	5
8E7J	83	88.88	5
8E7J	84	92.67	5
8E7J	85	94.74	5
8E7J	86	93.24	5
8E7J	87	96.1	5
8E7J	88	99.43	5
8E7J	89	100.09	5
8E7J	90	100.23	5
8E7J	91	97.02	5
8E7J	92	95.72	5
8E7J	93	88.86	5
8E7J	94	84.7	5
8E7J	95	79.52	5
8E7J	96	77.38	5
8E7J	97	72.85	5
8E7J	98	72.14	5
8E7J	99	69.37	5
8E7J	100	70.78	5
8E7J	101	66.21	5
8E7J	102	62.17	5
8E7J	103	56.0	5
8E7J	104	50.71	5
8E7J	105	46.52	5
8E7J	106	44.59	5
8E7J	107	42.5	5
8E7J	108	42.01	5
8E7J	109	43.54	5
8E7J	110	44.66	5
8E7J	111	46.63	5
8E7J	112	49.87	5
8E7J	113	51.45	5
8E7J	114	49.84	5
8E7J	115	51.81	5
8E7J	116	50.72	5
8E7J	117	48.88	5
8E7J	118	47.4	5
8E7J	119	46.18	5
8E7J	120	43.88	5
8E7J	121	43.55	5
8E7J	122	41.56	5
8EC7	275	109.71	15
8EC7	276	111.32	15
8EC7	277	113.83	15
8EC7	278	118.76	15
8EC7	279	121.14	15
8EC7	280	116.8	15
8EC7	281	114.72	15
8EC7	282	116.19	15
8EC7	283	117.07	15
8EC7	284	118.49	15
8EC7	285	119.17	15
8EC7	286	114.96	15
8EC7	287	113.63	15
8EC7	288	112.85	15
8EC7	289	112.26	15
8EC7	290	110.65	15
8EC7	291	112.16	15
8EC7	292	111.89	15
8EC7	293	111.92	15
8EC7	294	113.01	15
8EC7	295	107.54	15
8EC7	296	109.02	15
8EC7	297	109.97	15
8EC7	298	110.11	15
8EC7	299	109.15	15
8EC7	300	103.59	15
8EC7	301	101.34	15
8EC7	302	98.68	15
8EC7	303	96.68	15
8EC7	304	98.96	15
8EC7	305	103.91	15
8EC7	306	104.03	15
8EC7	307	101.0	15
8EC7	308	97.43	15
8EC7	309	93.25	15
8EC7	310	92.37	15
8EC7	311	93.49	15
8EC7	312	96.88	15
8EC7	313	100.51	15
8EC7	314	105.21	15
8EC7	315	107.24	15
8EC7	316	111.08	15
8EC7	317	113.17	15
8EC7	318	111.89	15
8EC7	319	114.24	15
8EC7	320	112.86	15
8EC7	321	115.56	15
8EC7	322	119.04	15
8EC7	323	120.91	15
8EC7	324	116.3	15
8EC7	325	116.42	15
8EC7	326	121.85	15
8EC7	327	125.48	15
8EC7	328	127.53	15
8EFU	72	89.31	5
8EFU	73	88.38	5
8EFU	74	77.31	5
8EFU	75	70.58	5
8EFU	76	83.15	5
8EFU	77	83.69	5
8EFU	78	88.13	5
8EFU	79	89.61	5
8EFU	80	103.49	5
8EFU	81	90.45	5
8EFU	82	87.57	5
8EFU	83	87.35	5
8EFU	84	97.01	5
8EFU	85	86.63	5
8EFU	86	81.45	5
8EFU	87	82.44	5
8EFU	88	73.79	5
8EFU	89	87.47	5
8EFU	90	89.33	5
8EFU	91	117.68	5
8EFU	92	114.73	5
8EFU	93	105.62	5
8EFU	94	101.2	5
8EFU	95	101.39	5
8EFU	96	101.47	5
8EFU	97	89.51	5
8EFU	98	89.76	5
8EFU	99	84.48	5
8EFU	100	84.71	5
8EFU	101	93.71	5
8EFU	102	96.29	5
8EFU	103	100.35	5
8EFU	104	86.25	5
8EFU	105	77.1	5
8EFU	106	88.98	5
8EFU	107	87.79	5
8EFU	108	99.61	5
8EFU	109	102.5	5
8EFU	110	104.93	5
8EFU	111	118.69	5
8EFU	112	122.28	5
8EFU	113	111.4	5
8EFU	114	98.3	5
8EFU	115	94.31	5
8EFU	116	85.92	5
8EFU	117	84.41	5
8EFU	118	91.07	5
8EFU	119	86.76	5
8EFU	120	83.15	5
8EFU	121	79.02	5
8EFU	122	78.93	5
8EFU	123	66.39	5
8EFU	124	75.95	5
8EFU	125	81.22	5
8EFU	126	81.39	5
8EFU	127	79.14	5
8EFU	128	76.83	5
8EFU	129	87.42	5
8EFU	130	105.96	5
8EFU	131	112.88	5
8EFU	132	101.97	5
8EFU	133	88.53	5
8EFU	134	105.32	5
8EFU	135	91.82	5
8EFU	136	90.72	5
8EFU	137	86.24	5
8EFU	138	76.52	5
8EFU	139	79.76	5
8EFU	140	71.51	5
8EFU	141	74.24	5
8EFU	142	78.58	5
8EFU	143	73.67	5
8EFU	144	74.29	5
8EFU	145	74.14	5
8EFU	146	65.72	5
8EFU	147	69.99	5
8EFU	148	66.7	5
8EFU	149	68.5	5
8EFU	150	62.28	5
8EFU	151	82.43	5
8EFU	152	77.01	5
8EFU	153	77.97	5
8EFU	154	81.96	5
8EFU	155	84.66	5
8EFU	156	102.07	5
8EFU	157	111.33	5
8EFU	158	106.76	5
8EFU	159	96.75	5
8EFU	160	99.68	5
8EFU	161	81.38	5
8EFU	162	83.14	5
8EFU	163	77.12	5
8EFU	164	106.65	5
8EFU	165	106.88	5
8EFU	166	97.33	5
8EFU	167	101.12	5
8EFU	168	116.91	5
8EFU	169	113.25	5
8EFU	170	119.4	5
8EFU	171	117.21	5
8EFU	172	128.78	5
8EFU	173	133.75	5
8EFU	174	122.14	5
8EFU	175	117.91	5
8EFU	176	115.85	5
8EFU	177	125.96	5
8EFU	178	131.36	5
8EFU	179	127.18	5
8EFU	180	125.95	5
8EFU	181	115.85	5
8EFU	182	113.94	5
8EFU	183	109.45	5
8EFU	184	108.93	5
8EFU	185	106.05	5
8EFU	186	109.03	5
8EFU	187	105.08	5
8EFU	188	112.39	5
8EFU	189	101.7	5
8EFU	190	107.62	5
8EFU	191	121.3	5
8EFU	192	89.38	5
8EFU	193	84.73	5
8EFU	194	80.02	5
8EFU	195	78.08	5
8EFU	196	63.6	5
8EFU	197	66.76	5
8EFU	198	75.82	5
8EFU	199	67.38	5
8EFU	200	61.5	5
8EFU	201	67.04	5
8EFU	202	68.45	5
8EFU	203	80.57	5
8EFU	204	97.92	5
8EZD	12	0.0	8
8EZD	13	0.0	8
8EZD	14	0.0	8
8EZD	15	0.0	8
8EZD	16	0.0	8
8EZD	17	0.0	8
8EZD	18	0.0	8
8EZD	19	0.0	8
8EZD	20	0.0	8
8EZD	21	0.0	8
8EZD	22	0.0	8
8EZD	23	0.0	8
8EZD	24	0.0	8
8EZD	25	0.0	8
8EZD	26	0.0	8
8EZD	27	0.0	8
8EZD	28	0.0	8
8EZD	29	0.0	8
8EZD	30	0.0	8
8EZD	31	0.0	8
8EZD	32	0.0	8
8EZD	33	0.0	8
8EZD	34	0.0	8
8EZD	35	0.0	8
8EZD	36	0.0	8
8EZD	37	0.0	8
8EZD	38	0.0	8
8EZD	39	0.0	8
8EZD	40	0.0	8
8EZD	41	0.0	8
8EZD	42	0.0	8
8EZE	1	0.0	8
8EZE	2	0.0	8
8EZE	3	0.0	8
8EZE	4	0.0	8
8EZE	5	0.0	8
8EZE	6	0.0	8
8EZE	7	0.0	8
8EZE	8	0.0	8
8EZE	9	0.0	8
8EZE	10	0.0	8
8EZE	11	0.0	8
8EZE	12	0.0	8
8EZE	13	0.0	8
8EZE	14	0.0	8
8EZE	15	0.0	8
8EZE	16	0.0	8
8EZE	17	0.0	8
8EZE	18	0.0	8
8EZE	19	0.0	8
8EZE	20	0.0	8
8EZE	21	0.0	8
8EZE	22	0.0	8
8EZE	23	0.0	8
8EZE	24	0.0	8
8EZE	25	0.0	8
8EZE	26	0.0	8
8EZE	27	0.0	8
8EZE	28	0.0	8
8EZE	29	0.0	8
8EZE	30	0.0	8
8EZE	31	0.0	8
8EZE	32	0.0	8
8EZE	33	0.0	8
8EZE	34	0.0	8
8EZE	35	0.0	8
8EZE	36	0.0	8
8EZE	37	0.0	8
8EZE	38	0.0	8
8EZE	39	0.0	8
8EZE	40	0.0	8
8EZE	41	0.0	8
8EZE	42	0.0	8
8FF2	1	133.18	10
8FF2	2	119.65	10
8FF2	3	112.15	10
8FF2	4	100.48	10
8FF2	5	97.96	10
8FF2	6	91.12	10
8FF2	7	105.44	10
8FF2	8	112.59	10
8FF2	9	107.18	10
8FF2	10	107.39	10
8FF2	11	110.89	10
8FF2	12	101.54	10
8FF2	13	109.67	10
8FF2	14	91.28	10
8FF2	15	98.39	10
8FF2	16	79.55	10
8FF2	17	86.45	10
8FF2	18	90.46	10
8FF2	19	79.23	10
8FF2	20	86.55	10
8FF2	21	89.08	10
8FF2	22	111.59	10
8FF2	23	97.89	10
8FF2	24	95.92	10
8FF2	25	108.05	10
8FF2	26	94.23	10
8FF2	27	90.06	10
8FF2	28	92.71	10
8FF2	29	84.88	10
8FF2	30	101.0	10
8FF2	31	82.34	10
8FF2	32	93.41	10
8FF2	33	83.27	10
8FF2	34	99.58	10
8FF2	35	100.24	10
8FF2	36	98.52	10
8FF2	37	108.56	10
8FF2	38	113.25	10
8FF3	15	0.0	6
8FF3	16	0.0	6
8FF3	17	0.0	6
8FF3	18	0.0	6
8FF3	19	0.0	6
8FF3	20	0.0	6
8FF3	21	0.0	6
8FF3	22	0.0	6
8FF3	23	0.0	6
8FF3	24	0.0	6
8FF3	25	0.0	6
8FF3	26	0.0	6
8FF3	27	0.0	6
8FF3	28	0.0	6
8FF3	29	0.0	6
8FF3	30	0.0	6
8FF3	31	0.0	6
8FF3	32	0.0	6
8FF3	33	0.0	6
8FF3	34	0.0	6
8FF3	35	0.0	6
8FF3	36	0.0	6
8FF3	37	0.0	6
8FF3	38	0.0	6
8FF3	39	0.0	6
8FPT	30	0.0	10
8FPT	31	0.0	10
8FPT	32	0.0	10
8FPT	33	0.0	10
8FPT	34	0.0	10
8FPT	35	0.0	10
8FPT	36	0.0	10
8FPT	37	0.0	10
8FPT	38	0.0	10
8FPT	39	0.0	10
8FPT	40	0.0	10
8FPT	41	0.0	10
8FPT	42	0.0	10
8FPT	43	0.0	10
8FPT	44	0.0	10
8FPT	45	0.0	10
8FPT	46	0.0	10
8FPT	47	0.0	10
8FPT	48	0.0	10
8FPT	49	0.0	10
8FPT	50	0.0	10
8FPT	51	0.0	10
8FPT	52	0.0	10
8FPT	53	0.0	10
8FPT	54	0.0	10
8FPT	55	0.0	10
8FPT	56	0.0	10
8FPT	57	0.0	10
8FPT	58	0.0	10
8FPT	59	0.0	10
8FPT	60	0.0	10
8FPT	61	0.0	10
8FPT	62	0.0	10
8FPT	63	0.0	10
8FPT	64	0.0	10
8FPT	65	0.0	10
8FPT	66	0.0	10
8FPT	67	0.0	10
8FPT	68	0.0	10
8FPT	69	0.0	10
8FPT	70	0.0	10
8FPT	71	0.0	10
8FPT	72	0.0	10
8FPT	73	0.0	10
8FPT	74	0.0	10
8FPT	75	0.0	10
8FPT	76	0.0	10
8FPT	77	0.0	10
8FPT	78	0.0	10
8FPT	79	0.0	10
8FPT	80	0.0	10
8FPT	81	0.0	10
8FPT	82	0.0	10
8FPT	83	0.0	10
8FPT	84	0.0	10
8FPT	85	0.0	10
8FPT	86	0.0	10
8FPT	87	0.0	10
8FPT	88	0.0	10
8FPT	89	0.0	10
8FPT	90	0.0	10
8FPT	91	0.0	10
8FPT	92	0.0	10
8FPT	93	0.0	10
8FPT	94	0.0	10
8FPT	95	0.0	10
8FPT	96	0.0	10
8FPT	97	0.0	10
8FPT	98	0.0	10
8FPT	99	0.0	10
8FPT	100	0.0	10
8FPT	101	0.0	10
8FPT	102	0.0	10
8FPT	103	0.0	10
8FUG	306	98.1	23
8FUG	307	94.72	23
8FUG	308	87.35	23
8FUG	309	79.42	23
8FUG	310	73.25	23
8FUG	311	69.0	23
8FUG	312	70.71	23
8FUG	313	68.75	23
8FUG	314	67.64	23
8FUG	315	65.0	23
8FUG	316	65.85	23
8FUG	317	65.26	23
8FUG	318	58.11	23
8FUG	319	67.48	23
8FUG	320	62.92	23
8FUG	321	56.17	23
8FUG	322	59.38	23
8FUG	323	53.79	23
8FUG	324	55.18	23
8FUG	325	62.55	23
8FUG	326	59.1	23
8FUG	327	51.99	23
8FUG	328	43.97	23
8FUG	329	31.54	23
8FUG	330	27.88	23
8FUG	331	29.8	23
8FUG	332	37.96	23
8FUG	333	30.5	23
8FUG	334	36.72	23
8FUG	335	27.6	23
8FUG	336	28.21	23
8FUG	337	42.18	23
8FUG	338	37.0	23
8FUG	339	44.93	23
8FUG	340	50.42	23
8FUG	341	66.47	23
8FUG	342	68.49	23
8FUG	343	65.09	23
8FUG	344	53.26	23
8FUG	345	53.94	23
8FUG	346	53.23	23
8FUG	347	66.66	23
8FUG	348	67.36	23
8FUG	349	66.91	23
8FUG	350	61.9	23
8FUG	351	54.52	23
8FUG	352	45.27	23
8FUG	353	31.83	23
8FUG	354	33.0	23
8FUG	355	34.21	23
8FUG	356	36.68	23
8FUG	357	27.4	23
8FUG	358	37.49	23
8FUG	359	25.12	23
8FUG	360	26.85	23
8FUG	361	29.83	23
8FUG	362	26.02	23
8FUG	363	31.29	23
8FUG	364	36.33	23
8FUG	365	40.99	23
8FUG	366	45.41	23
8FUG	367	51.68	23
8FUG	368	54.8	23
8FUG	369	59.0	23
8FUG	370	56.6	23
8FUG	371	58.14	23
8FUG	372	68.34	23
8FUG	373	68.93	23
8FUG	374	73.01	23
8FUG	375	67.26	23
8FUG	376	76.66	23
8FUG	377	78.84	23
8FUG	378	78.14	23
8G2V	51	71.6	10
8G2V	52	52.88	10
8G2V	53	61.86	10
8G2V	54	55.6	10
8G2V	55	58.57	10
8G2V	56	58.32	10
8G2V	57	59.18	10
8G2V	58	54.24	10
8G2V	59	59.16	10
8G2V	60	69.23	10
8G2V	61	69.52	10
8G2V	62	62.73	10
8G2V	63	55.45	10
8G2V	64	49.83	10
8G2V	65	47.08	10
8G2V	66	47.0	10
8G2V	67	44.56	10
8G2V	68	36.5	10
8G2V	69	46.68	10
8G2V	70	52.39	10
8G2V	71	52.68	10
8G54	274	0.0	5
8G54	275	0.0	5
8G54	276	0.0	5
8G54	277	0.0	5
8G54	278	0.0	5
8G54	279	0.0	5
8G54	280	0.0	5
8G54	281	0.0	5
8G54	282	0.0	5
8G54	283	0.0	5
8G54	284	0.0	5
8G54	285	0.0	5
8G54	286	0.0	5
8G54	287	0.0	5
8G54	288	0.0	5
8G54	289	0.0	5
8G54	290	0.0	5
8G54	291	0.0	5
8G54	292	0.0	5
8G54	293	0.0	5
8G54	294	0.0	5
8G54	295	0.0	5
8G54	296	0.0	5
8G54	297	0.0	5
8G54	298	0.0	5
8G54	299	0.0	5
8G54	300	0.0	5
8G54	301	0.0	5
8G54	302	0.0	5
8G54	303	0.0	5
8G54	304	0.0	5
8G54	305	0.0	5
8G54	306	0.0	5
8G54	307	0.0	5
8G54	308	0.0	5
8G54	309	0.0	5
8G54	310	0.0	5
8G54	311	0.0	5
8G54	312	0.0	5
8G54	313	0.0	5
8G54	314	0.0	5
8G54	315	0.0	5
8G54	316	0.0	5
8G54	317	0.0	5
8G54	318	0.0	5
8G54	319	0.0	5
8G54	320	0.0	5
8G54	321	0.0	5
8G54	322	0.0	5
8G54	323	0.0	5
8G54	324	0.0	5
8G54	325	0.0	5
8G55	264	0.0	10
8G55	265	0.0	10
8G55	266	0.0	10
8G55	267	0.0	10
8G55	268	0.0	10
8G55	269	0.0	10
8G55	270	0.0	10
8G55	271	0.0	10
8G55	272	0.0	10
8G55	273	0.0	10
8G55	274	0.0	10
8G55	275	0.0	10
8G55	276	0.0	10
8G55	277	0.0	10
8G55	278	0.0	10
8G55	279	0.0	10
8G55	280	0.0	10
8G55	281	0.0	10
8G55	282	0.0	10
8G55	283	0.0	10
8G55	284	0.0	10
8G55	285	0.0	10
8G55	286	0.0	10
8G55	287	0.0	10
8G55	288	0.0	10
8G55	289	0.0	10
8G55	290	0.0	10
8G55	291	0.0	10
8G55	292	0.0	10
8G55	293	0.0	10
8G55	294	0.0	10
8G55	295	0.0	10
8G55	296	0.0	10
8G55	297	0.0	10
8G55	298	0.0	10
8G55	299	0.0	10
8G55	300	0.0	10
8G55	301	0.0	10
8G55	302	0.0	10
8G55	303	0.0	10
8G55	304	0.0	10
8G55	305	0.0	10
8G55	306	0.0	10
8G55	307	0.0	10
8G55	308	0.0	10
8G55	309	0.0	10
8G55	310	0.0	10
8G55	311	0.0	10
8G55	312	0.0	10
8G55	313	0.0	10
8G55	314	0.0	10
8G55	315	0.0	10
8G55	316	0.0	10
8G55	317	0.0	10
8G55	318	0.0	10
8G55	319	0.0	10
8G55	320	0.0	10
8G55	321	0.0	10
8G55	322	0.0	10
8G55	323	0.0	10
8G55	324	0.0	10
8G55	325	0.0	10
8G55	326	0.0	10
8G58	300	0.0	10
8G58	301	0.0	10
8G58	302	0.0	10
8G58	303	0.0	10
8G58	304	0.0	10
8G58	305	0.0	10
8G58	306	0.0	10
8G58	307	0.0	10
8G58	308	0.0	10
8G58	309	0.0	10
8G58	310	0.0	10
8G58	311	0.0	10
8G58	312	0.0	10
8G58	313	0.0	10
8G58	314	0.0	10
8G58	315	0.0	10
8G58	316	0.0	10
8G58	317	0.0	10
8G58	318	0.0	10
8G58	319	0.0	10
8G58	320	0.0	10
8G58	321	0.0	10
8G58	322	0.0	10
8G58	323	0.0	10
8G58	324	0.0	10
8G58	325	0.0	10
8G58	326	0.0	10
8G58	327	0.0	10
8G58	328	0.0	10
8G58	329	0.0	10
8G58	330	0.0	10
8G58	331	0.0	10
8G58	332	0.0	10
8G58	333	0.0	10
8G58	334	0.0	10
8G58	335	0.0	10
8G58	336	0.0	10
8G58	337	0.0	10
8G58	338	0.0	10
8G58	339	0.0	10
8G58	340	0.0	10
8G58	341	0.0	10
8G58	342	0.0	10
8G58	343	0.0	10
8G58	344	0.0	10
8G58	345	0.0	10
8G58	346	0.0	10
8G58	347	0.0	10
8G58	348	0.0	10
8G58	349	0.0	10
8G58	350	0.0	10
8G58	351	0.0	10
8G58	352	0.0	10
8G58	353	0.0	10
8G58	354	0.0	10
8G58	355	0.0	10
8G58	356	0.0	10
8G58	357	0.0	10
8G58	358	0.0	10
8G58	359	0.0	10
8G58	360	0.0	10
8G58	361	0.0	10
8G58	362	0.0	10
8G9R	11	125.69	5
8G9R	12	113.03	5
8G9R	13	98.06	5
8G9R	14	95.33	5
8G9R	15	89.55	5
8G9R	16	94.78	5
8G9R	17	90.78	5
8G9R	18	108.18	5
8G9R	19	99.05	5
8G9R	20	99.99	5
8G9R	21	98.52	5
8G9R	22	94.15	5
8G9R	23	97.58	5
8G9R	24	78.57	5
8G9R	25	65.22	5
8G9R	26	67.7	5
8G9R	27	52.85	5
8G9R	28	55.19	5
8G9R	29	49.44	5
8G9R	30	64.48	5
8G9R	31	64.89	5
8G9R	32	67.38	5
8G9R	33	71.2	5
8G9R	34	88.99	5
8G9R	35	99.39	5
8G9R	58	107.75	5
8G9R	59	124.51	5
8G9R	60	127.6	5
8G9R	61	126.44	5
8G9R	62	123.22	5
8G9R	63	120.16	5
8G9R	64	107.65	5
8G9R	65	105.67	5
8G9R	66	109.6	5
8G9R	67	74.98	5
8G9R	68	55.58	5
8G9R	69	55.71	5
8G9R	70	48.91	5
8G9R	71	62.21	5
8G9R	72	86.79	5
8G9R	73	73.65	5
8G9R	74	75.95	5
8G9R	75	76.46	5
8G9R	76	74.76	5
8G9R	77	80.32	5
8G9R	78	75.78	5
8G9R	79	64.48	5
8G9R	80	63.91	5
8G9R	81	77.5	5
8G9R	82	84.02	5
8G9R	83	82.87	5
8G9R	84	93.19	5
8G9R	85	92.68	5
8G9R	86	93.87	5
8G9R	87	87.0	5
8G9R	88	105.58	5
8G9R	89	115.34	5
8G9R	90	116.71	5
8G9R	91	110.95	5
8G9R	92	104.99	5
8G9R	93	89.12	5
8G9R	94	83.03	5
8G9R	95	67.97	5
8G9R	96	75.94	5
8G9R	97	80.26	5
8G9R	98	90.47	5
8G9R	99	99.65	5
8G9R	100	100.78	5
8G9R	101	99.11	5
8G9R	102	97.32	5
8G9R	103	77.3	5
8G9R	104	81.59	5
8G9R	105	64.18	5
8G9R	106	62.82	5
8G9R	107	60.98	5
8G9R	108	49.34	5
8G9R	109	42.99	5
8G9R	110	60.53	5
8G9R	111	63.0	5
8G9R	112	68.53	5
8G9R	113	54.35	5
8G9R	114	57.91	5
8G9R	115	69.62	5
8G9R	116	63.07	5
8G9R	117	65.18	5
8G9R	118	70.21	5
8G9R	119	66.99	5
8G9R	120	61.88	5
8G9R	121	73.08	5
8G9R	122	75.67	5
8G9R	123	98.47	5
8GBR	11	105.01	5
8GBR	12	96.9	5
8GBR	13	89.25	5
8GBR	14	70.33	5
8GBR	15	74.9	5
8GBR	16	67.73	5
8GBR	17	66.82	5
8GBR	18	80.93	5
8GBR	19	65.38	5
8GBR	20	69.26	5
8GBR	21	75.71	5
8GBR	22	72.51	5
8GBR	23	74.78	5
8GBR	24	61.07	5
8GBR	25	56.71	5
8GBR	26	53.76	5
8GBR	27	49.02	5
8GBR	28	56.82	5
8GBR	29	47.8	5
8GBR	30	51.43	5
8GBR	31	59.6	5
8GBR	32	60.88	5
8GBR	33	66.36	5
8GBR	34	81.67	5
8GBR	35	85.94	5
8GBR	57	84.14	5
8GBR	58	74.99	5
8GBR	59	76.5	5
8GBR	60	78.66	5
8GBR	61	83.38	5
8GBR	62	84.44	5
8GBR	63	86.54	5
8GBR	64	66.63	5
8GBR	65	63.85	5
8GBR	66	69.69	5
8GBR	67	64.41	5
8GBR	68	69.67	5
8GBR	69	55.01	5
8GBR	70	58.74	5
8GBR	71	51.07	5
8GBR	72	49.36	5
8GBR	73	52.14	5
8GBR	74	61.07	5
8GBR	75	56.28	5
8GBR	76	62.9	5
8GBR	77	53.96	5
8GBR	78	64.26	5
8GBR	79	58.76	5
8GBR	80	60.6	5
8GBR	81	66.33	5
8GBR	82	69.5	5
8GBR	83	65.39	5
8GBR	84	75.75	5
8GBR	85	78.39	5
8GBR	86	77.83	5
8GBR	87	76.38	5
8GBR	88	86.59	5
8GBR	89	86.08	5
8GBR	90	93.1	5
8GBR	91	84.84	5
8GBR	92	78.16	5
8GBR	93	71.31	5
8GBR	94	65.6	5
8GBR	95	59.62	5
8GBR	96	60.15	5
8GBR	97	62.72	5
8GBR	98	71.73	5
8GBR	99	83.2	5
8GBR	100	85.31	5
8GBR	101	87.03	5
8GBR	102	76.98	5
8GBR	103	66.84	5
8GBR	104	72.31	5
8GBR	105	58.11	5
8GBR	106	66.9	5
8GBR	107	58.96	5
8GBR	108	57.42	5
8GBR	109	52.28	5
8GBR	110	58.35	5
8GBR	111	54.33	5
8GBR	112	60.23	5
8GBR	113	47.73	5
8GBR	114	55.09	5
8GBR	115	57.61	5
8GBR	116	58.12	5
8GBR	117	60.85	5
8GBR	118	64.69	5
8GBR	119	60.81	5
8GBR	120	56.0	5
8GBR	121	65.81	5
8GBR	122	70.43	5
8GBR	123	86.83	5
8GBR	124	100.71	5
8GF7	7	142.13	6
8GF7	8	151.7	6
8GF7	9	152.33	6
8GF7	10	147.85	6
8GF7	11	158.14	6
8GF7	12	151.41	6
8GF7	13	148.75	6
8GF7	14	132.37	6
8GF7	15	113.88	6
8GF7	16	121.91	6
8GF7	17	108.99	6
8GF7	18	110.58	6
8GF7	19	131.91	6
8GF7	20	149.89	6
8GF7	21	160.08	6
8GF7	22	178.69	6
8GF7	23	219.85	6
8GF7	24	219.31	6
8GF7	25	182.36	6
8GF7	26	152.7	6
8GF7	27	161.03	6
8GF7	28	170.77	6
8GF7	29	154.43	6
8GF7	30	168.32	6
8GF7	31	184.61	6
8GF7	32	196.48	6
8GF7	33	202.32	6
8GF7	34	216.6	6
8GF7	35	197.72	6
8GF7	36	184.07	6
8GF7	37	161.32	6
8GF7	38	159.39	6
8GF7	39	156.69	6
8GF7	40	126.61	6
8GF7	41	129.51	6
8GF7	42	134.02	6
8GF7	43	129.76	6
8GF7	44	132.68	6
8GF7	45	131.59	6
8GF7	46	149.6	6
8GF7	47	158.49	6
8GF7	48	158.86	6
8GF7	49	156.51	6
8GF7	50	171.41	6
8GF7	51	154.83	6
8GF7	52	133.09	6
8GF7	53	148.89	6
8GF7	54	173.5	6
8GF7	55	170.82	6
8GF7	56	199.02	6
8GF7	57	203.08	6
8GF7	58	186.18	6
8GF7	59	195.75	6
8GF7	60	172.84	6
8GF7	61	168.4	6
8GF7	62	153.78	6
8GF7	63	151.4	6
8GF7	64	156.44	6
8GF7	65	146.7	6
8GF7	66	141.63	6
8GF7	67	125.36	6
8GF7	68	133.56	6
8GF7	69	153.32	6
8GF7	70	176.86	6
8GF7	71	200.58	6
8GF7	72	219.84	6
8GF7	73	200.06	6
8GF7	74	191.76	6
8GF7	75	200.29	6
8GF7	76	197.64	6
8GF7	77	173.73	6
8GF7	78	157.95	6
8GF7	79	155.96	6
8GF7	80	157.14	6
8GF7	81	167.18	6
8GF7	82	145.58	6
8GF7	83	152.82	6
8GF7	84	140.96	6
8GF7	85	141.83	6
8GF7	86	148.34	6
8GF7	87	145.69	6
8GF7	88	138.3	6
8GF7	89	150.17	6
8GF7	90	170.38	6
8GF7	91	184.78	6
8GF7	92	185.76	6
8GF7	93	163.02	6
8GF7	94	138.14	6
8GF7	95	148.54	6
8GF7	96	136.28	6
8H03	36	55.57	6
8H03	37	57.64	6
8H03	38	38.32	6
8H03	39	47.6	6
8H03	40	34.28	6
8H03	41	40.06	6
8H03	42	49.31	6
8H03	43	52.07	6
8H03	44	43.79	6
8H03	45	51.77	6
8H03	46	55.59	6
8H03	47	39.97	6
8H03	48	35.45	6
8H03	49	35.8	6
8H03	50	35.25	6
8H03	51	41.21	6
8H03	52	37.97	6
8H03	53	35.96	6
8H03	54	41.92	6
8H03	55	46.49	6
8H03	56	42.47	6
8H03	57	63.64	6
8H03	58	63.63	6
8H03	59	72.92	6
8H03	60	72.0	6
8H03	61	63.98	6
8H03	62	60.01	6
8H03	63	50.3	6
8H03	64	49.6	6
8H03	65	38.27	6
8H03	66	38.3	6
8H03	67	34.86	6
8H03	68	32.34	6
8H03	69	38.28	6
8H03	70	30.2	6
8H03	71	39.07	6
8H03	72	37.12	6
8H03	73	40.31	6
8H03	74	35.92	6
8H03	75	44.55	6
8H03	76	33.2	6
8H03	77	29.69	6
8H03	78	32.82	6
8H03	79	40.1	6
8H03	80	39.61	6
8H03	81	54.38	6
8H03	82	58.96	6
8H03	83	69.5	6
8H03	84	66.7	6
8H03	85	68.8	6
8H03	86	71.83	6
8H03	87	60.84	6
8H03	88	48.71	6
8H03	89	60.15	6
8H03	90	53.13	6
8H03	91	49.54	6
8H03	92	61.67	6
8H03	93	59.97	6
8H03	94	64.69	6
8H03	95	68.01	6
8H03	96	66.02	6
8H04	36	70.25	6
8H04	37	70.11	6
8H04	38	55.16	6
8H04	39	51.86	6
8H04	40	41.01	6
8H04	41	48.81	6
8H04	42	58.52	6
8H04	43	55.94	6
8H04	44	49.0	6
8H04	45	53.23	6
8H04	46	55.28	6
8H04	47	41.96	6
8H04	48	42.61	6
8H04	49	45.22	6
8H04	50	34.84	6
8H04	51	50.03	6
8H04	52	52.09	6
8H04	53	47.63	6
8H04	54	63.79	6
8H04	55	64.71	6
8H04	56	65.0	6
8H04	57	84.63	6
8H04	58	85.8	6
8H04	59	93.68	6
8H04	60	107.07	6
8H04	61	104.25	6
8H04	62	92.18	6
8H04	63	81.64	6
8H04	64	77.39	6
8H04	65	60.87	6
8H04	66	58.38	6
8H04	67	47.76	6
8H04	68	59.57	6
8H04	69	48.38	6
8H04	70	46.83	6
8H04	71	47.85	6
8H04	72	55.73	6
8H04	73	44.65	6
8H04	74	49.54	6
8H04	75	52.58	6
8H04	76	33.84	6
8H04	77	35.48	6
8H04	78	36.35	6
8H04	79	57.72	6
8H04	80	63.84	6
8H04	81	71.4	6
8H04	82	83.97	6
8H04	83	89.82	6
8H04	84	96.91	6
8H04	85	94.15	6
8H04	86	95.89	6
8H04	87	86.41	6
8H04	88	80.28	6
8H04	89	89.61	6
8H04	90	82.19	6
8H04	91	80.79	6
8H04	92	91.01	6
8H04	93	96.64	6
8H04	94	106.15	6
8H04	95	111.85	6
8H04	96	115.54	6
8H04	97	125.25	6
8H04	98	131.2	6
8H05	36	118.0	3
8H05	37	105.82	3
8H05	38	88.45	3
8H05	39	78.14	3
8H05	40	84.79	3
8H05	41	81.86	3
8H05	42	93.13	3
8H05	43	95.22	3
8H05	44	85.88	3
8H05	45	77.81	3
8H05	46	88.84	3
8H05	47	89.63	3
8H05	48	72.94	3
8H05	49	66.72	3
8H05	50	80.3	3
8H05	51	64.82	3
8H05	52	66.75	3
8H05	53	76.35	3
8H05	54	76.26	3
8H05	55	75.98	3
8H05	56	64.49	3
8H05	57	74.89	3
8H05	58	80.97	3
8H05	59	78.37	3
8H05	60	79.47	3
8H05	61	74.19	3
8H05	62	83.62	3
8H05	63	87.17	3
8H05	64	107.52	3
8H05	65	111.46	3
8H05	66	114.77	3
8H05	67	108.55	3
8H05	68	112.79	3
8H05	69	118.36	3
8H05	70	100.86	3
8H05	71	96.26	3
8H05	72	95.6	3
8H05	73	81.48	3
8H05	74	76.0	3
8H05	75	76.82	3
8H05	76	69.12	3
8H05	77	63.3	3
8H05	78	79.98	3
8H05	79	76.07	3
8H05	80	89.94	3
8H05	81	89.01	3
8H05	82	89.63	3
8H05	83	91.88	3
8H05	84	94.76	3
8H05	85	95.88	3
8H05	86	81.37	3
8H05	87	82.48	3
8H05	88	86.27	3
8H05	89	79.62	3
8H05	90	84.05	3
8H05	91	95.08	3
8H05	92	101.83	3
8H05	93	101.32	3
8H05	94	111.38	3
8H05	95	102.58	3
8HZB	14	115.662	6
8HZB	15	115.583	6
8HZB	16	118.023	6
8HZB	17	121.152	6
8HZB	18	126.422	6
8HZB	19	132.195	6
8HZB	20	135.527	6
8HZB	21	136.86	6
8HZB	22	141.93	6
8HZB	37	85.042	6
8HZB	38	87.415	6
8HZB	39	81.028	6
8HZB	40	80.825	6
8HZB	41	76.162	6
8HZB	42	73.722	6
8HZB	43	66.797	6
8HZB	44	58.147	6
8HZB	45	47.83	6
8HZB	46	48.455	6
8HZB	47	43.152	6
8HZB	48	41.713	6
8HZB	49	34.502	6
8HZB	50	33.87	6
8HZB	51	27.66	6
8HZB	52	23.868	6
8HZB	53	25.883	6
8HZB	54	27.802	6
8HZB	55	30.295	6
8HZB	56	33.44	6
8HZB	57	43.788	6
8HZB	58	48.13	6
8HZB	59	56.302	6
8HZB	60	56.772	6
8HZB	61	57.17	6
8HZB	62	54.672	6
8HZB	63	59.473	6
8HZB	64	58.717	6
8HZB	65	61.818	6
8HZB	66	62.012	6
8HZB	67	64.615	6
8HZB	68	66.045	6
8HZB	69	63.735	6
8HZB	70	60.422	6
8HZB	71	47.415	6
8HZB	72	47.838	6
8HZB	73	41.977	6
8HZB	74	39.47	6
8HZB	75	38.645	6
8HZB	76	36.643	6
8HZB	77	37.45	6
8HZB	78	41.158	6
8HZB	79	45.345	6
8HZB	80	51.347	6
8HZB	81	52.65	6
8HZB	82	59.012	6
8HZB	83	60.327	6
8HZB	84	55.518	6
8HZB	85	52.403	6
8HZB	86	53.712	6
8HZB	87	51.92	6
8HZB	88	49.66	6
8HZB	89	51.647	6
8HZB	90	53.458	6
8HZB	91	61.045	6
8HZB	92	59.71	6
8HZB	93	62.305	6
8HZB	94	66.748	6
8HZB	95	73.177	6
8HZB	96	72.927	6
8HZB	97	81.792	6
8HZB	98	93.35	6
8HZB	99	97.592	6
8HZC	14	93.378	6
8HZC	15	95.315	6
8HZC	16	95.092	6
8HZC	17	94.738	6
8HZC	18	97.683	6
8HZC	19	103.103	6
8HZC	20	110.637	6
8HZC	21	115.82	6
8HZC	22	123.222	6
8HZC	23	126.672	6
8HZC	24	129.567	6
8HZC	25	129.513	6
8HZC	37	83.227	6
8HZC	38	82.825	6
8HZC	39	79.463	6
8HZC	40	77.333	6
8HZC	41	76.66	6
8HZC	42	78.147	6
8HZC	43	70.99	6
8HZC	44	66.792	6
8HZC	45	59.215	6
8HZC	46	59.948	6
8HZC	47	52.73	6
8HZC	48	51.183	6
8HZC	49	46.943	6
8HZC	50	47.365	6
8HZC	51	42.05	6
8HZC	52	37.297	6
8HZC	53	39.305	6
8HZC	54	41.925	6
8HZC	55	41.888	6
8HZC	56	46.88	6
8HZC	57	55.335	6
8HZC	58	56.882	6
8HZC	59	60.562	6
8HZC	60	62.673	6
8HZC	61	66.582	6
8HZC	62	63.537	6
8HZC	63	61.427	6
8HZC	64	63.745	6
8HZC	65	64.34	6
8HZC	66	65.18	6
8HZC	67	65.858	6
8HZC	68	66.45	6
8HZC	69	64.32	6
8HZC	70	60.945	6
8HZC	71	57.728	6
8HZC	72	60.805	6
8HZC	73	60.735	6
8HZC	74	59.985	6
8HZC	75	58.037	6
8HZC	76	51.865	6
8HZC	77	49.538	6
8HZC	78	49.903	6
8HZC	79	52.783	6
8HZC	80	57.148	6
8HZC	81	61.705	6
8HZC	82	63.733	6
8HZC	83	66.827	6
8HZC	84	64.463	6
8HZC	85	62.175	6
8HZC	86	58.653	6
8HZC	87	56.89	6
8HZC	88	56.01	6
8HZC	89	57.422	6
8HZC	90	59.608	6
8HZC	91	64.63	6
8HZC	92	70.827	6
8HZC	93	75.573	6
8HZC	94	85.603	6
8HZC	95	88.648	6
8HZC	96	92.82	6
8HZC	97	98.435	6
8HZC	98	102.55	6
8HZC	99	104.89	6
8HZS	37	97.58	6
8HZS	38	94.923	6
8HZS	39	93.723	6
8HZS	40	96.902	6
8HZS	41	94.108	6
8HZS	42	92.973	6
8HZS	43	86.017	6
8HZS	44	82.092	6
8HZS	45	76.798	6
8HZS	46	73.225	6
8HZS	47	64.883	6
8HZS	48	61.075	6
8HZS	49	55.902	6
8HZS	50	56.585	6
8HZS	51	51.697	6
8HZS	52	51.718	6
8HZS	53	51.122	6
8HZS	54	55.862	6
8HZS	55	57.29	6
8HZS	56	65.803	6
8HZS	57	74.33	6
8HZS	58	75.293	6
8HZS	59	81.12	6
8HZS	60	80.58	6
8HZS	61	78.987	6
8HZS	62	74.843	6
8HZS	63	74.657	6
8HZS	64	76.887	6
8HZS	65	77.813	6
8HZS	66	76.95	6
8HZS	67	77.908	6
8HZS	68	78.71	6
8HZS	69	78.26	6
8HZS	70	73.383	6
8HZS	71	70.503	6
8HZS	72	69.482	6
8HZS	73	62.698	6
8HZS	74	56.477	6
8HZS	75	56.12	6
8HZS	76	52.152	6
8HZS	77	55.393	6
8HZS	78	58.17	6
8HZS	79	64.077	6
8HZS	80	69.022	6
8HZS	81	72.813	6
8HZS	82	76.143	6
8HZS	83	84.797	6
8HZS	84	89.478	6
8HZS	85	91.215	6
8HZS	86	92.762	6
8HZS	87	92.32	6
8HZS	88	85.23	6
8HZS	89	88.002	6
8HZS	90	91.803	6
8HZS	91	100.078	6
8HZS	92	110.568	6
8HZS	93	116.705	6
8HZS	94	126.17	6
8IB0	516	0.0	5
8IB0	517	0.0	5
8IB0	518	0.0	5
8IB0	519	0.0	5
8IB0	520	0.0	5
8IB0	521	0.0	5
8IB0	522	0.0	5
8IB0	523	0.0	5
8IB0	524	0.0	5
8IB0	525	0.0	5
8IB0	526	0.0	5
8IB0	527	0.0	5
8IB0	528	0.0	5
8IB0	529	0.0	5
8IB0	530	0.0	5
8IB0	531	0.0	5
8IB0	532	0.0	5
8IB0	533	0.0	5
8IB0	534	0.0	5
8IB0	535	0.0	5
8IB0	536	0.0	5
8IB0	537	0.0	5
8IB0	538	0.0	5
8IB0	539	0.0	5
8IHU	83	66.303	3
8IHU	84	66.063	3
8IHU	85	61.237	3
8IHU	86	56.46	3
8IHU	87	51.463	3
8IHU	88	50.583	3
8IHU	89	51.287	3
8IHU	90	55.99	3
8IHU	91	62.523	3
8IHU	92	65.61	3
8IHU	93	64.913	3
8IHU	94	63.023	3
8IHU	95	61.27	3
8IHU	96	59.823	3
8IHU	97	61.16	3
8IHU	98	53.313	3
8IHU	99	47.8	3
8IHU	100	44.243	3
8IHU	101	48.86	3
8IHU	102	49.683	3
8IHU	103	44.123	3
8IHU	104	38.577	3
8IHU	105	37.367	3
8IHU	106	38.197	3
8IHU	107	40.5	3
8IHU	108	44.403	3
8IHU	109	47.993	3
8IHU	110	52.273	3
8IHU	111	50.973	3
8IHU	112	49.833	3
8IHU	113	47.653	3
8IHU	114	49.47	3
8IHU	115	52.947	3
8IHU	116	54.857	3
8IHU	117	54.413	3
8IHU	118	51.06	3
8IHU	119	48.433	3
8IHU	120	49.02	3
8IHU	121	52.517	3
8IHU	122	55.617	3
8IHU	123	56.1	3
8IHU	124	57.35	3
8IHU	125	63.8	3
8IHU	126	63.6	3
8IHU	127	61.173	3
8IHU	128	61.74	3
8IHU	129	63.453	3
8IHU	130	62.33	3
8IHU	131	61.837	3
8IHU	132	61.15	3
8IHU	133	60.927	3
8IHU	134	60.25	3
8IHU	135	52.12	3
8IHU	136	45.63	3
8IHU	137	41.833	3
8IHU	138	39.823	3
8IHU	139	35.613	3
8IHU	140	37.743	3
8IHU	141	38.023	3
8IHU	142	40.623	3
8IHU	143	43.963	3
8IHU	144	47.46	3
8IHU	145	50.693	3
8IHU	146	53.26	3
8IHU	147	55.813	3
8IHU	148	54.863	3
8IHU	149	54.803	3
8IHU	150	55.56	3
8IHU	151	54.4	3
8IHU	152	53.773	3
8IHU	153	54.103	3
8IHU	154	53.857	3
8IHV	86	88.673	3
8IHV	87	87.627	3
8IHV	88	90.347	3
8IHV	89	91.393	3
8IHV	90	96.823	3
8IHV	91	104.43	3
8IHV	92	108.283	3
8IHV	93	107.43	3
8IHV	94	101.847	3
8IHV	95	98.747	3
8IHV	96	95.183	3
8IHV	97	94.443	3
8IHV	98	83.84	3
8IHV	99	77.317	3
8IHV	100	73.503	3
8IHV	101	82.843	3
8IHV	102	82.55	3
8IHV	103	74.23	3
8IHV	104	65.923	3
8IHV	105	62.7	3
8IHV	106	63.92	3
8IHV	107	64.907	3
8IHV	108	68.323	3
8IHV	109	73.76	3
8IHV	110	78.463	3
8IHV	111	76.05	3
8IHV	112	74.237	3
8IHV	113	69.753	3
8IHV	114	73.81	3
8IHV	115	77.343	3
8IHV	116	85.813	3
8IHV	117	81.737	3
8IHV	118	76.577	3
8IHV	119	69.027	3
8IHV	120	66.847	3
8IHV	121	68.717	3
8IHV	122	76.033	3
8IHV	123	77.14	3
8IHV	124	78.6	3
8IHV	125	85.793	3
8IHV	126	89.487	3
8IHV	127	86.927	3
8IHV	128	85.56	3
8IHV	129	86.503	3
8IHV	130	85.257	3
8IHV	131	84.513	3
8IHV	132	89.32	3
8IHV	133	89.957	3
8IHV	134	89.677	3
8IHV	135	82.373	3
8IHV	136	79.197	3
8IHV	137	78.613	3
8IHV	138	73.74	3
8IHV	139	68.233	3
8IHV	140	68.917	3
8IHV	141	68.33	3
8IHV	142	71.67	3
8IHV	143	75.877	3
8IHV	144	81.08	3
8IHV	145	81.98	3
8IHV	146	85.443	3
8IHV	147	89.693	3
8IHV	148	86.917	3
8IHV	149	83.43	3
8IHV	150	86.887	3
8IHV	151	80.647	3
8IHV	152	84.413	3
8IHV	153	86.74	3
8IHV	154	90.683	3
8IK7	209	134.99	24
8IK7	210	131.85	24
8IK7	211	132.415	24
8IK7	212	132.407	6
8IK7	213	137.972	6
8IK7	214	137.712	6
8IK7	215	132.798	6
8IK7	216	129.883	6
8IK7	217	133.802	6
8J47	12	142.353	10
8J47	13	142.505	10
8J47	14	138.657	10
8J47	15	127.249	10
8J47	16	116.231	10
8J47	17	105.845	10
8J47	18	98.589	10
8J47	19	94.525	10
8J47	20	91.374	10
8J47	21	93.18	10
8J47	22	93.463	10
8J47	23	92.396	10
8J47	24	85.118	10
8J47	25	82.024	10
8J47	26	79.644	10
8J47	27	74.117	10
8J47	28	75.627	10
8J47	29	72.34	10
8J47	30	68.025	10
8J47	31	64.686	10
8J47	32	67.06	10
8J47	33	69.893	10
8J47	34	74.544	10
8J47	35	82.478	10
8J47	36	81.163	10
8J47	37	85.149	10
8J47	38	89.92	10
8J47	39	96.563	10
8J47	40	102.335	10
8J7N	120	63.74	3
8J7N	121	60.95	3
8J7N	122	57.92	3
8J7N	123	55.42	3
8J7N	124	50.18	3
8J7N	125	46.94	3
8J7N	126	45.98	3
8J7N	127	44.37	3
8J7N	128	45.4	3
8J7N	129	46.23	3
8J7N	130	45.22	3
8J7N	131	45.23	3
8J7N	132	44.82	3
8J7N	133	45.35	3
8J7N	134	47.71	3
8J7N	135	49.44	3
8J7N	136	55.48	3
8J7N	137	56.5	3
8J7N	138	60.83	3
8J7N	139	61.26	3
8J7N	140	63.75	3
8J7N	141	59.65	3
8J7N	142	55.69	3
8J7N	143	52.79	3
8J7N	144	52.64	3
8J7N	145	53.2	3
8J7N	146	51.66	3
8J7N	147	49.76	3
8J7N	148	49.38	3
8J7N	149	49.72	3
8J7N	150	47.41	3
8J7N	151	46.24	3
8J7N	152	44.79	3
8J7N	153	45.38	3
8J7N	154	43.46	3
8J7N	155	42.57	3
8J7N	156	43.1	3
8J7N	157	43.91	3
8J7N	158	47.58	3
8J7N	159	50.58	3
8J7N	160	51.07	3
8J7N	161	54.04	3
8J7N	162	53.15	3
8J7N	163	53.61	3
8J7N	164	51.5	3
8J7N	165	49.72	3
8J7N	166	49.07	3
8J7N	167	50.23	3
8J7N	168	52.99	3
8J7N	169	50.52	3
8J7N	170	51.46	3
8J7N	171	53.89	3
8J7N	172	57.03	3
8J7N	173	56.43	3
8J7N	174	59.17	3
8J7N	175	61.12	3
8J7N	176	63.02	3
8J7N	177	66.21	3
8J7N	178	68.69	3
8J7N	179	67.56	3
8J7N	180	65.09	3
8J7N	181	58.98	3
8J7N	182	55.76	3
8J7N	183	54.1	3
8J7N	184	52.93	3
8J7N	185	52.05	3
8J7N	186	52.67	3
8J7N	187	54.55	3
8J7N	188	60.01	3
8J7N	189	62.79	3
8J7N	190	63.98	3
8J7N	191	64.5	3
8J7N	192	62.09	3
8J7N	193	57.63	3
8J7N	194	53.09	3
8J7N	195	51.07	3
8J7N	196	51.94	3
8J7N	197	50.44	3
8J7N	198	52.29	3
8J7N	199	52.6	3
8J7N	200	54.92	3
8J7N	201	59.69	3
8J7N	202	63.21	3
8J7N	203	68.16	3
8J7N	204	72.12	3
8J7N	205	75.75	3
8J7N	206	78.46	3
8J7N	207	78.88	3
8J7N	208	75.13	3
8J7N	209	75.5	3
8J7N	210	70.22	3
8J7N	211	68.69	3
8J7N	212	61.54	3
8J7N	213	60.03	3
8J7N	214	59.15	3
8J7N	215	54.28	3
8J7N	216	48.6	3
8J7N	217	47.53	3
8J7N	218	44.43	3
8J7N	219	41.88	3
8J7N	220	41.24	3
8J7N	221	39.99	3
8J7N	222	39.88	3
8J7N	223	39.59	3
8J7N	224	39.35	3
8J7N	225	38.63	3
8J7N	226	40.01	3
8J7N	227	42.91	3
8J7N	228	45.31	3
8J7N	229	45.69	3
8J7N	230	44.12	3
8J7N	231	47.2	3
8J7N	232	50.29	3
8J7N	233	51.41	3
8J7N	234	50.44	3
8J7N	235	46.84	3
8J7N	236	44.16	3
8J7N	237	44.16	3
8J7N	238	44.72	3
8J7N	239	45.85	3
8J7N	240	44.93	3
8J7N	241	47.29	3
8J7N	242	43.28	3
8J7N	243	41.66	3
8J7N	244	42.45	3
8J7N	245	43.09	3
8J7N	246	47.35	3
8J7N	247	46.26	3
8J7N	248	44.28	3
8J7N	249	46.37	3
8J7N	250	52.62	3
8J7N	251	53.67	3
8J7N	252	59.06	3
8J7N	253	64.91	3
8J7N	254	66.61	3
8J7P	120	98.743	3
8J7P	121	97.04	3
8J7P	122	93.85	3
8J7P	123	85.687	3
8J7P	124	78.577	3
8J7P	125	73.703	3
8J7P	126	72.88	3
8J7P	127	72.147	3
8J7P	128	75.81	3
8J7P	129	75.89	3
8J7P	130	77.663	3
8J7P	131	77.987	3
8J7P	132	75.247	3
8J7P	133	73.47	3
8J7P	134	76.057	3
8J7P	135	78.57	3
8J7P	136	84.027	3
8J7P	137	82.283	3
8J7P	138	88.567	3
8J7P	139	91.417	3
8J7P	140	93.57	3
8J7P	141	88.15	3
8J7P	142	80.803	3
8J7P	143	75.783	3
8J7P	144	76.15	3
8J7P	145	77.06	3
8J7P	146	74.923	3
8J7P	147	74.167	3
8J7P	148	75.323	3
8J7P	149	75.11	3
8J7P	150	72.257	3
8J7P	151	70.773	3
8J7P	152	69.183	3
8J7P	153	71.537	3
8J7P	154	69.577	3
8J7P	155	68.273	3
8J7P	156	66.77	3
8J7P	157	67.733	3
8J7P	158	70.64	3
8J7P	159	72.603	3
8J7P	160	77.027	3
8J7P	161	79.213	3
8J7P	162	76.31	3
8J7P	163	75.73	3
8J7P	164	69.313	3
8J7P	165	66.297	3
8J7P	166	66.803	3
8J7P	167	65.01	3
8J7P	168	64.083	3
8J7P	169	66.867	3
8J7P	170	71.01	3
8J7P	171	79.833	3
8J7P	172	81.933	3
8J7P	173	79.85	3
8J7P	174	88.867	3
8J7P	175	97.683	3
8J7P	176	108.763	3
8J7P	177	116.687	3
8J7P	178	119.253	3
8J7P	179	112.08	3
8J7P	180	100.37	3
8J7P	181	88.55	3
8J7P	182	82.847	3
8J7P	183	82.47	3
8J7P	184	82.083	3
8J7P	185	82.523	3
8J7P	186	83.337	3
8J7P	187	85.473	3
8J7P	188	94.193	3
8J7P	189	100.31	3
8J7P	190	98.213	3
8J7P	191	94.847	3
8J7P	192	87.65	3
8J7P	193	82.517	3
8J7P	194	76.23	3
8J7P	195	77.817	3
8J7P	196	77.8	3
8J7P	197	73.28	3
8J7P	198	74.85	3
8J7P	199	77.197	3
8J7P	200	81.68	3
8J7P	201	94.363	3
8J7P	202	101.727	3
8J7P	203	104.92	3
8J7P	204	109.323	3
8J7P	205	112.37	3
8J7P	206	111.45	3
8J7P	207	108.183	3
8J7P	208	100.287	3
8J7P	209	97.33	3
8J7P	210	94.9	3
8J7P	211	94.85	3
8J7P	212	91.98	3
8J7P	213	92.1	3
8J7P	214	90.87	3
8J7P	215	86.977	3
8J7P	216	82.35	3
8J7P	217	82.94	3
8J7P	218	77.403	3
8J7P	219	70.21	3
8J7P	220	68.86	3
8J7P	221	65.997	3
8J7P	222	63.83	3
8J7P	223	66.31	3
8J7P	224	69.61	3
8J7P	225	72.233	3
8J7P	226	67.73	3
8J7P	227	68.47	3
8J7P	228	71.11	3
8J7P	229	69.253	3
8J7P	230	66.093	3
8J7P	231	70.887	3
8J7P	232	75.307	3
8J7P	233	74.543	3
8J7P	234	75.973	3
8J7P	235	72.513	3
8J7P	236	68.55	3
8J7P	237	65.87	3
8J7P	238	69.297	3
8J7P	239	70.813	3
8J7P	240	69.267	3
8J7P	241	72.547	3
8J7P	242	69.08	3
8J7P	243	71.01	3
8J7P	244	76.26	3
8J7P	245	74.03	3
8J7P	246	78.927	3
8J7P	247	73.57	3
8J7P	248	69.48	3
8J7P	249	72.687	3
8J7P	250	77.403	3
8J7P	251	79.127	3
8J7P	252	87.917	3
8J7P	253	95.13	3
8J7P	254	97.633	3
8JEX	35	104.22	6
8JEX	36	96.28	6
8JEX	37	89.66	6
8JEX	38	81.5	6
8JEX	39	79.32	6
8JEX	40	78.13	6
8JEX	41	79.03	6
8JEX	42	90.69	6
8JEX	43	98.64	6
8JEX	44	106.03	6
8JEX	45	109.33	6
8JEX	46	106.06	6
8JEX	47	94.73	6
8JEX	48	80.36	6
8JEX	49	73.77	6
8JEX	50	68.03	6
8JEX	51	54.57	6
8JEX	52	53.88	6
8JEX	53	51.79	6
8JEX	54	55.71	6
8JEX	55	59.1	6
8JEX	56	64.33	6
8JEX	57	72.17	6
8JEX	58	71.15	6
8JEX	59	72.02	6
8JEX	60	71.43	6
8JEX	61	70.01	6
8JEX	62	61.54	6
8JEX	63	56.43	6
8JEX	64	54.03	6
8JEX	65	54.28	6
8JEX	66	54.8	6
8JEX	67	63.1	6
8JEX	68	66.84	6
8JEX	69	68.0	6
8JEX	70	65.7	6
8JEX	71	65.25	6
8JEX	72	68.62	6
8JEX	73	64.39	6
8JEX	74	62.77	6
8JEX	75	64.18	6
8JEX	76	59.44	6
8JEX	77	60.05	6
8JEX	78	59.2	6
8JEX	79	62.98	6
8JEX	80	70.65	6
8JEX	81	78.18	6
8JEX	82	88.34	6
8JEX	83	98.14	6
8JEX	84	98.06	6
8JEX	85	99.17	6
8JEX	86	99.83	6
8JEX	87	97.02	6
8JEX	88	96.09	6
8JEX	89	98.28	6
8JEY	1	45.77	6
8JEY	2	44.61	6
8JEY	3	42.05	6
8JEY	4	44.51	6
8JEY	5	44.52	6
8JEY	6	45.47	6
8JEY	7	44.7	6
8JEY	8	47.2	6
8JEY	9	48.55	6
8JEY	10	50.3	6
8JEY	11	51.98	6
8JEY	12	53.65	6
8JEY	13	54.05	6
8JEY	14	50.48	6
8JEY	15	47.37	6
8JEY	16	47.27	6
8JEY	17	46.28	6
8JEY	18	47.13	6
8JEY	19	49.16	6
8JEY	20	49.63	6
8JEY	21	44.94	6
8JEY	22	43.38	6
8JEY	23	39.93	6
8JEY	24	41.56	6
8JEY	25	38.72	6
8JEY	26	36.49	6
8JEY	27	36.32	6
8JEY	28	35.5	6
8JEY	29	34.48	6
8JEY	30	33.15	6
8JEY	31	33.32	6
8JEY	32	34.31	6
8JEY	33	34.55	6
8JEY	34	33.48	6
8JEY	35	36.14	6
8JEY	36	34.54	6
8JEY	37	33.14	6
8JEY	38	35.37	6
8JEY	39	38.27	6
8JEY	40	37.96	6
8JEY	41	39.56	6
8JEY	42	39.7	6
8JEY	43	41.6	6
8JEY	44	39.87	6
8JEY	45	40.33	6
8JEY	46	38.56	6
8JEY	47	35.96	6
8JEY	48	33.65	6
8JEY	49	31.17	6
8JEY	50	33.06	6
8JEY	51	31.17	6
8JEY	52	32.06	6
8JEY	53	34.81	6
8JEY	54	37.89	6
8JEY	55	40.34	6
8JEY	56	45.04	6
8JEY	57	48.83	6
8JEY	58	53.6	6
8JEY	59	55.92	6
8JEY	60	57.47	6
8JEY	61	62.42	6
8JEY	62	61.43	6
8JEY	63	60.91	6
8JEY	64	56.17	6
8JEY	65	52.95	6
8JEY	66	49.96	6
8JEY	67	51.5	6
8JEY	68	50.51	6
8JEY	69	51.51	6
8JEY	70	52.9	6
8JEY	71	56.7	6
8JEY	72	60.35	6
8KEW	9	111.91	6
8KEW	10	105.855	6
8KEW	11	93.893	6
8KEW	12	80.985	6
8KEW	13	80.053	6
8KEW	14	81.848	6
8KEW	15	77.337	6
8KEW	16	70.163	6
8KEW	17	61.752	6
8KEW	18	62.145	6
8KEW	19	66.557	6
8KEW	20	71.682	6
8KEW	21	84.165	6
8KEW	22	96.887	6
8KEW	23	100.852	6
8KEW	24	92.588	6
8KEW	25	91.227	6
8KEW	26	91.547	6
8KEW	27	87.077	6
8KEW	28	87.962	6
8KEW	29	82.825	6
8KEW	30	68.917	6
8KEW	31	61.263	6
8KEW	32	57.415	6
8KEW	33	58.078	6
8KEW	34	58.833	6
8KEW	35	60.827	6
8KEW	36	60.218	6
8KEW	37	58.565	6
8KEW	38	59.25	6
8KEW	39	60.078	6
8KEW	40	62.863	6
8KEW	41	73.348	6
8KEW	42	87.61	6
8KF1	9	106.65	12
8KF1	10	102.44	12
8KF1	11	96.13	12
8KF1	12	84.24	12
8KF1	13	85.97	12
8KF1	14	89.52	12
8KF1	15	82.83	12
8KF1	16	79.23	12
8KF1	17	73.85	12
8KF1	18	75.16	12
8KF1	19	79.2	12
8KF1	20	84.48	12
8KF1	21	96.75	12
8KF1	22	108.93	12
8KF1	23	117.46	12
8KF1	24	111.05	12
8KF1	25	108.84	12
8KF1	26	108.34	12
8KF1	27	103.4	12
8KF1	28	102.46	12
8KF1	29	100.77	12
8KF1	30	89.29	12
8KF1	31	83.97	12
8KF1	32	77.1	12
8KF1	33	78.25	12
8KF1	34	80.42	12
8KF1	35	79.86	12
8KF1	36	75.81	12
8KF1	37	77.94	12
8KF1	38	76.2	12
8KF1	39	77.19	12
8KF1	40	81.76	12
8KF1	41	91.57	12
8KF1	42	103.42	12
8KF3	9	51.395	6
8KF3	10	48.6	6
8KF3	11	41.707	6
8KF3	12	57.504	9
8KF3	13	55.964	9
8KF3	14	54.313	9
8KF3	15	51.392	9
8KF3	16	49.381	9
8KF3	17	46.606	9
8KF3	18	46.741	9
8KF3	19	47.16	9
8KF3	20	49.674	9
8KF3	21	53.84	9
8KF3	22	60.802	9
8KF3	23	61.953	9
8KF3	24	57.403	9
8KF3	25	51.678	9
8KF3	26	46.37	9
8KF3	27	41.804	9
8KF3	28	41.09	9
8KF3	29	41.093	9
8KF3	30	39.517	9
8KF3	31	39.176	9
8KF3	32	38.911	9
8KF3	33	40.408	9
8KF3	34	40.741	9
8KF3	35	41.402	9
8KF3	36	40.867	9
8KF3	37	40.437	9
8KF3	38	40.503	9
8KF3	39	40.909	9
8KF3	40	41.352	9
8KF3	41	44.023	9
8KF3	42	48.794	9
8KF4	9	88.222	6
8KF4	10	84.968	6
8KF4	11	77.297	6
8KF4	12	67.285	6
8KF4	13	65.745	6
8KF4	14	64.225	6
8KF4	15	60.74	6
8KF4	16	56.857	6
8KF4	17	52.13	6
8KF4	18	51.255	6
8KF4	19	54.303	6
8KF4	20	58.667	6
8KF4	21	68.765	6
8KF4	22	80.502	6
8KF4	23	84.655	6
8KF4	24	76.737	6
8KF4	25	74.887	6
8KF4	26	74.087	6
8KF4	27	67.143	6
8KF4	28	67.335	6
8KF4	29	64.758	6
8KF4	30	58.715	6
8KF4	31	54.057	6
8KF4	32	51.727	6
8KF4	33	52.04	6
8KF4	34	53.007	6
8KF4	35	56.6	6
8KF4	36	53.118	6
8KF4	37	54.885	6
8KF4	38	55.622	6
8KF4	39	55.987	6
8KF4	40	58.057	6
8KF4	41	66.643	6
8KF4	42	76.053	6
8KF5	9	111.45	6
8KF5	10	104.54	6
8KF5	11	90.92	6
8KF5	12	77.66	6
8KF5	13	77.17	6
8KF5	14	78.09	6
8KF5	15	72.89	6
8KF5	16	63.09	6
8KF5	17	53.79	6
8KF5	18	57.22	6
8KF5	19	65.23	6
8KF5	20	70.7	6
8KF5	21	82.12	6
8KF5	22	94.57	6
8KF5	23	98.71	6
8KF5	24	89.51	6
8KF5	25	89.45	6
8KF5	26	90.84	6
8KF5	27	89.87	6
8KF5	28	88.9	6
8KF5	29	86.95	6
8KF5	30	73.0	6
8KF5	31	63.83	6
8KF5	32	58.47	6
8KF5	33	57.32	6
8KF5	34	56.16	6
8KF5	35	58.48	6
8KF5	36	58.85	6
8KF5	37	58.71	6
8KF5	38	60.68	6
8KF5	39	61.16	6
8KF5	40	62.96	6
8KF5	41	73.17	6
8KF5	42	87.6	6
8KF6	9	72.837	6
8KF6	10	73.662	6
8KF6	11	68.343	6
8KF6	12	82.957	9
8KF6	13	81.43	9
8KF6	14	82.037	9
8KF6	15	81.176	9
8KF6	16	76.319	9
8KF6	17	71.576	9
8KF6	18	72.627	9
8KF6	19	75.596	9
8KF6	20	79.8	9
8KF6	21	83.524	9
8KF6	22	88.296	9
8KF6	23	91.221	9
8KF6	24	87.439	9
8KF6	25	82.541	9
8KF6	26	80.047	9
8KF6	27	76.902	9
8KF6	28	76.579	9
8KF6	29	75.677	9
8KF6	30	72.913	9
8KF6	31	71.557	9
8KF6	32	69.44	9
8KF6	33	71.968	9
8KF6	34	71.133	9
8KF6	35	71.764	9
8KF6	36	71.194	9
8KF6	37	70.664	9
8KF6	38	70.708	9
8KF6	39	71.293	9
8KF6	40	72.521	9
8KF6	41	74.581	9
8KF6	42	80.572	9
8OH2	350	53.941	36
8OH2	351	54.924	36
8OH2	352	54.894	36
8OH2	353	55.186	36
8OH2	354	54.143	36
8OH2	355	56.254	36
8OH2	356	56.607	36
8OH2	357	56.026	36
8OH2	358	57.395	36
8OH2	359	52.78	36
8OH2	360	51.459	36
8OH2	361	52.078	36
8OH2	362	53.272	36
8OHI	350	28.883	18
8OHI	351	32.513	18
8OHI	352	34.97	18
8OHI	353	39.103	18
8OHI	354	39.606	18
8OHI	355	44.864	18
8OHI	356	50.135	18
8OHI	357	51.304	18
8OHI	358	56.035	18
8OHI	359	57.064	18
8OHI	360	58.12	18
8OHI	361	63.099	18
8OHI	362	66.038	18
8OHP	350	36.265	24
8OHP	351	38.025	24
8OHP	352	38.528	24
8OHP	353	39.327	24
8OHP	354	39.291	24
8OHP	355	41.759	24
8OHP	356	44.784	24
8OHP	357	46.678	24
8OHP	358	51.231	24
8OHP	359	53.545	24
8OHP	360	56.342	24
8OHP	361	60.415	24
8OHP	362	64.447	24
8OI0	350	48.505	24
8OI0	351	49.422	24
8OI0	352	50.36	24
8OI0	353	52.121	24
8OI0	354	52.601	24
8OI0	355	55.015	24
8OI0	356	59.328	24
8OI0	357	61.604	24
8OI0	358	67.289	24
8OI0	359	72.396	24
8OI0	360	77.255	24
8OI0	361	84.875	24
8OI0	362	91.637	24
8OKR	1	30.0	24
8OKR	2	30.0	24
8OKR	3	30.0	24
8OKR	4	30.0	24
8OKR	5	30.0	24
8OKR	6	30.0	24
8OKR	7	30.0	24
8OL2	12	95.26	10
8OL2	13	88.46	10
8OL2	14	77.22	10
8OL2	15	62.94	10
8OL2	16	60.8	10
8OL2	17	53.17	10
8OL2	18	60.38	10
8OL2	19	47.99	10
8OL2	20	54.05	10
8OL2	21	66.0	10
8OL2	22	69.87	10
8OL2	23	85.41	10
8OL2	24	69.44	10
8OL2	25	69.07	10
8OL2	26	70.88	10
8OL2	27	60.71	10
8OL2	28	58.63	10
8OL2	29	57.78	10
8OL2	30	52.08	10
8OL2	31	47.35	10
8OL2	32	44.17	10
8OL2	33	48.21	10
8OL2	34	52.08	10
8OL2	35	75.43	10
8OL2	36	88.91	10
8OL2	37	90.2	10
8OL2	38	88.81	10
8OL2	39	89.68	10
8OL2	40	82.79	10
8OL2	41	80.79	10
8OL2	42	99.33	10
8OL3	10	107.97	10
8OL3	11	119.68	10
8OL3	12	100.16	10
8OL3	13	124.16	10
8OL3	14	100.88	10
8OL3	15	86.33	10
8OL3	16	76.38	10
8OL3	17	73.73	10
8OL3	18	82.57	10
8OL3	19	85.41	10
8OL3	20	91.76	10
8OL3	21	85.27	10
8OL3	22	87.66	10
8OL3	23	88.1	10
8OL3	24	65.84	10
8OL3	25	86.49	10
8OL3	26	76.49	10
8OL3	27	61.21	10
8OL3	28	75.3	10
8OL3	29	79.97	10
8OL3	30	50.17	10
8OL3	31	46.15	10
8OL3	32	38.87	10
8OL3	33	58.25	10
8OL3	34	55.19	10
8OL3	35	69.75	10
8OL3	36	87.04	10
8OL3	37	87.59	10
8OL3	38	92.37	10
8OL3	39	89.83	10
8OL3	40	75.32	10
8OL3	41	97.86	10
8OL3	42	98.76	10
8OL5	12	106.19	10
8OL5	13	108.73	10
8OL5	14	91.53	10
8OL5	15	93.2	10
8OL5	16	89.87	10
8OL5	17	76.93	10
8OL5	18	62.83	10
8OL5	19	76.52	10
8OL5	20	73.28	10
8OL5	21	84.28	10
8OL5	22	92.2	10
8OL5	23	99.51	10
8OL5	24	76.78	10
8OL5	25	89.8	10
8OL5	26	89.89	10
8OL5	27	68.38	10
8OL5	28	66.63	10
8OL5	29	68.73	10
8OL5	30	61.97	10
8OL5	31	72.91	10
8OL5	32	65.44	10
8OL5	33	84.59	10
8OL5	34	79.77	10
8OL5	35	98.2	10
8OL5	36	108.48	10
8OL5	37	111.57	10
8OL5	38	109.92	10
8OL5	39	102.47	10
8OL5	40	106.18	10
8OL5	41	111.37	10
8OL5	42	133.62	10
8OL6	12	133.95	10
8OL6	13	135.57	10
8OL6	14	130.09	10
8OL6	15	120.29	10
8OL6	16	113.75	10
8OL6	17	108.67	10
8OL6	18	101.71	10
8OL6	19	101.02	10
8OL6	20	97.67	10
8OL6	21	106.8	10
8OL6	22	112.26	10
8OL6	23	115.2	10
8OL6	24	107.24	10
8OL6	25	113.87	10
8OL6	26	111.92	10
8OL6	27	107.28	10
8OL6	28	105.62	10
8OL6	29	110.19	10
8OL6	30	107.76	10
8OL6	31	101.02	10
8OL6	32	105.42	10
8OL6	33	104.48	10
8OL6	34	108.87	10
8OL6	35	120.66	10
8OL6	36	126.7	10
8OL6	37	125.95	10
8OL6	38	125.83	10
8OL6	39	134.03	10
8OL6	40	130.04	10
8OL6	41	135.73	10
8OL6	42	144.91	10
8OL7	9	63.06	10
8OL7	10	59.89	10
8OL7	11	65.3	10
8OL7	12	45.68	10
8OL7	13	58.41	10
8OL7	14	58.0	10
8OL7	15	44.97	10
8OL7	16	39.29	10
8OL7	17	51.36	10
8OL7	18	44.56	10
8OL7	19	55.56	10
8OL7	20	60.96	10
8OL7	21	69.29	10
8OL7	22	67.15	10
8OL7	23	83.62	10
8OL7	24	78.85	10
8OL7	25	79.01	10
8OL7	26	78.25	10
8OL7	27	78.1	10
8OL7	28	75.28	10
8OL7	29	75.03	10
8OL7	30	66.78	10
8OL7	31	63.36	10
8OL7	32	47.74	10
8OL7	33	62.55	10
8OL7	34	57.09	10
8OL7	35	66.81	10
8OL7	36	64.67	10
8OL7	37	65.14	10
8OL7	38	55.36	10
8OL7	39	63.52	10
8OL7	40	76.01	10
8OLG	1	146.4	5
8OLG	2	148.36	5
8OLG	3	155.18	5
8OLG	4	151.88	5
8OLG	5	154.6	5
8OLG	6	155.19	5
8OLG	7	150.42	5
8OLG	8	146.55	5
8OLG	9	138.2	5
8OLG	10	132.3	5
8OLG	11	135.05	5
8OLG	12	134.37	5
8OLG	13	132.87	5
8OLG	14	130.62	5
8OLG	15	127.39	5
8OLG	16	127.89	5
8OLG	17	129.06	5
8OLG	18	133.09	5
8OLG	19	136.91	5
8OLG	20	135.23	5
8OLG	21	132.91	5
8OLG	22	131.65	5
8OLG	23	127.84	5
8OLG	24	133.35	5
8OLG	25	134.39	5
8OLG	26	137.38	5
8OLG	27	138.9	5
8OLG	28	137.44	5
8OLG	29	142.47	5
8OLG	30	140.11	5
8OLG	31	138.17	5
8OLG	32	145.44	5
8OLG	33	145.49	5
8OLG	34	153.09	5
8OLG	35	158.46	5
8OLG	36	162.86	5
8OLG	37	167.11	5
8OLG	38	168.71	5
8OLG	39	169.39	5
8OLN	1	158.1	10
8OLN	2	143.89	10
8OLN	3	146.67	10
8OLN	4	126.63	10
8OLN	5	134.08	10
8OLN	6	134.49	10
8OLN	7	148.79	10
8OLN	8	140.49	10
8OLN	9	123.59	10
8OLN	10	110.74	10
8OLN	11	115.07	10
8OLN	12	82.51	10
8OLN	13	103.15	10
8OLN	14	97.59	10
8OLN	15	97.22	10
8OLN	16	110.55	10
8OLN	17	119.6	10
8OLN	18	142.15	10
8OLN	19	161.49	10
8OLN	20	142.34	10
8OLN	21	129.76	10
8OLN	22	113.12	10
8OLN	23	111.81	10
8OLN	24	103.4	10
8OLN	25	119.34	10
8OLN	26	114.82	10
8OLN	27	106.37	10
8OLN	28	108.35	10
8OLN	29	115.67	10
8OLN	30	119.14	10
8OLN	31	92.77	10
8OLN	32	101.6	10
8OLN	33	125.26	10
8OLN	34	126.37	10
8OLN	35	139.66	10
8OLN	36	131.54	10
8OLO	10	124.08	10
8OLO	11	120.79	10
8OLO	12	103.12	10
8OLO	13	111.65	10
8OLO	14	106.1	10
8OLO	15	90.3	10
8OLO	16	95.2	10
8OLO	17	85.16	10
8OLO	18	87.18	10
8OLO	19	95.76	10
8OLO	20	97.87	10
8OLO	21	99.46	10
8OLO	22	113.82	10
8OLO	23	118.8	10
8OLO	24	111.4	10
8OLO	25	112.08	10
8OLO	26	122.49	10
8OLO	27	120.97	10
8OLO	28	123.44	10
8OLO	29	126.73	10
8OLO	30	108.26	10
8OLO	31	99.79	10
8OLO	32	97.64	10
8OLO	33	96.78	10
8OLO	34	88.59	10
8OLO	35	96.9	10
8OLO	36	104.08	10
8OLO	37	107.58	10
8OLO	38	125.3	10
8OLO	39	125.46	10
8OLO	40	116.79	10
8OLQ	2	126.07	5
8OLQ	3	125.92	5
8OLQ	4	123.4	5
8OLQ	5	121.44	5
8OLQ	6	122.99	5
8OLQ	7	118.87	5
8OLQ	8	112.03	5
8OLQ	9	107.1	5
8OLQ	10	101.21	5
8OLQ	11	94.42	5
8OLQ	12	91.18	5
8OLQ	13	87.06	5
8OLQ	14	82.35	5
8OLQ	15	79.12	5
8OLQ	16	75.09	5
8OLQ	17	75.72	5
8OLQ	18	77.14	5
8OLQ	19	78.9	5
8OLQ	20	81.64	5
8OLQ	21	77.81	5
8OLQ	22	78.46	5
8OLQ	23	82.05	5
8OLQ	24	79.53	5
8OLQ	25	83.32	5
8OLQ	26	84.6	5
8OLQ	27	81.08	5
8OLQ	28	76.97	5
8OLQ	29	76.69	5
8OLQ	30	76.86	5
8OLQ	31	76.76	5
8OLQ	32	73.63	5
8OLQ	33	74.96	5
8ONS	7	122.05	5
8ONS	8	93.79	5
8ONS	9	67.39	5
8ONS	10	56.21	5
8ONS	11	43.5	5
8ONS	12	38.98	5
8ONS	13	37.48	5
8ONS	14	29.61	5
8ONS	15	29.03	5
8ONS	16	26.76	5
8ONS	17	24.88	5
8ONS	18	27.12	5
8ONS	19	27.63	5
8ONS	20	26.59	5
8ONS	21	27.83	5
8ONS	22	29.76	5
8ONS	23	30.69	5
8ONS	24	27.52	5
8ONS	25	27.03	5
8ONS	26	26.57	5
8ONS	27	25.35	5
8ONS	28	27.14	5
8ONS	29	26.69	5
8ONS	30	33.09	5
8ONS	31	29.48	5
8ONS	32	32.55	5
8ONS	33	30.85	5
8ONS	34	35.29	5
8ONS	35	37.11	5
8ONS	36	40.0	5
8ONS	37	43.34	5
8ONS	38	49.07	5
8ONS	39	48.33	5
8ONS	40	52.3	5
8ONS	41	52.29	5
8ONS	42	51.21	5
8ONS	43	47.05	5
8ONS	44	34.84	5
8ONS	45	29.41	5
8ONS	46	27.79	5
8ONS	47	26.87	5
8ONS	48	25.76	5
8ONS	49	24.75	5
8ONS	50	24.5	5
8ONS	51	25.25	5
8ONS	52	25.43	5
8ONS	53	23.71	5
8ONS	54	23.99	5
8ONS	55	26.09	5
8ONS	56	25.61	5
8ONS	57	28.83	5
8ONS	58	33.94	5
8ONS	59	32.4	5
8ONS	60	33.78	5
8ONS	61	32.0	5
8ONS	62	27.85	5
8ONS	63	27.22	5
8ONS	64	29.21	5
8ONS	65	29.53	5
8ONS	66	31.01	5
8ONS	67	31.44	5
8ONS	68	31.97	5
8ONS	69	30.57	5
8ONS	70	28.56	5
8ONS	71	33.56	5
8ONS	72	31.03	5
8ONS	73	30.55	5
8ONS	74	38.22	5
8ONS	75	36.88	5
8ONS	76	50.75	5
8ONS	77	62.73	5
8ONS	78	68.89	5
8ONS	79	63.32	5
8ONS	80	58.17	5
8ONS	81	46.54	5
8ONS	82	40.12	5
8ONS	83	37.92	5
8ONS	84	32.55	5
8ONS	85	30.44	5
8ONS	86	31.92	5
8ONS	87	30.95	5
8ONS	88	31.76	5
8ONS	89	33.84	5
8ONS	90	28.03	5
8ONS	91	31.64	5
8ONS	92	35.4	5
8ONS	93	46.91	5
8ONS	94	45.97	5
8ONS	95	42.67	5
8ONS	96	43.77	5
8ONS	97	55.58	5
8ONS	98	71.58	5
8ONS	99	82.16	5
8OQ4	9	0.0	24
8OQ4	10	0.0	24
8OQ4	11	30.0	24
8OQ4	12	30.0	24
8OQ4	13	30.0	24
8OQ4	14	30.0	24
8OQ4	15	30.0	24
8OQ4	16	30.0	24
8OQ4	17	30.0	24
8OQ4	18	30.0	24
8OQ4	19	30.0	24
8OQ4	20	30.0	24
8OQ4	21	30.0	24
8OQ4	22	30.0	24
8OQ4	23	30.0	24
8OQ4	24	30.0	24
8OQ4	25	30.0	24
8OQ4	26	30.0	24
8OQ4	27	30.0	24
8OQ4	28	30.0	24
8OQ4	29	30.0	24
8OQ4	30	30.0	24
8OQ4	31	30.0	24
8OQ4	32	30.0	24
8OQ4	33	30.0	24
8OQ4	34	30.0	24
8OQ4	35	30.0	24
8OQ4	36	30.0	24
8OQ4	37	30.0	24
8OQ4	38	30.0	24
8OQ4	39	30.0	24
8OQ4	40	30.0	24
8OQ4	41	30.0	24
8OQ4	42	30.0	24
8OQ4	43	30.0	24
8OQ4	44	30.0	24
8OQ4	45	30.0	24
8OQ4	46	30.0	24
8OQ4	47	30.0	24
8OQ4	48	30.0	24
8OQ4	49	30.0	24
8OQ4	50	30.0	24
8OQ4	51	30.0	24
8OQ4	52	30.0	24
8OQ4	53	30.0	24
8OQ4	54	30.0	24
8OQ4	55	30.0	24
8OQ4	56	30.0	24
8OQ4	57	30.0	24
8OQ4	58	30.0	24
8OQ4	59	30.0	24
8OQ4	60	30.0	24
8OQ4	61	30.0	24
8OQ4	62	30.0	24
8OQ4	63	30.0	24
8OQ4	64	30.0	24
8OQ4	65	30.0	24
8OQ4	66	30.0	24
8OQ4	67	30.0	24
8OQ4	68	30.0	24
8OQ4	69	30.0	24
8OQ4	70	30.0	24
8OQ4	71	30.0	24
8OQ4	72	30.0	24
8OQ4	73	30.0	24
8OQ4	74	30.0	24
8OQ4	75	30.0	24
8OQ4	76	30.0	24
8OQ5	9	0.0	12
8OQ5	10	0.0	12
8OQ5	11	30.0	12
8OQ5	12	30.0	12
8OQ5	13	30.0	12
8OQ5	14	30.0	12
8OQ5	15	30.0	12
8OQ5	16	30.0	12
8OQ5	17	30.0	12
8OQ5	18	30.0	12
8OQ5	19	30.0	12
8OQ5	20	30.0	12
8OQ5	21	30.0	12
8OQ5	22	30.0	12
8OQ5	23	30.0	12
8OQ5	24	30.0	12
8OQ5	25	30.0	12
8OQ5	26	30.0	12
8OQ5	27	30.0	12
8OQ5	28	30.0	12
8OQ5	29	30.0	12
8OQ5	30	30.0	12
8OQ5	31	30.0	12
8OQ5	32	30.0	12
8OQ5	33	30.0	12
8OQ5	34	30.0	12
8OQ5	35	30.0	12
8OQ5	36	30.0	12
8OQ5	37	30.0	12
8OQ5	38	30.0	12
8OQ5	39	30.0	12
8OQ5	40	30.0	12
8OQ5	41	30.0	12
8OQ5	42	30.0	12
8OQ5	43	30.0	12
8OQ5	44	30.0	12
8OQ5	45	30.0	12
8OQ5	46	30.0	12
8OQ5	47	30.0	12
8OQ5	48	30.0	12
8OQ5	49	30.0	12
8OQ5	50	30.0	12
8OQ5	51	30.0	12
8OQ5	52	30.0	12
8OQ5	53	30.0	12
8OQ5	54	30.0	12
8OQ5	55	30.0	12
8OQ5	56	30.0	12
8OQ5	57	30.0	12
8OQ5	58	30.0	12
8OQ5	59	30.0	12
8OQ5	60	30.0	12
8OQ5	61	30.0	12
8OQ5	62	30.0	12
8OQ5	63	30.0	12
8OQ5	64	30.0	12
8OQ5	65	30.0	12
8OQ5	66	30.0	12
8OQ5	67	30.0	12
8OQ5	68	30.0	12
8OQ5	69	30.0	12
8OQ5	70	30.0	12
8OQ5	71	30.0	12
8OQ5	72	30.0	12
8OQ5	73	30.0	12
8OQ5	74	30.0	12
8OQ5	75	30.0	12
8OQ5	76	30.0	12
8OQI	39	81.45	10
8OQI	40	78.236	10
8OQI	41	74.075	10
8OQI	42	72.395	10
8OQI	43	67.766	10
8OQI	44	63.218	10
8OQI	45	55.654	10
8OQI	46	54.512	10
8OQI	47	48.39	10
8OQI	48	45.469	10
8OQI	49	41.11	10
8OQI	50	42.739	10
8OQI	51	42.841	10
8OQI	52	43.011	10
8OQI	53	44.01	10
8OQI	54	47.883	10
8OQI	55	45.031	10
8OQI	56	49.352	10
8OQI	57	54.96	10
8OQI	58	58.284	10
8OQI	59	61.63	10
8OQI	60	66.388	10
8OQI	61	68.114	10
8OQI	62	68.075	10
8OQI	63	63.863	10
8OQI	64	60.706	10
8OQI	65	55.823	10
8OQI	66	55.558	10
8OQI	67	59.769	10
8OQI	68	58.339	10
8OQI	69	53.294	10
8OQI	70	50.721	10
8OQI	71	49.558	10
8OQI	72	49.235	10
8OQI	73	47.061	10
8OQI	74	45.809	10
8OQI	75	46.823	10
8OQI	76	43.229	10
8OQI	77	42.25	10
8OQI	78	43.209	10
8OQI	79	48.882	10
8OQI	80	52.759	10
8OQI	81	57.213	10
8OQI	82	60.226	10
8OQI	83	62.817	10
8OQI	84	60.466	10
8OQI	85	58.16	10
8OQI	86	52.943	10
8OQI	87	50.836	10
8OQI	88	49.11	10
8OQI	89	50.712	10
8OQI	90	51.841	10
8OQI	91	55.828	10
8OQI	92	61.003	10
8OQI	93	68.938	10
8OQI	94	69.82	10
8ORE	304	140.28	3
8ORE	305	126.17	3
8ORE	306	113.5	3
8ORE	307	94.34	3
8ORE	308	85.02	3
8ORE	309	75.76	3
8ORE	310	77.34	3
8ORE	311	78.47	3
8ORE	312	85.17	3
8ORE	313	87.67	3
8ORE	314	99.51	3
8ORE	315	96.14	3
8ORE	316	90.27	3
8ORE	317	86.22	3
8ORE	318	67.43	3
8ORE	319	72.37	3
8ORE	320	70.47	3
8ORE	321	69.6	3
8ORE	322	65.65	3
8ORE	323	66.96	3
8ORE	324	73.27	3
8ORE	325	79.14	3
8ORE	326	83.44	3
8ORE	327	71.57	3
8ORE	328	56.12	3
8ORE	329	51.14	3
8ORE	330	45.81	3
8ORE	331	45.55	3
8ORE	332	45.87	3
8ORE	333	46.19	3
8ORE	334	44.7	3
8ORE	335	41.39	3
8ORE	336	38.47	3
8ORE	337	42.79	3
8ORE	338	51.73	3
8ORE	339	51.71	3
8ORE	340	64.12	3
8ORE	341	74.78	3
8ORE	342	90.09	3
8ORE	343	85.33	3
8ORE	344	81.01	3
8ORE	345	78.41	3
8ORE	346	71.49	3
8ORE	347	80.55	3
8ORE	348	82.63	3
8ORE	349	77.89	3
8ORE	350	61.88	3
8ORE	351	64.83	3
8ORE	352	58.95	3
8ORE	353	57.16	3
8ORE	354	54.34	3
8ORE	355	52.55	3
8ORE	356	57.03	3
8ORE	357	53.31	3
8ORE	358	52.3	3
8ORE	359	39.76	3
8ORE	360	40.4	3
8ORE	361	40.76	3
8ORE	362	39.51	3
8ORE	363	39.28	3
8ORE	364	39.01	3
8ORE	365	42.32	3
8ORE	366	43.57	3
8ORE	367	45.03	3
8ORE	368	49.36	3
8ORE	369	49.83	3
8ORE	370	49.45	3
8ORE	371	51.63	3
8ORE	372	57.64	3
8ORE	373	57.08	3
8ORE	374	63.66	3
8ORE	375	68.07	3
8ORE	376	72.97	3
8ORE	377	87.93	3
8ORE	378	99.64	3
8ORE	379	127.09	3
8ORE	380	138.27	3
8ORF	277	122.83	3
8ORF	278	115.11	3
8ORF	279	113.11	3
8ORF	280	105.35	3
8ORF	281	98.19	3
8ORF	282	92.6	3
8ORF	283	95.34	3
8ORF	284	91.86	3
8ORF	285	84.71	3
8ORF	286	74.62	3
8ORF	287	72.97	3
8ORF	288	72.46	3
8ORF	289	76.52	3
8ORF	290	81.91	3
8ORF	291	83.0	3
8ORF	292	79.73	3
8ORF	293	79.29	3
8ORF	294	81.24	3
8ORF	295	77.13	3
8ORF	296	72.88	3
8ORF	297	66.48	3
8ORF	298	65.25	3
8ORF	299	60.74	3
8ORF	300	62.06	3
8ORF	301	65.5	3
8ORF	302	66.96	3
8ORF	303	63.04	3
8ORF	304	61.93	3
8ORF	305	61.58	3
8ORF	306	57.05	3
8ORF	307	56.37	3
8ORF	308	51.67	3
8ORF	309	56.43	3
8ORF	310	61.49	3
8ORF	311	64.66	3
8ORF	312	63.64	3
8ORF	313	67.41	3
8ORF	314	70.58	3
8ORF	315	71.87	3
8ORF	316	68.45	3
8ORF	317	69.86	3
8ORF	318	68.55	3
8ORF	319	73.25	3
8ORF	320	76.71	3
8ORF	321	83.91	3
8ORF	322	93.04	3
8ORF	323	99.18	3
8ORF	324	100.0	3
8ORF	325	100.96	3
8ORF	326	94.85	3
8ORF	327	85.45	3
8ORF	328	79.47	3
8ORF	329	77.26	3
8ORF	330	75.51	3
8ORF	331	74.89	3
8ORF	332	75.32	3
8ORF	333	70.8	3
8ORF	334	72.84	3
8ORF	335	67.56	3
8ORF	336	64.85	3
8ORF	337	59.97	3
8ORF	338	60.69	3
8ORF	339	58.92	3
8ORF	340	63.94	3
8ORF	341	65.53	3
8ORF	342	73.31	3
8ORF	343	70.06	3
8ORF	344	62.38	3
8ORF	345	64.23	3
8ORF	346	63.22	3
8ORF	347	65.08	3
8ORF	348	72.14	3
8ORF	349	77.41	3
8ORF	350	71.58	3
8ORF	351	76.0	3
8ORF	352	74.02	3
8ORF	353	76.81	3
8ORF	354	79.01	3
8ORF	355	84.23	3
8ORF	356	92.53	3
8ORF	357	93.33	3
8ORF	358	97.47	3
8ORF	359	102.08	3
8ORF	360	102.67	3
8ORF	361	109.53	3
8ORF	362	116.29	3
8ORF	363	122.07	3
8ORF	364	127.37	3
8ORF	365	134.63	3
8ORF	366	139.84	3
8ORF	367	143.03	3
8ORF	368	144.42	3
8ORF	369	149.45	3
8ORF	370	152.57	3
8ORF	371	155.52	3
8ORF	372	158.6	3
8ORF	373	159.65	3
8ORF	374	157.57	3
8ORF	375	160.24	3
8ORF	376	159.44	3
8ORF	377	169.47	3
8ORG	277	122.83	3
8ORG	278	115.11	3
8ORG	279	113.11	3
8ORG	280	105.35	3
8ORG	281	98.19	3
8ORG	282	92.6	3
8ORG	283	95.34	3
8ORG	284	91.86	3
8ORG	285	84.71	3
8ORG	286	74.62	3
8ORG	287	72.97	3
8ORG	288	72.46	3
8ORG	289	76.52	3
8ORG	290	81.91	3
8ORG	291	83.0	3
8ORG	292	79.73	3
8ORG	293	79.29	3
8ORG	294	81.24	3
8ORG	295	77.13	3
8ORG	296	72.88	3
8ORG	297	66.48	3
8ORG	298	65.25	3
8ORG	299	60.74	3
8ORG	300	62.06	3
8ORG	301	65.5	3
8ORG	302	66.96	3
8ORG	303	63.04	3
8ORG	304	61.93	3
8ORG	305	61.58	3
8ORG	306	57.05	3
8ORG	307	56.37	3
8ORG	308	51.67	3
8ORG	309	56.43	3
8ORG	310	61.49	3
8ORG	311	64.66	3
8ORG	312	63.64	3
8ORG	313	67.41	3
8ORG	314	70.58	3
8ORG	315	71.87	3
8ORG	316	68.45	3
8ORG	317	69.86	3
8ORG	318	68.55	3
8ORG	319	73.25	3
8ORG	320	76.71	3
8ORG	321	83.91	3
8ORG	322	93.04	3
8ORG	323	99.18	3
8ORG	324	100.0	3
8ORG	325	100.96	3
8ORG	326	94.85	3
8ORG	327	85.45	3
8ORG	328	79.47	3
8ORG	329	77.26	3
8ORG	330	75.51	3
8ORG	331	74.89	3
8ORG	332	75.32	3
8ORG	333	70.8	3
8ORG	334	72.84	3
8ORG	335	67.56	3
8ORG	336	64.85	3
8ORG	337	59.97	3
8ORG	338	60.69	3
8ORG	339	58.92	3
8ORG	340	63.94	3
8ORG	341	65.53	3
8ORG	342	73.31	3
8ORG	343	70.06	3
8ORG	344	62.38	3
8ORG	345	64.23	3
8ORG	346	63.22	3
8ORG	347	65.08	3
8ORG	348	72.14	3
8ORG	349	77.41	3
8ORG	350	71.58	3
8ORG	351	76.0	3
8ORG	352	74.02	3
8ORG	353	76.81	3
8ORG	354	79.01	3
8ORG	355	84.23	3
8ORG	356	92.53	3
8ORG	357	93.33	3
8ORG	358	97.47	3
8ORG	359	102.08	3
8ORG	360	102.67	3
8ORG	361	109.53	3
8ORG	362	116.29	3
8OT1	13	0.0	12
8OT1	14	0.0	12
8OT1	15	0.0	12
8OT1	16	0.0	12
8OT1	17	0.0	12
8OT1	18	0.0	12
8OT1	19	0.0	12
8OT1	20	0.0	12
8OT1	21	0.0	12
8OT1	22	0.0	12
8OT1	23	30.0	12
8OT1	24	30.0	12
8OT1	25	30.0	12
8OT1	26	30.0	12
8OT1	27	30.0	12
8OT1	28	30.0	12
8OT1	29	30.0	12
8OT1	30	30.0	12
8OT1	31	30.0	12
8OT1	32	30.0	12
8OT1	33	30.0	12
8OT1	34	30.0	12
8OT1	35	30.0	12
8OT1	36	30.0	12
8OT1	37	30.0	12
8OT1	38	30.0	12
8OT1	39	30.0	12
8OT1	40	30.0	12
8OT3	13	0.0	12
8OT3	14	0.0	12
8OT3	15	0.0	12
8OT3	16	0.0	12
8OT3	17	0.0	12
8OT3	18	0.0	12
8OT3	19	0.0	12
8OT3	20	0.0	12
8OT3	21	0.0	12
8OT3	22	0.0	12
8OT3	23	30.0	12
8OT3	24	30.0	12
8OT3	25	30.0	12
8OT3	26	30.0	12
8OT3	27	30.0	12
8OT3	28	30.0	12
8OT3	29	30.0	12
8OT3	30	30.0	12
8OT3	31	30.0	12
8OT3	32	30.0	12
8OT3	33	30.0	12
8OT3	34	30.0	12
8OT3	35	30.0	12
8OT3	36	30.0	12
8OT3	37	30.0	12
8OT3	38	30.0	12
8OT3	39	30.0	12
8OT3	40	30.0	12
8OT4	1	93.56	12
8OT4	2	84.09	12
8OT4	3	84.63	12
8OT4	4	81.88	12
8OT4	5	81.88	12
8OT4	6	74.95	12
8OT4	7	74.28	12
8OT4	8	80.65	12
8OT4	9	87.28	12
8OT4	10	80.54	12
8OT4	11	73.8	12
8OT4	12	64.98	12
8OT4	13	63.66	12
8OT4	14	61.58	12
8OT4	15	58.51	12
8OT4	16	63.05	12
8OT4	17	51.48	12
8OT4	18	55.64	12
8OT4	19	56.94	12
8OT4	20	68.49	12
8OT4	21	61.42	12
8OT4	22	63.97	12
8OT4	23	55.2	12
8OT4	24	30.0	12
8OT4	25	30.0	12
8OT4	26	30.0	12
8OT4	27	30.0	12
8OT4	28	30.0	12
8OT4	29	30.0	12
8OT4	30	30.0	12
8OT4	31	30.0	12
8OT4	32	30.0	12
8OT4	33	30.0	12
8OT4	34	30.0	12
8OT4	35	30.0	12
8OT4	36	30.0	12
8OT4	37	30.0	12
8OT6	305	71.11	5
8OT6	306	63.45	5
8OT6	307	57.74	5
8OT6	308	46.64	5
8OT6	309	44.42	5
8OT6	310	40.49	5
8OT6	311	45.03	5
8OT6	312	40.75	5
8OT6	313	40.81	5
8OT6	314	45.59	5
8OT6	315	42.58	5
8OT6	316	38.28	5
8OT6	317	34.52	5
8OT6	318	26.37	5
8OT6	319	30.43	5
8OT6	320	24.72	5
8OT6	321	26.55	5
8OT6	322	27.21	5
8OT6	323	25.46	5
8OT6	324	24.14	5
8OT6	325	23.03	5
8OT6	326	23.3	5
8OT6	327	23.26	5
8OT6	328	22.0	5
8OT6	329	20.57	5
8OT6	330	21.3	5
8OT6	331	25.96	5
8OT6	332	23.38	5
8OT6	333	25.21	5
8OT6	334	27.86	5
8OT6	335	31.06	5
8OT6	336	35.51	5
8OT6	337	33.24	5
8OT6	338	36.67	5
8OT6	339	33.75	5
8OT6	340	40.93	5
8OT6	341	41.07	5
8OT6	342	47.42	5
8OT6	343	45.6	5
8OT6	344	41.72	5
8OT6	345	45.77	5
8OT6	346	38.19	5
8OT6	347	45.33	5
8OT6	348	40.54	5
8OT6	349	39.67	5
8OT6	350	34.26	5
8OT6	351	33.32	5
8OT6	352	26.08	5
8OT6	353	23.81	5
8OT6	354	22.16	5
8OT6	355	23.18	5
8OT6	356	24.28	5
8OT6	357	24.79	5
8OT6	358	29.01	5
8OT6	359	21.73	5
8OT6	360	22.81	5
8OT6	361	21.23	5
8OT6	362	20.51	5
8OT6	363	19.24	5
8OT6	364	20.61	5
8OT6	365	23.26	5
8OT6	366	21.44	5
8OT6	367	23.18	5
8OT6	368	23.91	5
8OT6	369	31.16	5
8OT6	370	30.15	5
8OT6	371	32.85	5
8OT6	372	37.47	5
8OT6	373	37.57	5
8OT6	374	35.79	5
8OT6	375	40.09	5
8OT6	376	41.37	5
8OT6	377	45.99	5
8OT6	378	54.22	5
8OT6	379	67.63	5
8OT9	305	112.105	6
8OT9	306	78.015	6
8OT9	307	70.595	6
8OT9	308	59.295	6
8OT9	309	52.395	6
8OT9	310	58.04	6
8OT9	311	65.94	6
8OT9	312	60.455	6
8OT9	313	57.46	6
8OT9	314	68.235	6
8OT9	315	68.21	6
8OT9	316	75.15	6
8OT9	317	59.405	6
8OT9	318	50.81	6
8OT9	319	51.185	6
8OT9	320	55.27	6
8OT9	321	51.84	6
8OT9	322	53.03	6
8OT9	323	51.04	6
8OT9	324	55.74	6
8OT9	325	48.3	6
8OT9	326	41.845	6
8OT9	327	47.08	6
8OT9	328	38.805	6
8OT9	329	47.875	6
8OT9	330	44.35	6
8OT9	331	47.675	6
8OT9	332	43.945	6
8OT9	333	66.77	6
8OT9	334	73.595	6
8OT9	335	79.19	6
8OT9	336	67.205	6
8OT9	337	48.88	6
8OT9	338	60.885	6
8OT9	339	45.42	6
8OT9	340	65.91	6
8OT9	341	70.61	6
8OT9	342	78.245	6
8OT9	343	78.56	6
8OT9	344	75.175	6
8OT9	345	80.195	6
8OT9	346	72.405	6
8OT9	347	85.855	6
8OT9	348	87.805	6
8OT9	349	76.63	6
8OT9	350	58.115	6
8OT9	351	53.12	6
8OT9	352	48.015	6
8OT9	353	42.34	6
8OT9	354	42.735	6
8OT9	355	54.635	6
8OT9	356	59.865	6
8OT9	357	55.18	6
8OT9	358	66.92	6
8OT9	359	47.135	6
8OT9	360	41.725	6
8OT9	361	39.035	6
8OT9	362	39.205	6
8OT9	363	37.59	6
8OT9	364	38.325	6
8OT9	365	42.215	6
8OT9	366	56.65	6
8OT9	367	65.025	6
8OT9	368	52.12	6
8OT9	369	57.91	6
8OT9	370	45.46	6
8OT9	371	42.355	6
8OT9	372	61.015	6
8OT9	373	55.525	6
8OT9	374	55.055	6
8OT9	375	51.555	6
8OT9	376	54.465	6
8OT9	377	63.865	6
8OT9	378	70.545	6
8OT9	379	98.23	6
8OTC	305	181.93	6
8OTC	306	153.13	6
8OTC	307	175.17	6
8OTC	308	129.16	6
8OTC	309	146.89	6
8OTC	310	95.7	6
8OTC	311	107.33	6
8OTC	312	100.23	6
8OTC	313	111.73	6
8OTC	314	82.84	6
8OTC	315	91.21	6
8OTC	316	69.76	6
8OTC	317	59.93	6
8OTC	318	41.45	6
8OTC	319	54.23	6
8OTC	320	48.65	6
8OTC	321	50.81	6
8OTC	322	41.38	6
8OTC	323	43.89	6
8OTC	324	37.24	6
8OTC	325	40.3	6
8OTC	326	32.38	6
8OTC	327	26.89	6
8OTC	328	19.54	6
8OTC	329	19.15	6
8OTC	330	21.81	6
8OTC	331	22.57	6
8OTC	332	18.04	6
8OTC	333	19.57	6
8OTC	334	15.73	6
8OTC	335	14.54	6
8OTC	336	20.11	6
8OTC	337	18.67	6
8OTC	338	26.62	6
8OTC	339	22.18	6
8OTC	340	34.31	6
8OTC	341	33.76	6
8OTC	342	46.63	6
8OTC	343	42.08	6
8OTC	344	36.74	6
8OTC	345	40.09	6
8OTC	346	36.16	6
8OTC	347	49.12	6
8OTC	348	52.09	6
8OTC	349	44.07	6
8OTC	350	31.21	6
8OTC	351	24.38	6
8OTC	352	21.11	6
8OTC	353	17.51	6
8OTC	354	12.7	6
8OTC	355	14.67	6
8OTC	356	15.15	6
8OTC	357	16.85	6
8OTC	358	21.88	6
8OTC	359	13.9	6
8OTC	360	13.11	6
8OTC	361	13.81	6
8OTC	362	22.69	6
8OTC	363	18.52	6
8OTC	364	25.21	6
8OTC	365	27.46	6
8OTC	366	33.72	6
8OTC	367	37.16	6
8OTC	368	45.78	6
8OTC	369	43.66	6
8OTC	370	49.99	6
8OTC	371	45.74	6
8OTC	372	74.07	6
8OTC	373	64.53	6
8OTC	374	84.28	6
8OTC	375	83.96	6
8OTC	376	113.5	6
8OTC	377	110.28	6
8OTC	378	131.77	6
8OTC	379	143.15	6
8OTD	120	68.52	4
8OTD	121	55.65	4
8OTD	122	53.29	4
8OTD	123	39.79	4
8OTD	124	40.23	4
8OTD	125	35.88	4
8OTD	126	33.96	4
8OTD	127	33.54	4
8OTD	128	33.69	4
8OTD	129	40.36	4
8OTD	130	41.75	4
8OTD	131	35.26	4
8OTD	132	36.1	4
8OTD	133	32.75	4
8OTD	134	39.96	4
8OTD	135	43.54	4
8OTD	136	63.01	4
8OTD	137	65.6	4
8OTD	138	87.05	4
8OTD	139	92.85	4
8OTD	140	80.79	4
8OTD	141	59.73	4
8OTD	142	52.83	4
8OTD	143	46.17	4
8OTD	144	43.53	4
8OTD	145	46.45	4
8OTD	146	41.15	4
8OTD	147	43.1	4
8OTD	148	40.49	4
8OTD	149	43.95	4
8OTD	150	37.43	4
8OTD	151	38.23	4
8OTD	152	37.73	4
8OTD	153	45.22	4
8OTD	154	39.36	4
8OTD	155	37.88	4
8OTD	156	36.81	4
8OTD	157	39.76	4
8OTD	158	38.51	4
8OTD	159	43.9	4
8OTD	160	41.34	4
8OTD	161	54.49	4
8OTD	162	55.14	4
8OTD	163	62.07	4
8OTD	164	47.14	4
8OTD	165	41.35	4
8OTD	166	44.52	4
8OTD	167	36.43	4
8OTD	168	35.68	4
8OTD	169	31.94	4
8OTD	170	33.9	4
8OTD	171	46.43	4
8OTD	172	46.74	4
8OTD	173	53.2	4
8OTD	174	52.2	4
8OTD	175	56.15	4
8OTD	176	62.38	4
8OTD	177	71.95	4
8OTD	178	86.86	4
8OTD	179	70.96	4
8OTD	180	69.07	4
8OTD	181	59.38	4
8OTD	182	52.08	4
8OTD	183	47.15	4
8OTD	184	46.8	4
8OTD	185	49.84	4
8OTD	186	49.68	4
8OTD	187	43.1	4
8OTD	188	37.77	4
8OTD	189	43.22	4
8OTD	190	43.9	4
8OTD	191	48.92	4
8OTD	192	52.37	4
8OTD	193	52.07	4
8OTD	194	46.27	4
8OTD	195	40.38	4
8OTD	196	47.42	4
8OTD	197	41.78	4
8OTD	198	49.9	4
8OTD	199	52.13	4
8OTD	200	62.07	4
8OTD	201	77.71	4
8OTD	202	62.41	4
8OTD	203	57.49	4
8OTD	204	54.67	4
8OTD	205	57.88	4
8OTD	206	68.87	4
8OTD	207	70.51	4
8OTD	208	53.4	4
8OTD	209	53.82	4
8OTD	210	52.66	4
8OTD	211	55.73	4
8OTD	212	53.44	4
8OTD	213	56.27	4
8OTD	214	51.45	4
8OTD	215	48.66	4
8OTD	216	45.94	4
8OTD	217	40.14	4
8OTD	218	39.32	4
8OTD	219	42.92	4
8OTD	220	44.05	4
8OTD	221	39.59	4
8OTD	222	39.1	4
8OTD	223	32.0	4
8OTD	224	35.54	4
8OTD	225	31.39	4
8OTD	226	28.74	4
8OTD	227	38.38	4
8OTD	228	34.12	4
8OTD	229	37.12	4
8OTD	230	33.95	4
8OTD	231	40.42	4
8OTD	232	43.78	4
8OTD	233	47.74	4
8OTD	234	47.25	4
8OTD	235	28.71	4
8OTD	236	23.31	4
8OTD	237	23.99	4
8OTD	238	26.44	4
8OTD	239	33.74	4
8OTD	240	37.5	4
8OTD	241	34.86	4
8OTD	242	26.74	4
8OTD	243	30.24	4
8OTD	244	32.97	4
8OTD	245	33.52	4
8OTD	246	41.11	4
8OTD	247	40.37	4
8OTD	248	33.29	4
8OTD	249	39.89	4
8OTD	250	36.71	4
8OTD	251	44.77	4
8OTD	252	56.22	4
8OTD	253	65.52	4
8OTD	254	83.19	4
8OTE	120	89.255	8
8OTE	121	88.595	8
8OTE	122	75.41	8
8OTE	123	74.785	8
8OTE	124	59.06	8
8OTE	125	50.355	8
8OTE	126	50.71	8
8OTE	127	53.38	8
8OTE	128	62.08	8
8OTE	129	46.275	8
8OTE	130	33.455	8
8OTE	131	33.71	8
8OTE	132	39.06	8
8OTE	133	43.885	8
8OTE	134	48.82	8
8OTE	135	61.55	8
8OTE	136	86.61	8
8OTE	137	54.805	8
8OTE	138	95.38	8
8OTE	139	104.235	8
8OTE	140	103.7	8
8OTE	141	102.915	8
8OTE	142	84.935	8
8OTE	143	70.78	8
8OTE	144	65.14	8
8OTE	145	72.645	8
8OTE	146	71.99	8
8OTE	147	63.82	8
8OTE	148	56.355	8
8OTE	149	56.735	8
8OTE	150	67.78	8
8OTE	151	65.97	8
8OTE	152	60.97	8
8OTE	153	78.205	8
8OTE	154	63.5	8
8OTE	155	78.285	8
8OTE	156	58.615	8
8OTE	157	67.71	8
8OTE	158	58.09	8
8OTE	159	71.145	8
8OTE	160	68.17	8
8OTE	161	76.835	8
8OTE	162	62.455	8
8OTE	163	84.94	8
8OTE	164	74.235	8
8OTE	165	75.195	8
8OTE	166	70.42	8
8OTE	167	55.01	8
8OTE	168	58.43	8
8OTE	169	55.565	8
8OTE	170	77.81	8
8OTE	171	91.085	8
8OTE	172	100.95	8
8OTE	173	108.285	8
8OTE	174	108.87	8
8OTE	175	116.93	8
8OTE	176	97.845	8
8OTE	177	141.315	8
8OTE	178	147.535	8
8OTE	179	102.955	8
8OTE	180	116.025	8
8OTE	181	77.315	8
8OTE	182	70.395	8
8OTE	183	83.87	8
8OTE	184	89.755	8
8OTE	185	102.145	8
8OTE	186	83.76	8
8OTE	187	72.635	8
8OTE	188	67.79	8
8OTE	189	55.39	8
8OTE	190	60.51	8
8OTE	191	75.715	8
8OTE	192	76.465	8
8OTE	193	79.135	8
8OTE	194	74.895	8
8OTE	195	60.495	8
8OTE	196	57.06	8
8OTE	197	49.515	8
8OTE	198	48.14	8
8OTE	199	47.56	8
8OTE	200	65.5	8
8OTE	201	80.85	8
8OTE	202	82.865	8
8OTE	203	86.0	8
8OTE	204	84.865	8
8OTE	205	103.825	8
8OTE	206	108.265	8
8OTE	207	101.12	8
8OTE	208	93.085	8
8OTE	209	77.805	8
8OTE	210	87.285	8
8OTE	211	84.68	8
8OTE	212	87.9	8
8OTE	213	79.83	8
8OTE	214	92.235	8
8OTE	215	85.115	8
8OTE	216	88.845	8
8OTE	217	61.735	8
8OTE	218	70.565	8
8OTE	219	47.405	8
8OTE	220	50.935	8
8OTE	221	62.735	8
8OTE	222	66.05	8
8OTE	223	61.98	8
8OTE	224	53.69	8
8OTE	225	59.115	8
8OTE	226	52.285	8
8OTE	227	57.58	8
8OTE	228	48.765	8
8OTE	229	53.32	8
8OTE	230	49.51	8
8OTE	231	68.08	8
8OTE	232	64.935	8
8OTE	233	61.96	8
8OTE	234	66.32	8
8OTE	235	64.3	8
8OTE	236	56.71	8
8OTE	237	57.28	8
8OTE	238	78.44	8
8OTE	239	56.13	8
8OTE	240	52.835	8
8OTE	241	49.08	8
8OTE	242	57.69	8
8OTE	243	36.455	8
8OTE	244	48.04	8
8OTE	245	37.405	8
8OTE	246	37.305	8
8OTE	247	43.78	8
8OTE	248	54.025	8
8OTE	249	56.47	8
8OTE	250	66.47	8
8OTE	251	59.83	8
8OTE	252	68.975	8
8OTE	253	87.085	8
8OTE	254	97.785	8
8OTF	12	120.965	6
8OTF	13	106.88	6
8OTF	14	64.325	6
8OTF	15	67.295	6
8OTF	16	64.895	6
8OTF	17	43.745	6
8OTF	18	34.23	6
8OTF	19	40.9	6
8OTF	20	47.135	6
8OTF	21	63.71	6
8OTF	22	80.47	6
8OTF	23	90.74	6
8OTF	24	58.445	6
8OTF	25	51.145	6
8OTF	26	57.29	6
8OTF	27	49.46	6
8OTF	28	49.99	6
8OTF	29	43.09	6
8OTF	30	43.425	6
8OTF	31	35.755	6
8OTF	32	32.075	6
8OTF	33	35.92	6
8OTF	34	37.91	6
8OTF	35	46.79	6
8OTF	36	50.965	6
8OTF	37	61.705	6
8OTF	38	62.63	6
8OTF	39	47.04	6
8OTF	40	43.025	6
8OTF	41	53.305	6
8OTF	42	91.055	6
8OTG	305	89.43	5
8OTG	306	85.23	5
8OTG	307	76.68	5
8OTG	308	66.56	5
8OTG	309	61.21	5
8OTG	310	56.09	5
8OTG	311	59.58	5
8OTG	312	57.81	5
8OTG	313	55.17	5
8OTG	314	54.54	5
8OTG	315	52.43	5
8OTG	316	45.68	5
8OTG	317	42.53	5
8OTG	318	36.07	5
8OTG	319	37.91	5
8OTG	320	31.47	5
8OTG	321	34.41	5
8OTG	322	32.63	5
8OTG	323	30.35	5
8OTG	324	27.93	5
8OTG	325	26.77	5
8OTG	326	25.63	5
8OTG	327	26.41	5
8OTG	328	24.24	5
8OTG	329	24.71	5
8OTG	330	28.05	5
8OTG	331	28.99	5
8OTG	332	27.41	5
8OTG	333	28.78	5
8OTG	334	30.63	5
8OTG	335	33.06	5
8OTG	336	37.21	5
8OTG	337	34.58	5
8OTG	338	37.94	5
8OTG	339	35.04	5
8OTG	340	42.55	5
8OTG	341	46.16	5
8OTG	342	52.97	5
8OTG	343	51.39	5
8OTG	344	46.03	5
8OTG	345	49.97	5
8OTG	346	47.43	5
8OTG	347	52.29	5
8OTG	348	48.94	5
8OTG	349	45.37	5
8OTG	350	37.8	5
8OTG	351	36.58	5
8OTG	352	29.63	5
8OTG	353	26.88	5
8OTG	354	24.32	5
8OTG	355	25.53	5
8OTG	356	27.93	5
8OTG	357	29.55	5
8OTG	358	32.4	5
8OTG	359	26.11	5
8OTG	360	26.22	5
8OTG	361	23.91	5
8OTG	362	23.81	5
8OTG	363	22.64	5
8OTG	364	24.04	5
8OTG	365	26.15	5
8OTG	366	26.12	5
8OTG	367	28.29	5
8OTG	368	30.69	5
8OTG	369	35.33	5
8OTG	370	36.91	5
8OTG	371	39.15	5
8OTG	372	45.21	5
8OTG	373	46.82	5
8OTG	374	46.08	5
8OTG	375	51.31	5
8OTG	376	53.13	5
8OTG	377	62.13	5
8OTG	378	75.97	5
8OTG	379	86.2	5
8OTH	305	185.74	5
8OTH	306	187.77	5
8OTH	307	187.28	5
8OTH	308	156.68	5
8OTH	309	181.49	5
8OTH	310	114.84	5
8OTH	311	137.89	5
8OTH	312	118.55	5
8OTH	313	126.74	5
8OTH	314	97.27	5
8OTH	315	125.16	5
8OTH	316	98.62	5
8OTH	317	96.22	5
8OTH	318	73.75	5
8OTH	319	82.12	5
8OTH	320	85.34	5
8OTH	321	114.74	5
8OTH	322	99.58	5
8OTH	323	114.24	5
8OTH	324	85.29	5
8OTH	325	95.73	5
8OTH	326	74.16	5
8OTH	327	67.35	5
8OTH	328	49.87	5
8OTH	329	54.38	5
8OTH	330	60.6	5
8OTH	331	62.06	5
8OTH	332	67.91	5
8OTH	333	70.82	5
8OTH	334	64.64	5
8OTH	335	61.55	5
8OTH	336	70.01	5
8OTH	337	49.75	5
8OTH	338	62.83	5
8OTH	339	41.76	5
8OTH	340	58.25	5
8OTH	341	54.77	5
8OTH	342	65.08	5
8OTH	343	62.38	5
8OTH	344	65.11	5
8OTH	345	73.82	5
8OTH	346	64.07	5
8OTH	347	91.28	5
8OTH	348	87.72	5
8OTH	349	80.68	5
8OTH	350	63.84	5
8OTH	351	59.61	5
8OTH	352	58.52	5
8OTH	353	50.4	5
8OTH	354	50.31	5
8OTH	355	60.58	5
8OTH	356	62.93	5
8OTH	357	56.52	5
8OTH	358	65.21	5
8OTH	359	55.78	5
8OTH	360	49.32	5
8OTH	361	42.95	5
8OTH	362	42.03	5
8OTH	363	37.19	5
8OTH	364	50.37	5
8OTH	365	57.07	5
8OTH	366	77.83	5
8OTH	367	90.13	5
8OTH	368	92.88	5
8OTH	369	65.3	5
8OTH	370	80.13	5
8OTH	371	68.37	5
8OTH	372	102.14	5
8OTH	373	97.02	5
8OTH	374	131.0	5
8OTH	375	105.05	5
8OTH	376	131.83	5
8OTH	377	131.12	5
8OTH	378	148.06	5
8OTH	379	153.05	5
8OTI	305	163.785	6
8OTI	306	100.815	6
8OTI	307	89.265	6
8OTI	308	64.015	6
8OTI	309	58.72	6
8OTI	310	52.31	6
8OTI	311	55.635	6
8OTI	312	49.965	6
8OTI	313	57.86	6
8OTI	314	66.515	6
8OTI	315	62.17	6
8OTI	316	52.5	6
8OTI	317	51.295	6
8OTI	318	35.65	6
8OTI	319	42.975	6
8OTI	320	30.67	6
8OTI	321	33.835	6
8OTI	322	34.02	6
8OTI	323	33.385	6
8OTI	324	37.495	6
8OTI	325	31.595	6
8OTI	326	35.19	6
8OTI	327	27.115	6
8OTI	328	23.67	6
8OTI	329	29.915	6
8OTI	330	24.655	6
8OTI	331	31.605	6
8OTI	332	31.72	6
8OTI	333	48.09	6
8OTI	334	52.12	6
8OTI	335	53.055	6
8OTI	336	52.185	6
8OTI	337	39.45	6
8OTI	338	53.275	6
8OTI	339	41.79	6
8OTI	340	56.93	6
8OTI	341	60.14	6
8OTI	342	75.65	6
8OTI	343	72.705	6
8OTI	344	65.04	6
8OTI	345	75.165	6
8OTI	346	61.6	6
8OTI	347	80.825	6
8OTI	348	67.855	6
8OTI	349	55.94	6
8OTI	350	45.525	6
8OTI	351	45.01	6
8OTI	352	40.515	6
8OTI	353	38.715	6
8OTI	354	28.725	6
8OTI	355	32.395	6
8OTI	356	34.725	6
8OTI	357	41.895	6
8OTI	358	44.11	6
8OTI	359	29.42	6
8OTI	360	26.185	6
8OTI	361	26.91	6
8OTI	362	29.0	6
8OTI	363	25.33	6
8OTI	364	31.465	6
8OTI	365	29.845	6
8OTI	366	30.175	6
8OTI	367	28.695	6
8OTI	368	29.025	6
8OTI	369	36.22	6
8OTI	370	36.75	6
8OTI	371	38.14	6
8OTI	372	53.12	6
8OTI	373	47.265	6
8OTI	374	44.91	6
8OTI	375	48.65	6
8OTI	376	53.915	6
8OTI	377	63.815	6
8OTI	378	72.27	6
8OTI	379	107.45	6
8OTJ	304	180.84	7
8OTJ	305	160.87	7
8OTJ	306	130.0	7
8OTJ	307	123.49	7
8OTJ	308	93.36	7
8OTJ	309	86.47	7
8OTJ	310	91.54	7
8OTJ	311	93.53	7
8OTJ	312	94.18	7
8OTJ	313	87.7	7
8OTJ	314	85.41	7
8OTJ	315	81.57	7
8OTJ	316	92.29	7
8OTJ	317	73.99	7
8OTJ	318	66.4	7
8OTJ	319	62.66	7
8OTJ	320	59.96	7
8OTJ	321	71.73	7
8OTJ	322	63.13	7
8OTJ	323	62.11	7
8OTJ	324	95.95	7
8OTJ	325	89.91	7
8OTJ	326	83.16	7
8OTJ	327	83.35	7
8OTJ	328	58.45	7
8OTJ	329	71.19	7
8OTJ	330	58.73	7
8OTJ	331	57.79	7
8OTJ	332	64.01	7
8OTJ	333	95.67	7
8OTJ	334	123.75	7
8OTJ	335	117.54	7
8OTJ	336	72.28	7
8OTJ	337	66.24	7
8OTJ	338	65.77	7
8OTJ	339	60.29	7
8OTJ	340	80.0	7
8OTJ	341	82.13	7
8OTJ	342	124.18	7
8OTJ	343	104.6	7
8OTJ	344	82.94	7
8OTJ	345	85.47	7
8OTJ	346	72.06	7
8OTJ	347	98.41	7
8OTJ	348	113.39	7
8OTJ	349	80.32	7
8OTJ	350	64.54	7
8OTJ	351	61.75	7
8OTJ	352	59.93	7
8OTJ	353	62.65	7
8OTJ	354	54.41	7
8OTJ	355	70.1	7
8OTJ	356	66.54	7
8OTJ	357	58.5	7
8OTJ	358	70.88	7
8OTJ	359	51.68	7
8OTJ	360	49.57	7
8OTJ	361	58.96	7
8OTJ	362	52.5	7
8OTJ	363	58.47	7
8OTJ	364	58.92	7
8OTJ	365	77.17	7
8OTJ	366	90.16	7
8OTJ	367	88.61	7
8OTJ	368	78.77	7
8OTJ	369	65.78	7
8OTJ	370	57.14	7
8OTJ	371	54.71	7
8OTJ	372	63.15	7
8OTJ	373	61.53	7
8OTJ	374	73.03	7
8OTJ	375	73.72	7
8OTJ	376	74.19	7
8OTJ	377	87.79	7
8OTJ	378	101.99	7
8OTJ	379	147.87	7
8OTJ	380	190.62	7
8OVK	1	121.311	10
8OVK	2	117.701	10
8OVK	3	114.378	10
8OVK	4	107.416	10
8OVK	5	99.059	10
8OVK	6	92.065	10
8OVK	7	92.583	10
8OVK	8	86.342	10
8OVK	9	81.109	10
8OVK	10	77.168	10
8OVK	11	78.216	10
8OVK	12	72.113	10
8OVK	13	70.972	10
8OVK	14	69.048	10
8OVK	15	66.507	10
8OVK	16	62.088	10
8OVK	17	58.104	10
8OVK	18	55.185	10
8OVK	19	54.865	10
8OVK	20	57.142	10
8OVK	21	56.683	10
8OVK	22	58.946	10
8OVK	23	56.788	10
8OVK	24	51.806	10
8OVK	25	51.8	10
8OVK	26	53.858	10
8OVK	27	52.28	10
8OVK	28	54.22	10
8OVK	29	50.707	10
8OVK	30	47.625	10
8OVK	31	47.263	10
8OVK	32	49.116	10
8OVK	33	51.072	10
8OVK	34	54.333	10
8OVK	35	59.579	10
8OVK	36	61.149	10
8OVK	37	65.064	10
8OVK	38	68.135	10
8OVK	39	69.012	10
8OVK	40	72.503	10
8OVM	5	132.986	5
8OVM	6	125.382	5
8OVM	7	127.044	5
8OVM	8	119.03	5
8OVM	9	114.49	5
8OVM	10	113.32	5
8OVM	11	109.3	5
8OVM	12	100.678	5
8OVM	13	101.058	5
8OVM	14	92.956	5
8OVM	15	90.114	5
8OVM	16	84.704	5
8OVM	17	81.932	5
8OVM	18	79.636	5
8OVM	19	81.436	5
8OVM	20	79.224	5
8OVM	21	81.516	5
8OVM	22	84.64	5
8OVM	23	86.356	5
8OVM	24	83.384	5
8OVM	25	83.728	5
8OVM	26	82.086	5
8OVM	27	80.75	5
8OVM	28	80.67	5
8OVM	29	83.35	5
8OVM	30	84.628	5
8OVM	31	87.96	5
8OVM	32	90.168	5
8OVM	33	92.21	5
8OVM	34	93.048	5
8OVM	35	91.28	5
8OVM	36	87.956	5
8OVM	37	89.084	5
8OVM	38	89.56	5
8OVM	39	88.434	5
8OVM	40	89.514	5
8OWD	1	104.412	5
8OWD	2	101.31	5
8OWD	3	98.872	5
8OWD	4	92.858	5
8OWD	5	88.936	5
8OWD	6	84.716	5
8OWD	7	85.956	5
8OWD	8	80.718	5
8OWD	9	78.69	5
8OWD	10	76.948	5
8OWD	11	78.32	5
8OWD	12	74.688	5
8OWD	13	75.48	5
8OWD	14	72.39	5
8OWD	15	73.634	5
8OWD	16	74.372	5
8OWD	17	74.154	5
8OWD	18	73.502	5
8OWD	19	75.574	5
8OWD	20	78.058	5
8OWD	21	80.868	5
8OWD	22	83.874	5
8OWD	23	86.022	5
8OWD	24	87.734	5
8OWD	25	85.906	5
8OWD	26	87.776	5
8OWD	27	88.024	5
8OWD	28	85.276	5
8OWD	29	84.19	5
8OWD	30	82.072	5
8OWD	31	82.09	5
8OWD	32	81.814	5
8OWD	33	83.07	5
8OWD	34	85.596	5
8OWD	35	84.906	5
8OWD	36	81.262	5
8OWD	37	82.418	5
8OWD	38	82.796	5
8OWD	39	84.102	5
8OWD	40	86.204	5
8OWE	1	68.386	5
8OWE	2	61.86	5
8OWE	3	62.396	5
8OWE	4	71.943	10
8OWE	5	72.068	10
8OWE	6	70.399	10
8OWE	7	71.939	10
8OWE	8	70.513	10
8OWE	9	70.418	10
8OWE	10	70.29	10
8OWE	11	67.554	10
8OWE	12	61.722	10
8OWE	13	60.096	10
8OWE	14	56.165	10
8OWE	15	54.636	10
8OWE	16	52.244	10
8OWE	17	48.603	10
8OWE	18	49.353	10
8OWE	19	51.422	10
8OWE	20	57.98	10
8OWE	21	62.246	10
8OWE	22	69.259	10
8OWE	23	76.313	10
8OWE	24	76.263	10
8OWE	25	79.97	10
8OWE	26	81.664	10
8OWE	27	81.37	10
8OWE	28	78.873	10
8OWE	29	77.34	10
8OWE	30	73.989	10
8OWE	31	73.453	10
8OWE	32	76.511	10
8OWE	33	77.982	10
8OWE	34	75.54	10
8OWE	35	73.438	10
8OWE	36	67.203	10
8OWE	37	67.005	10
8OWE	38	71.496	10
8OWE	39	72.551	10
8OWE	40	74.52	10
8OWJ	5	143.65	10
8OWJ	6	150.933	10
8OWJ	7	149.176	10
8OWJ	8	152.565	10
8OWJ	9	156.253	10
8OWJ	10	157.768	10
8OWJ	11	153.209	10
8OWJ	12	142.884	10
8OWJ	13	149.464	10
8OWJ	14	148.485	10
8OWJ	15	136.389	10
8OWJ	16	120.799	10
8OWJ	17	114.683	10
8OWJ	18	112.496	10
8OWJ	19	117.042	10
8OWJ	20	128.617	10
8OWJ	21	142.426	10
8OWJ	22	147.576	10
8OWJ	23	157.144	10
8OWJ	24	157.039	10
8OWJ	25	162.914	10
8OWJ	26	166.289	10
8OWJ	27	172.755	10
8OWJ	28	164.283	10
8OWJ	29	161.69	10
8OWJ	30	155.042	10
8OWJ	31	147.707	10
8OWJ	32	145.266	10
8OWJ	33	148.333	10
8OWJ	34	145.982	10
8OWJ	35	150.306	10
8OWJ	36	144.657	10
8OWJ	37	138.005	10
8OWJ	38	144.641	10
8OWJ	39	151.349	10
8OWJ	40	159.693	10
8OWK	1	152.008	10
8OWK	2	150.887	10
8OWK	3	147.805	10
8OWK	4	141.178	10
8OWK	5	130.634	10
8OWK	6	126.625	10
8OWK	7	121.82	10
8OWK	8	112.602	10
8OWK	9	106.706	10
8OWK	10	101.274	10
8OWK	11	103.006	10
8OWK	12	97.615	10
8OWK	13	102.222	10
8OWK	14	97.046	10
8OWK	15	101.14	10
8OWK	16	94.443	10
8OWK	17	99.086	10
8OWK	18	95.995	10
8OWK	19	105.702	10
8OWK	20	107.475	10
8OWK	21	120.105	10
8OWK	22	128.767	10
8OWK	23	140.662	10
8OWK	24	142.17	10
8OWK	25	146.56	10
8OWK	26	151.558	10
8OWK	27	156.345	10
8OWK	28	153.129	10
8OWK	29	148.492	10
8OWK	30	142.225	10
8OWK	31	138.923	10
8OWK	32	136.791	10
8OWK	33	139.198	10
8OWK	34	139.684	10
8OWK	35	132.167	10
8OWK	36	120.83	10
8OWK	37	123.679	10
8OWK	38	131.516	10
8OWK	39	137.799	10
8OWK	40	143.334	10
8PIX	33	133.534	10
8PIX	34	130.738	10
8PIX	35	120.95	10
8PIX	36	96.648	10
8PIX	37	74.386	10
8PIX	38	75.003	10
8PIX	39	79.055	10
8PIX	40	71.539	10
8PIX	41	82.971	10
8PIX	42	88.692	10
8PIX	43	95.931	10
8PIX	44	97.024	10
8PIX	45	98.161	10
8PIX	46	100.468	10
8PIX	47	75.051	10
8PIX	48	69.832	10
8PIX	49	70.475	10
8PIX	50	75.078	10
8PIX	51	91.794	10
8PIX	52	90.205	10
8PIX	53	93.517	10
8PIX	54	86.004	10
8PIX	55	79.459	10
8PIX	56	85.567	10
8PIX	57	111.683	10
8PIX	58	100.292	10
8PIX	59	101.155	10
8PIX	60	106.794	10
8PIX	61	92.148	10
8PIX	62	77.323	10
8PIX	63	63.953	10
8PIX	64	73.987	10
8PIX	65	74.013	10
8PIX	66	60.745	10
8PIX	67	66.529	10
8PIX	68	75.268	10
8PIX	69	73.928	10
8PIX	70	74.081	10
8PIX	71	71.066	10
8PIX	72	75.399	10
8PIX	73	68.61	10
8PIX	74	70.117	10
8PIX	75	63.496	10
8PIX	76	62.359	10
8PIX	77	59.648	10
8PIX	78	60.14	10
8PIX	79	73.956	10
8PIX	80	70.164	10
8PIX	81	86.298	10
8PIX	82	85.135	10
8PIX	83	102.253	10
8PIX	84	105.126	10
8PIX	85	114.649	10
8PIX	86	108.488	10
8PIX	87	106.102	10
8PIX	88	100.926	10
8PIX	89	98.186	10
8PIX	90	99.539	10
8PIX	91	87.08	10
8PIX	92	96.971	10
8PIX	93	72.855	10
8PIX	94	88.737	10
8PIX	95	82.325	10
8PIX	96	88.914	10
8PIX	97	86.214	10
8PJO	36	53.344	10
8PJO	37	54.271	10
8PJO	38	42.238	10
8PJO	39	42.676	10
8PJO	40	38.095	10
8PJO	41	41.503	10
8PJO	42	47.039	10
8PJO	43	50.628	10
8PJO	44	49.704	10
8PJO	45	50.998	10
8PJO	46	45.018	10
8PJO	47	41.157	10
8PJO	48	28.519	10
8PJO	49	30.091	10
8PJO	50	28.793	10
8PJO	51	28.811	10
8PJO	52	30.339	10
8PJO	53	30.323	10
8PJO	54	33.944	10
8PJO	55	33.32	10
8PJO	56	31.746	10
8PJO	57	43.687	10
8PJO	58	42.9	10
8PJO	59	43.926	10
8PJO	60	45.026	10
8PJO	61	41.53	10
8PJO	62	28.522	10
8PJO	63	26.638	10
8PJO	64	22.9	10
8PJO	65	19.255	10
8PJO	66	20.337	10
8PJO	67	15.813	10
8PJO	68	22.779	10
8PJO	69	21.302	10
8PJO	70	19.006	10
8PJO	71	17.946	10
8PJO	72	17.462	10
8PJO	73	18.566	10
8PJO	74	27.2	10
8PJO	75	28.993	10
8PJO	76	25.906	10
8PJO	77	21.682	10
8PJO	78	19.674	10
8PJO	79	28.011	10
8PJO	80	33.546	10
8PJO	81	46.319	10
8PJO	82	47.774	10
8PJO	83	62.352	10
8PJO	84	59.256	10
8PJO	85	60.289	10
8PJO	86	54.593	10
8PJO	87	50.16	10
8PJO	88	39.884	10
8PJO	89	32.93	10
8PJO	90	29.68	10
8PJO	91	24.798	10
8PJO	92	29.756	10
8PJO	93	24.774	10
8PJO	94	32.681	10
8PJO	95	25.736	10
8PJO	96	38.2	10
8PJO	97	51.414	10
8PJO	98	67.704	10
8PK2	13	88.944	5
8PK2	14	64.446	5
8PK2	15	64.33	5
8PK2	16	57.232	5
8PK2	17	47.954	5
8PK2	18	50.338	5
8PK2	19	48.076	5
8PK2	20	65.92	5
8PK2	36	62.488	5
8PK2	37	56.712	5
8PK2	38	48.37	5
8PK2	39	52.926	5
8PK2	40	43.79	5
8PK2	41	43.51	5
8PK2	42	50.754	5
8PK2	43	49.926	5
8PK2	44	52.864	5
8PK2	45	52.008	5
8PK2	46	53.602	5
8PK2	47	40.07	5
8PK2	48	38.994	5
8PK2	49	41.356	5
8PK2	50	39.5	5
8PK2	51	46.5	5
8PK2	52	40.042	5
8PK2	53	40.056	5
8PK2	54	43.974	5
8PK2	55	33.93	5
8PK2	56	46.008	5
8PK2	57	55.876	5
8PK2	58	57.992	5
8PK2	59	63.824	5
8PK2	60	59.03	5
8PK2	61	61.986	5
8PK2	62	55.164	5
8PK2	63	43.204	5
8PK2	64	45.18	5
8PK2	65	46.692	5
8PK2	66	44.624	5
8PK2	67	52.394	5
8PK2	68	49.456	5
8PK2	69	36.84	5
8PK2	70	42.3	5
8PK2	71	45.388	5
8PK2	72	57.536	5
8PK2	73	51.348	5
8PK2	74	49.866	5
8PK2	75	45.402	5
8PK2	76	32.426	5
8PK2	77	32.5	5
8PK2	78	31.5	5
8PK2	79	31.104	5
8PK2	80	40.38	5
8PK2	81	51.16	5
8PK2	82	53.838	5
8PK2	83	62.558	5
8PK2	84	59.746	5
8PK2	85	60.462	5
8PK2	86	52.652	5
8PK2	87	58.646	5
8PK2	88	50.628	5
8PK2	89	38.084	5
8PK2	90	41.064	5
8PK2	91	42.09	5
8PK2	92	43.158	5
8PK2	93	48.628	5
8PK2	94	44.864	5
8PK2	95	47.464	5
8PK2	96	55.03	5
8PK2	97	72.106	5
8PK2	98	85.224	5
8PK2	99	89.044	5
8PK2	100	101.878	5
8PK4	2	55.478	10
8PK4	3	51.103	10
8PK4	4	52.005	10
8PK4	5	48.559	10
8PK4	6	40.711	10
8PK4	7	46.752	10
8PK4	8	33.761	10
8PK4	9	36.646	10
8PK4	10	37.174	10
8PK4	11	30.417	10
8PK4	12	44.112	10
8PK4	13	37.548	10
8PK4	14	43.23	10
8PK4	15	38.671	10
8PK4	16	21.574	10
8PK4	17	31.562	10
8PK4	18	23.907	10
8PK4	19	26.45	10
8PK4	20	38.321	10
8PK4	21	44.123	10
8PK4	22	35.655	10
8PK4	23	28.195	10
8PK4	24	24.109	10
8PK4	25	23.084	10
8PK4	26	20.334	10
8PK4	27	26.566	10
8PK4	28	35.362	10
8PK4	29	27.59	10
8PK4	30	33.858	10
8PK4	31	35.505	10
8PK4	32	31.243	10
8PK4	33	36.721	10
8PK4	34	31.554	10
8PK4	35	35.718	10
8PK4	36	32.952	10
8PK4	37	34.656	10
8PK4	38	36.868	10
8PK4	39	35.733	10
8PK4	40	41.059	10
8PK4	41	36.794	10
8PK4	42	42.379	10
8PK4	43	43.703	10
8PK4	44	49.254	10
8PK4	45	41.169	10
8PK4	46	45.055	10
8PK4	47	33.96	10
8PK4	48	36.035	10
8PK4	49	31.305	10
8PK4	50	38.719	10
8PK4	51	36.816	10
8PK4	52	36.458	10
8PK4	53	43.377	10
8PK4	54	45.076	10
8PK4	55	45.15	10
8PK4	56	44.986	10
8PK4	57	60.031	10
8PK4	58	54.324	10
8PK4	59	61.469	10
8PK4	60	62.293	10
8PK4	61	53.811	10
8PK4	62	52.043	10
8PK4	63	38.832	10
8PK4	64	44.467	10
8PK4	65	29.878	10
8PK4	66	38.644	10
8PK4	67	29.286	10
8PK4	68	43.115	10
8PK4	69	40.028	10
8PK4	70	28.198	10
8PK4	71	30.599	10
8PK4	72	31.708	10
8PK4	73	34.435	10
8PK4	74	38.716	10
8PK4	75	32.086	10
8PK4	76	35.875	10
8PK4	77	26.083	10
8PK4	78	25.798	10
8PK4	79	29.432	10
8PK4	80	28.17	10
8PK4	81	42.13	10
8PK4	82	37.926	10
8PK4	83	39.477	10
8PK4	84	48.243	10
8PK4	85	49.075	10
8PK4	86	40.381	10
8PK4	87	26.492	10
8PK4	88	30.306	10
8PK4	89	19.619	10
8PK4	90	25.706	10
8PK4	91	23.305	10
8PK4	92	47.741	10
8PK4	93	39.008	10
8PK4	94	35.31	10
8PK4	95	37.666	10
8PK4	96	50.999	10
8PKE	11	115.42	6
8PKE	12	109.16	6
8PKE	13	104.88	6
8PKE	14	96.67	6
8PKE	15	100.65	6
8PKE	16	97.64	6
8PKE	17	99.96	6
8PKE	18	103.96	6
8PKE	19	98.83	6
8PKE	20	94.8	6
8PKE	21	96.41	6
8PKE	22	91.34	6
8PKE	23	85.95	6
8PKE	24	83.13	6
8PKE	25	78.41	6
8PKE	26	79.36	6
8PKE	27	76.14	6
8PKE	28	83.27	6
8PKE	29	90.99	6
8PKE	30	100.8	6
8PKE	31	94.73	6
8PKE	32	93.06	6
8PKE	33	100.52	6
8PKE	34	108.71	6
8PKE	35	115.79	6
8PKE	57	127.35	6
8PKE	58	117.49	6
8PKE	59	109.69	6
8PKE	60	107.51	6
8PKE	61	103.18	6
8PKE	62	100.08	6
8PKE	63	99.23	6
8PKE	64	88.69	6
8PKE	65	87.61	6
8PKE	66	91.16	6
8PKE	67	86.36	6
8PKE	68	87.83	6
8PKE	69	84.62	6
8PKE	70	86.99	6
8PKE	71	82.8	6
8PKE	72	82.97	6
8PKE	73	82.73	6
8PKE	74	82.41	6
8PKE	75	85.19	6
8PKE	76	87.21	6
8PKE	77	87.06	6
8PKE	78	83.68	6
8PKE	79	84.66	6
8PKE	80	91.93	6
8PKE	81	94.65	6
8PKE	82	95.31	6
8PKE	83	96.24	6
8PKE	84	96.63	6
8PKE	85	93.0	6
8PKE	86	88.89	6
8PKE	87	91.03	6
8PKE	88	96.06	6
8PKE	89	100.06	6
8PKE	90	102.1	6
8PKE	91	98.0	6
8PKE	92	102.04	6
8PKE	93	97.47	6
8PKE	94	91.79	6
8PKE	95	88.6	6
8PKE	96	87.98	6
8PKE	97	90.66	6
8PKE	98	97.2	6
8PKE	99	102.24	6
8PKE	100	104.48	6
8PKE	101	98.18	6
8PKE	102	93.0	6
8PKE	103	85.56	6
8PKE	104	89.01	6
8PKE	105	83.84	6
8PKE	106	82.15	6
8PKE	107	78.54	6
8PKE	108	76.11	6
8PKE	109	71.29	6
8PKE	110	70.79	6
8PKE	111	71.09	6
8PKE	112	67.07	6
8PKE	113	65.5	6
8PKE	114	70.32	6
8PKE	115	74.51	6
8PKE	116	83.63	6
8PKE	117	83.93	6
8PKE	118	89.15	6
8PKE	119	91.14	6
8PKE	120	96.96	6
8PKE	121	95.97	6
8PKE	122	103.46	6
8PKE	123	111.09	6
8PKF	11	115.42	6
8PKF	12	109.16	6
8PKF	13	104.88	6
8PKF	14	96.67	6
8PKF	15	100.65	6
8PKF	16	97.64	6
8PKF	17	99.96	6
8PKF	18	103.96	6
8PKF	19	98.83	6
8PKF	20	94.8	6
8PKF	21	96.41	6
8PKF	22	91.34	6
8PKF	23	85.95	6
8PKF	24	83.13	6
8PKF	25	78.41	6
8PKF	26	79.36	6
8PKF	27	76.14	6
8PKF	28	83.27	6
8PKF	29	90.99	6
8PKF	30	100.8	6
8PKF	31	94.73	6
8PKF	32	93.06	6
8PKF	33	100.52	6
8PKF	34	108.71	6
8PKF	35	115.79	6
8PKF	57	127.35	6
8PKF	58	117.49	6
8PKF	59	109.69	6
8PKF	60	107.51	6
8PKF	61	103.18	6
8PKF	62	100.08	6
8PKF	63	99.23	6
8PKF	64	88.69	6
8PKF	65	87.61	6
8PKF	66	91.16	6
8PKF	67	86.36	6
8PKF	68	87.83	6
8PKF	69	84.62	6
8PKF	70	86.99	6
8PKF	71	82.8	6
8PKF	72	82.97	6
8PKF	73	82.73	6
8PKF	74	82.41	6
8PKF	75	85.19	6
8PKF	76	87.21	6
8PKF	77	87.06	6
8PKF	78	83.68	6
8PKF	79	84.66	6
8PKF	80	91.93	6
8PKF	81	94.65	6
8PKF	82	95.31	6
8PKF	83	96.24	6
8PKF	84	96.63	6
8PKF	85	93.0	6
8PKF	86	88.89	6
8PKF	87	91.03	6
8PKF	88	96.06	6
8PKF	89	100.06	6
8PKF	90	102.1	6
8PKF	91	98.0	6
8PKF	92	102.04	6
8PKF	93	97.47	6
8PKF	94	91.79	6
8PKF	95	88.6	6
8PKF	96	87.98	6
8PKF	97	90.66	6
8PKF	98	97.2	6
8PKF	99	102.24	6
8PKF	100	104.48	6
8PKF	101	98.18	6
8PKF	102	93.0	6
8PKF	103	85.56	6
8PKF	104	89.01	6
8PKF	105	83.84	6
8PKF	106	82.15	6
8PKF	107	78.54	6
8PKF	108	76.11	6
8PKF	109	71.29	6
8PKF	110	70.79	6
8PKF	111	71.09	6
8PKF	112	67.07	6
8PKF	113	65.5	6
8PKF	114	70.32	6
8PKF	115	74.51	6
8PKF	116	83.63	6
8PKF	117	83.93	6
8PKF	118	89.15	6
8PKF	119	91.14	6
8PKF	120	96.96	6
8PKF	121	95.97	6
8PKF	122	103.46	6
8PKF	123	111.09	6
8PKG	11	60.51	6
8PKG	12	61.75	6
8PKG	13	62.01	6
8PKG	14	60.55	6
8PKG	15	63.93	6
8PKG	16	62.62	6
8PKG	17	67.16	6
8PKG	18	71.79	6
8PKG	19	73.66	6
8PKG	20	76.7	6
8PKG	21	82.24	6
8PKG	22	79.25	6
8PKG	23	77.67	6
8PKG	24	73.62	6
8PKG	25	67.7	6
8PKG	26	66.08	6
8PKG	27	61.41	6
8PKG	28	60.35	6
8PKG	29	55.51	6
8PKG	30	56.46	6
8PKG	31	55.89	6
8PKG	32	57.52	6
8PKG	33	59.84	6
8PKG	34	62.53	6
8PKG	35	62.69	6
8PKG	57	74.09	6
8PKG	58	72.58	6
8PKG	59	70.87	6
8PKG	60	68.92	6
8PKG	61	65.81	6
8PKG	62	67.54	6
8PKG	63	68.21	6
8PKG	64	61.78	6
8PKG	65	56.65	6
8PKG	66	55.42	6
8PKG	67	53.32	6
8PKG	68	53.79	6
8PKG	69	56.05	6
8PKG	70	54.04	6
8PKG	71	56.68	6
8PKG	72	58.66	6
8PKG	73	54.32	6
8PKG	74	56.39	6
8PKG	75	57.54	6
8PKG	76	60.04	6
8PKG	77	62.35	6
8PKG	78	65.38	6
8PKG	79	70.96	6
8PKG	80	70.37	6
8PKG	81	71.98	6
8PKG	82	73.22	6
8PKG	83	74.37	6
8PKG	84	75.77	6
8PKG	85	76.24	6
8PKG	86	75.81	6
8PKG	87	76.49	6
8PKG	88	79.03	6
8PKG	89	83.23	6
8PKG	90	84.0	6
8PKG	91	84.68	6
8PKG	92	79.46	6
8PKG	93	76.18	6
8PKG	94	75.43	6
8PKG	95	71.03	6
8PKG	96	71.44	6
8PKG	97	69.28	6
8PKG	98	67.44	6
8PKG	99	67.39	6
8PKG	100	65.77	6
8PKG	101	67.58	6
8PKG	102	68.37	6
8PKG	103	63.15	6
8PKG	104	61.34	6
8PKG	105	58.67	6
8PKG	106	58.0	6
8PKG	107	54.38	6
8PKG	108	53.93	6
8PKG	109	54.73	6
8PKG	110	54.34	6
8PKG	111	55.51	6
8PKG	112	56.26	6
8PKG	113	57.82	6
8PKG	114	57.25	6
8PKG	115	56.13	6
8PKG	116	55.88	6
8PKG	117	56.51	6
8PKG	118	58.48	6
8PKG	119	57.43	6
8PKG	120	56.08	6
8PKG	121	55.11	6
8PKG	122	54.28	6
8PKG	123	55.29	6
8PPO	302	50.0	16
8PPO	303	50.0	16
8PPO	304	50.0	16
8PPO	305	13.45	16
8PPO	306	10.69	16
8PPO	307	11.23	16
8PPO	308	11.32	16
8PPO	309	12.11	16
8PPO	310	13.75	16
8PPO	311	16.1	16
8PPO	312	16.78	16
8PPO	313	24.91	16
8PPO	314	50.0	16
8PPO	315	50.0	16
8PPO	316	50.0	16
8Q2K	305	89.205	6
8Q2K	306	100.0	6
8Q2K	307	100.0	6
8Q2K	308	100.0	6
8Q2K	309	100.0	6
8Q2K	310	76.635	6
8Q2K	311	100.0	6
8Q2K	312	99.22	6
8Q2K	313	100.0	6
8Q2K	314	100.0	6
8Q2K	315	100.0	6
8Q2K	316	100.0	6
8Q2K	317	100.0	6
8Q2K	318	100.0	6
8Q2K	319	100.0	6
8Q2K	320	100.0	6
8Q2K	321	100.0	6
8Q2K	322	100.0	6
8Q2K	323	88.755	6
8Q2K	324	100.0	6
8Q2K	325	100.0	6
8Q2K	326	100.0	6
8Q2K	327	100.0	6
8Q2K	328	100.0	6
8Q2K	329	56.32	6
8Q2K	330	75.2	6
8Q2K	331	92.99	6
8Q2K	332	94.34	6
8Q2K	333	90.805	6
8Q2K	334	86.555	6
8Q2K	335	89.21	6
8Q2K	336	100.0	6
8Q2K	337	100.0	6
8Q2K	338	100.0	6
8Q2K	339	100.0	6
8Q2K	340	100.0	6
8Q2K	341	99.34	6
8Q2K	342	95.795	6
8Q2K	343	98.445	6
8Q2K	344	100.0	6
8Q2K	345	100.0	6
8Q2K	346	100.0	6
8Q2K	347	100.0	6
8Q2K	348	100.0	6
8Q2K	349	100.0	6
8Q2K	350	100.0	6
8Q2K	351	100.0	6
8Q2K	352	100.0	6
8Q2K	353	100.0	6
8Q2K	354	100.0	6
8Q2K	355	100.0	6
8Q2K	356	100.0	6
8Q2K	357	100.0	6
8Q2K	358	100.0	6
8Q2K	359	100.0	6
8Q2K	360	100.0	6
8Q2K	361	100.0	6
8Q2K	362	100.0	6
8Q2K	363	97.625	6
8Q2K	364	84.855	6
8Q2K	365	73.025	6
8Q2K	366	81.98	6
8Q2K	367	100.0	6
8Q2K	368	100.0	6
8Q2K	369	100.0	6
8Q2K	370	100.0	6
8Q2K	371	100.0	6
8Q2K	372	100.0	6
8Q2K	373	100.0	6
8Q2K	374	100.0	6
8Q2K	375	100.0	6
8Q2K	376	100.0	6
8Q2K	377	100.0	6
8Q2K	378	97.575	6
8Q2K	379	50.55	6
8Q2L	307	30.0	6
8Q2L	308	30.0	6
8Q2L	309	30.0	6
8Q2L	310	30.0	6
8Q2L	311	30.0	6
8Q2L	312	30.0	6
8Q2L	313	30.0	6
8Q2L	314	30.0	6
8Q2L	315	30.0	6
8Q2L	316	30.0	6
8Q2L	317	30.0	6
8Q2L	318	30.0	6
8Q2L	319	30.0	6
8Q2L	320	30.0	6
8Q2L	321	30.0	6
8Q2L	322	30.0	6
8Q2L	323	30.0	6
8Q2L	324	30.0	6
8Q2L	325	30.0	6
8Q2L	326	30.0	6
8Q2L	327	30.0	6
8Q2L	328	30.0	6
8Q2L	329	30.0	6
8Q2L	330	30.0	6
8Q2L	331	30.0	6
8Q2L	332	30.0	6
8Q2L	333	30.0	6
8Q2L	334	30.0	6
8Q2L	335	30.0	6
8Q2L	336	30.0	6
8Q2L	337	30.0	6
8Q2L	338	30.0	6
8Q2L	339	30.0	6
8Q2L	340	30.0	6
8Q2L	341	30.0	6
8Q2L	342	30.0	6
8Q2L	343	85.33	6
8Q2L	344	81.01	6
8Q2L	345	78.41	6
8Q2L	346	71.49	6
8Q2L	347	80.55	6
8Q2L	348	82.63	6
8Q2L	349	77.89	6
8Q2L	350	61.88	6
8Q2L	351	64.83	6
8Q2L	352	58.95	6
8Q2L	353	57.16	6
8Q2L	354	54.34	6
8Q2L	355	52.55	6
8Q2L	356	57.03	6
8Q2L	357	53.31	6
8Q2L	358	52.3	6
8Q2L	359	39.76	6
8Q2L	360	40.4	6
8Q2L	361	40.76	6
8Q2L	362	39.51	6
8Q2L	363	39.28	6
8Q2L	364	39.01	6
8Q2L	365	30.0	6
8Q2L	366	30.0	6
8Q2L	367	30.0	6
8Q2L	368	30.0	6
8Q2L	369	30.0	6
8Q2L	370	30.0	6
8Q2L	371	30.0	6
8Q2L	372	30.0	6
8Q2L	373	30.0	6
8Q2L	374	30.0	6
8Q2L	375	30.0	6
8Q2L	376	30.0	6
8Q2L	377	30.0	6
8Q2L	378	30.0	6
8Q7F	304	0.0	6
8Q7F	305	31.61	6
8Q7F	306	76.08	6
8Q7F	307	54.29	6
8Q7F	308	100.0	6
8Q7F	309	100.0	6
8Q7F	310	100.0	6
8Q7F	311	100.0	6
8Q7F	312	100.0	6
8Q7F	313	100.0	6
8Q7F	314	100.0	6
8Q7F	315	100.0	6
8Q7F	316	100.0	6
8Q7F	317	100.0	6
8Q7F	318	100.0	6
8Q7F	319	100.0	6
8Q7F	320	100.0	6
8Q7F	321	100.0	6
8Q7F	322	84.97	6
8Q7F	323	72.75	6
8Q7F	324	95.58	6
8Q7F	325	100.0	6
8Q7F	326	99.54	6
8Q7F	327	100.0	6
8Q7F	328	100.0	6
8Q7F	329	100.0	6
8Q7F	330	89.09	6
8Q7F	331	86.5	6
8Q7F	332	95.5	6
8Q7F	333	88.67	6
8Q7F	334	95.04	6
8Q7F	335	100.0	6
8Q7F	336	100.0	6
8Q7F	337	100.0	6
8Q7F	338	100.0	6
8Q7F	339	100.0	6
8Q7F	340	100.0	6
8Q7F	341	100.0	6
8Q7F	342	92.79	6
8Q7F	343	96.52	6
8Q7F	344	100.0	6
8Q7F	345	100.0	6
8Q7F	346	100.0	6
8Q7F	347	94.3	6
8Q7F	348	57.4	6
8Q7F	349	100.0	6
8Q7F	350	100.0	6
8Q7F	351	100.0	6
8Q7F	352	100.0	6
8Q7F	353	100.0	6
8Q7F	354	100.0	6
8Q7F	355	100.0	6
8Q7F	356	97.44	6
8Q7F	357	100.0	6
8Q7F	358	100.0	6
8Q7F	359	100.0	6
8Q7F	360	100.0	6
8Q7F	361	100.0	6
8Q7F	362	100.0	6
8Q7F	363	100.0	6
8Q7F	364	91.37	6
8Q7F	365	82.32	6
8Q7F	366	81.87	6
8Q7F	367	98.34	6
8Q7F	368	100.0	6
8Q7F	369	100.0	6
8Q7F	370	100.0	6
8Q7F	371	100.0	6
8Q7F	372	100.0	6
8Q7F	373	100.0	6
8Q7F	374	100.0	6
8Q7F	375	100.0	6
8Q7F	376	100.0	6
8Q7F	377	100.0	6
8Q7F	378	100.0	6
8Q7L	306	98.52	6
8Q7L	307	100.0	6
8Q7L	308	100.0	6
8Q7L	309	100.0	6
8Q7L	310	100.0	6
8Q7L	311	93.34	6
8Q7L	312	97.055	6
8Q7L	313	100.0	6
8Q7L	314	100.0	6
8Q7L	315	100.0	6
8Q7L	316	100.0	6
8Q7L	317	100.0	6
8Q7L	318	100.0	6
8Q7L	319	100.0	6
8Q7L	320	100.0	6
8Q7L	321	100.0	6
8Q7L	322	99.505	6
8Q7L	323	82.42	6
8Q7L	324	95.435	6
8Q7L	325	100.0	6
8Q7L	326	100.0	6
8Q7L	327	100.0	6
8Q7L	328	100.0	6
8Q7L	329	100.0	6
8Q7L	330	95.585	6
8Q7L	331	88.39	6
8Q7L	332	92.68	6
8Q7L	333	64.37	6
8Q7L	334	58.725	6
8Q7L	335	55.895	6
8Q7L	336	60.465	6
8Q7L	337	67.775	6
8Q7L	338	93.175	6
8Q7L	339	94.02	6
8Q7L	340	96.235	6
8Q7L	341	86.04	6
8Q7L	342	68.865	6
8Q7L	343	54.705	6
8Q7L	344	100.0	6
8Q7L	345	100.0	6
8Q7L	346	100.0	6
8Q7L	347	99.45	6
8Q7L	348	96.445	6
8Q7L	349	65.0	6
8Q7L	350	100.0	6
8Q7L	351	100.0	6
8Q7L	352	100.0	6
8Q7L	353	100.0	6
8Q7L	354	100.0	6
8Q7L	355	98.07	6
8Q7L	356	100.0	6
8Q7L	357	100.0	6
8Q7L	358	100.0	6
8Q7L	359	100.0	6
8Q7L	360	100.0	6
8Q7L	361	100.0	6
8Q7L	362	100.0	6
8Q7L	363	100.0	6
8Q7L	364	84.835	6
8Q7L	365	55.255	6
8Q7L	366	74.63	6
8Q7L	367	98.065	6
8Q7L	368	100.0	6
8Q7L	369	100.0	6
8Q7L	370	100.0	6
8Q7L	371	100.0	6
8Q7L	372	100.0	6
8Q7L	373	100.0	6
8Q7L	374	100.0	6
8Q7L	375	100.0	6
8Q7L	376	100.0	6
8Q7L	377	99.02	6
8Q7L	378	89.45	6
8Q7L	379	70.15	3
8Q7M	304	84.27	3
8Q7M	305	84.47	3
8Q7M	306	93.077	9
8Q7M	307	93.133	9
8Q7M	308	92.187	9
8Q7M	309	90.8	9
8Q7M	310	89.777	9
8Q7M	311	84.023	9
8Q7M	312	85.927	9
8Q7M	313	87.15	9
8Q7M	314	86.277	9
8Q7M	315	85.6	9
8Q7M	316	85.163	9
8Q7M	317	84.487	9
8Q7M	318	84.15	9
8Q7M	319	84.03	9
8Q7M	320	83.327	9
8Q7M	321	82.62	9
8Q7M	322	82.017	9
8Q7M	323	69.957	9
8Q7M	324	78.017	9
8Q7M	325	80.39	9
8Q7M	326	79.2	9
8Q7M	327	78.23	9
8Q7M	328	77.973	9
8Q7M	329	77.563	9
8Q7M	330	74.413	9
8Q7M	331	69.407	9
8Q7M	332	72.16	9
8Q7M	333	53.2	9
8Q7M	334	49.273	9
8Q7M	335	47.513	9
8Q7M	336	50.96	9
8Q7M	337	56.537	9
8Q7M	338	74.67	9
8Q7M	339	75.877	9
8Q7M	340	78.847	9
8Q7M	341	73.6	9
8Q7M	342	63.033	9
8Q7M	343	53.45	9
8Q7M	344	83.373	9
8Q7M	345	83.31	9
8Q7M	346	82.683	9
8Q7M	347	82.403	9
8Q7M	348	79.603	9
8Q7M	349	58.01	9
8Q7M	350	80.867	9
8Q7M	351	79.903	9
8Q7M	352	79.503	9
8Q7M	353	78.99	9
8Q7M	354	79.227	9
8Q7M	355	77.613	9
8Q7M	356	78.533	9
8Q7M	357	78.273	9
8Q7M	358	78.533	9
8Q7M	359	77.663	9
8Q7M	360	77.077	9
8Q7M	361	77.58	9
8Q7M	362	78.14	9
8Q7M	363	78.613	9
8Q7M	364	69.2	9
8Q7M	365	50.643	9
8Q7M	366	64.313	9
8Q7M	367	81.073	9
8Q7M	368	83.07	9
8Q7M	369	83.717	9
8Q7M	370	84.6	9
8Q7M	371	85.157	9
8Q7M	372	86.2	9
8Q7M	373	87.297	9
8Q7M	374	88.237	9
8Q7M	375	89.737	9
8Q7M	376	91.163	9
8Q7M	377	91.99	9
8Q7M	378	87.057	9
8Q7M	379	77.2	6
8Q7P	304	0.0	6
8Q7P	305	31.61	6
8Q7P	306	76.08	6
8Q7P	307	54.29	6
8Q7P	308	100.0	6
8Q7P	309	100.0	6
8Q7P	310	100.0	6
8Q7P	311	100.0	6
8Q7P	312	100.0	6
8Q7P	313	100.0	6
8Q7P	314	100.0	6
8Q7P	315	100.0	6
8Q7P	316	100.0	6
8Q7P	317	100.0	6
8Q7P	318	100.0	6
8Q7P	319	100.0	6
8Q7P	320	100.0	6
8Q7P	321	100.0	6
8Q7P	322	84.97	6
8Q7P	323	72.75	6
8Q7P	324	95.58	6
8Q7P	325	100.0	6
8Q7P	326	99.54	6
8Q7P	327	100.0	6
8Q7P	328	100.0	6
8Q7P	329	100.0	6
8Q7P	330	89.09	6
8Q7P	331	86.5	6
8Q7P	332	95.5	6
8Q7P	333	88.67	6
8Q7P	334	95.04	6
8Q7P	335	100.0	6
8Q7P	336	100.0	6
8Q7P	337	100.0	6
8Q7P	338	100.0	6
8Q7P	339	100.0	6
8Q7P	340	100.0	6
8Q7P	341	100.0	6
8Q7P	342	92.79	6
8Q7P	343	96.52	6
8Q7P	344	100.0	6
8Q7P	345	100.0	6
8Q7P	346	100.0	6
8Q7P	347	94.3	6
8Q7P	348	57.4	6
8Q7P	349	100.0	6
8Q7P	350	100.0	6
8Q7P	351	100.0	6
8Q7P	352	100.0	6
8Q7P	353	100.0	6
8Q7P	354	100.0	6
8Q7P	355	100.0	6
8Q7P	356	97.44	6
8Q7P	357	100.0	6
8Q7P	358	100.0	6
8Q7P	359	100.0	6
8Q7P	360	100.0	6
8Q7P	361	100.0	6
8Q7P	362	100.0	6
8Q7P	363	100.0	6
8Q7P	364	91.37	6
8Q7P	365	82.32	6
8Q7P	366	81.87	6
8Q7P	367	98.34	6
8Q7P	368	100.0	6
8Q7P	369	100.0	6
8Q7P	370	100.0	6
8Q7P	371	100.0	6
8Q7P	372	100.0	6
8Q7P	373	100.0	6
8Q7P	374	100.0	6
8Q7P	375	100.0	6
8Q7P	376	100.0	6
8Q7P	377	100.0	6
8Q7P	378	100.0	6
8Q7T	304	0.0	6
8Q7T	305	31.61	6
8Q7T	306	76.08	6
8Q7T	307	54.29	6
8Q7T	308	99.323	9
8Q7T	309	95.823	9
8Q7T	310	95.757	9
8Q7T	311	96.62	9
8Q7T	312	100.0	9
8Q7T	313	100.0	9
8Q7T	314	100.0	9
8Q7T	315	99.967	9
8Q7T	316	100.0	9
8Q7T	317	100.0	9
8Q7T	318	100.0	9
8Q7T	319	100.0	9
8Q7T	320	100.0	9
8Q7T	321	100.0	9
8Q7T	322	89.82	9
8Q7T	323	76.48	9
8Q7T	324	96.053	9
8Q7T	325	100.0	9
8Q7T	326	98.957	9
8Q7T	327	100.0	9
8Q7T	328	100.0	9
8Q7T	329	100.0	9
8Q7T	330	88.663	9
8Q7T	331	89.917	9
8Q7T	332	96.293	9
8Q7T	333	86.73	9
8Q7T	334	93.197	9
8Q7T	335	99.223	9
8Q7T	336	100.0	9
8Q7T	337	100.0	9
8Q7T	338	100.0	9
8Q7T	339	100.0	9
8Q7T	340	100.0	9
8Q7T	341	100.0	9
8Q7T	342	94.38	9
8Q7T	343	97.68	9
8Q7T	344	100.0	9
8Q7T	345	100.0	9
8Q7T	346	100.0	9
8Q7T	347	96.2	9
8Q7T	348	71.6	9
8Q7T	349	92.27	9
8Q7T	350	100.0	9
8Q7T	351	100.0	9
8Q7T	352	100.0	9
8Q7T	353	100.0	9
8Q7T	354	100.0	9
8Q7T	355	100.0	9
8Q7T	356	98.293	9
8Q7T	357	100.0	9
8Q7T	358	100.0	9
8Q7T	359	100.0	9
8Q7T	360	100.0	9
8Q7T	361	100.0	9
8Q7T	362	100.0	9
8Q7T	363	100.0	9
8Q7T	364	90.487	9
8Q7T	365	79.123	9
8Q7T	366	81.45	9
8Q7T	367	98.893	9
8Q7T	368	100.0	9
8Q7T	369	100.0	9
8Q7T	370	100.0	9
8Q7T	371	100.0	9
8Q7T	372	100.0	9
8Q7T	373	100.0	9
8Q7T	374	100.0	9
8Q7T	375	98.187	9
8Q7T	376	100.0	6
8Q7T	377	100.0	6
8Q7T	378	100.0	6
8Q88	304	84.27	6
8Q88	305	84.47	6
8Q88	306	82.19	6
8Q88	307	79.4	6
8Q88	308	76.56	6
8Q88	309	72.4	6
8Q88	310	69.33	6
8Q88	311	65.39	6
8Q88	312	63.67	6
8Q88	313	61.45	6
8Q88	314	58.83	6
8Q88	315	56.8	6
8Q88	316	55.49	6
8Q88	317	53.46	6
8Q88	318	52.45	6
8Q88	319	52.09	6
8Q88	320	49.98	6
8Q88	321	47.86	6
8Q88	322	47.04	6
8Q88	323	45.03	6
8Q88	324	43.18	6
8Q88	325	41.17	6
8Q88	326	37.6	6
8Q88	327	34.69	6
8Q88	328	33.92	6
8Q88	329	32.69	6
8Q88	330	32.07	6
8Q88	331	31.44	6
8Q88	332	31.12	6
8Q88	333	30.86	6
8Q88	334	30.37	6
8Q88	335	30.75	6
8Q88	336	31.95	6
8Q88	337	34.06	6
8Q88	338	37.66	6
8Q88	339	39.59	6
8Q88	340	44.07	6
8Q88	341	48.72	6
8Q88	342	51.37	6
8Q88	343	50.94	6
8Q88	344	50.12	6
8Q88	345	49.93	6
8Q88	346	48.05	6
8Q88	347	48.31	6
8Q88	348	45.92	6
8Q88	349	44.03	6
8Q88	350	42.6	6
8Q88	351	39.71	6
8Q88	352	38.51	6
8Q88	353	36.97	6
8Q88	354	37.68	6
8Q88	355	36.7	6
8Q88	356	35.6	6
8Q88	357	34.82	6
8Q88	358	35.6	6
8Q88	359	32.99	6
8Q88	360	31.23	6
8Q88	361	32.74	6
8Q88	362	34.42	6
8Q88	363	35.84	6
8Q88	364	37.93	6
8Q88	365	41.42	6
8Q88	366	43.68	6
8Q88	367	47.09	6
8Q88	368	49.21	6
8Q88	369	51.15	6
8Q88	370	53.8	6
8Q88	371	55.47	6
8Q88	372	58.6	6
8Q88	373	61.89	6
8Q88	374	64.71	6
8Q88	375	69.21	6
8Q88	376	73.49	6
8Q88	377	77.93	6
8Q88	378	82.27	6
8Q88	379	84.25	6
8Q8C	304	0.0	3
8Q8C	305	31.61	3
8Q8C	306	76.08	3
8Q8C	307	54.29	3
8Q8C	308	98.985	6
8Q8C	309	93.735	6
8Q8C	310	93.635	6
8Q8C	311	94.93	6
8Q8C	312	100.0	6
8Q8C	313	100.0	6
8Q8C	314	100.0	6
8Q8C	315	99.95	6
8Q8C	316	100.0	6
8Q8C	317	100.0	6
8Q8C	318	100.0	6
8Q8C	319	100.0	6
8Q8C	320	100.0	6
8Q8C	321	100.0	6
8Q8C	322	92.245	6
8Q8C	323	78.345	6
8Q8C	324	96.29	6
8Q8C	325	100.0	6
8Q8C	326	98.665	6
8Q8C	327	100.0	6
8Q8C	328	100.0	6
8Q8C	329	100.0	6
8Q8C	330	88.45	6
8Q8C	331	91.625	6
8Q8C	332	96.69	6
8Q8C	333	85.76	6
8Q8C	334	92.275	6
8Q8C	335	98.835	6
8Q8C	336	100.0	6
8Q8C	337	100.0	6
8Q8C	338	100.0	6
8Q8C	339	100.0	6
8Q8C	340	100.0	6
8Q8C	341	100.0	6
8Q8C	342	95.175	6
8Q8C	343	98.26	6
8Q8C	344	100.0	6
8Q8C	345	100.0	6
8Q8C	346	100.0	6
8Q8C	347	97.15	6
8Q8C	348	78.7	6
8Q8C	349	88.405	6
8Q8C	350	100.0	6
8Q8C	351	100.0	6
8Q8C	352	100.0	6
8Q8C	353	100.0	6
8Q8C	354	100.0	6
8Q8C	355	100.0	6
8Q8C	356	98.72	6
8Q8C	357	100.0	6
8Q8C	358	100.0	6
8Q8C	359	100.0	6
8Q8C	360	100.0	6
8Q8C	361	100.0	6
8Q8C	362	100.0	6
8Q8C	363	100.0	6
8Q8C	364	90.045	6
8Q8C	365	77.525	6
8Q8C	366	81.24	6
8Q8C	367	99.17	6
8Q8C	368	100.0	6
8Q8C	369	100.0	6
8Q8C	370	100.0	6
8Q8C	371	100.0	6
8Q8C	372	100.0	6
8Q8C	373	100.0	6
8Q8C	374	100.0	6
8Q8C	375	97.28	6
8Q8C	376	100.0	3
8Q8C	377	100.0	3
8Q8C	378	100.0	3
8Q8D	304	57.36	6
8Q8D	305	80.61	6
8Q8D	306	95.575	6
8Q8D	307	98.735	6
8Q8D	308	100.0	6
8Q8D	309	100.0	6
8Q8D	310	98.035	6
8Q8D	311	94.665	6
8Q8D	312	96.745	6
8Q8D	313	98.25	6
8Q8D	314	95.26	6
8Q8D	315	70.04	6
8Q8D	316	97.845	6
8Q8D	317	100.0	6
8Q8D	318	100.0	6
8Q8D	319	100.0	6
8Q8D	320	100.0	6
8Q8D	321	100.0	6
8Q8D	322	99.59	6
8Q8D	323	79.07	6
8Q8D	324	94.55	6
8Q8D	325	100.0	6
8Q8D	326	100.0	6
8Q8D	327	100.0	6
8Q8D	328	100.0	6
8Q8D	329	100.0	6
8Q8D	330	95.07	6
8Q8D	331	86.585	6
8Q8D	332	51.93	6
8Q8D	333	87.99	6
8Q8D	334	86.84	6
8Q8D	335	95.435	6
8Q8D	336	100.0	6
8Q8D	337	98.885	6
8Q8D	338	100.0	6
8Q8D	339	97.425	6
8Q8D	340	94.505	6
8Q8D	341	79.65	6
8Q8D	342	67.805	6
8Q8D	343	99.385	6
8Q8D	344	100.0	6
8Q8D	345	100.0	6
8Q8D	346	100.0	6
8Q8D	347	90.37	6
8Q8D	348	64.965	6
8Q8D	349	58.99	6
8Q8D	350	100.0	6
8Q8D	351	100.0	6
8Q8D	352	100.0	6
8Q8D	353	100.0	6
8Q8D	354	97.495	6
8Q8D	355	92.48	6
8Q8D	356	85.985	6
8Q8D	357	100.0	6
8Q8D	358	100.0	6
8Q8D	359	100.0	6
8Q8D	360	100.0	6
8Q8D	361	100.0	6
8Q8D	362	99.8	6
8Q8D	363	98.425	6
8Q8D	364	82.455	6
8Q8D	365	47.655	6
8Q8D	366	79.695	6
8Q8D	367	88.54	6
8Q8D	368	97.15	6
8Q8D	369	100.0	6
8Q8D	370	100.0	6
8Q8D	371	100.0	6
8Q8D	372	100.0	6
8Q8D	373	100.0	6
8Q8D	374	100.0	6
8Q8D	375	100.0	6
8Q8D	376	100.0	6
8Q8D	377	97.735	6
8Q8D	378	84.29	6
8Q8D	379	30.47	6
8Q8E	304	81.81	6
8Q8E	305	94.3	6
8Q8E	306	98.655	12
8Q8E	307	99.255	12
8Q8E	308	100.0	12
8Q8E	309	100.0	12
8Q8E	310	98.755	12
8Q8E	311	92.37	12
8Q8E	312	96.42	12
8Q8E	313	98.25	12
8Q8E	314	95.26	12
8Q8E	315	70.12	12
8Q8E	316	97.845	12
8Q8E	317	100.0	12
8Q8E	318	100.0	12
8Q8E	319	100.0	12
8Q8E	320	100.0	12
8Q8E	321	100.0	12
8Q8E	322	99.505	12
8Q8E	323	81.06	12
8Q8E	324	98.92	12
8Q8E	325	100.0	12
8Q8E	326	100.0	12
8Q8E	327	100.0	12
8Q8E	328	100.0	12
8Q8E	329	100.0	12
8Q8E	330	97.905	12
8Q8E	331	90.365	12
8Q8E	332	57.625	12
8Q8E	333	66.14	12
8Q8E	334	61.49	12
8Q8E	335	56.97	12
8Q8E	336	60.465	12
8Q8E	337	67.775	12
8Q8E	338	93.175	12
8Q8E	339	94.02	12
8Q8E	340	96.235	12
8Q8E	341	96.1	12
8Q8E	342	100.0	12
8Q8E	343	100.0	12
8Q8E	344	100.0	12
8Q8E	345	100.0	12
8Q8E	346	100.0	12
8Q8E	347	94.16	12
8Q8E	348	81.49	12
8Q8E	349	61.14	12
8Q8E	350	100.0	12
8Q8E	351	100.0	12
8Q8E	352	100.0	12
8Q8E	353	100.0	12
8Q8E	354	100.0	12
8Q8E	355	96.585	12
8Q8E	356	100.0	12
8Q8E	357	100.0	12
8Q8E	358	100.0	12
8Q8E	359	100.0	12
8Q8E	360	100.0	12
8Q8E	361	100.0	12
8Q8E	362	100.0	12
8Q8E	363	100.0	12
8Q8E	364	83.47	12
8Q8E	365	57.045	12
8Q8E	366	72.615	12
8Q8E	367	92.48	12
8Q8E	368	97.15	12
8Q8E	369	100.0	12
8Q8E	370	100.0	12
8Q8E	371	100.0	12
8Q8E	372	100.0	12
8Q8E	373	100.0	12
8Q8E	374	100.0	12
8Q8E	375	100.0	12
8Q8E	376	100.0	12
8Q8E	377	98.34	12
8Q8E	378	87.915	12
8Q8E	379	54.76	6
8Q8F	304	57.36	6
8Q8F	305	80.61	6
8Q8F	306	95.575	6
8Q8F	307	98.735	6
8Q8F	308	100.0	6
8Q8F	309	100.0	6
8Q8F	310	98.035	6
8Q8F	311	94.665	6
8Q8F	312	96.745	6
8Q8F	313	98.25	6
8Q8F	314	95.26	6
8Q8F	315	70.04	6
8Q8F	316	97.845	6
8Q8F	317	100.0	6
8Q8F	318	100.0	6
8Q8F	319	100.0	6
8Q8F	320	100.0	6
8Q8F	321	100.0	6
8Q8F	322	99.59	6
8Q8F	323	79.07	6
8Q8F	324	94.55	6
8Q8F	325	100.0	6
8Q8F	326	100.0	6
8Q8F	327	100.0	6
8Q8F	328	100.0	6
8Q8F	329	100.0	6
8Q8F	330	95.07	6
8Q8F	331	86.585	6
8Q8F	332	51.93	6
8Q8F	333	87.99	6
8Q8F	334	86.84	6
8Q8F	335	95.435	6
8Q8F	336	100.0	6
8Q8F	337	98.885	6
8Q8F	338	100.0	6
8Q8F	339	97.425	6
8Q8F	340	94.505	6
8Q8F	341	79.65	6
8Q8F	342	67.805	6
8Q8F	343	99.385	6
8Q8F	344	100.0	6
8Q8F	345	100.0	6
8Q8F	346	100.0	6
8Q8F	347	90.37	6
8Q8F	348	64.965	6
8Q8F	349	58.99	6
8Q8F	350	100.0	6
8Q8F	351	100.0	6
8Q8F	352	100.0	6
8Q8F	353	100.0	6
8Q8F	354	97.495	6
8Q8F	355	92.48	6
8Q8F	356	85.985	6
8Q8F	357	100.0	6
8Q8F	358	100.0	6
8Q8F	359	100.0	6
8Q8F	360	100.0	6
8Q8F	361	100.0	6
8Q8F	362	99.8	6
8Q8F	363	98.425	6
8Q8F	364	82.455	6
8Q8F	365	47.655	6
8Q8F	366	79.695	6
8Q8F	367	88.54	6
8Q8F	368	97.15	6
8Q8F	369	100.0	6
8Q8F	370	100.0	6
8Q8F	371	100.0	6
8Q8F	372	100.0	6
8Q8F	373	100.0	6
8Q8F	374	100.0	6
8Q8F	375	100.0	6
8Q8F	376	100.0	6
8Q8F	377	97.735	6
8Q8F	378	84.29	6
8Q8F	379	30.47	6
8Q8L	304	81.81	3
8Q8L	305	94.3	3
8Q8L	306	98.655	6
8Q8L	307	99.255	6
8Q8L	308	100.0	6
8Q8L	309	100.0	6
8Q8L	310	98.755	6
8Q8L	311	92.37	6
8Q8L	312	96.42	6
8Q8L	313	98.25	6
8Q8L	314	95.26	6
8Q8L	315	70.12	6
8Q8L	316	97.845	6
8Q8L	317	100.0	6
8Q8L	318	100.0	6
8Q8L	319	100.0	6
8Q8L	320	100.0	6
8Q8L	321	100.0	6
8Q8L	322	99.505	6
8Q8L	323	81.06	6
8Q8L	324	98.92	6
8Q8L	325	100.0	6
8Q8L	326	100.0	6
8Q8L	327	100.0	6
8Q8L	328	100.0	6
8Q8L	329	100.0	6
8Q8L	330	97.905	6
8Q8L	331	90.365	6
8Q8L	332	57.625	6
8Q8L	333	66.14	6
8Q8L	334	61.49	6
8Q8L	335	56.97	6
8Q8L	336	60.465	6
8Q8L	337	67.775	6
8Q8L	338	93.175	6
8Q8L	339	94.02	6
8Q8L	340	96.235	6
8Q8L	341	96.1	6
8Q8L	342	100.0	6
8Q8L	343	100.0	6
8Q8L	344	100.0	6
8Q8L	345	100.0	6
8Q8L	346	100.0	6
8Q8L	347	94.16	6
8Q8L	348	81.49	6
8Q8L	349	61.14	6
8Q8L	350	100.0	6
8Q8L	351	100.0	6
8Q8L	352	100.0	6
8Q8L	353	100.0	6
8Q8L	354	100.0	6
8Q8L	355	96.585	6
8Q8L	356	100.0	6
8Q8L	357	100.0	6
8Q8L	358	100.0	6
8Q8L	359	100.0	6
8Q8L	360	100.0	6
8Q8L	361	100.0	6
8Q8L	362	100.0	6
8Q8L	363	100.0	6
8Q8L	364	83.47	6
8Q8L	365	57.045	6
8Q8L	366	72.615	6
8Q8L	367	92.48	6
8Q8L	368	97.15	6
8Q8L	369	100.0	6
8Q8L	370	100.0	6
8Q8L	371	100.0	6
8Q8L	372	100.0	6
8Q8L	373	100.0	6
8Q8L	374	100.0	6
8Q8L	375	100.0	6
8Q8L	376	100.0	6
8Q8L	377	98.34	6
8Q8L	378	87.915	6
8Q8L	379	54.76	3
8Q8M	304	84.27	6
8Q8M	305	84.47	6
8Q8M	306	82.19	6
8Q8M	307	79.4	6
8Q8M	308	76.56	6
8Q8M	309	72.4	6
8Q8M	310	69.33	6
8Q8M	311	65.39	6
8Q8M	312	63.67	6
8Q8M	313	61.45	6
8Q8M	314	58.83	6
8Q8M	315	56.8	6
8Q8M	316	55.49	6
8Q8M	317	53.46	6
8Q8M	318	52.45	6
8Q8M	319	52.09	6
8Q8M	320	49.98	6
8Q8M	321	47.86	6
8Q8M	322	47.04	6
8Q8M	323	45.03	6
8Q8M	324	43.18	6
8Q8M	325	41.17	6
8Q8M	326	37.6	6
8Q8M	327	34.69	6
8Q8M	328	33.92	6
8Q8M	329	32.69	6
8Q8M	330	32.07	6
8Q8M	331	31.44	6
8Q8M	332	31.12	6
8Q8M	333	30.86	6
8Q8M	334	30.37	6
8Q8M	335	30.75	6
8Q8M	336	31.95	6
8Q8M	337	34.06	6
8Q8M	338	37.66	6
8Q8M	339	39.59	6
8Q8M	340	44.07	6
8Q8M	341	48.72	6
8Q8M	342	51.37	6
8Q8M	343	50.94	6
8Q8M	344	50.12	6
8Q8M	345	49.93	6
8Q8M	346	48.05	6
8Q8M	347	48.31	6
8Q8M	348	45.92	6
8Q8M	349	44.03	6
8Q8M	350	42.6	6
8Q8M	351	39.71	6
8Q8M	352	38.51	6
8Q8M	353	36.97	6
8Q8M	354	37.68	6
8Q8M	355	36.7	6
8Q8M	356	35.6	6
8Q8M	357	34.82	6
8Q8M	358	35.6	6
8Q8M	359	32.99	6
8Q8M	360	31.23	6
8Q8M	361	32.74	6
8Q8M	362	34.42	6
8Q8M	363	35.84	6
8Q8M	364	37.93	6
8Q8M	365	41.42	6
8Q8M	366	43.68	6
8Q8M	367	47.09	6
8Q8M	368	49.21	6
8Q8M	369	51.15	6
8Q8M	370	53.8	6
8Q8M	371	55.47	6
8Q8M	372	58.6	6
8Q8M	373	61.89	6
8Q8M	374	64.71	6
8Q8M	375	69.21	6
8Q8M	376	73.49	6
8Q8M	377	77.93	6
8Q8M	378	82.27	6
8Q8M	379	84.25	6
8Q8R	304	82.68	6
8Q8R	305	82.79	6
8Q8R	306	80.555	6
8Q8R	307	77.975	6
8Q8R	308	75.005	6
8Q8R	309	71.31	6
8Q8R	310	68.525	6
8Q8R	311	65.125	6
8Q8R	312	63.29	6
8Q8R	313	61.3	6
8Q8R	314	58.96	6
8Q8R	315	57.165	6
8Q8R	316	55.97	6
8Q8R	317	53.99	6
8Q8R	318	52.67	6
8Q8R	319	52.255	6
8Q8R	320	49.97	6
8Q8R	321	48.15	6
8Q8R	322	47.495	6
8Q8R	323	45.61	6
8Q8R	324	43.885	6
8Q8R	325	41.67	6
8Q8R	326	37.725	6
8Q8R	327	34.945	6
8Q8R	328	33.82	6
8Q8R	329	32.71	6
8Q8R	330	31.97	6
8Q8R	331	31.4	6
8Q8R	332	31.035	6
8Q8R	333	30.71	6
8Q8R	334	30.335	6
8Q8R	335	30.78	6
8Q8R	336	32.12	6
8Q8R	337	34.145	6
8Q8R	338	37.74	6
8Q8R	339	39.615	6
8Q8R	340	43.9	6
8Q8R	341	48.525	6
8Q8R	342	51.535	6
8Q8R	343	51.355	6
8Q8R	344	50.58	6
8Q8R	345	50.545	6
8Q8R	346	48.515	6
8Q8R	347	49.08	6
8Q8R	348	47.425	6
8Q8R	349	45.555	6
8Q8R	350	43.785	6
8Q8R	351	40.935	6
8Q8R	352	39.345	6
8Q8R	353	37.505	6
8Q8R	354	38.115	6
8Q8R	355	37.08	6
8Q8R	356	35.865	6
8Q8R	357	34.72	6
8Q8R	358	35.53	6
8Q8R	359	32.985	6
8Q8R	360	31.545	6
8Q8R	361	32.785	6
8Q8R	362	34.44	6
8Q8R	363	36.005	6
8Q8R	364	38.14	6
8Q8R	365	41.915	6
8Q8R	366	44.165	6
8Q8R	367	47.405	6
8Q8R	368	49.705	6
8Q8R	369	51.4	6
8Q8R	370	54.21	6
8Q8R	371	55.535	6
8Q8R	372	58.29	6
8Q8R	373	61.49	6
8Q8R	374	63.875	6
8Q8R	375	68.085	6
8Q8R	376	72.025	6
8Q8R	377	75.87	6
8Q8R	378	79.845	6
8Q8R	379	82.185	6
8Q8S	304	83.21	9
8Q8S	305	83.35	9
8Q8S	306	81.1	9
8Q8S	307	78.45	9
8Q8S	308	75.523	9
8Q8S	309	71.673	9
8Q8S	310	68.793	9
8Q8S	311	65.213	9
8Q8S	312	63.417	9
8Q8S	313	61.35	9
8Q8S	314	58.917	9
8Q8S	315	57.043	9
8Q8S	316	55.81	9
8Q8S	317	53.813	9
8Q8S	318	52.597	9
8Q8S	319	52.2	9
8Q8S	320	49.973	9
8Q8S	321	48.053	9
8Q8S	322	47.343	9
8Q8S	323	45.417	9
8Q8S	324	43.65	9
8Q8S	325	41.503	9
8Q8S	326	37.683	9
8Q8S	327	34.86	9
8Q8S	328	33.853	9
8Q8S	329	32.703	9
8Q8S	330	32.003	9
8Q8S	331	31.413	9
8Q8S	332	31.063	9
8Q8S	333	30.76	9
8Q8S	334	30.347	9
8Q8S	335	30.77	9
8Q8S	336	32.063	9
8Q8S	337	34.117	9
8Q8S	338	37.713	9
8Q8S	339	39.607	9
8Q8S	340	43.957	9
8Q8S	341	48.59	9
8Q8S	342	51.48	9
8Q8S	343	51.217	9
8Q8S	344	50.427	9
8Q8S	345	50.34	9
8Q8S	346	48.36	9
8Q8S	347	48.823	9
8Q8S	348	46.923	9
8Q8S	349	45.047	9
8Q8S	350	43.39	9
8Q8S	351	40.527	9
8Q8S	352	39.067	9
8Q8S	353	37.327	9
8Q8S	354	37.97	9
8Q8S	355	36.953	9
8Q8S	356	35.777	9
8Q8S	357	34.753	9
8Q8S	358	35.553	9
8Q8S	359	32.987	9
8Q8S	360	31.44	9
8Q8S	361	32.77	9
8Q8S	362	34.433	9
8Q8S	363	35.95	9
8Q8S	364	38.07	9
8Q8S	365	41.75	9
8Q8S	366	44.003	9
8Q8S	367	47.3	9
8Q8S	368	49.54	9
8Q8S	369	51.317	9
8Q8S	370	54.073	9
8Q8S	371	55.513	9
8Q8S	372	58.393	9
8Q8S	373	61.623	9
8Q8S	374	64.153	9
8Q8S	375	68.46	9
8Q8S	376	72.513	9
8Q8S	377	76.557	9
8Q8S	378	80.653	9
8Q8S	379	82.873	9
8Q8U	308	30.0	6
8Q8U	309	30.0	6
8Q8U	310	30.0	6
8Q8U	311	30.0	6
8Q8U	312	30.0	6
8Q8U	313	30.0	6
8Q8U	314	30.0	6
8Q8U	315	30.0	6
8Q8U	316	30.0	6
8Q8U	317	30.0	6
8Q8U	318	30.0	6
8Q8U	319	30.0	6
8Q8U	320	30.0	6
8Q8U	321	30.0	6
8Q8U	322	30.0	6
8Q8U	323	30.0	6
8Q8U	324	30.0	6
8Q8U	325	30.0	6
8Q8U	326	30.0	6
8Q8U	327	30.0	6
8Q8U	328	30.0	6
8Q8U	329	30.0	6
8Q8U	330	30.0	6
8Q8U	331	30.0	6
8Q8U	332	30.0	6
8Q8U	333	30.0	6
8Q8U	334	35.83	6
8Q8U	335	45.26	6
8Q8U	336	48.75	6
8Q8U	337	43.69	6
8Q8U	338	41.45	6
8Q8U	339	42.19	6
8Q8U	340	44.76	6
8Q8U	341	56.49	6
8Q8U	342	60.89	6
8Q8U	343	53.85	6
8Q8U	344	48.77	6
8Q8U	345	58.18	6
8Q8U	346	52.69	6
8Q8U	347	64.6	6
8Q8U	348	64.25	6
8Q8U	349	53.4	6
8Q8U	350	45.88	6
8Q8U	351	42.3	6
8Q8U	352	37.74	6
8Q8U	353	35.38	6
8Q8U	354	35.57	6
8Q8U	355	32.83	6
8Q8U	356	33.53	6
8Q8U	357	36.48	6
8Q8U	358	41.68	6
8Q8U	359	30.0	6
8Q8U	360	30.0	6
8Q8U	361	30.0	6
8Q8U	362	30.0	6
8Q8U	363	30.0	6
8Q8U	364	30.0	6
8Q8U	365	30.0	6
8Q8U	366	30.0	6
8Q8U	367	30.0	6
8Q8U	368	30.0	6
8Q8U	369	30.0	6
8Q8U	370	30.0	6
8Q8U	371	30.0	6
8Q8U	372	30.0	6
8Q8U	373	30.0	6
8Q8U	374	30.0	6
8Q8U	375	30.0	6
8Q8U	376	30.0	6
8Q8U	377	30.0	6
8Q8U	378	30.0	6
8Q8V	305	96.63	6
8Q8V	306	100.0	6
8Q8V	307	100.0	6
8Q8V	308	100.0	6
8Q8V	309	100.0	6
8Q8V	310	53.27	6
8Q8V	311	100.0	6
8Q8V	312	98.44	6
8Q8V	313	100.0	6
8Q8V	314	100.0	6
8Q8V	315	100.0	6
8Q8V	316	100.0	6
8Q8V	317	100.0	6
8Q8V	318	100.0	6
8Q8V	319	100.0	6
8Q8V	320	100.0	6
8Q8V	321	100.0	6
8Q8V	322	100.0	6
8Q8V	323	89.91	6
8Q8V	324	100.0	6
8Q8V	325	100.0	6
8Q8V	326	100.0	6
8Q8V	327	100.0	6
8Q8V	328	100.0	6
8Q8V	329	20.36	6
8Q8V	330	82.73	6
8Q8V	331	91.42	6
8Q8V	332	98.75	6
8Q8V	333	88.28	6
8Q8V	334	91.8	6
8Q8V	335	90.04	6
8Q8V	336	100.0	6
8Q8V	337	100.0	6
8Q8V	338	100.0	6
8Q8V	339	100.0	6
8Q8V	340	100.0	6
8Q8V	341	98.68	6
8Q8V	342	92.88	6
8Q8V	343	96.89	6
8Q8V	344	100.0	6
8Q8V	345	100.0	6
8Q8V	346	100.0	6
8Q8V	347	100.0	6
8Q8V	348	100.0	6
8Q8V	349	100.0	6
8Q8V	350	100.0	6
8Q8V	351	100.0	6
8Q8V	352	100.0	6
8Q8V	353	100.0	6
8Q8V	354	100.0	6
8Q8V	355	100.0	6
8Q8V	356	100.0	6
8Q8V	357	100.0	6
8Q8V	358	100.0	6
8Q8V	359	100.0	6
8Q8V	360	100.0	6
8Q8V	361	100.0	6
8Q8V	362	100.0	6
8Q8V	363	100.0	6
8Q8V	364	82.24	6
8Q8V	365	71.67	6
8Q8V	366	86.33	6
8Q8V	367	100.0	6
8Q8V	368	100.0	6
8Q8V	369	100.0	6
8Q8V	370	100.0	6
8Q8V	371	100.0	6
8Q8V	372	100.0	6
8Q8V	373	100.0	6
8Q8V	374	100.0	6
8Q8V	375	100.0	6
8Q8V	376	100.0	6
8Q8V	377	100.0	6
8Q8V	378	96.84	6
8Q8V	379	34.4	6
8Q8W	304	0.0	3
8Q8W	305	31.61	3
8Q8W	306	76.08	3
8Q8W	307	54.29	3
8Q8W	308	98.985	6
8Q8W	309	93.735	6
8Q8W	310	93.635	6
8Q8W	311	94.93	6
8Q8W	312	100.0	6
8Q8W	313	100.0	6
8Q8W	314	100.0	6
8Q8W	315	99.95	6
8Q8W	316	100.0	6
8Q8W	317	100.0	6
8Q8W	318	100.0	6
8Q8W	319	100.0	6
8Q8W	320	100.0	6
8Q8W	321	100.0	6
8Q8W	322	92.245	6
8Q8W	323	78.345	6
8Q8W	324	96.29	6
8Q8W	325	100.0	6
8Q8W	326	98.665	6
8Q8W	327	100.0	6
8Q8W	328	100.0	6
8Q8W	329	100.0	6
8Q8W	330	88.45	6
8Q8W	331	91.625	6
8Q8W	332	96.69	6
8Q8W	333	85.76	6
8Q8W	334	92.275	6
8Q8W	335	98.835	6
8Q8W	336	100.0	6
8Q8W	337	100.0	6
8Q8W	338	100.0	6
8Q8W	339	100.0	6
8Q8W	340	100.0	6
8Q8W	341	100.0	6
8Q8W	342	95.175	6
8Q8W	343	98.26	6
8Q8W	344	100.0	6
8Q8W	345	100.0	6
8Q8W	346	100.0	6
8Q8W	347	97.15	6
8Q8W	348	78.7	6
8Q8W	349	88.405	6
8Q8W	350	100.0	6
8Q8W	351	100.0	6
8Q8W	352	100.0	6
8Q8W	353	100.0	6
8Q8W	354	100.0	6
8Q8W	355	100.0	6
8Q8W	356	98.72	6
8Q8W	357	100.0	6
8Q8W	358	100.0	6
8Q8W	359	100.0	6
8Q8W	360	100.0	6
8Q8W	361	100.0	6
8Q8W	362	100.0	6
8Q8W	363	100.0	6
8Q8W	364	90.045	6
8Q8W	365	77.525	6
8Q8W	366	81.24	6
8Q8W	367	99.17	6
8Q8W	368	100.0	6
8Q8W	369	100.0	6
8Q8W	370	100.0	6
8Q8W	371	100.0	6
8Q8W	372	100.0	6
8Q8W	373	100.0	6
8Q8W	374	100.0	6
8Q8W	375	97.28	6
8Q8W	376	100.0	3
8Q8W	377	100.0	3
8Q8W	378	100.0	3
8Q8Y	306	98.52	6
8Q8Y	307	100.0	6
8Q8Y	308	100.0	6
8Q8Y	309	100.0	6
8Q8Y	310	100.0	6
8Q8Y	311	93.34	6
8Q8Y	312	97.055	6
8Q8Y	313	100.0	6
8Q8Y	314	100.0	6
8Q8Y	315	100.0	6
8Q8Y	316	100.0	6
8Q8Y	317	100.0	6
8Q8Y	318	100.0	6
8Q8Y	319	100.0	6
8Q8Y	320	100.0	6
8Q8Y	321	100.0	6
8Q8Y	322	99.505	6
8Q8Y	323	82.42	6
8Q8Y	324	95.435	6
8Q8Y	325	100.0	6
8Q8Y	326	100.0	6
8Q8Y	327	100.0	6
8Q8Y	328	100.0	6
8Q8Y	329	100.0	6
8Q8Y	330	95.585	6
8Q8Y	331	88.39	6
8Q8Y	332	92.68	6
8Q8Y	333	64.37	6
8Q8Y	334	58.725	6
8Q8Y	335	55.895	6
8Q8Y	336	60.465	6
8Q8Y	337	67.775	6
8Q8Y	338	93.175	6
8Q8Y	339	94.02	6
8Q8Y	340	96.235	6
8Q8Y	341	86.04	6
8Q8Y	342	68.865	6
8Q8Y	343	54.705	6
8Q8Y	344	100.0	6
8Q8Y	345	100.0	6
8Q8Y	346	100.0	6
8Q8Y	347	99.45	6
8Q8Y	348	96.445	6
8Q8Y	349	65.0	6
8Q8Y	350	100.0	6
8Q8Y	351	100.0	6
8Q8Y	352	100.0	6
8Q8Y	353	100.0	6
8Q8Y	354	100.0	6
8Q8Y	355	98.07	6
8Q8Y	356	100.0	6
8Q8Y	357	100.0	6
8Q8Y	358	100.0	6
8Q8Y	359	100.0	6
8Q8Y	360	100.0	6
8Q8Y	361	100.0	6
8Q8Y	362	100.0	6
8Q8Y	363	100.0	6
8Q8Y	364	84.835	6
8Q8Y	365	55.255	6
8Q8Y	366	74.63	6
8Q8Y	367	98.065	6
8Q8Y	368	100.0	6
8Q8Y	369	100.0	6
8Q8Y	370	100.0	6
8Q8Y	371	100.0	6
8Q8Y	372	100.0	6
8Q8Y	373	100.0	6
8Q8Y	374	100.0	6
8Q8Y	375	100.0	6
8Q8Y	376	100.0	6
8Q8Y	377	99.02	6
8Q8Y	378	89.45	6
8Q8Y	379	70.15	3
8Q8Z	305	96.63	6
8Q8Z	306	100.0	6
8Q8Z	307	100.0	6
8Q8Z	308	100.0	6
8Q8Z	309	100.0	6
8Q8Z	310	53.27	6
8Q8Z	311	100.0	6
8Q8Z	312	98.44	6
8Q8Z	313	100.0	6
8Q8Z	314	100.0	6
8Q8Z	315	100.0	6
8Q8Z	316	100.0	6
8Q8Z	317	100.0	6
8Q8Z	318	100.0	6
8Q8Z	319	100.0	6
8Q8Z	320	100.0	6
8Q8Z	321	100.0	6
8Q8Z	322	100.0	6
8Q8Z	323	89.91	6
8Q8Z	324	100.0	6
8Q8Z	325	100.0	6
8Q8Z	326	100.0	6
8Q8Z	327	100.0	6
8Q8Z	328	100.0	6
8Q8Z	329	20.36	6
8Q8Z	330	82.73	6
8Q8Z	331	91.42	6
8Q8Z	332	98.75	6
8Q8Z	333	88.28	6
8Q8Z	334	91.8	6
8Q8Z	335	90.04	6
8Q8Z	336	100.0	6
8Q8Z	337	100.0	6
8Q8Z	338	100.0	6
8Q8Z	339	100.0	6
8Q8Z	340	100.0	6
8Q8Z	341	98.68	6
8Q8Z	342	92.88	6
8Q8Z	343	96.89	6
8Q8Z	344	100.0	6
8Q8Z	345	100.0	6
8Q8Z	346	100.0	6
8Q8Z	347	100.0	6
8Q8Z	348	100.0	6
8Q8Z	349	100.0	6
8Q8Z	350	100.0	6
8Q8Z	351	100.0	6
8Q8Z	352	100.0	6
8Q8Z	353	100.0	6
8Q8Z	354	100.0	6
8Q8Z	355	100.0	6
8Q8Z	356	100.0	6
8Q8Z	357	100.0	6
8Q8Z	358	100.0	6
8Q8Z	359	100.0	6
8Q8Z	360	100.0	6
8Q8Z	361	100.0	6
8Q8Z	362	100.0	6
8Q8Z	363	100.0	6
8Q8Z	364	82.24	6
8Q8Z	365	71.67	6
8Q8Z	366	86.33	6
8Q8Z	367	100.0	6
8Q8Z	368	100.0	6
8Q8Z	369	100.0	6
8Q8Z	370	100.0	6
8Q8Z	371	100.0	6
8Q8Z	372	100.0	6
8Q8Z	373	100.0	6
8Q8Z	374	100.0	6
8Q8Z	375	100.0	6
8Q8Z	376	100.0	6
8Q8Z	377	100.0	6
8Q8Z	378	96.84	6
8Q8Z	379	34.4	6
8Q92	271	101.22	3
8Q92	272	78.17	3
8Q92	273	74.43	3
8Q92	274	54.35	3
8Q92	275	40.0	3
8Q92	276	40.48	3
8Q92	277	36.9	3
8Q92	278	30.21	3
8Q92	279	32.15	3
8Q92	280	35.23	3
8Q92	281	40.91	3
8Q92	282	51.66	3
8Q92	283	62.07	3
8Q92	284	50.43	3
8Q92	285	41.58	3
8Q92	286	27.92	3
8Q92	287	21.4	3
8Q92	288	24.05	3
8Q92	289	22.65	3
8Q92	290	31.21	3
8Q92	291	34.96	3
8Q92	292	48.15	3
8Q92	293	50.75	3
8Q92	294	45.78	3
8Q92	295	54.74	3
8Q92	296	31.76	3
8Q92	297	34.13	3
8Q92	298	29.23	3
8Q92	299	22.3	3
8Q92	300	19.42	3
8Q92	301	25.79	3
8Q92	302	32.27	3
8Q92	303	38.25	3
8Q92	304	33.88	3
8Q92	305	38.95	3
8Q92	306	30.97	3
8Q92	307	27.84	3
8Q92	308	24.1	3
8Q92	309	25.17	3
8Q92	310	32.34	3
8Q92	311	44.98	3
8Q92	312	55.16	3
8Q92	313	81.69	3
8Q92	314	101.06	3
8Q92	315	103.3	3
8Q92	316	89.82	3
8Q92	317	65.51	3
8Q92	318	43.49	3
8Q92	319	50.62	3
8Q92	320	48.27	3
8Q92	321	64.34	3
8Q92	322	78.36	3
8Q92	323	101.94	3
8Q92	324	106.03	3
8Q92	325	90.72	3
8Q92	326	84.34	3
8Q92	327	62.92	3
8Q92	328	42.52	3
8Q92	329	40.67	3
8Q92	330	35.21	3
8Q92	331	32.64	3
8Q92	332	30.15	3
8Q92	333	49.9	3
8Q92	334	43.49	3
8Q92	335	34.91	3
8Q92	336	31.0	3
8Q92	337	25.96	3
8Q92	338	30.62	3
8Q92	339	23.55	3
8Q92	340	32.16	3
8Q92	341	27.85	3
8Q92	342	41.01	3
8Q92	343	38.68	3
8Q92	344	43.71	3
8Q92	345	51.38	3
8Q92	346	48.34	3
8Q92	347	45.27	3
8Q92	348	53.01	3
8Q92	349	41.05	3
8Q92	350	29.47	3
8Q92	351	38.18	3
8Q92	352	34.24	3
8Q92	353	46.91	3
8Q92	354	44.25	3
8Q92	355	67.11	3
8Q92	356	68.97	3
8Q92	357	66.07	3
8Q92	358	60.69	3
8Q92	359	38.34	3
8Q92	360	42.21	3
8Q92	361	58.23	3
8Q92	362	69.21	3
8Q92	363	79.09	3
8Q92	364	100.08	3
8Q96	566	118.92	4
8Q96	567	86.78	4
8Q96	568	69.28	4
8Q96	569	50.14	4
8Q96	570	38.27	4
8Q96	571	45.77	4
8Q96	572	35.71	4
8Q96	573	45.24	4
8Q96	574	46.77	4
8Q96	575	42.16	4
8Q96	576	36.53	4
8Q96	577	35.91	4
8Q96	578	33.79	4
8Q96	579	25.76	4
8Q96	580	31.15	4
8Q96	581	30.85	4
8Q96	582	37.85	4
8Q96	583	44.95	4
8Q96	584	40.02	4
8Q96	585	46.42	4
8Q96	586	38.7	4
8Q96	587	41.7	4
8Q96	588	34.66	4
8Q96	589	30.75	4
8Q96	590	45.03	4
8Q96	591	40.18	4
8Q96	592	39.94	4
8Q96	593	52.6	4
8Q96	594	65.06	4
8Q96	595	81.46	4
8Q96	596	68.33	4
8Q96	597	57.64	4
8Q96	598	32.37	4
8Q96	599	31.75	4
8Q96	600	23.84	4
8Q96	601	26.82	4
8Q96	602	26.34	4
8Q96	603	31.74	4
8Q96	604	29.71	4
8Q96	605	34.31	4
8Q96	606	42.0	4
8Q96	607	37.5	4
8Q96	608	30.91	4
8Q96	609	25.66	4
8Q96	610	23.51	4
8Q96	611	31.95	4
8Q96	612	26.67	4
8Q96	613	35.32	4
8Q96	614	30.63	4
8Q96	615	35.8	4
8Q96	616	35.09	4
8Q96	617	37.35	4
8Q96	618	35.88	4
8Q96	619	38.86	4
8Q96	620	40.82	4
8Q96	621	81.69	4
8Q97	308	30.0	6
8Q97	309	30.0	6
8Q97	310	30.0	6
8Q97	311	30.0	6
8Q97	312	30.0	6
8Q97	313	30.0	6
8Q97	314	30.0	6
8Q97	315	30.0	6
8Q97	316	30.0	6
8Q97	317	30.0	6
8Q97	318	30.0	6
8Q97	319	30.0	6
8Q97	320	30.0	6
8Q97	321	30.0	6
8Q97	322	30.0	6
8Q97	323	30.0	6
8Q97	324	30.0	6
8Q97	325	30.0	6
8Q97	326	30.0	6
8Q97	327	30.0	6
8Q97	328	30.0	6
8Q97	329	30.0	6
8Q97	330	30.0	6
8Q97	331	30.0	6
8Q97	332	30.0	6
8Q97	333	30.0	6
8Q97	334	35.83	6
8Q97	335	45.26	6
8Q97	336	48.75	6
8Q97	337	43.69	6
8Q97	338	41.45	6
8Q97	339	42.19	6
8Q97	340	44.76	6
8Q97	341	56.49	6
8Q97	342	60.89	6
8Q97	343	53.85	6
8Q97	344	48.77	6
8Q97	345	58.18	6
8Q97	346	52.69	6
8Q97	347	64.6	6
8Q97	348	64.25	6
8Q97	349	53.4	6
8Q97	350	45.88	6
8Q97	351	42.3	6
8Q97	352	37.74	6
8Q97	353	35.38	6
8Q97	354	35.57	6
8Q97	355	32.83	6
8Q97	356	33.53	6
8Q97	357	36.48	6
8Q97	358	41.68	6
8Q97	359	30.0	6
8Q97	360	30.0	6
8Q97	361	30.0	6
8Q97	362	30.0	6
8Q97	363	30.0	6
8Q97	364	30.0	6
8Q97	365	30.0	6
8Q97	366	30.0	6
8Q97	367	30.0	6
8Q97	368	30.0	6
8Q97	369	30.0	6
8Q97	370	30.0	6
8Q97	371	30.0	6
8Q97	372	30.0	6
8Q97	373	30.0	6
8Q97	374	30.0	6
8Q97	375	30.0	6
8Q97	376	30.0	6
8Q97	377	30.0	6
8Q97	378	30.0	6
8Q98	305	89.205	6
8Q98	306	100.0	6
8Q98	307	100.0	6
8Q98	308	100.0	6
8Q98	309	100.0	6
8Q98	310	76.635	6
8Q98	311	100.0	6
8Q98	312	99.22	6
8Q98	313	100.0	6
8Q98	314	100.0	6
8Q98	315	100.0	6
8Q98	316	100.0	6
8Q98	317	100.0	6
8Q98	318	100.0	6
8Q98	319	100.0	6
8Q98	320	100.0	6
8Q98	321	100.0	6
8Q98	322	100.0	6
8Q98	323	88.755	6
8Q98	324	100.0	6
8Q98	325	100.0	6
8Q98	326	100.0	6
8Q98	327	100.0	6
8Q98	328	100.0	6
8Q98	329	56.32	6
8Q98	330	75.2	6
8Q98	331	92.99	6
8Q98	332	94.34	6
8Q98	333	90.805	6
8Q98	334	86.555	6
8Q98	335	89.21	6
8Q98	336	100.0	6
8Q98	337	100.0	6
8Q98	338	100.0	6
8Q98	339	100.0	6
8Q98	340	100.0	6
8Q98	341	99.34	6
8Q98	342	95.795	6
8Q98	343	98.445	6
8Q98	344	100.0	6
8Q98	345	100.0	6
8Q98	346	100.0	6
8Q98	347	100.0	6
8Q98	348	100.0	6
8Q98	349	100.0	6
8Q98	350	100.0	6
8Q98	351	100.0	6
8Q98	352	100.0	6
8Q98	353	100.0	6
8Q98	354	100.0	6
8Q98	355	100.0	6
8Q98	356	100.0	6
8Q98	357	100.0	6
8Q98	358	100.0	6
8Q98	359	100.0	6
8Q98	360	100.0	6
8Q98	361	100.0	6
8Q98	362	100.0	6
8Q98	363	97.625	6
8Q98	364	84.855	6
8Q98	365	73.025	6
8Q98	366	81.98	6
8Q98	367	100.0	6
8Q98	368	100.0	6
8Q98	369	100.0	6
8Q98	370	100.0	6
8Q98	371	100.0	6
8Q98	372	100.0	6
8Q98	373	100.0	6
8Q98	374	100.0	6
8Q98	375	100.0	6
8Q98	376	100.0	6
8Q98	377	100.0	6
8Q98	378	97.575	6
8Q98	379	50.55	6
8Q99	308	30.0	6
8Q99	309	30.0	6
8Q99	310	30.0	6
8Q99	311	30.0	6
8Q99	312	30.0	6
8Q99	313	30.0	6
8Q99	314	30.0	6
8Q99	315	30.0	6
8Q99	316	30.0	6
8Q99	317	30.0	6
8Q99	318	30.0	6
8Q99	319	30.0	6
8Q99	320	30.0	6
8Q99	321	30.0	6
8Q99	322	30.0	6
8Q99	323	30.0	6
8Q99	324	30.0	6
8Q99	325	30.0	6
8Q99	326	30.0	6
8Q99	327	30.0	6
8Q99	328	30.0	6
8Q99	329	30.0	6
8Q99	330	30.0	6
8Q99	331	30.0	6
8Q99	332	30.0	6
8Q99	333	30.0	6
8Q99	334	35.83	6
8Q99	335	45.26	6
8Q99	336	48.75	6
8Q99	337	43.69	6
8Q99	338	41.45	6
8Q99	339	42.19	6
8Q99	340	44.76	6
8Q99	341	56.49	6
8Q99	342	60.89	6
8Q99	343	53.85	6
8Q99	344	48.77	6
8Q99	345	58.18	6
8Q99	346	52.69	6
8Q99	347	64.6	6
8Q99	348	64.25	6
8Q99	349	53.4	6
8Q99	350	45.88	6
8Q99	351	42.3	6
8Q99	352	37.74	6
8Q99	353	35.38	6
8Q99	354	35.57	6
8Q99	355	32.83	6
8Q99	356	33.53	6
8Q99	357	36.48	6
8Q99	358	41.68	6
8Q99	359	30.0	6
8Q99	360	30.0	6
8Q99	361	30.0	6
8Q99	362	30.0	6
8Q99	363	30.0	6
8Q99	364	30.0	6
8Q99	365	30.0	6
8Q99	366	30.0	6
8Q99	367	30.0	6
8Q99	368	30.0	6
8Q99	369	30.0	6
8Q99	370	30.0	6
8Q99	371	30.0	6
8Q99	372	30.0	6
8Q99	373	30.0	6
8Q99	374	30.0	6
8Q99	375	30.0	6
8Q99	376	30.0	6
8Q99	377	30.0	6
8Q99	378	30.0	6
8Q9B	305	96.63	6
8Q9B	306	100.0	6
8Q9B	307	100.0	6
8Q9B	308	100.0	6
8Q9B	309	100.0	6
8Q9B	310	53.27	6
8Q9B	311	100.0	6
8Q9B	312	98.44	6
8Q9B	313	100.0	6
8Q9B	314	100.0	6
8Q9B	315	100.0	6
8Q9B	316	100.0	6
8Q9B	317	100.0	6
8Q9B	318	100.0	6
8Q9B	319	100.0	6
8Q9B	320	100.0	6
8Q9B	321	100.0	6
8Q9B	322	100.0	6
8Q9B	323	89.91	6
8Q9B	324	100.0	6
8Q9B	325	100.0	6
8Q9B	326	100.0	6
8Q9B	327	100.0	6
8Q9B	328	100.0	6
8Q9B	329	20.36	6
8Q9B	330	82.73	6
8Q9B	331	91.42	6
8Q9B	332	98.75	6
8Q9B	333	88.28	6
8Q9B	334	91.8	6
8Q9B	335	90.04	6
8Q9B	336	100.0	6
8Q9B	337	100.0	6
8Q9B	338	100.0	6
8Q9B	339	100.0	6
8Q9B	340	100.0	6
8Q9B	341	98.68	6
8Q9B	342	92.88	6
8Q9B	343	96.89	6
8Q9B	344	100.0	6
8Q9B	345	100.0	6
8Q9B	346	100.0	6
8Q9B	347	100.0	6
8Q9B	348	100.0	6
8Q9B	349	100.0	6
8Q9B	350	100.0	6
8Q9B	351	100.0	6
8Q9B	352	100.0	6
8Q9B	353	100.0	6
8Q9B	354	100.0	6
8Q9B	355	100.0	6
8Q9B	356	100.0	6
8Q9B	357	100.0	6
8Q9B	358	100.0	6
8Q9B	359	100.0	6
8Q9B	360	100.0	6
8Q9B	361	100.0	6
8Q9B	362	100.0	6
8Q9B	363	100.0	6
8Q9B	364	82.24	6
8Q9B	365	71.67	6
8Q9B	366	86.33	6
8Q9B	367	100.0	6
8Q9B	368	100.0	6
8Q9B	369	100.0	6
8Q9B	370	100.0	6
8Q9B	371	100.0	6
8Q9B	372	100.0	6
8Q9B	373	100.0	6
8Q9B	374	100.0	6
8Q9B	375	100.0	6
8Q9B	376	100.0	6
8Q9B	377	100.0	6
8Q9B	378	96.84	6
8Q9B	379	34.4	6
8Q9C	305	96.63	6
8Q9C	306	100.0	6
8Q9C	307	100.0	6
8Q9C	308	100.0	6
8Q9C	309	100.0	6
8Q9C	310	53.27	6
8Q9C	311	100.0	6
8Q9C	312	98.44	6
8Q9C	313	100.0	6
8Q9C	314	100.0	6
8Q9C	315	100.0	6
8Q9C	316	100.0	6
8Q9C	317	100.0	6
8Q9C	318	100.0	6
8Q9C	319	100.0	6
8Q9C	320	100.0	6
8Q9C	321	100.0	6
8Q9C	322	100.0	6
8Q9C	323	89.91	6
8Q9C	324	100.0	6
8Q9C	325	100.0	6
8Q9C	326	100.0	6
8Q9C	327	100.0	6
8Q9C	328	100.0	6
8Q9C	329	20.36	6
8Q9C	330	82.73	6
8Q9C	331	91.42	6
8Q9C	332	98.75	6
8Q9C	333	88.28	6
8Q9C	334	91.8	6
8Q9C	335	90.04	6
8Q9C	336	100.0	6
8Q9C	337	100.0	6
8Q9C	338	100.0	6
8Q9C	339	100.0	6
8Q9C	340	100.0	6
8Q9C	341	98.68	6
8Q9C	342	92.88	6
8Q9C	343	96.89	6
8Q9C	344	100.0	6
8Q9C	345	100.0	6
8Q9C	346	100.0	6
8Q9C	347	100.0	6
8Q9C	348	100.0	6
8Q9C	349	100.0	6
8Q9C	350	100.0	6
8Q9C	351	100.0	6
8Q9C	352	100.0	6
8Q9C	353	100.0	6
8Q9C	354	100.0	6
8Q9C	355	100.0	6
8Q9C	356	100.0	6
8Q9C	357	100.0	6
8Q9C	358	100.0	6
8Q9C	359	100.0	6
8Q9C	360	100.0	6
8Q9C	361	100.0	6
8Q9C	362	100.0	6
8Q9C	363	100.0	6
8Q9C	364	82.24	6
8Q9C	365	71.67	6
8Q9C	366	86.33	6
8Q9C	367	100.0	6
8Q9C	368	100.0	6
8Q9C	369	100.0	6
8Q9C	370	100.0	6
8Q9C	371	100.0	6
8Q9C	372	100.0	6
8Q9C	373	100.0	6
8Q9C	374	100.0	6
8Q9C	375	100.0	6
8Q9C	376	100.0	6
8Q9C	377	100.0	6
8Q9C	378	96.84	6
8Q9C	379	34.4	6
8Q9D	305	96.63	6
8Q9D	306	100.0	6
8Q9D	307	100.0	6
8Q9D	308	100.0	6
8Q9D	309	100.0	6
8Q9D	310	53.27	6
8Q9D	311	100.0	6
8Q9D	312	98.44	6
8Q9D	313	100.0	6
8Q9D	314	100.0	6
8Q9D	315	100.0	6
8Q9D	316	100.0	6
8Q9D	317	100.0	6
8Q9D	318	100.0	6
8Q9D	319	100.0	6
8Q9D	320	100.0	6
8Q9D	321	100.0	6
8Q9D	322	100.0	6
8Q9D	323	89.91	6
8Q9D	324	100.0	6
8Q9D	325	100.0	6
8Q9D	326	100.0	6
8Q9D	327	100.0	6
8Q9D	328	100.0	6
8Q9D	329	20.36	6
8Q9D	330	82.73	6
8Q9D	331	91.42	6
8Q9D	332	98.75	6
8Q9D	333	88.28	6
8Q9D	334	91.8	6
8Q9D	335	90.04	6
8Q9D	336	100.0	6
8Q9D	337	100.0	6
8Q9D	338	100.0	6
8Q9D	339	100.0	6
8Q9D	340	100.0	6
8Q9D	341	98.68	6
8Q9D	342	92.88	6
8Q9D	343	96.89	6
8Q9D	344	100.0	6
8Q9D	345	100.0	6
8Q9D	346	100.0	6
8Q9D	347	100.0	6
8Q9D	348	100.0	6
8Q9D	349	100.0	6
8Q9D	350	100.0	6
8Q9D	351	100.0	6
8Q9D	352	100.0	6
8Q9D	353	100.0	6
8Q9D	354	100.0	6
8Q9D	355	100.0	6
8Q9D	356	100.0	6
8Q9D	357	100.0	6
8Q9D	358	100.0	6
8Q9D	359	100.0	6
8Q9D	360	100.0	6
8Q9D	361	100.0	6
8Q9D	362	100.0	6
8Q9D	363	100.0	6
8Q9D	364	82.24	6
8Q9D	365	71.67	6
8Q9D	366	86.33	6
8Q9D	367	100.0	6
8Q9D	368	100.0	6
8Q9D	369	100.0	6
8Q9D	370	100.0	6
8Q9D	371	100.0	6
8Q9D	372	100.0	6
8Q9D	373	100.0	6
8Q9D	374	100.0	6
8Q9D	375	100.0	6
8Q9D	376	100.0	6
8Q9D	377	100.0	6
8Q9D	378	96.84	6
8Q9D	379	34.4	6
8Q9E	308	100.0	6
8Q9E	309	100.0	6
8Q9E	310	53.27	6
8Q9E	311	100.0	6
8Q9E	312	98.44	6
8Q9E	313	100.0	6
8Q9E	314	100.0	6
8Q9E	315	100.0	6
8Q9E	316	100.0	6
8Q9E	317	100.0	6
8Q9E	318	100.0	6
8Q9E	319	100.0	6
8Q9E	320	100.0	6
8Q9E	321	100.0	6
8Q9E	322	100.0	6
8Q9E	323	89.91	6
8Q9E	324	100.0	6
8Q9E	325	100.0	6
8Q9E	326	100.0	6
8Q9E	327	100.0	6
8Q9E	328	100.0	6
8Q9E	329	20.36	6
8Q9E	330	82.73	6
8Q9E	331	91.42	6
8Q9E	332	98.75	6
8Q9E	333	88.28	6
8Q9E	334	91.8	6
8Q9E	335	90.04	6
8Q9E	336	100.0	6
8Q9E	337	100.0	6
8Q9E	338	100.0	6
8Q9E	339	100.0	6
8Q9E	340	100.0	6
8Q9E	341	98.68	6
8Q9E	342	92.88	6
8Q9E	343	96.89	6
8Q9E	344	100.0	6
8Q9E	345	100.0	6
8Q9E	346	100.0	6
8Q9E	347	100.0	6
8Q9E	348	100.0	6
8Q9E	349	100.0	6
8Q9E	350	100.0	6
8Q9E	351	100.0	6
8Q9E	352	100.0	6
8Q9E	353	100.0	6
8Q9E	354	100.0	6
8Q9E	355	100.0	6
8Q9E	356	100.0	6
8Q9E	357	100.0	6
8Q9E	358	100.0	6
8Q9E	359	100.0	6
8Q9E	360	100.0	6
8Q9E	361	100.0	6
8Q9E	362	100.0	6
8Q9E	363	100.0	6
8Q9E	364	82.24	6
8Q9E	365	71.67	6
8Q9E	366	86.33	6
8Q9E	367	100.0	6
8Q9E	368	100.0	6
8Q9E	369	100.0	6
8Q9E	370	100.0	6
8Q9E	371	100.0	6
8Q9E	372	100.0	6
8Q9E	373	100.0	6
8Q9E	374	100.0	6
8Q9E	375	100.0	6
8Q9E	376	100.0	6
8Q9E	377	100.0	6
8Q9E	378	96.84	6
8Q9E	379	34.4	6
8Q9F	309	249.07	6
8Q9F	310	234.9	6
8Q9F	311	225.24	6
8Q9F	312	218.15	6
8Q9F	313	210.14	6
8Q9F	314	194.06	6
8Q9F	315	183.0	6
8Q9F	316	162.97	6
8Q9F	317	140.97	6
8Q9F	318	112.93	6
8Q9F	319	101.49	6
8Q9F	320	90.67	6
8Q9F	321	93.98	6
8Q9F	322	87.48	6
8Q9F	323	89.72	6
8Q9F	324	78.04	6
8Q9F	325	67.1	6
8Q9F	326	63.68	6
8Q9F	327	59.37	6
8Q9F	328	46.72	6
8Q9F	329	48.57	6
8Q9F	330	40.56	6
8Q9F	331	36.71	6
8Q9F	332	32.88	6
8Q9F	333	35.05	6
8Q9F	334	34.22	6
8Q9F	335	35.58	6
8Q9F	336	41.64	6
8Q9F	337	44.01	6
8Q9F	338	50.36	6
8Q9F	339	52.88	6
8Q9F	340	59.8	6
8Q9F	341	69.97	6
8Q9F	342	78.42	6
8Q9F	343	75.5	6
8Q9F	344	69.81	6
8Q9F	345	76.56	6
8Q9F	346	84.24	6
8Q9F	347	80.09	6
8Q9F	348	88.38	6
8Q9F	349	88.87	6
8Q9F	350	67.06	6
8Q9F	351	67.3	6
8Q9F	352	52.63	6
8Q9F	353	43.15	6
8Q9F	354	42.58	6
8Q9F	355	44.9	6
8Q9F	356	49.35	6
8Q9F	357	51.23	6
8Q9F	358	56.18	6
8Q9F	359	47.63	6
8Q9F	360	49.04	6
8Q9F	361	49.21	6
8Q9F	362	45.77	6
8Q9F	363	44.71	6
8Q9F	364	47.69	6
8Q9F	365	62.9	6
8Q9F	366	72.52	6
8Q9F	367	85.97	6
8Q9F	368	84.58	6
8Q9F	369	100.05	6
8Q9F	370	115.51	6
8Q9F	371	132.47	6
8Q9F	372	154.1	6
8Q9F	373	177.4	6
8Q9F	374	172.07	6
8Q9F	375	178.0	6
8Q9F	376	179.4	6
8Q9F	377	210.62	6
8Q9G	306	270.82	6
8Q9G	307	260.06	6
8Q9G	308	257.21	6
8Q9G	309	249.07	6
8Q9G	310	234.9	6
8Q9G	311	225.24	6
8Q9G	312	218.15	6
8Q9G	313	210.14	6
8Q9G	314	194.06	6
8Q9G	315	183.0	6
8Q9G	316	162.97	6
8Q9G	317	140.97	6
8Q9G	318	112.93	6
8Q9G	319	101.49	6
8Q9G	320	90.67	6
8Q9G	321	93.98	6
8Q9G	322	87.48	6
8Q9G	323	89.72	6
8Q9G	324	78.04	6
8Q9G	325	67.1	6
8Q9G	326	63.68	6
8Q9G	327	59.37	6
8Q9G	328	46.72	6
8Q9G	329	48.57	6
8Q9G	330	40.56	6
8Q9G	331	36.71	6
8Q9G	332	32.88	6
8Q9G	333	35.05	6
8Q9G	334	34.22	6
8Q9G	335	35.58	6
8Q9G	336	41.64	6
8Q9G	337	44.01	6
8Q9G	338	50.36	6
8Q9G	339	52.88	6
8Q9G	340	59.8	6
8Q9G	341	69.97	6
8Q9G	342	78.42	6
8Q9G	343	75.5	6
8Q9G	344	69.81	6
8Q9G	345	76.56	6
8Q9G	346	84.24	6
8Q9G	347	80.09	6
8Q9G	348	88.38	6
8Q9G	349	88.87	6
8Q9G	350	67.06	6
8Q9G	351	67.3	6
8Q9G	352	52.63	6
8Q9G	353	43.15	6
8Q9G	354	42.58	6
8Q9G	355	44.9	6
8Q9G	356	49.35	6
8Q9G	357	51.23	6
8Q9G	358	56.18	6
8Q9G	359	47.63	6
8Q9G	360	49.04	6
8Q9G	361	49.21	6
8Q9G	362	45.77	6
8Q9G	363	44.71	6
8Q9G	364	47.69	6
8Q9G	365	62.9	6
8Q9G	366	72.52	6
8Q9G	367	85.97	6
8Q9G	368	84.58	6
8Q9G	369	100.05	6
8Q9G	370	115.51	6
8Q9G	371	132.47	6
8Q9G	372	154.1	6
8Q9G	373	177.4	6
8Q9G	374	172.07	6
8Q9G	375	178.0	6
8Q9G	376	179.4	6
8Q9G	377	210.62	6
8Q9G	378	234.92	6
8Q9H	306	270.82	6
8Q9H	307	260.06	6
8Q9H	308	257.21	6
8Q9H	309	249.07	6
8Q9H	310	234.9	6
8Q9H	311	225.24	6
8Q9H	312	218.15	6
8Q9H	313	210.14	6
8Q9H	314	194.06	6
8Q9H	315	183.0	6
8Q9H	316	162.97	6
8Q9H	317	140.97	6
8Q9H	318	112.93	6
8Q9H	319	101.49	6
8Q9H	320	90.67	6
8Q9H	321	93.98	6
8Q9H	322	87.48	6
8Q9H	323	89.72	6
8Q9H	324	78.04	6
8Q9H	325	67.1	6
8Q9H	326	63.68	6
8Q9H	327	59.37	6
8Q9H	328	46.72	6
8Q9H	329	48.57	6
8Q9H	330	40.56	6
8Q9H	331	36.71	6
8Q9H	332	32.88	6
8Q9H	333	35.05	6
8Q9H	334	34.22	6
8Q9H	335	35.58	6
8Q9H	336	41.64	6
8Q9H	337	44.01	6
8Q9H	338	50.36	6
8Q9H	339	52.88	6
8Q9H	340	59.8	6
8Q9H	341	69.97	6
8Q9H	342	78.42	6
8Q9H	343	75.5	6
8Q9H	344	69.81	6
8Q9H	345	76.56	6
8Q9H	346	84.24	6
8Q9H	347	80.09	6
8Q9H	348	88.38	6
8Q9H	349	88.87	6
8Q9H	350	67.06	6
8Q9H	351	67.3	6
8Q9H	352	52.63	6
8Q9H	353	43.15	6
8Q9H	354	42.58	6
8Q9H	355	44.9	6
8Q9H	356	49.35	6
8Q9H	357	51.23	6
8Q9H	358	56.18	6
8Q9H	359	47.63	6
8Q9H	360	49.04	6
8Q9H	361	49.21	6
8Q9H	362	45.77	6
8Q9H	363	44.71	6
8Q9H	364	47.69	6
8Q9H	365	62.9	6
8Q9H	366	72.52	6
8Q9H	367	85.97	6
8Q9H	368	84.58	6
8Q9H	369	100.05	6
8Q9H	370	115.51	6
8Q9H	371	132.47	6
8Q9H	372	154.1	6
8Q9H	373	177.4	6
8Q9H	374	172.07	6
8Q9H	375	178.0	6
8Q9H	376	179.4	6
8Q9H	377	210.62	6
8Q9H	378	234.92	6
8Q9I	306	270.82	3
8Q9I	307	260.06	3
8Q9I	308	257.21	3
8Q9I	309	249.07	3
8Q9I	310	234.9	3
8Q9I	311	225.24	3
8Q9I	312	218.15	3
8Q9I	313	210.14	3
8Q9I	314	194.06	3
8Q9I	315	183.0	3
8Q9I	316	162.97	3
8Q9I	317	140.97	3
8Q9I	318	112.93	3
8Q9I	319	101.49	3
8Q9I	320	90.67	3
8Q9I	321	93.98	3
8Q9I	322	87.48	3
8Q9I	323	89.72	3
8Q9I	324	78.04	3
8Q9I	325	67.1	3
8Q9I	326	63.68	3
8Q9I	327	59.37	3
8Q9I	328	46.72	3
8Q9I	329	48.57	3
8Q9I	330	40.56	3
8Q9I	331	36.71	3
8Q9I	332	32.88	3
8Q9I	333	35.05	3
8Q9I	334	34.22	3
8Q9I	335	35.58	3
8Q9I	336	41.64	3
8Q9I	337	44.01	3
8Q9I	338	50.36	3
8Q9I	339	52.88	3
8Q9I	340	59.8	3
8Q9I	341	69.97	3
8Q9I	342	78.42	3
8Q9I	343	75.5	3
8Q9I	344	69.81	3
8Q9I	345	76.56	3
8Q9I	346	84.24	3
8Q9I	347	80.09	3
8Q9I	348	88.38	3
8Q9I	349	88.87	3
8Q9I	350	67.06	3
8Q9I	351	67.3	3
8Q9I	352	52.63	3
8Q9I	353	43.15	3
8Q9I	354	42.58	3
8Q9I	355	44.9	3
8Q9I	356	49.35	3
8Q9I	357	51.23	3
8Q9I	358	56.18	3
8Q9I	359	47.63	3
8Q9I	360	49.04	3
8Q9I	361	49.21	3
8Q9I	362	45.77	3
8Q9I	363	44.71	3
8Q9I	364	47.69	3
8Q9I	365	62.9	3
8Q9I	366	72.52	3
8Q9I	367	85.97	3
8Q9I	368	84.58	3
8Q9I	369	100.05	3
8Q9I	370	115.51	3
8Q9I	371	132.47	3
8Q9I	372	154.1	3
8Q9I	373	177.4	3
8Q9I	374	172.07	3
8Q9I	375	178.0	3
8Q9I	376	179.4	3
8Q9I	377	210.62	3
8Q9I	378	234.92	3
8Q9J	306	270.82	6
8Q9J	307	260.06	6
8Q9J	308	257.21	6
8Q9J	309	249.07	6
8Q9J	310	234.9	6
8Q9J	311	225.24	6
8Q9J	312	218.15	6
8Q9J	313	210.14	6
8Q9J	314	194.06	6
8Q9J	315	183.0	6
8Q9J	316	162.97	6
8Q9J	317	140.97	6
8Q9J	318	112.93	6
8Q9J	319	101.49	6
8Q9J	320	90.67	6
8Q9J	321	93.98	6
8Q9J	322	87.48	6
8Q9J	323	89.72	6
8Q9J	324	78.04	6
8Q9J	325	67.1	6
8Q9J	326	63.68	6
8Q9J	327	59.37	6
8Q9J	328	46.72	6
8Q9J	329	48.57	6
8Q9J	330	40.56	6
8Q9J	331	36.71	6
8Q9J	332	32.88	6
8Q9J	333	35.05	6
8Q9J	334	34.22	6
8Q9J	335	35.58	6
8Q9J	336	41.64	6
8Q9J	337	44.01	6
8Q9J	338	50.36	6
8Q9J	339	52.88	6
8Q9J	340	59.8	6
8Q9J	341	69.97	6
8Q9J	342	78.42	6
8Q9J	343	75.5	6
8Q9J	344	69.81	6
8Q9J	345	76.56	6
8Q9J	346	84.24	6
8Q9J	347	80.09	6
8Q9J	348	88.38	6
8Q9J	349	88.87	6
8Q9J	350	67.06	6
8Q9J	351	67.3	6
8Q9J	352	52.63	6
8Q9J	353	43.15	6
8Q9J	354	42.58	6
8Q9J	355	44.9	6
8Q9J	356	49.35	6
8Q9J	357	51.23	6
8Q9J	358	56.18	6
8Q9J	359	47.63	6
8Q9J	360	49.04	6
8Q9J	361	49.21	6
8Q9J	362	45.77	6
8Q9J	363	44.71	6
8Q9J	364	47.69	6
8Q9J	365	62.9	6
8Q9J	366	72.52	6
8Q9J	367	85.97	6
8Q9J	368	84.58	6
8Q9J	369	100.05	6
8Q9J	370	115.51	6
8Q9J	371	132.47	6
8Q9J	372	154.1	6
8Q9J	373	177.4	6
8Q9J	374	172.07	6
8Q9J	375	178.0	6
8Q9J	376	179.4	6
8Q9J	377	210.62	6
8Q9J	378	234.92	6
8Q9K	308	76.56	6
8Q9K	309	72.4	6
8Q9K	310	69.33	6
8Q9K	311	65.39	6
8Q9K	312	63.67	6
8Q9K	313	61.45	6
8Q9K	314	58.83	6
8Q9K	315	56.8	6
8Q9K	316	55.49	6
8Q9K	317	53.46	6
8Q9K	318	52.45	6
8Q9K	319	52.09	6
8Q9K	320	49.98	6
8Q9K	321	47.86	6
8Q9K	322	47.04	6
8Q9K	323	45.03	6
8Q9K	324	43.18	6
8Q9K	325	41.17	6
8Q9K	326	37.6	6
8Q9K	327	34.69	6
8Q9K	328	33.92	6
8Q9K	329	32.69	6
8Q9K	330	32.07	6
8Q9K	331	31.44	6
8Q9K	332	31.12	6
8Q9K	333	30.86	6
8Q9K	334	30.37	6
8Q9K	335	30.75	6
8Q9K	336	31.95	6
8Q9K	337	34.06	6
8Q9K	338	37.66	6
8Q9K	339	39.59	6
8Q9K	340	44.07	6
8Q9K	341	48.72	6
8Q9K	342	51.37	6
8Q9K	343	50.94	6
8Q9K	344	50.12	6
8Q9K	345	49.93	6
8Q9K	346	48.05	6
8Q9K	347	48.31	6
8Q9K	348	45.92	6
8Q9K	349	44.03	6
8Q9K	350	42.6	6
8Q9K	351	39.71	6
8Q9K	352	38.51	6
8Q9K	353	36.97	6
8Q9K	354	37.68	6
8Q9K	355	36.7	6
8Q9K	356	35.6	6
8Q9K	357	34.82	6
8Q9K	358	35.6	6
8Q9K	359	32.99	6
8Q9K	360	31.23	6
8Q9K	361	32.74	6
8Q9K	362	34.42	6
8Q9K	363	35.84	6
8Q9K	364	37.93	6
8Q9K	365	41.42	6
8Q9K	366	43.68	6
8Q9K	367	47.09	6
8Q9K	368	49.21	6
8Q9K	369	51.15	6
8Q9K	370	53.8	6
8Q9K	371	55.47	6
8Q9K	372	58.6	6
8Q9K	373	61.89	6
8Q9K	374	64.71	6
8Q9K	375	69.21	6
8Q9L	306	270.82	9
8Q9L	307	260.06	9
8Q9L	308	257.21	9
8Q9L	309	249.07	9
8Q9L	310	234.9	9
8Q9L	311	225.24	9
8Q9L	312	218.15	9
8Q9L	313	210.14	9
8Q9L	314	194.06	9
8Q9L	315	183.0	9
8Q9L	316	162.97	9
8Q9L	317	140.97	9
8Q9L	318	112.93	9
8Q9L	319	101.49	9
8Q9L	320	90.67	9
8Q9L	321	93.98	9
8Q9L	322	87.48	9
8Q9L	323	89.72	9
8Q9L	324	78.04	9
8Q9L	325	67.1	9
8Q9L	326	63.68	9
8Q9L	327	59.37	9
8Q9L	328	46.72	9
8Q9L	329	48.57	9
8Q9L	330	40.56	9
8Q9L	331	36.71	9
8Q9L	332	32.88	9
8Q9L	333	35.05	9
8Q9L	334	34.22	9
8Q9L	335	35.58	9
8Q9L	336	41.64	9
8Q9L	337	44.01	9
8Q9L	338	50.36	9
8Q9L	339	52.88	9
8Q9L	340	59.8	9
8Q9L	341	69.97	9
8Q9L	342	78.42	9
8Q9L	343	75.5	9
8Q9L	344	69.81	9
8Q9L	345	76.56	9
8Q9L	346	84.24	9
8Q9L	347	80.09	9
8Q9L	348	88.38	9
8Q9L	349	88.87	9
8Q9L	350	67.06	9
8Q9L	351	67.3	9
8Q9L	352	52.63	9
8Q9L	353	43.15	9
8Q9L	354	42.58	9
8Q9L	355	44.9	9
8Q9L	356	49.35	9
8Q9L	357	51.23	9
8Q9L	358	56.18	9
8Q9L	359	47.63	9
8Q9L	360	49.04	9
8Q9L	361	49.21	9
8Q9L	362	45.77	9
8Q9L	363	44.71	9
8Q9L	364	47.69	9
8Q9L	365	62.9	9
8Q9L	366	72.52	9
8Q9L	367	85.97	9
8Q9L	368	84.58	9
8Q9L	369	100.05	9
8Q9L	370	115.51	9
8Q9L	371	132.47	9
8Q9L	372	154.1	9
8Q9L	373	177.4	9
8Q9L	374	172.07	9
8Q9L	375	178.0	9
8Q9L	376	179.4	9
8Q9L	377	210.62	9
8Q9L	378	234.92	9
8Q9M	305	264.12	6
8Q9M	306	270.82	6
8Q9M	307	260.06	6
8Q9M	308	257.21	6
8Q9M	309	249.07	6
8Q9M	310	234.9	6
8Q9M	311	225.24	6
8Q9M	312	218.15	6
8Q9M	313	210.14	6
8Q9M	314	194.06	6
8Q9M	315	183.0	6
8Q9M	316	162.97	6
8Q9M	317	140.97	6
8Q9M	318	112.93	6
8Q9M	319	101.49	6
8Q9M	320	90.67	6
8Q9M	321	93.98	6
8Q9M	322	87.48	6
8Q9M	323	89.72	6
8Q9M	324	78.04	6
8Q9M	325	67.1	6
8Q9M	326	63.68	6
8Q9M	327	59.37	6
8Q9M	328	46.72	6
8Q9M	329	48.57	6
8Q9M	330	40.56	6
8Q9M	331	36.71	6
8Q9M	332	32.88	6
8Q9M	333	35.05	6
8Q9M	334	34.22	6
8Q9M	335	35.58	6
8Q9M	336	41.64	6
8Q9M	337	44.01	6
8Q9M	338	50.36	6
8Q9M	339	52.88	6
8Q9M	340	59.8	6
8Q9M	341	69.97	6
8Q9M	342	78.42	6
8Q9M	343	75.5	6
8Q9M	344	69.81	6
8Q9M	345	76.56	6
8Q9M	346	84.24	6
8Q9M	347	80.09	6
8Q9M	348	88.38	6
8Q9M	349	88.87	6
8Q9M	350	67.06	6
8Q9M	351	67.3	6
8Q9M	352	52.63	6
8Q9M	353	43.15	6
8Q9M	354	42.58	6
8Q9M	355	44.9	6
8Q9M	356	49.35	6
8Q9M	357	51.23	6
8Q9M	358	56.18	6
8Q9M	359	47.63	6
8Q9M	360	49.04	6
8Q9M	361	49.21	6
8Q9M	362	45.77	6
8Q9M	363	44.71	6
8Q9M	364	47.69	6
8Q9M	365	62.9	6
8Q9M	366	72.52	6
8Q9M	367	85.97	6
8Q9M	368	84.58	6
8Q9M	369	100.05	6
8Q9M	370	115.51	6
8Q9M	371	132.47	6
8Q9M	372	154.1	6
8Q9M	373	177.4	6
8Q9M	374	172.07	6
8Q9M	375	178.0	6
8Q9M	376	179.4	6
8Q9M	377	210.62	6
8Q9M	378	234.92	6
8Q9M	379	240.99	6
8Q9O	305	264.12	6
8Q9O	306	270.82	6
8Q9O	307	260.06	6
8Q9O	308	257.21	6
8Q9O	309	249.07	6
8Q9O	310	234.9	6
8Q9O	311	225.24	6
8Q9O	312	218.15	6
8Q9O	313	210.14	6
8Q9O	314	194.06	6
8Q9O	315	183.0	6
8Q9O	316	162.97	6
8Q9O	317	140.97	6
8Q9O	318	112.93	6
8Q9O	319	101.49	6
8Q9O	320	90.67	6
8Q9O	321	93.98	6
8Q9O	322	87.48	6
8Q9O	323	89.72	6
8Q9O	324	78.04	6
8Q9O	325	67.1	6
8Q9O	326	63.68	6
8Q9O	327	59.37	6
8Q9O	328	46.72	6
8Q9O	329	48.57	6
8Q9O	330	40.56	6
8Q9O	331	36.71	6
8Q9O	332	32.88	6
8Q9O	333	35.05	6
8Q9O	334	34.22	6
8Q9O	335	35.58	6
8Q9O	336	41.64	6
8Q9O	337	44.01	6
8Q9O	338	50.36	6
8Q9O	339	52.88	6
8Q9O	340	59.8	6
8Q9O	341	69.97	6
8Q9O	342	78.42	6
8Q9O	343	75.5	6
8Q9O	344	69.81	6
8Q9O	345	76.56	6
8Q9O	346	84.24	6
8Q9O	347	80.09	6
8Q9O	348	88.38	6
8Q9O	349	88.87	6
8Q9O	350	67.06	6
8Q9O	351	67.3	6
8Q9O	352	52.63	6
8Q9O	353	43.15	6
8Q9O	354	42.58	6
8Q9O	355	44.9	6
8Q9O	356	49.35	6
8Q9O	357	51.23	6
8Q9O	358	56.18	6
8Q9O	359	47.63	6
8Q9O	360	49.04	6
8Q9O	361	49.21	6
8Q9O	362	45.77	6
8Q9O	363	44.71	6
8Q9O	364	47.69	6
8Q9O	365	62.9	6
8Q9O	366	72.52	6
8Q9O	367	85.97	6
8Q9O	368	84.58	6
8Q9O	369	100.05	6
8Q9O	370	115.51	6
8Q9O	371	132.47	6
8Q9O	372	154.1	6
8Q9O	373	177.4	6
8Q9O	374	172.07	6
8Q9O	375	178.0	6
8Q9O	376	179.4	6
8Q9O	377	210.62	6
8Q9O	378	234.92	6
8Q9O	379	240.99	6
8QCP	304	40.905	6
8QCP	305	62.955	6
8QCP	306	88.04	6
8QCP	307	76.4	6
8QCP	308	100.0	6
8QCP	309	100.0	6
8QCP	310	98.755	6
8QCP	311	96.075	6
8QCP	312	99.365	6
8QCP	313	98.25	6
8QCP	314	95.26	6
8QCP	315	70.12	6
8QCP	316	97.845	6
8QCP	317	100.0	6
8QCP	318	100.0	6
8QCP	319	100.0	6
8QCP	320	100.0	6
8QCP	321	100.0	6
8QCP	322	92.485	6
8QCP	323	75.87	6
8QCP	324	97.79	6
8QCP	325	100.0	6
8QCP	326	99.77	6
8QCP	327	100.0	6
8QCP	328	100.0	6
8QCP	329	100.0	6
8QCP	330	94.545	6
8QCP	331	85.885	6
8QCP	332	55.495	6
8QCP	333	88.895	6
8QCP	334	95.23	6
8QCP	335	98.965	6
8QCP	336	100.0	6
8QCP	337	100.0	6
8QCP	338	100.0	6
8QCP	339	100.0	6
8QCP	340	100.0	6
8QCP	341	100.0	6
8QCP	342	96.395	6
8QCP	343	98.26	6
8QCP	344	100.0	6
8QCP	345	100.0	6
8QCP	346	100.0	6
8QCP	347	91.86	6
8QCP	348	63.745	6
8QCP	349	96.14	6
8QCP	350	100.0	6
8QCP	351	100.0	6
8QCP	352	100.0	6
8QCP	353	100.0	6
8QCP	354	100.0	6
8QCP	355	98.515	6
8QCP	356	98.72	6
8QCP	357	100.0	6
8QCP	358	100.0	6
8QCP	359	100.0	6
8QCP	360	100.0	6
8QCP	361	100.0	6
8QCP	362	100.0	6
8QCP	363	100.0	6
8QCP	364	89.105	6
8QCP	365	83.015	6
8QCP	366	82.66	6
8QCP	367	93.585	6
8QCP	368	97.15	6
8QCP	369	100.0	6
8QCP	370	100.0	6
8QCP	371	100.0	6
8QCP	372	100.0	6
8QCP	373	100.0	6
8QCP	374	100.0	6
8QCP	375	100.0	6
8QCP	376	100.0	6
8QCP	377	98.34	6
8QCP	378	91.975	6
8QCP	379	54.76	3
8QCR	308	97.97	3
8QCR	309	87.47	3
8QCR	310	87.27	3
8QCR	311	89.86	3
8QCR	312	100.0	3
8QCR	313	100.0	3
8QCR	314	100.0	3
8QCR	315	99.9	3
8QCR	316	100.0	3
8QCR	317	100.0	3
8QCR	318	100.0	3
8QCR	319	100.0	3
8QCR	320	100.0	3
8QCR	321	100.0	3
8QCR	322	99.52	3
8QCR	323	83.94	3
8QCR	324	97.0	3
8QCR	325	100.0	3
8QCR	326	97.79	3
8QCR	327	100.0	3
8QCR	328	100.0	3
8QCR	329	100.0	3
8QCR	330	87.81	3
8QCR	331	96.75	3
8QCR	332	97.88	3
8QCR	333	82.85	3
8QCR	334	89.51	3
8QCR	335	97.67	3
8QCR	336	100.0	3
8QCR	337	100.0	3
8QCR	338	100.0	3
8QCR	339	100.0	3
8QCR	340	100.0	3
8QCR	341	100.0	3
8QCR	342	97.56	3
8QCR	343	100.0	3
8QCR	344	100.0	3
8QCR	345	100.0	3
8QCR	346	100.0	3
8QCR	347	100.0	3
8QCR	348	100.0	3
8QCR	349	76.81	3
8QCR	350	100.0	3
8QCR	351	100.0	3
8QCR	352	100.0	3
8QCR	353	100.0	3
8QCR	354	100.0	3
8QCR	355	100.0	3
8QCR	356	100.0	3
8QCR	357	100.0	3
8QCR	358	100.0	3
8QCR	359	100.0	3
8QCR	360	100.0	3
8QCR	361	100.0	3
8QCR	362	100.0	3
8QCR	363	100.0	3
8QCR	364	88.72	3
8QCR	365	72.73	3
8QCR	366	80.61	3
8QCR	367	100.0	3
8QCR	368	100.0	3
8QCR	369	100.0	3
8QCR	370	100.0	3
8QCR	371	100.0	3
8QCR	372	100.0	3
8QCR	373	100.0	3
8QCR	374	100.0	3
8QCR	375	94.56	3
8QJ1	13	104.46	15
8QJ1	14	104.8	15
8QJ1	15	99.2	15
8QJ1	16	97.47	15
8QJ1	17	87.13	15
8QJ1	18	96.95	15
8QJ1	19	88.25	15
8QJ1	20	80.67	15
8QJ1	21	71.0	15
8QJ1	22	61.48	15
8QJ1	23	55.94	15
8QJ1	24	59.48	15
8QJ1	25	62.7	15
8QJ1	26	65.4	15
8QJ1	27	53.62	15
8QJ1	28	58.08	15
8QJ1	29	40.64	15
8QJ1	30	38.69	15
8QJ1	31	31.35	15
8QJ1	32	30.02	15
8QJ1	33	30.14	15
8QJ1	34	22.28	15
8QJ1	35	33.14	15
8QJ1	36	40.27	15
8QJ1	37	41.55	15
8QJ1	38	50.98	15
8QJ1	39	64.58	15
8QJ1	40	67.6	15
8QJ1	41	87.02	15
8QJ1	42	90.5	15
8QJ1	43	83.18	15
8QJ1	44	78.93	15
8QJ1	45	62.01	15
8QJ1	46	41.73	15
8QJ1	47	37.25	15
8QJ1	48	27.1	15
8QJJ	305	264.12	6
8QJJ	306	270.82	6
8QJJ	307	260.06	6
8QJJ	308	257.21	6
8QJJ	309	249.07	6
8QJJ	310	234.9	6
8QJJ	311	225.24	6
8QJJ	312	218.15	6
8QJJ	313	210.14	6
8QJJ	314	194.06	6
8QJJ	315	183.0	6
8QJJ	316	162.97	6
8QJJ	317	140.97	6
8QJJ	318	112.93	6
8QJJ	319	101.49	6
8QJJ	320	90.67	6
8QJJ	321	93.98	6
8QJJ	322	87.48	6
8QJJ	323	89.72	6
8QJJ	324	78.04	6
8QJJ	325	67.1	6
8QJJ	326	63.68	6
8QJJ	327	59.37	6
8QJJ	328	46.72	6
8QJJ	329	48.57	6
8QJJ	330	40.56	6
8QJJ	331	36.71	6
8QJJ	332	32.88	6
8QJJ	333	35.05	6
8QJJ	334	34.22	6
8QJJ	335	35.58	6
8QJJ	336	41.64	6
8QJJ	337	44.01	6
8QJJ	338	50.36	6
8QJJ	339	52.88	6
8QJJ	340	59.8	6
8QJJ	341	69.97	6
8QJJ	342	78.42	6
8QJJ	343	75.5	6
8QJJ	344	69.81	6
8QJJ	345	76.56	6
8QJJ	346	84.24	6
8QJJ	347	80.09	6
8QJJ	348	88.38	6
8QJJ	349	88.87	6
8QJJ	350	67.06	6
8QJJ	351	67.3	6
8QJJ	352	52.63	6
8QJJ	353	43.15	6
8QJJ	354	42.58	6
8QJJ	355	44.9	6
8QJJ	356	49.35	6
8QJJ	357	51.23	6
8QJJ	358	56.18	6
8QJJ	359	47.63	6
8QJJ	360	49.04	6
8QJJ	361	49.21	6
8QJJ	362	45.77	6
8QJJ	363	44.71	6
8QJJ	364	47.69	6
8QJJ	365	62.9	6
8QJJ	366	72.52	6
8QJJ	367	85.97	6
8QJJ	368	84.58	6
8QJJ	369	100.05	6
8QJJ	370	115.51	6
8QJJ	371	132.47	6
8QJJ	372	154.1	6
8QJJ	373	177.4	6
8QJJ	374	172.07	6
8QJJ	375	178.0	6
8QJJ	376	179.4	6
8QJJ	377	210.62	6
8QJJ	378	234.92	6
8QJJ	379	240.99	6
8QPZ	42	98.312	12
8QPZ	43	94.526	12
8QPZ	44	90.398	12
8QPZ	45	80.153	12
8QPZ	46	74.874	12
8QPZ	47	64.877	12
8QPZ	48	58.415	12
8QPZ	49	51.751	12
8QPZ	50	50.996	12
8QPZ	51	46.547	12
8QPZ	52	42.963	12
8QPZ	53	41.014	12
8QPZ	54	41.786	12
8QPZ	55	44.709	12
8QPZ	56	50.497	12
8QPZ	57	59.56	12
8QPZ	58	60.872	12
8QPZ	59	66.645	12
8QPZ	60	69.955	12
8QPZ	61	72.604	12
8QPZ	62	70.037	12
8QPZ	63	65.332	12
8QPZ	64	66.644	12
8QPZ	65	68.998	12
8QPZ	66	68.767	12
8QPZ	67	70.611	12
8QPZ	68	69.301	12
8QPZ	69	68.128	12
8QPZ	70	67.567	12
8QPZ	71	65.494	12
8QPZ	72	67.373	12
8QPZ	73	66.88	12
8QPZ	74	65.427	12
8QPZ	75	67.188	12
8QPZ	76	64.908	12
8QPZ	77	63.317	12
8QPZ	78	65.162	12
8QPZ	79	65.921	12
8QPZ	80	71.329	12
8QPZ	81	74.938	12
8QPZ	82	80.386	12
8QPZ	83	80.4	12
8QPZ	84	78.716	12
8QPZ	85	76.964	12
8QPZ	86	71.993	12
8QPZ	87	69.263	12
8QPZ	88	67.472	12
8QPZ	89	66.072	12
8QPZ	90	65.45	12
8QPZ	91	67.927	12
8QPZ	92	68.812	12
8QUT	22	59.658	5
8QUT	23	75.034	5
8QUT	24	78.324	5
8QUT	25	85.356	5
8QUT	26	91.426	5
8QUT	27	104.72	5
8QUT	28	110.522	5
8QUT	29	113.752	5
8QUT	30	119.112	5
8QUT	31	120.574	5
8QUT	32	121.62	5
8QUT	33	120.164	5
8QUT	34	123.272	5
8QUT	50	113.564	5
8QUT	51	113.262	5
8QUT	52	106.746	5
8QUT	53	102.15	5
8QUT	54	91.546	5
8QUT	55	69.844	5
8QUT	56	60.512	5
8QUT	57	59.47	5
8QUT	58	46.608	5
8QUT	59	50.988	5
8QUT	60	50.566	5
8QUT	61	59.912	5
8QUT	62	50.052	5
8QUT	63	50.622	5
8QUT	64	52.424	5
8QUT	65	64.088	5
8QUT	66	59.104	5
8QUT	67	65.038	5
8QUT	68	59.594	5
8QUT	69	52.696	5
8QUT	70	58.312	5
8QUT	71	49.684	5
8QUT	72	43.15	5
8QUT	73	46.254	5
8QUT	74	48.82	5
8QUT	75	40.55	5
8QUT	76	49.828	5
8QUT	77	53.624	5
8QUT	78	55.954	5
8QUT	79	46.968	5
8QUT	80	52.254	5
8QUT	81	54.15	5
8QUT	82	48.652	5
8QUT	83	40.95	5
8QUT	84	34.112	5
8QUT	85	36.622	5
8QUT	86	44.822	5
8QUT	87	65.274	5
8QUT	88	62.184	5
8QUT	89	68.198	5
8QUT	90	72.298	5
8QUT	91	73.452	5
8QUT	92	75.912	5
8QUT	93	70.638	5
8QUT	94	71.854	5
8QUT	95	75.256	5
8QUT	96	64.178	5
8QUT	97	64.48	5
8QUT	98	68.71	5
8QUT	99	70.714	5
8QUT	100	85.882	5
8QUT	101	94.002	5
8QUT	102	98.832	5
8QUT	103	102.398	5
8QUT	104	99.758	5
8QUT	105	83.702	5
8QUT	106	81.148	5
8QUT	107	74.572	5
8QUT	108	57.08	5
8QUT	109	46.468	5
8QUT	110	47.846	5
8QUT	111	49.798	5
8QUT	112	53.036	5
8QUT	113	63.472	5
8QUT	114	57.148	5
8QUT	115	65.108	5
8QUT	116	64.064	5
8QUT	117	59.076	5
8QUT	118	49.442	5
8QUT	119	65.006	5
8QUT	120	60.73	5
8QUT	121	50.322	5
8QUT	122	38.956	5
8QUT	123	44.224	5
8QUT	124	35.542	5
8QUT	125	45.45	5
8QUT	126	38.806	5
8QUT	127	47.928	5
8QUT	128	55.37	5
8QV8	26	76.88	5
8QV8	27	99.348	5
8QV8	28	82.232	5
8QV8	29	74.958	5
8QV8	30	70.562	5
8QV8	31	74.516	5
8QV8	32	82.54	5
8QV8	33	78.164	5
8QV8	34	89.356	5
8QV8	35	87.576	5
8QV8	36	85.942	5
8QV8	37	78.016	5
8QV8	38	80.418	5
8QV8	39	81.426	5
8QV8	40	84.212	5
8QV8	41	78.822	5
8QV8	42	76.976	5
8QV8	43	77.502	5
8QV8	44	69.734	5
8QV8	45	75.646	5
8QV8	46	68.606	5
8QV8	47	85.87	5
8QV8	48	91.522	5
8QV8	49	96.82	5
8QV8	50	97.168	5
8QV8	51	86.552	5
8QV8	52	77.018	5
8QV8	53	69.404	5
8QV8	54	64.388	5
8QV8	55	53.518	5
8QV8	56	49.344	5
8QV8	57	52.276	5
8QV8	58	62.104	5
8QV8	59	66.21	5
8QV8	60	73.504	5
8QV8	61	72.782	5
8QV8	62	82.128	5
8QV8	63	91.21	5
8QV8	64	109.824	5
8QV8	65	120.49	5
8QV8	66	139.402	5
8QV8	70	123.34	5
8QV8	71	106.266	5
8QV8	72	94.034	5
8QV8	73	85.844	5
8QV8	74	70.672	5
8QV8	75	66.252	5
8QV8	76	68.538	5
8QV8	77	65.254	5
8QV8	78	67.06	5
8QV8	79	76.03	5
8QV8	80	89.034	5
8QV8	81	99.144	5
8QV8	82	81.8	5
8QV8	83	92.134	5
8QV8	84	83.59	5
8QV8	85	98.264	5
8QV8	86	99.722	5
8QV8	87	96.782	5
8QV8	88	89.082	5
8QV8	89	75.282	5
8QV8	90	76.958	5
8QV8	91	73.622	5
8QV8	92	74.878	5
8QV8	93	79.414	5
8QV8	94	78.24	5
8QV8	95	69.38	5
8QV8	96	69.566	5
8QV8	97	69.956	5
8QV8	98	71.486	5
8QV8	99	84.778	5
8QV8	100	90.378	5
8QVP	19	74.08	10
8QVP	20	74.75	10
8QVP	21	73.69	10
8QVP	22	72.52	10
8QVP	23	72.34	10
8QVP	24	73.1	10
8QVP	25	72.68	10
8QVP	26	73.18	10
8QVP	27	72.96	10
8QVP	28	74.66	10
8QVP	29	77.93	10
8QVP	30	79.41	10
8QVP	31	77.8	10
8QVP	32	78.27	10
8QVP	33	77.86	10
8QVP	34	77.2	10
8QVP	35	75.79	10
8QVP	36	74.76	10
8QVP	37	74.33	10
8QVP	38	76.06	10
8QVP	39	75.41	10
8QVP	40	75.44	10
8QVP	41	75.52	10
8QVP	42	75.57	10
8QVP	43	75.17	10
8QVP	44	74.65	10
8QVP	45	75.15	10
8QVP	46	75.56	10
8QVP	47	74.47	10
8QVP	48	70.93	10
8QVQ	24	77.66	10
8QVQ	25	75.63	10
8QVQ	26	65.285	10
8QVQ	27	48.49	10
8QVQ	28	38.84	10
8QVQ	29	44.785	10
8QVQ	30	43.313	15
8QVQ	31	47.407	15
8QVQ	32	44.983	15
8QVQ	33	43.79	15
8QVQ	34	41.05	15
8QVQ	35	41.917	15
8QVQ	36	42.03	15
8QVQ	37	42.087	15
8QVQ	38	46.107	15
8QVQ	39	50.75	15
8QVQ	40	52.77	15
8QVQ	41	57.917	15
8QVQ	42	63.46	15
8QVQ	43	63.507	15
8QVQ	44	70.503	15
8QVQ	45	63.317	15
8QVQ	46	68.89	15
8QVQ	47	68.937	15
8QVQ	48	62.987	15
8QVR	13	90.8	5
8QVR	14	93.76	5
8QVR	15	90.6	5
8QVR	16	84.35	5
8QVR	17	78.58	5
8QVR	18	81.23	5
8QVR	19	73.82	5
8QVR	20	70.04	5
8QVR	21	63.39	5
8QVR	22	65.5	5
8QVR	23	64.37	5
8QVR	24	57.17	10
8QVR	25	59.27	10
8QVR	26	58.18	10
8QVR	27	57.545	10
8QVR	28	54.605	10
8QVR	29	57.57	10
8QVR	30	55.845	10
8QVR	31	59.1	10
8QVR	32	59.83	10
8QVR	33	60.72	10
8QVR	34	61.335	10
8QVR	35	62.405	10
8QVR	36	62.625	10
8QVR	37	62.665	10
8QVR	38	62.3	10
8QVR	39	64.63	10
8QVR	40	63.82	10
8QVR	41	65.34	10
8QVR	42	64.53	10
8QVR	43	63.13	10
8QVR	44	63.98	10
8QVR	45	63.03	10
8QVR	46	63.835	10
8QVR	47	64.375	10
8QVR	48	63.14	10
8QX9	304	30.0	12
8QX9	305	30.0	12
8QX9	306	30.0	12
8QX9	307	30.0	12
8QX9	308	30.0	12
8QX9	309	30.0	12
8QX9	310	30.0	12
8QX9	311	30.0	12
8QX9	312	30.0	12
8QX9	313	30.0	12
8QX9	314	30.0	12
8QX9	315	30.0	12
8QX9	316	30.0	12
8QX9	317	30.0	12
8QX9	318	30.0	12
8QX9	319	30.0	12
8QX9	320	30.0	12
8QX9	321	30.0	12
8QX9	322	30.0	12
8QX9	323	30.0	12
8QX9	324	30.0	12
8QX9	325	30.0	12
8QX9	326	30.0	12
8QX9	327	30.0	12
8QX9	328	30.0	12
8QX9	329	30.0	12
8QX9	330	30.0	12
8QX9	331	30.0	12
8QX9	332	30.0	12
8QX9	333	30.0	12
8QX9	334	30.0	12
8QX9	335	30.0	12
8QX9	336	30.0	12
8QX9	337	30.0	12
8QX9	338	30.0	12
8QX9	339	30.0	12
8QX9	340	30.0	12
8QX9	341	30.0	12
8QX9	342	30.0	12
8QX9	343	30.0	12
8QX9	344	30.0	12
8QX9	345	30.0	12
8QX9	346	30.0	12
8QX9	347	30.0	12
8QX9	348	30.0	12
8QXA	304	30.0	12
8QXA	305	30.0	12
8QXA	306	30.0	12
8QXA	307	30.0	12
8QXA	308	30.0	12
8QXA	309	30.0	12
8QXA	310	30.0	12
8QXA	311	30.0	12
8QXA	312	30.0	12
8QXA	313	30.0	12
8QXA	314	30.0	12
8QXA	315	30.0	12
8QXA	316	30.0	12
8QXA	317	30.0	12
8QXA	318	30.0	12
8QXA	319	30.0	12
8QXA	320	30.0	12
8QXA	321	30.0	12
8QXA	322	30.0	12
8QXA	323	30.0	12
8QXA	324	30.0	12
8QXA	325	30.0	12
8QXA	326	30.0	12
8QXA	327	30.0	12
8QXA	328	30.0	12
8QXA	329	30.0	12
8QXA	330	30.0	12
8QXA	331	30.0	12
8QXA	332	30.0	12
8QXA	333	30.0	12
8QXA	334	30.0	12
8QXA	335	30.0	12
8QXA	336	30.0	12
8QXA	337	30.0	12
8QXA	338	30.0	12
8QXA	339	30.0	12
8QXA	340	30.0	12
8QXA	341	30.0	12
8QXA	342	30.0	12
8QXA	343	30.0	12
8QXA	344	30.0	12
8QXA	345	30.0	12
8QXA	346	30.0	12
8QXA	347	30.0	12
8QXA	348	30.0	12
8QXB	304	30.0	18
8QXB	305	30.0	18
8QXB	306	30.0	18
8QXB	307	30.0	18
8QXB	308	30.0	18
8QXB	309	30.0	18
8QXB	310	30.0	18
8QXB	311	30.0	18
8QXB	312	30.0	18
8QXB	313	30.0	18
8QXB	314	30.0	18
8QXB	315	30.0	18
8QXB	316	30.0	18
8QXB	317	30.0	18
8QXB	318	30.0	18
8QXB	319	30.0	18
8QXB	320	30.0	18
8QXB	321	30.0	18
8QXB	322	30.0	18
8QXB	323	30.0	18
8QXB	324	30.0	18
8QXB	325	30.0	18
8QXB	326	30.0	18
8QXB	327	30.0	18
8QXB	328	30.0	18
8QXB	329	30.0	18
8QXB	330	30.0	18
8QXB	331	30.0	18
8QXB	332	30.0	18
8QXB	333	30.0	18
8QXB	334	30.0	18
8QXB	335	30.0	18
8QXB	336	30.0	18
8QXB	337	30.0	18
8QXB	338	30.0	18
8QXB	339	30.0	18
8QXB	340	30.0	18
8QXB	341	30.0	18
8QXB	342	30.0	18
8QXB	343	30.0	18
8QXB	344	30.0	18
8QXB	345	30.0	18
8QXB	346	30.0	18
8QXB	347	30.0	18
8QXB	348	30.0	18
8R1S	25	156.41	5
8R1S	26	160.35	5
8R1S	27	120.08	10
8R1S	28	112.575	10
8R1S	29	99.53	10
8R1S	30	103.98	10
8R1S	31	100.195	10
8R1S	32	97.23	10
8R1S	33	104.51	10
8R1S	34	111.39	10
8R1S	35	101.545	10
8R1S	36	98.76	10
8R1S	37	97.445	10
8R1S	38	91.97	10
8R1S	39	82.325	10
8R1S	40	84.58	10
8R1S	41	87.575	10
8R1S	42	88.73	10
8R1S	43	86.46	10
8R1S	44	81.97	10
8R3T	273	111.35	6
8R3T	274	104.59	6
8R3T	275	94.15	6
8R3T	276	78.0	6
8R3T	277	70.16	6
8R3T	278	67.55	6
8R3T	279	64.91	6
8R3T	280	61.09	6
8R3T	281	67.09	6
8R3T	282	57.34	6
8R3T	283	73.05	6
8R3T	284	66.17	6
8R3T	285	61.13	6
8R3T	286	55.91	6
8R3T	287	59.46	6
8R3T	288	57.69	6
8R3T	289	71.47	6
8R3T	290	69.93	6
8R3T	291	80.77	6
8R3T	292	89.53	6
8R3T	293	84.14	6
8R3T	294	91.3	6
8R3T	295	94.71	6
8R3T	296	74.23	6
8R3T	297	74.09	6
8R3T	298	83.31	6
8R3T	299	90.03	6
8R3T	300	98.87	6
8R3T	301	110.29	6
8R3T	302	111.61	6
8R3T	303	127.34	6
8R3T	304	115.91	6
8R3T	305	102.67	6
8R3T	306	82.46	6
8R3T	307	71.11	6
8R3T	308	67.25	6
8R3T	309	70.74	6
8R3T	310	78.4	6
8R3T	311	86.0	6
8R3T	312	97.01	6
8R3T	313	99.24	6
8R3T	314	91.46	6
8R3T	315	93.35	6
8R3T	316	96.36	6
8R3T	317	75.77	6
8R3T	318	74.47	6
8R3T	319	67.32	6
8R3T	320	67.92	6
8R3T	321	61.16	6
8R3T	322	70.46	6
8R3T	323	53.39	6
8R3T	324	56.0	6
8R3T	325	55.94	6
8R3T	326	52.33	6
8R3T	327	57.13	6
8R3T	328	48.44	6
8R3T	329	56.88	6
8R3T	330	70.55	6
8R3T	331	87.39	6
8R47	13	30.0	6
8R47	14	36.82	6
8R47	15	30.95	6
8R47	16	16.56	6
8R47	17	23.45	6
8R47	18	17.48	6
8R47	19	15.66	6
8R47	20	6.96	6
8R47	21	24.18	6
8R47	22	23.82	6
8R47	23	21.9	6
8R47	24	26.3	6
8R47	25	36.08	6
8R47	26	32.41	6
8R47	27	32.48	6
8R47	28	33.88	6
8R47	29	26.32	6
8R47	30	17.61	6
8R47	31	23.16	6
8R47	32	15.37	6
8R47	33	26.1	6
8R47	34	15.53	6
8R47	35	21.56	6
8R47	36	17.39	6
8R47	37	28.66	6
8R47	38	26.94	6
8R47	39	34.4	6
8R47	40	26.94	6
8R47	41	28.14	6
8R47	42	32.8	6
8R47	43	26.56	6
8R47	44	26.99	6
8R47	45	23.44	6
8R47	46	23.98	6
8R47	47	36.31	6
8R47	48	44.31	6
8R47	49	30.0	6
8R47	61	30.03	6
8R47	62	35.48	6
8R47	63	34.88	6
8R47	64	39.42	6
8R47	65	31.4	6
8R47	66	39.95	6
8R47	67	34.1	6
8R47	68	31.24	6
8R47	69	34.66	6
8R47	70	36.22	6
8R47	71	31.34	6
8R47	72	34.18	6
8R47	73	30.56	6
8R47	74	33.21	6
8R47	75	41.25	6
8R47	76	37.81	6
8R47	77	41.12	6
8R47	78	45.66	6
8R47	79	45.4	6
8R47	80	49.59	6
8R47	81	46.22	6
8R47	82	45.35	6
8R47	83	38.18	6
8R47	84	29.31	6
8R47	85	28.98	6
8R47	86	28.53	6
8R47	87	27.53	6
8R47	88	30.63	6
8R47	89	32.89	6
8R47	90	34.33	6
8R47	91	31.94	6
8R47	92	33.88	6
8R47	93	32.12	6
8R47	94	23.68	6
8R47	95	31.51	6
8R47	96	44.73	6
8R47	97	30.62	6
8R47	98	29.59	6
8R47	99	30.3	6
8R47	100	35.93	6
8R47	101	47.17	6
8R47	102	50.68	6
8R47	103	46.5	6
8R47	104	50.21	6
8R47	105	52.37	6
8R47	106	57.63	6
8R4A	1	30.0	9
8R4A	2	30.0	9
8R4A	3	30.0	9
8R4A	4	30.0	9
8R4A	5	30.0	9
8R4A	6	30.0	9
8R4A	7	30.0	9
8R4A	8	30.0	9
8R4A	9	30.0	9
8R4A	10	30.0	9
8R4A	11	30.0	9
8R4A	12	30.0	9
8R4A	13	30.0	9
8R4A	14	30.0	9
8R4A	15	30.0	9
8R4A	16	30.0	9
8R4A	17	30.0	9
8R4A	18	30.0	9
8R4A	19	30.0	9
8R4A	20	30.0	9
8R4A	21	30.0	9
8R4A	22	30.0	9
8R4A	23	30.0	9
8R4A	24	30.0	9
8R4A	25	30.0	9
8R4A	26	30.0	9
8R4A	27	30.0	9
8R4A	28	30.0	9
8R4A	29	30.0	9
8R4A	30	30.0	9
8R4A	31	30.0	9
8R4A	32	30.0	9
8R4A	33	30.0	9
8R4A	34	30.0	9
8R4A	35	30.0	9
8R4A	36	30.0	9
8R4A	37	30.0	9
8R4A	38	30.0	9
8R4A	39	30.0	9
8R4A	40	30.0	9
8R4A	41	30.0	9
8R4A	42	30.0	9
8R4A	43	30.0	9
8R4A	44	30.0	9
8R4A	45	30.0	9
8R4A	46	30.0	9
8R4A	47	30.0	9
8R4A	48	30.0	9
8R4A	49	30.0	9
8R4A	50	30.0	9
8R4A	51	30.0	9
8R4A	52	30.0	9
8R4A	53	30.0	9
8R4A	54	30.0	9
8R4A	55	30.0	9
8R4A	56	30.0	9
8R4A	57	30.0	9
8R4A	58	30.0	9
8R4A	59	30.0	9
8R4A	60	30.0	9
8R4A	61	30.0	9
8R4A	62	30.0	9
8R4A	63	30.0	9
8R4A	64	30.0	9
8R4A	65	30.0	9
8R4A	66	30.0	9
8R4A	67	30.0	9
8R4A	68	30.0	9
8R4A	69	30.0	9
8R4A	70	30.0	9
8R4A	71	30.0	9
8R4A	72	30.0	9
8R4A	73	30.0	9
8R4A	74	30.0	9
8R4A	75	30.0	9
8R4A	76	30.0	9
8R4A	77	30.0	9
8R4A	78	30.0	9
8R4A	79	30.0	9
8R4A	80	30.0	9
8R4A	81	30.0	9
8R4A	82	30.0	9
8R4A	83	30.0	9
8R4A	84	30.0	9
8R4A	85	30.0	9
8R4A	86	30.0	9
8R4A	87	30.0	9
8R4A	88	30.0	9
8R4A	89	30.0	9
8R4A	90	30.0	9
8R4A	91	30.0	9
8R4A	92	30.0	9
8R4A	93	30.0	9
8R4A	94	30.0	9
8R4A	95	30.0	9
8R4A	96	30.0	9
8R4A	97	30.0	9
8R4A	98	30.0	9
8R4A	99	30.0	9
8R4A	100	30.0	9
8R4A	101	30.0	9
8R4A	102	30.0	9
8R4A	103	30.0	9
8R4A	104	30.0	9
8R4A	105	30.0	9
8R4A	106	30.0	9
8R4A	107	30.0	9
8R4A	108	30.0	9
8R4A	109	30.0	9
8R4A	110	30.0	9
8R4A	111	30.0	9
8R4A	112	30.0	9
8R4A	113	30.0	9
8R4A	114	30.0	9
8R4A	115	30.0	9
8R4A	116	30.0	9
8R4A	117	30.0	9
8R4A	118	30.0	9
8R4A	119	30.0	9
8R4A	120	30.0	9
8R4A	121	30.0	9
8R4A	122	30.0	9
8R4A	123	30.0	9
8R4A	124	30.0	9
8R4A	125	30.0	9
8R4A	126	30.0	9
8R4A	127	30.0	9
8R4A	128	30.0	9
8R4A	129	30.0	9
8R4A	130	30.0	9
8R4I	24	67.09	10
8R4I	25	69.44	10
8R4I	26	66.88	10
8R4I	27	64.63	10
8R4I	28	66.02	10
8R4I	29	65.67	10
8R4I	30	63.55	10
8R4I	31	59.95	10
8R4I	32	58.02	10
8R4I	33	52.13	10
8R4I	34	52.35	10
8R4I	35	53.06	10
8R4I	36	51.96	10
8R4I	37	51.07	10
8R4I	38	51.54	10
8R4I	39	53.9	10
8R4I	40	50.9	10
8R4I	41	55.51	10
8R4I	42	53.18	10
8R4I	43	56.81	10
8R4I	44	54.57	10
8R4I	45	52.08	10
8R4I	46	48.86	10
8R4I	47	46.69	10
8R4I	48	45.78	10
8RI9	38	30.0	5
8RI9	39	30.0	5
8RI9	40	20.0	5
8RI9	41	20.0	5
8RI9	42	20.0	5
8RI9	43	20.0	5
8RI9	44	20.0	5
8RI9	45	20.0	5
8RI9	46	20.0	5
8RI9	47	20.0	5
8RI9	48	20.0	5
8RI9	49	20.0	5
8RI9	50	20.0	5
8RI9	51	20.0	5
8RI9	52	20.0	5
8RI9	53	20.0	5
8RI9	54	20.0	5
8RI9	55	20.0	5
8RI9	56	20.0	5
8RI9	57	20.0	5
8RI9	58	20.0	5
8RI9	59	20.0	5
8RI9	60	20.0	5
8RI9	61	20.0	5
8RI9	62	20.0	5
8RI9	63	20.0	5
8RI9	64	20.0	5
8RI9	65	20.0	5
8RI9	66	20.0	5
8RI9	67	20.0	5
8RI9	69	20.0	5
8RI9	70	20.0	5
8RI9	71	20.0	5
8RI9	72	20.0	5
8RI9	73	20.0	5
8RI9	74	20.0	5
8RI9	75	20.0	5
8RI9	76	20.0	5
8RI9	77	20.0	5
8RI9	78	20.0	5
8RI9	79	20.0	5
8RI9	80	20.0	5
8RI9	81	20.0	5
8RI9	82	20.0	5
8RI9	83	20.0	5
8RI9	84	20.0	5
8RI9	85	20.0	5
8RI9	86	20.0	5
8RI9	87	20.0	5
8RI9	88	20.0	5
8RI9	89	20.0	5
8RI9	90	20.0	5
8RI9	91	20.0	5
8RI9	92	20.0	5
8RI9	93	20.0	5
8RI9	94	20.0	5
8RI9	95	20.0	5
8RI9	96	20.0	5
8RI9	97	30.0	5
8RM8	19	36.91	5
8RM8	20	40.19	5
8RM8	21	42.78	5
8RM8	22	44.44	5
8RM8	23	43.68	5
8RM8	24	43.39	5
8RM8	25	69.125	10
8RM8	26	66.695	10
8RM8	27	60.0	10
8RM8	28	59.435	10
8RM8	29	55.64	10
8RM8	30	58.46	10
8RM8	31	58.025	10
8RM8	32	56.745	10
8RM8	33	59.055	10
8RM8	34	62.405	10
8RM8	35	66.02	10
8RM8	36	66.44	10
8RM8	37	69.225	10
8RM8	38	64.59	10
8RM8	39	66.8	10
8RM8	40	61.11	10
8RM8	41	58.51	10
8RM8	42	55.585	10
8RM8	43	50.97	10
8RM8	44	50.555	10
8RM8	45	53.2	10
8RM8	46	57.415	10
8RM8	47	63.64	10
8RM8	48	64.745	10
8RM9	13	155.41	5
8RM9	14	150.26	5
8RM9	15	146.27	5
8RM9	16	166.4	5
8RM9	17	184.75	5
8RM9	18	195.21	5
8RM9	19	193.97	5
8RM9	20	198.65	5
8RM9	21	188.27	5
8RM9	22	178.33	5
8RM9	23	172.46	5
8RM9	24	125.39	10
8RM9	25	125.177	15
8RM9	26	120.637	15
8RM9	27	118.483	15
8RM9	28	120.417	15
8RM9	29	119.847	15
8RM9	30	131.537	15
8RM9	31	144.007	15
8RM9	32	149.177	15
8RM9	33	136.913	15
8RM9	34	134.993	15
8RM9	35	132.393	15
8RM9	36	130.787	15
8RM9	37	124.837	15
8RM9	38	124.987	15
8RM9	39	125.783	15
8RM9	40	125.737	15
8RM9	41	132.34	15
8RM9	42	133.567	15
8RM9	43	129.737	15
8RM9	44	129.497	15
8RM9	45	130.507	15
8RM9	46	133.217	15
8RM9	47	132.393	15
8RM9	48	126.86	15
8RQM	37	54.172	6
8RQM	38	52.497	6
8RQM	39	48.838	6
8RQM	40	45.353	6
8RQM	41	44.553	6
8RQM	42	43.31	6
8RQM	43	38.528	6
8RQM	44	35.422	6
8RQM	45	26.857	6
8RQM	46	28.395	6
8RQM	47	28.627	6
8RQM	48	27.08	6
8RQM	49	23.602	6
8RQM	50	20.602	6
8RQM	51	21.408	6
8RQM	52	16.037	6
8RQM	53	16.837	6
8RQM	54	17.873	6
8RQM	55	14.83	6
8RQM	56	21.3	6
8RQM	57	20.72	6
8RQM	58	24.823	6
8RQM	59	25.17	6
8RQM	60	23.585	6
8RQM	61	23.862	6
8RQM	62	21.322	6
8RQM	63	18.833	6
8RQM	64	21.163	6
8RQM	65	25.66	6
8RQM	66	30.17	6
8RQM	67	36.64	6
8RQM	68	39.308	6
8RQM	69	34.88	6
8RQM	70	26.398	6
8RQM	71	24.832	6
8RQM	72	24.707	6
8RQM	73	28.092	6
8RQM	74	28.785	6
8RQM	75	28.385	6
8RQM	76	28.572	6
8RQM	77	27.953	6
8RQM	78	34.677	6
8RQM	79	36.33	6
8RQM	80	34.322	6
8RQM	81	35.807	6
8RQM	82	38.09	6
8RQM	83	41.903	6
8RQM	84	39.897	6
8RQM	85	34.425	6
8RQM	86	32.245	6
8RQM	87	30.157	6
8RQM	88	30.398	6
8RQM	89	28.367	6
8RQM	90	35.045	6
8RQM	91	39.385	6
8RQM	92	44.225	6
8RQM	93	46.592	6
8RQM	94	46.787	6
8RQM	95	51.293	6
8RQM	96	53.2	6
8RRR	14	72.023	10
8RRR	15	68.684	10
8RRR	16	62.663	10
8RRR	17	64.604	10
8RRR	18	66.515	10
8RRR	19	80.665	10
8RRR	20	91.919	10
8RRR	21	96.706	10
8RRR	22	101.665	10
8RRR	23	108.815	10
8RRR	24	116.601	10
8RRR	25	115.966	10
8RRR	36	86.233	10
8RRR	37	84.356	10
8RRR	38	81.323	10
8RRR	39	66.566	10
8RRR	40	73.669	10
8RRR	41	72.511	10
8RRR	42	79.424	10
8RRR	43	74.915	10
8RRR	44	79.687	10
8RRR	45	72.891	10
8RRR	46	73.246	10
8RRR	47	56.386	10
8RRR	48	50.17	10
8RRR	49	55.881	10
8RRR	50	52.8	10
8RRR	51	63.509	10
8RRR	52	69.589	10
8RRR	53	62.968	10
8RRR	54	73.362	10
8RRR	55	69.896	10
8RRR	56	62.703	10
8RRR	57	80.04	10
8RRR	58	76.949	10
8RRR	59	79.791	10
8RRR	60	82.644	10
8RRR	61	84.298	10
8RRR	62	69.547	10
8RRR	63	58.202	10
8RRR	64	60.424	10
8RRR	65	45.335	10
8RRR	66	65.014	10
8RRR	67	67.397	10
8RRR	68	65.973	10
8RRR	69	48.537	10
8RRR	70	39.765	10
8RRR	71	42.739	10
8RRR	72	65.524	10
8RRR	73	68.821	10
8RRR	74	61.703	10
8RRR	75	63.164	10
8RRR	76	56.648	10
8RRR	77	56.609	10
8RRR	78	71.793	10
8RRR	79	58.491	10
8RRR	80	65.84	10
8RRR	81	69.086	10
8RRR	82	64.984	10
8RRR	83	74.261	10
8RRR	84	74.757	10
8RRR	85	78.27	10
8RRR	86	74.655	10
8RRR	87	68.719	10
8RRR	88	64.191	10
8RRR	89	61.297	10
8RRR	90	57.513	10
8RRR	91	59.748	10
8RRR	92	64.374	10
8RRR	93	67.176	10
8RRR	94	83.131	10
8RRR	95	82.857	10
8RRR	96	91.439	10
8RRR	97	101.004	5
8SEH	306	21.13	10
8SEH	307	20.9	10
8SEH	308	18.22	10
8SEH	309	16.8	10
8SEH	310	14.84	10
8SEH	311	14.3	10
8SEH	312	14.07	10
8SEH	313	13.86	10
8SEH	314	13.28	10
8SEH	315	12.87	10
8SEH	316	11.06	10
8SEH	317	8.31	10
8SEH	318	6.14	10
8SEH	319	5.44	10
8SEH	320	5.25	10
8SEH	321	5.67	10
8SEH	322	5.92	10
8SEH	323	5.74	10
8SEH	324	5.81	10
8SEH	325	5.88	10
8SEH	326	5.47	10
8SEH	327	3.88	10
8SEH	328	2.67	10
8SEH	329	2.02	10
8SEH	330	1.62	10
8SEH	331	1.88	10
8SEH	332	2.05	10
8SEH	333	2.0	10
8SEH	334	2.11	10
8SEH	335	2.1	10
8SEH	336	2.18	10
8SEH	337	2.58	10
8SEH	338	3.61	10
8SEH	339	5.03	10
8SEH	340	8.12	10
8SEH	341	11.35	10
8SEH	342	14.27	10
8SEH	343	14.3	10
8SEH	344	12.02	10
8SEH	345	12.58	10
8SEH	346	12.19	10
8SEH	347	12.78	10
8SEH	348	13.99	10
8SEH	349	13.31	10
8SEH	350	10.3	10
8SEH	351	9.15	10
8SEH	352	6.77	10
8SEH	353	5.39	10
8SEH	354	4.45	10
8SEH	355	3.82	10
8SEH	356	3.02	10
8SEH	357	2.78	10
8SEH	358	2.66	10
8SEH	359	1.83	10
8SEH	360	1.65	10
8SEH	361	1.66	10
8SEH	362	1.96	10
8SEH	363	2.58	10
8SEH	364	3.03	10
8SEH	365	3.93	10
8SEH	366	3.79	10
8SEH	367	3.95	10
8SEH	368	4.56	10
8SEH	369	5.47	10
8SEH	370	6.56	10
8SEH	371	7.37	10
8SEH	372	9.05	10
8SEH	373	9.88	10
8SEH	374	11.0	10
8SEH	375	11.92	10
8SEH	376	13.57	10
8SEH	377	14.81	10
8SEH	378	16.49	10
8SEI	306	9.525	10
8SEI	307	9.605	10
8SEI	308	8.66	10
8SEI	309	8.17	10
8SEI	310	7.52	10
8SEI	311	8.055	10
8SEI	312	8.28	10
8SEI	313	9.105	10
8SEI	314	10.465	10
8SEI	315	10.685	10
8SEI	316	10.615	10
8SEI	317	9.23	10
8SEI	318	8.455	10
8SEI	319	8.64	10
8SEI	320	9.005	10
8SEI	321	9.94	10
8SEI	322	11.025	10
8SEI	323	12.22	10
8SEI	324	13.08	10
8SEI	325	13.29	10
8SEI	326	14.795	10
8SEI	327	12.16	10
8SEI	328	10.325	10
8SEI	329	9.98	10
8SEI	330	10.09	10
8SEI	331	11.36	10
8SEI	332	13.135	10
8SEI	333	16.85	10
8SEI	334	20.695	10
8SEI	335	23.675	10
8SEI	336	26.935	10
8SEI	337	30.85	10
8SEI	338	37.965	10
8SEI	339	42.11	10
8SEI	340	48.09	10
8SEI	341	53.765	10
8SEI	342	58.045	10
8SEI	343	57.595	10
8SEI	344	54.235	10
8SEI	345	54.425	10
8SEI	346	53.34	10
8SEI	347	55.445	10
8SEI	348	56.035	10
8SEI	349	54.42	10
8SEI	350	50.62	10
8SEI	351	46.425	10
8SEI	352	42.085	10
8SEI	353	37.79	10
8SEI	354	35.105	10
8SEI	355	32.645	10
8SEI	356	28.24	10
8SEI	357	24.38	10
8SEI	358	19.385	10
8SEI	359	14.18	10
8SEI	360	11.07	10
8SEI	361	9.12	10
8SEI	362	8.45	10
8SEI	363	8.38	10
8SEI	364	8.15	10
8SEI	365	9.23	10
8SEI	366	8.78	10
8SEI	367	7.61	10
8SEI	368	7.855	10
8SEI	369	8.03	10
8SEI	370	8.19	10
8SEI	371	8.805	10
8SEI	372	9.86	10
8SEI	373	9.305	10
8SEI	374	8.325	10
8SEI	375	8.19	10
8SEI	376	7.935	10
8SEI	377	8.37	10
8SEI	378	8.78	10
8SEJ	9	16.98	10
8SEJ	10	14.01	10
8SEJ	11	12.35	10
8SEJ	12	9.59	10
8SEJ	13	8.7	10
8SEJ	14	8.48	10
8SEJ	15	7.2	10
8SEJ	16	6.65	10
8SEJ	17	6.14	10
8SEJ	18	6.15	10
8SEJ	19	6.36	10
8SEJ	20	7.39	10
8SEJ	21	8.99	10
8SEJ	22	10.74	10
8SEJ	23	11.19	10
8SEJ	24	9.71	10
8SEJ	25	9.97	10
8SEJ	26	9.48	10
8SEJ	27	8.93	10
8SEJ	28	8.31	10
8SEJ	29	8.04	10
8SEJ	30	6.9	10
8SEJ	31	6.31	10
8SEJ	32	5.7	10
8SEJ	33	5.65	10
8SEJ	34	5.47	10
8SEJ	35	5.61	10
8SEJ	36	6.0	10
8SEJ	37	6.16	10
8SEJ	38	6.55	10
8SEJ	39	6.66	10
8SEJ	40	7.54	10
8SEJ	41	8.98	10
8SEJ	42	9.93	10
8SEK	9	24.05	10
8SEK	10	22.52	10
8SEK	11	20.57	10
8SEK	12	18.59	10
8SEK	13	18.7	10
8SEK	14	18.04	10
8SEK	15	17.83	10
8SEK	16	19.64	10
8SEK	17	20.53	10
8SEK	18	22.24	10
8SEK	19	23.81	10
8SEK	20	24.26	10
8SEK	21	24.94	10
8SEK	22	27.02	10
8SEK	23	25.9	10
8SEK	24	24.55	10
8SEK	25	24.25	10
8SEK	26	22.54	10
8SEK	27	20.98	10
8SEK	28	21.75	10
8SEK	29	23.33	10
8SEK	30	22.95	10
8SEK	31	20.32	10
8SEK	32	20.96	10
8SEK	33	22.12	10
8SEK	34	19.23	10
8SEK	35	19.44	10
8SEK	36	19.48	10
8SEK	37	23.2	10
8SEK	38	24.97	10
8SEK	39	26.4	10
8SEK	40	26.89	10
8SEL	1	73.05	10
8SEL	2	70.74	10
8SEL	3	69.98	10
8SEL	4	70.09	10
8SEL	5	67.85	10
8SEL	6	67.04	10
8SEL	7	65.47	10
8SEL	8	64.765	20
8SEL	9	58.065	20
8SEL	10	51.12	20
8SEL	11	46.115	20
8SEL	12	43.485	20
8SEL	13	47.19	20
8SEL	14	47.41	20
8SEL	15	46.215	20
8SEL	16	44.135	20
8SEL	17	43.6	20
8SEL	18	43.9	20
8SEL	19	44.645	20
8SEL	20	47.8	20
8SEL	21	48.585	20
8SEL	22	50.605	20
8SEL	23	48.24	20
8SEL	24	44.965	20
8SEL	25	44.12	20
8SEL	26	42.345	20
8SEL	27	42.025	20
8SEL	28	43.195	20
8SEL	29	44.735	20
8SEL	30	44.505	20
8SEL	31	41.57	20
8SEL	32	41.505	20
8SEL	33	43.125	20
8SEL	34	40.285	20
8SEL	35	41.06	20
8SEL	36	40.575	20
8SEL	37	46.715	20
8SEL	38	45.27	20
8SEL	39	44.125	20
8SEL	40	45.75	20
8SPA	103	156.866	5
8SPA	104	156.574	5
8SPA	105	153.842	5
8SPA	106	153.168	5
8SPA	107	153.578	5
8SPA	108	157.158	5
8SPA	109	158.896	5
8SPA	110	158.852	5
8SPA	111	155.394	5
8SPA	112	147.108	5
8SPA	113	144.798	5
8SPA	114	138.122	5
8SPA	115	134.326	5
8SPA	116	126.84	5
8SPA	117	128.388	5
8SPA	118	130.092	5
8SPA	119	134.132	5
8SPA	120	137.418	5
8SPA	121	138.456	5
8SPA	122	135.986	5
8SPA	123	134.792	5
8SPA	124	137.56	5
8SPA	125	145.19	5
8SPA	126	149.246	5
8SPA	127	153.762	5
8SPA	128	157.888	5
8SPA	129	164.088	5
8SPA	130	170.11	5
8SPA	131	174.546	5
8SPA	132	172.1	5
8SPA	133	170.67	5
8SPA	134	168.718	5
8SPA	135	162.08	5
8SPA	136	160.042	5
8SPA	137	153.098	5
8SPA	138	151.508	5
8SPA	139	151.058	5
8SPA	140	152.574	5
8SPA	141	162.238	5
8SPA	142	161.904	5
8SPA	143	160.824	5
8SPA	144	161.536	5
8SPA	145	157.128	5
8SPA	146	152.384	5
8SPA	147	149.926	5
8SPA	148	154.296	5
8SPA	149	159.612	5
8SPA	150	163.296	5
8SPA	151	164.28	5
8TDN	11	117.97	5
8TDN	12	111.45	5
8TDN	13	93.19	5
8TDN	14	82.11	5
8TDN	15	92.13	5
8TDN	16	80.1	5
8TDN	17	80.56	5
8TDN	18	99.08	5
8TDN	19	80.45	5
8TDN	20	88.44	5
8TDN	21	104.15	5
8TDN	22	98.69	5
8TDN	23	102.43	5
8TDN	24	85.96	5
8TDN	25	80.53	5
8TDN	26	68.96	5
8TDN	27	67.65	5
8TDN	28	73.58	5
8TDN	29	71.64	5
8TDN	30	74.14	5
8TDN	31	71.26	5
8TDN	32	78.22	5
8TDN	33	91.39	5
8TDN	34	115.58	5
8TDN	35	115.16	5
8TDN	57	134.8	5
8TDN	58	129.38	5
8TDN	59	124.44	5
8TDN	60	126.19	5
8TDN	61	125.38	5
8TDN	62	123.84	5
8TDN	63	113.79	5
8TDN	64	95.61	5
8TDN	65	90.75	5
8TDN	66	96.27	5
8TDN	67	91.13	5
8TDN	68	86.15	5
8TDN	69	75.63	5
8TDN	70	83.43	5
8TDN	71	86.17	5
8TDN	72	88.05	5
8TDN	73	93.11	5
8TDN	74	85.33	5
8TDN	75	92.78	5
8TDN	76	89.65	5
8TDN	77	89.64	5
8TDN	78	81.42	5
8TDN	79	92.98	5
8TDN	80	95.33	5
8TDN	81	102.71	5
8TDN	82	103.0	5
8TDN	83	105.16	5
8TDN	84	122.44	5
8TDN	85	119.46	5
8TDN	86	106.08	5
8TDN	87	105.36	5
8TDN	88	125.27	5
8TDN	89	127.73	5
8TDN	90	130.79	5
8TDN	91	109.11	5
8TDN	92	113.77	5
8TDN	93	99.07	5
8TDN	94	92.93	5
8TDN	95	82.33	5
8TDN	96	86.47	5
8TDN	97	94.91	5
8TDN	98	97.53	5
8TDN	99	107.58	5
8TDN	100	111.8	5
8TDN	101	108.69	5
8TDN	102	107.86	5
8TDN	103	81.22	5
8TDN	104	92.19	5
8TDN	105	82.67	5
8TDN	106	84.68	5
8TDN	107	86.35	5
8TDN	108	88.58	5
8TDN	109	78.58	5
8TDN	110	69.16	5
8TDN	111	66.24	5
8TDN	112	71.73	5
8TDN	113	79.53	5
8TDN	114	72.71	5
8TDN	115	75.95	5
8TDN	116	91.94	5
8TDN	117	77.32	5
8TDN	118	96.41	5
8TDN	119	83.4	5
8TDN	120	77.45	5
8TDN	121	80.37	5
8TDN	122	90.1	5
8TDN	123	106.82	5
8TDN	124	113.22	5
8TDO	10	176.62	4
8TDO	11	166.68	4
8TDO	12	149.45	4
8TDO	13	130.92	4
8TDO	14	107.39	4
8TDO	15	113.55	4
8TDO	16	106.76	4
8TDO	17	108.58	4
8TDO	18	137.01	4
8TDO	19	118.74	4
8TDO	20	118.36	4
8TDO	21	130.23	4
8TDO	22	124.89	4
8TDO	23	123.16	4
8TDO	24	106.52	4
8TDO	25	96.51	4
8TDO	26	91.06	4
8TDO	27	90.27	4
8TDO	28	88.88	4
8TDO	29	74.42	4
8TDO	30	84.37	4
8TDO	31	89.52	4
8TDO	32	98.67	4
8TDO	33	108.86	4
8TDO	34	135.33	4
8TDO	35	139.52	4
8TDO	36	146.87	4
8TDO	59	185.42	4
8TDO	60	189.44	4
8TDO	61	181.95	4
8TDO	62	163.25	4
8TDO	63	140.72	4
8TDO	64	134.27	4
8TDO	65	127.1	4
8TDO	66	121.34	4
8TDO	67	108.23	4
8TDO	68	95.58	4
8TDO	69	95.14	4
8TDO	70	112.3	4
8TDO	71	100.68	4
8TDO	72	107.39	4
8TDO	73	106.8	4
8TDO	74	110.65	4
8TDO	75	115.34	4
8TDO	76	113.03	4
8TDO	77	116.1	4
8TDO	78	128.49	4
8TDO	79	133.85	4
8TDO	80	133.83	4
8TDO	81	142.54	4
8TDO	82	156.24	4
8TDO	83	157.66	4
8TDO	84	157.63	4
8TDO	85	159.67	4
8TDO	86	157.34	4
8TDO	87	160.77	4
8TDO	88	161.2	4
8TDO	89	169.1	4
8TDO	90	167.8	4
8TDO	91	152.58	4
8TDO	92	149.81	4
8TDO	93	138.49	4
8TDO	94	142.96	4
8TDO	95	137.49	4
8TDO	96	135.5	4
8TDO	97	132.13	4
8TDO	98	131.84	4
8TDO	99	136.08	4
8TDO	100	138.09	4
8TDO	101	140.97	4
8TDO	102	130.72	4
8TDO	103	105.97	4
8TDO	104	111.77	4
8TDO	105	98.79	4
8TDO	106	106.64	4
8TDO	107	96.84	4
8TDO	108	102.23	4
8TDO	109	90.67	4
8TDO	110	97.5	4
8TDO	111	96.05	4
8TDO	112	109.31	4
8TDO	113	107.68	4
8TDO	114	104.31	4
8TDO	115	107.14	4
8TDO	116	109.1	4
8TDO	117	109.19	4
8TDO	118	120.38	4
8TDO	119	106.19	4
8TDO	120	97.04	4
8TDO	121	97.15	4
8TDO	122	106.26	4
8TDO	123	130.07	4
8TDO	124	143.74	4
8TEQ	262	68.07	15
8TEQ	263	58.07	15
8TEQ	264	50.62	15
8TEQ	265	50.355	30
8TEQ	266	46.425	30
8TEQ	267	36.285	30
8TEQ	268	31.315	30
8TEQ	269	32.46	30
8TEQ	270	31.895	30
8TEQ	271	29.29	30
8TEQ	272	34.205	30
8TEQ	273	37.265	30
8TEQ	274	42.735	30
8TEQ	275	42.385	30
8TEQ	276	46.805	30
8TEQ	277	40.565	30
8TEQ	278	42.005	30
8TEQ	279	35.24	30
8TEQ	280	37.355	30
8TEQ	281	43.06	30
8TEQ	282	42.845	30
8TEQ	283	41.185	30
8TEQ	284	43.675	30
8TEQ	285	38.28	30
8TEQ	286	38.22	30
8TEQ	287	40.365	30
8TEQ	288	45.97	30
8TEQ	289	53.47	30
8TEQ	290	62.1	30
8TER	265	16.98	20
8TER	266	15.16	20
8TER	267	8.71	20
8TER	268	2.04	20
8TER	269	4.55	20
8TER	270	7.46	20
8TER	271	8.84	20
8TER	272	12.26	20
8TER	273	9.78	20
8TER	274	9.5	20
8TER	275	11.74	20
8TER	276	10.83	20
8TER	277	8.62	20
8TER	278	7.26	20
8TER	279	3.81	20
8TER	280	8.13	20
8TER	281	7.9	20
8TER	282	15.89	20
8TER	283	7.15	20
8TER	284	4.48	20
8TER	285	2.68	20
8TER	286	10.06	20
8TER	287	4.29	20
8TER	288	8.0	20
8TER	289	11.29	20
8TER	290	11.32	20
8TER	291	22.93	20
8TER	292	18.56	20
8TER	293	17.56	20
8TER	294	16.11	20
8TER	295	17.57	20
8TER	296	23.1	20
8TER	297	15.53	20
8TER	298	16.79	20
8TER	299	23.7	20
8TTN	273	30.0	5
8TTN	274	30.0	5
8TTN	275	30.0	5
8TTN	276	30.0	5
8TTN	277	30.0	5
8TTN	278	30.0	5
8TTN	279	30.0	5
8TTN	280	30.0	5
8TTN	281	30.0	5
8TTN	282	30.0	5
8TTN	283	30.0	5
8TTN	284	30.0	5
8TTN	285	30.0	5
8TTN	286	30.0	5
8TTN	287	30.0	5
8TTN	288	30.0	5
8TTN	289	30.0	5
8TTN	290	30.0	5
8TTN	291	30.0	5
8TTN	292	30.0	5
8TTN	293	30.0	5
8TTN	294	30.0	5
8TTN	295	30.0	5
8TTN	296	30.0	5
8TTN	297	30.0	5
8TTN	298	30.0	5
8TTN	299	30.0	5
8TTN	300	30.0	5
8TTN	301	30.0	5
8TTN	302	30.0	5
8TTN	303	30.0	5
8TTN	304	30.0	5
8TTN	305	30.0	5
8TTN	306	30.0	5
8TTN	307	30.0	5
8TTN	308	30.0	5
8TTN	309	30.0	5
8TTN	310	30.0	5
8TTN	311	30.0	5
8TTN	312	30.0	5
8TTN	313	30.0	5
8TTN	314	30.0	5
8TTN	315	30.0	5
8TTN	316	30.0	5
8TTN	317	30.0	5
8TTN	318	30.0	5
8TTN	319	30.0	5
8TTN	320	30.0	5
8TTN	321	30.0	5
8TTN	322	30.0	5
8TTN	323	30.0	5
8TTN	324	30.0	5
8TTN	325	30.0	5
8TTN	326	30.0	5
8TTN	327	30.0	5
8TTN	328	30.0	5
8TTN	329	30.0	5
8TTN	330	30.0	5
8TTN	331	30.0	5
8TTN	332	30.0	5
8TTN	333	30.0	5
8TTN	334	30.0	5
8TTN	335	30.0	5
8TTN	336	30.0	5
8TTN	337	30.0	5
8TTN	338	30.0	5
8TTN	339	30.0	5
8TTN	340	30.0	5
8TTN	341	30.0	5
8TTN	342	30.0	5
8TTN	343	30.0	5
8TTN	344	30.0	5
8TTN	345	30.0	5
8TTN	346	30.0	5
8TTN	347	30.0	5
8TTN	348	30.0	5
8TTN	349	30.0	5
8TTN	350	30.0	5
8TTN	351	30.0	5
8TTN	352	30.0	5
8TTN	353	30.0	5
8TTN	354	30.0	5
8TTN	355	30.0	5
8TTN	356	30.0	5
8TTN	357	30.0	5
8TTN	358	30.0	5
8TTN	359	30.0	5
8TTN	360	30.0	5
8TTN	361	30.0	5
8TTN	362	30.0	5
8UIE	34	109.15	12
8UIE	35	110.49	12
8UIE	36	110.91	12
8UIE	37	109.46	12
8UIE	38	105.56	12
8UIE	39	109.06	12
8UIE	40	107.61	12
8UIE	41	108.68	12
8UIE	42	105.09	12
8UIE	43	107.9	12
8UIE	44	102.04	12
8UIE	45	97.39	12
8UIE	46	96.72	12
8UIE	47	94.07	12
8UIE	48	90.09	12
8UIE	49	85.59	12
8UIE	50	88.16	12
8UIE	51	90.75	12
8UIE	52	88.79	12
8UIE	53	94.62	12
8UIE	54	97.08	12
8UIE	55	98.48	12
8UIE	56	98.59	12
8UIE	57	99.92	12
8UIE	58	102.32	12
8UIE	59	102.29	12
8UIE	60	107.37	12
8UIE	61	100.95	12
8UIE	62	94.64	12
8UIE	63	90.73	12
8UIE	64	87.01	12
8UIE	65	86.8	12
8UIE	66	90.85	12
8UIE	67	89.97	12
8UIE	68	94.45	12
8UIE	69	91.38	12
8UIE	70	87.59	12
8UIE	71	88.13	12
8UIE	72	85.09	12
8UIE	73	88.18	12
8UIE	74	86.47	12
8UIE	75	86.88	12
8UIE	76	85.59	12
8UIE	77	86.59	12
8UIE	78	83.99	12
8UIE	79	93.24	12
8UIE	80	98.0	12
8UIE	81	105.71	12
8UIE	82	111.38	12
8UIE	83	125.07	12
8UIE	84	126.97	12
8UIE	85	127.09	12
8UIE	86	124.51	12
8UIE	87	120.47	12
8UIE	88	111.43	12
8UIE	89	100.21	12
8UIE	90	97.44	12
8UIE	91	103.98	12
8UIE	92	106.95	12
8UIE	93	108.31	12
8UIE	94	111.13	12
8UIE	95	111.24	12
8UIE	96	110.8	12
8UIE	97	120.83	12
8UQ7	305	85.35	6
8UQ7	306	99.49	6
8UQ7	307	100.0	6
8UQ7	308	100.0	6
8UQ7	309	98.45	6
8UQ7	310	98.33	6
8UQ7	311	93.62	6
8UQ7	312	0.0	6
8UQ7	313	94.21	6
8UQ7	314	0.0	6
8UQ7	315	97.2	6
8UQ7	316	0.0	6
8UQ7	317	100.0	6
8UQ7	318	100.0	6
8UQ7	319	100.0	6
8UQ7	320	100.0	6
8UQ7	321	0.0	6
8UQ7	322	100.0	6
8UQ7	323	100.0	6
8UQ7	324	100.0	6
8UQ7	325	100.0	6
8UQ7	326	0.0	6
8UQ7	327	100.0	6
8UQ7	328	100.0	6
8UQ7	329	100.0	6
8UQ7	330	100.0	6
8UQ7	331	100.0	6
8UQ7	332	0.0	6
8UQ7	333	0.0	6
8UQ7	334	0.0	6
8UQ7	335	100.0	6
8UQ7	336	100.0	6
8UQ7	337	100.0	6
8UQ7	338	100.0	6
8UQ7	339	100.0	6
8UQ7	340	100.0	6
8UQ7	341	0.0	6
8UQ7	342	0.0	6
8UQ7	343	100.0	6
8UQ7	344	0.0	6
8UQ7	345	100.0	6
8UQ7	346	100.0	6
8UQ7	347	100.0	6
8UQ7	348	0.0	6
8UQ7	349	0.0	6
8UQ7	350	100.0	6
8UQ7	351	100.0	6
8UQ7	352	100.0	6
8UQ7	353	0.0	6
8UQ7	354	100.0	6
8UQ7	355	0.0	6
8UQ7	356	0.0	6
8UQ7	357	100.0	6
8UQ7	358	100.0	6
8UQ7	359	100.0	6
8UQ7	360	100.0	6
8UQ7	361	0.0	6
8UQ7	362	100.0	6
8UQ7	363	100.0	6
8UQ7	364	100.0	6
8UQ7	365	0.0	6
8UQ7	366	0.0	6
8UQ7	367	0.0	6
8UQ7	368	100.0	6
8UQ7	369	100.0	6
8UQ7	370	100.0	6
8UQ7	371	100.0	6
8UQ7	372	0.0	6
8UQ7	373	100.0	6
8UQ7	374	100.0	6
8UQ7	375	100.0	6
8UQ7	376	100.0	6
8UQ7	377	96.95	6
8UQ7	378	0.0	6
8UQ7	379	75.95	6
8V1N	295	123.127	6
8V1N	296	116.917	6
8V1N	297	108.748	12
8V1N	298	104.228	12
8V1N	299	100.239	12
8V1N	300	100.434	12
8V1N	301	100.468	12
8V1N	302	106.465	12
8V1N	303	110.911	12
8V1N	304	111.102	12
8V1N	305	106.515	12
8V1N	306	98.81	12
8V1N	307	97.706	12
8V1N	308	96.31	12
8V1N	309	100.188	12
8V1N	310	106.61	12
8V1N	311	108.452	12
8WCP	274	81.16	3
8WCP	275	75.73	3
8WCP	276	72.56	3
8WCP	277	63.92	3
8WCP	278	61.67	3
8WCP	279	62.36	3
8WCP	280	65.03	3
8WCP	281	65.26	3
8WCP	282	64.56	3
8WCP	283	64.35	3
8WCP	284	59.41	3
8WCP	285	58.42	3
8WCP	286	55.95	3
8WCP	287	56.61	3
8WCP	288	59.15	3
8WCP	289	62.37	3
8WCP	290	61.23	3
8WCP	291	62.21	3
8WCP	292	61.81	3
8WCP	293	61.67	3
8WCP	294	58.75	3
8WCP	295	58.25	3
8WCP	296	55.97	3
8WCP	297	51.37	3
8WCP	298	52.77	3
8WCP	299	50.87	3
8WCP	300	49.33	3
8WCP	301	49.03	3
8WCP	302	50.13	3
8WCP	303	52.56	3
8WCP	304	51.49	3
8WCP	305	49.18	3
8WCP	306	47.54	3
8WCP	307	49.8	3
8WCP	308	47.48	3
8WCP	309	48.22	3
8WCP	310	50.47	3
8WCP	311	52.64	3
8WCP	312	53.43	3
8WCP	313	58.41	3
8WCP	314	62.41	3
8WCP	315	61.54	3
8WCP	316	60.35	3
8WCP	317	57.67	3
8WCP	318	55.12	3
8WCP	319	57.56	3
8WCP	320	58.08	3
8WCP	321	62.96	3
8WCP	322	67.01	3
8WCP	323	65.77	3
8WCP	324	64.32	3
8WCP	325	62.97	3
8WCP	326	63.9	3
8WCP	327	66.51	3
8WCP	328	70.54	3
8WCP	329	77.74	3
8WZX	72	73.739	20
8WZX	73	70.013	20
8WZX	74	67.078	20
8WZX	75	64.383	20
8WZX	76	61.873	20
8WZX	77	62.998	20
8WZX	78	65.394	20
8WZX	79	71.077	20
8WZX	80	73.942	20
8WZX	81	78.245	20
8WZX	82	78.308	20
8WZX	83	75.303	20
8WZX	84	71.544	20
8WZX	85	67.732	20
8WZX	86	64.728	20
8WZX	87	61.258	20
8WZX	88	54.336	20
8WZX	89	50.059	20
8WZX	90	51.358	20
8WZX	91	46.297	20
8WZX	92	43.201	20
8WZX	93	41.121	20
8WZX	94	40.468	20
8WZX	95	40.215	20
8WZX	96	41.578	20
8WZX	97	41.855	20
8WZX	98	44.835	20
8WZX	99	47.691	20
8WZX	100	49.617	20
8WZX	101	54.511	20
8WZX	102	57.828	20
8WZX	103	58.88	20
8WZX	104	60.486	20
8WZX	105	60.407	20
8WZX	106	61.957	20
8WZX	107	60.955	20
8WZX	108	61.798	20
8WZX	109	60.559	20
8WZX	110	60.139	20
8WZX	111	56.389	20
8WZX	112	55.278	20
8WZX	113	49.776	20
8WZX	114	49.44	20
8WZX	115	46.625	20
8WZX	116	48.646	20
8WZX	117	45.925	20
8WZX	118	44.46	20
8WZX	119	45.925	20
8WZX	120	48.572	20
8WZX	121	53.906	20
8WZX	122	57.984	20
8X5H	120	102.42	3
8X5H	121	99.257	3
8X5H	122	93.713	3
8X5H	123	88.033	3
8X5H	124	83.993	3
8X5H	125	80.48	3
8X5H	126	80.57	3
8X5H	127	80.007	3
8X5H	128	81.7	3
8X5H	129	82.933	3
8X5H	130	84.86	3
8X5H	131	87.367	3
8X5H	132	86.4	3
8X5H	133	85.073	3
8X5H	134	89.523	3
8X5H	135	94.547	3
8X5H	136	100.747	3
8X5H	137	100.787	3
8X5H	138	107.76	3
8X5H	139	111.143	3
8X5H	140	114.793	3
8X5H	141	110.383	3
8X5H	142	105.817	3
8X5H	143	101.297	3
8X5H	144	101.697	3
8X5H	145	102.893	3
8X5H	146	99.223	3
8X5H	147	95.653	3
8X5H	148	94.963	3
8X5H	149	93.553	3
8X5H	150	88.67	3
8X5H	151	86.027	3
8X5H	152	83.963	3
8X5H	153	84.123	3
8X5H	154	80.183	3
8X5H	155	77.163	3
8X5H	156	76.52	3
8X5H	157	77.447	3
8X5H	158	80.98	3
8X5H	159	85.383	3
8X5H	160	88.63	3
8X5H	161	94.417	3
8X5H	162	91.833	3
8X5H	163	93.08	3
8X5H	164	85.41	3
8X5H	165	81.647	3
8X5H	166	80.847	3
8X5H	167	79.47	3
8X5H	168	82.187	3
8X5H	169	82.303	3
8X5H	170	85.727	3
8X5H	171	94.003	3
8X5H	172	96.017	3
8X5H	173	95.843	3
8X5H	174	99.347	3
8X5H	175	100.413	3
8X5H	176	101.747	3
8X5H	177	104.56	3
8X5H	178	107.49	3
8X5H	179	103.407	3
8X5H	180	95.683	3
8X5H	181	93.327	3
8X5H	182	92.507	3
8X5H	183	91.443	3
8X5H	184	91.663	3
8X5H	185	92.863	3
8X5H	186	93.343	3
8X5H	187	95.49	3
8X5H	188	100.89	3
8X5H	189	104.813	3
8X5H	190	101.747	3
8X5H	191	99.44	3
8X5H	192	95.583	3
8X5H	193	91.6	3
8X5H	194	85.647	3
8X5H	195	86.727	3
8X5H	196	88.747	3
8X5H	197	87.08	3
8X5H	198	90.403	3
8X5H	199	90.56	3
8X5H	200	96.02	3
8X5H	201	102.44	3
8X5H	202	103.89	3
8X5H	203	107.94	3
8X5H	204	111.91	3
8X5H	205	117.73	3
8X5H	206	115.183	3
8X5H	207	108.3	3
8X5H	208	103.6	3
8X5H	209	104.56	3
8X5H	210	102.62	3
8X5H	211	105.083	3
8X5H	212	102.247	3
8X5H	213	102.29	3
8X5H	214	101.003	3
8X5H	215	98.867	3
8X5H	216	92.967	3
8X5H	217	92.197	3
8X5H	218	86.96	3
8X5H	219	80.5	3
8X5H	220	78.31	3
8X5H	221	76.963	3
8X5H	222	75.69	3
8X5H	223	74.833	3
8X5H	224	75.153	3
8X5H	225	72.543	3
8X5H	226	70.807	3
8X5H	227	73.857	3
8X5H	228	78.043	3
8X5H	229	79.64	3
8X5H	230	80.01	3
8X5H	231	81.493	3
8X5H	232	86.423	3
8X5H	233	87.437	3
8X5H	234	89.027	3
8X5H	235	87.157	3
8X5H	236	83.417	3
8X5H	237	79.977	3
8X5H	238	80.893	3
8X5H	239	85.333	3
8X5H	240	82.447	3
8X5H	241	82.7	3
8X5H	242	77.68	3
8X5H	243	75.58	3
8X5H	244	81.277	3
8X5H	245	83.717	3
8X5H	246	87.183	3
8X5H	247	82.687	3
8X5H	248	78.96	3
8X5H	249	83.21	3
8X5H	250	86.82	3
8X5H	251	84.803	3
8X5H	252	94.103	3
8X5H	253	98.293	3
8X5H	254	100.983	3
8X7B	45	201.43	10
8X7B	46	203.05	10
8X7B	47	202.0	10
8X7B	48	197.27	10
8X7B	49	192.32	10
8X7B	50	194.91	10
8X7B	51	179.48	10
8X7B	52	164.04	10
8X7B	53	158.49	10
8X7B	54	157.37	10
8X7B	55	156.35	10
8X7B	56	158.01	10
8X7B	57	170.49	10
8X7B	58	171.83	10
8X7B	59	165.88	10
8X7B	60	163.3	10
8X7B	61	165.46	10
8X7B	62	152.97	10
8X7B	63	141.53	10
8X7B	64	142.21	10
8X7B	65	134.97	10
8X7B	66	130.84	10
8X7B	67	131.99	10
8X7B	68	129.74	10
8X7B	69	131.63	10
8X7B	70	132.55	10
8X7B	71	134.17	10
8X7B	72	133.67	10
8X7B	73	129.49	10
8X7B	74	124.17	10
8X7B	75	123.1	10
8X7B	76	113.33	10
8X7B	77	108.66	10
8X7B	78	109.96	10
8X7B	79	119.18	10
8X7B	80	125.5	10
8X7B	81	139.2	10
8X7B	82	145.86	10
8X7B	83	160.56	10
8X7B	84	166.64	10
8X7B	85	170.08	10
8X7B	86	161.9	10
8X7B	87	154.26	10
8X7B	88	146.06	10
8X7B	89	139.73	10
8X7B	90	130.6	10
8X7B	91	132.53	10
8X7B	92	131.46	10
8X7B	93	130.54	10
8X7B	94	134.27	10
8X7B	95	130.88	10
8X7B	96	140.81	10
8X7B	97	153.77	10
8X7B	98	174.99	10
8X7B	99	184.44	10
8X7L	45	201.43	10
8X7L	46	203.05	10
8X7L	47	202.0	10
8X7L	48	197.27	10
8X7L	49	192.32	10
8X7L	50	194.91	10
8X7L	51	179.48	10
8X7L	52	164.04	10
8X7L	53	158.49	10
8X7L	54	157.37	10
8X7L	55	156.35	10
8X7L	56	158.01	10
8X7L	57	170.49	10
8X7L	58	171.83	10
8X7L	59	165.88	10
8X7L	60	163.3	10
8X7L	61	165.46	10
8X7L	62	152.97	10
8X7L	63	141.53	10
8X7L	64	142.21	10
8X7L	65	134.97	10
8X7L	66	130.84	10
8X7L	67	131.99	10
8X7L	68	129.74	10
8X7L	69	131.63	10
8X7L	70	132.55	10
8X7L	71	134.17	10
8X7L	72	133.67	10
8X7L	73	129.49	10
8X7L	74	124.17	10
8X7L	75	123.1	10
8X7L	76	113.33	10
8X7L	77	108.66	10
8X7L	78	109.96	10
8X7L	79	119.18	10
8X7L	80	125.5	10
8X7L	81	139.2	10
8X7L	82	145.86	10
8X7L	83	160.56	10
8X7L	84	166.64	10
8X7L	85	170.08	10
8X7L	86	161.9	10
8X7L	87	154.26	10
8X7L	88	146.06	10
8X7L	89	139.73	10
8X7L	90	130.6	10
8X7L	91	132.53	10
8X7L	92	131.46	10
8X7L	93	130.54	10
8X7L	94	134.27	10
8X7L	95	130.88	10
8X7L	96	140.81	10
8X7L	97	153.77	10
8X7L	98	174.99	10
8X7L	99	184.44	10
8X7M	45	201.43	10
8X7M	46	203.05	10
8X7M	47	202.0	10
8X7M	48	197.27	10
8X7M	49	192.32	10
8X7M	50	194.91	10
8X7M	51	179.48	10
8X7M	52	164.04	10
8X7M	53	158.49	10
8X7M	54	157.37	10
8X7M	55	156.35	10
8X7M	56	158.01	10
8X7M	57	170.49	10
8X7M	58	171.83	10
8X7M	59	165.88	10
8X7M	60	163.3	10
8X7M	61	165.46	10
8X7M	62	152.97	10
8X7M	63	141.53	10
8X7M	64	142.21	10
8X7M	65	134.97	10
8X7M	66	130.84	10
8X7M	67	131.99	10
8X7M	68	129.74	10
8X7M	69	131.63	10
8X7M	70	132.55	10
8X7M	71	134.17	10
8X7M	72	133.67	10
8X7M	73	129.49	10
8X7M	74	124.17	10
8X7M	75	123.1	10
8X7M	76	113.33	10
8X7M	77	108.66	10
8X7M	78	109.96	10
8X7M	79	119.18	10
8X7M	80	125.5	10
8X7M	81	139.2	10
8X7M	82	145.86	10
8X7M	83	160.56	10
8X7M	84	166.64	10
8X7M	85	170.08	10
8X7M	86	161.9	10
8X7M	87	154.26	10
8X7M	88	146.06	10
8X7M	89	139.73	10
8X7M	90	130.6	10
8X7M	91	132.53	10
8X7M	92	131.46	10
8X7M	93	130.54	10
8X7M	94	134.27	10
8X7M	95	130.88	10
8X7M	96	140.81	10
8X7M	97	153.77	10
8X7M	98	174.99	10
8X7M	99	184.44	10
8X7O	45	201.43	10
8X7O	46	203.05	10
8X7O	47	202.0	10
8X7O	48	197.27	10
8X7O	49	192.32	10
8X7O	50	194.91	10
8X7O	51	179.48	10
8X7O	52	164.04	10
8X7O	53	158.49	10
8X7O	54	157.37	10
8X7O	55	156.35	10
8X7O	56	158.01	10
8X7O	57	170.49	10
8X7O	58	171.83	10
8X7O	59	165.88	10
8X7O	60	163.3	10
8X7O	61	165.46	10
8X7O	62	152.97	10
8X7O	63	141.53	10
8X7O	64	142.21	10
8X7O	65	134.97	10
8X7O	66	130.84	10
8X7O	67	131.99	10
8X7O	68	129.74	10
8X7O	69	131.63	10
8X7O	70	132.55	10
8X7O	71	134.17	10
8X7O	72	133.67	10
8X7O	73	129.49	10
8X7O	74	124.17	10
8X7O	75	123.1	10
8X7O	76	113.33	10
8X7O	77	108.66	10
8X7O	78	109.96	10
8X7O	79	119.18	10
8X7O	80	125.5	10
8X7O	81	139.2	10
8X7O	82	145.86	10
8X7O	83	160.56	10
8X7O	84	166.64	10
8X7O	85	170.08	10
8X7O	86	161.9	10
8X7O	87	154.26	10
8X7O	88	146.06	10
8X7O	89	139.73	10
8X7O	90	130.6	10
8X7O	91	132.53	10
8X7O	92	131.46	10
8X7O	93	130.54	10
8X7O	94	134.27	10
8X7O	95	130.88	10
8X7O	96	140.81	10
8X7O	97	153.77	10
8X7O	98	174.99	10
8X7O	99	184.44	10
8X7P	45	201.43	10
8X7P	46	203.05	10
8X7P	47	202.0	10
8X7P	48	197.27	10
8X7P	49	192.32	10
8X7P	50	194.91	10
8X7P	51	179.48	10
8X7P	52	164.04	10
8X7P	53	158.49	10
8X7P	54	157.37	10
8X7P	55	156.35	10
8X7P	56	158.01	10
8X7P	57	170.49	10
8X7P	58	171.83	10
8X7P	59	165.88	10
8X7P	60	163.3	10
8X7P	61	165.46	10
8X7P	62	152.97	10
8X7P	63	141.53	10
8X7P	64	142.21	10
8X7P	65	134.97	10
8X7P	66	130.84	10
8X7P	67	131.99	10
8X7P	68	129.74	10
8X7P	69	131.63	10
8X7P	70	132.55	10
8X7P	71	134.17	10
8X7P	72	133.67	10
8X7P	73	129.49	10
8X7P	74	124.17	10
8X7P	75	123.1	10
8X7P	76	113.33	10
8X7P	77	108.66	10
8X7P	78	109.96	10
8X7P	79	119.18	10
8X7P	80	125.5	10
8X7P	81	139.2	10
8X7P	82	145.86	10
8X7P	83	160.56	10
8X7P	84	166.64	10
8X7P	85	170.08	10
8X7P	86	161.9	10
8X7P	87	154.26	10
8X7P	88	146.06	10
8X7P	89	139.73	10
8X7P	90	130.6	10
8X7P	91	132.53	10
8X7P	92	131.46	10
8X7P	93	130.54	10
8X7P	94	134.27	10
8X7P	95	130.88	10
8X7P	96	140.81	10
8X7P	97	153.77	10
8X7P	98	174.99	10
8X7P	99	184.44	10
8X7Q	45	201.43	10
8X7Q	46	203.05	10
8X7Q	47	202.0	10
8X7Q	48	197.27	10
8X7Q	49	192.32	10
8X7Q	50	194.91	10
8X7Q	51	179.48	10
8X7Q	52	164.04	10
8X7Q	53	158.49	10
8X7Q	54	157.37	10
8X7Q	55	156.35	10
8X7Q	56	158.01	10
8X7Q	57	170.49	10
8X7Q	58	171.83	10
8X7Q	59	165.88	10
8X7Q	60	163.3	10
8X7Q	61	165.46	10
8X7Q	62	152.97	10
8X7Q	63	141.53	10
8X7Q	64	142.21	10
8X7Q	65	134.97	10
8X7Q	66	130.84	10
8X7Q	67	131.99	10
8X7Q	68	129.74	10
8X7Q	69	131.63	10
8X7Q	70	132.55	10
8X7Q	71	134.17	10
8X7Q	72	133.67	10
8X7Q	73	129.49	10
8X7Q	74	124.17	10
8X7Q	75	123.1	10
8X7Q	76	113.33	10
8X7Q	77	108.66	10
8X7Q	78	109.96	10
8X7Q	79	119.18	10
8X7Q	80	125.5	10
8X7Q	81	139.2	10
8X7Q	82	145.86	10
8X7Q	83	160.56	10
8X7Q	84	166.64	10
8X7Q	85	170.08	10
8X7Q	86	161.9	10
8X7Q	87	154.26	10
8X7Q	88	146.06	10
8X7Q	89	139.73	10
8X7Q	90	130.6	10
8X7Q	91	132.53	10
8X7Q	92	131.46	10
8X7Q	93	130.54	10
8X7Q	94	134.27	10
8X7Q	95	130.88	10
8X7Q	96	140.81	10
8X7Q	97	153.77	10
8X7Q	98	174.99	10
8X7Q	99	184.44	10
8X7R	45	201.43	10
8X7R	46	203.05	10
8X7R	47	202.0	10
8X7R	48	197.27	10
8X7R	49	192.32	10
8X7R	50	194.91	10
8X7R	51	179.48	10
8X7R	52	164.04	10
8X7R	53	158.49	10
8X7R	54	157.37	10
8X7R	55	156.35	10
8X7R	56	158.01	10
8X7R	57	170.49	10
8X7R	58	171.83	10
8X7R	59	165.88	10
8X7R	60	163.3	10
8X7R	61	165.46	10
8X7R	62	152.97	10
8X7R	63	141.53	10
8X7R	64	142.21	10
8X7R	65	134.97	10
8X7R	66	130.84	10
8X7R	67	131.99	10
8X7R	68	129.74	10
8X7R	69	131.63	10
8X7R	70	132.55	10
8X7R	71	134.17	10
8X7R	72	133.67	10
8X7R	73	129.49	10
8X7R	74	124.17	10
8X7R	75	123.1	10
8X7R	76	113.33	10
8X7R	77	108.66	10
8X7R	78	109.96	10
8X7R	79	119.18	10
8X7R	80	125.5	10
8X7R	81	139.2	10
8X7R	82	145.86	10
8X7R	83	160.56	10
8X7R	84	166.64	10
8X7R	85	170.08	10
8X7R	86	161.9	10
8X7R	87	154.26	10
8X7R	88	146.06	10
8X7R	89	139.73	10
8X7R	90	130.6	10
8X7R	91	132.53	10
8X7R	92	131.46	10
8X7R	93	130.54	10
8X7R	94	134.27	10
8X7R	95	130.88	10
8X7R	96	140.81	10
8X7R	97	153.77	10
8X7R	98	174.99	10
8X7R	99	184.44	10
8XWD	37	119.318	6
8XWD	38	118.338	6
8XWD	39	110.178	6
8XWD	40	107.437	6
8XWD	41	102.777	6
8XWD	42	93.953	6
8XWD	43	87.053	6
8XWD	44	77.845	6
8XWD	45	71.173	6
8XWD	46	71.235	6
8XWD	47	60.498	6
8XWD	48	54.67	6
8XWD	49	50.282	6
8XWD	50	52.203	6
8XWD	51	49.025	6
8XWD	52	47.66	6
8XWD	53	47.558	6
8XWD	54	52.107	6
8XWD	55	51.585	6
8XWD	56	55.63	6
8XWD	57	66.917	6
8XWD	58	69.89	6
8XWD	59	72.703	6
8XWD	60	73.183	6
8XWD	61	74.512	6
8XWD	62	70.12	6
8XWD	63	64.847	6
8XWD	64	64.78	6
8XWD	65	65.173	6
8XWD	66	67.62	6
8XWD	67	69.395	6
8XWD	68	67.287	6
8XWD	69	63.27	6
8XWD	70	59.615	6
8XWD	71	58.88	6
8XWD	72	59.92	6
8XWD	73	59.098	6
8XWD	74	59.207	6
8XWD	75	58.743	6
8XWD	76	54.905	6
8XWD	77	57.658	6
8XWD	78	59.763	6
8XWD	79	66.872	6
8XWD	80	69.413	6
8XWD	81	73.67	6
8XWD	82	75.283	6
8XWD	83	83.11	6
8XWD	84	78.8	6
8XWD	85	77.693	6
8XWD	86	74.512	6
8XWD	87	73.787	6
8XWD	88	67.593	6
8XWD	89	67.08	6
8XWD	90	68.738	6
8XWD	91	70.85	6
8XWD	92	76.34	6
8XWD	93	82.313	6
8XWD	94	90.507	6
8XWD	95	96.82	6
8XWD	96	102.227	6
8Y2P	41	60.97	6
8Y2P	42	58.23	6
8Y2P	43	54.14	6
8Y2P	44	46.44	6
8Y2P	45	38.65	6
8Y2P	46	38.83	6
8Y2P	47	34.25	6
8Y2P	48	32.37	6
8Y2P	49	28.13	6
8Y2P	50	27.47	6
8Y2P	51	26.2	6
8Y2P	52	24.07	6
8Y2P	53	24.2	6
8Y2P	54	25.2	6
8Y2P	55	26.03	6
8Y2P	56	27.61	6
8Y2P	57	32.27	6
8Y2P	58	37.86	6
8Y2P	59	42.58	6
8Y2P	60	43.83	6
8Y2P	61	46.59	6
8Y2P	62	42.39	6
8Y2P	63	40.99	6
8Y2P	64	39.08	6
8Y2P	65	41.74	6
8Y2P	66	43.95	6
8Y2P	67	49.14	6
8Y2P	68	46.81	6
8Y2P	69	45.66	6
8Y2P	70	42.43	6
8Y2P	71	38.31	6
8Y2P	72	36.99	6
8Y2P	73	33.8	6
8Y2P	74	32.54	6
8Y2P	75	33.59	6
8Y2P	76	31.78	6
8Y2P	77	32.92	6
8Y2P	78	33.12	6
8Y2P	79	36.34	6
8Y2P	80	39.79	6
8Y2P	81	44.85	6
8Y2P	82	50.89	6
8Y2P	83	57.71	6
8Y2P	84	54.99	6
8Y2P	85	53.07	6
8Y2P	86	48.39	6
8Y2P	87	46.41	6
8Y2P	88	43.21	6
8Y2P	89	43.46	6
8Y2P	90	45.3	6
8Y2P	91	51.33	6
8Y2P	92	55.33	6
8Y2P	93	60.98	6
8Y2P	94	67.75	6
8Y2P	95	72.85	6
8Y2Q	41	71.11	6
8Y2Q	42	67.06	6
8Y2Q	43	58.74	6
8Y2Q	44	46.57	6
8Y2Q	45	33.61	6
8Y2Q	46	35.28	6
8Y2Q	47	27.93	6
8Y2Q	48	23.97	6
8Y2Q	49	18.11	6
8Y2Q	50	15.93	6
8Y2Q	51	13.77	6
8Y2Q	52	11.76	6
8Y2Q	53	11.42	6
8Y2Q	54	12.3	6
8Y2Q	55	12.48	6
8Y2Q	56	16.51	6
8Y2Q	57	22.63	6
8Y2Q	58	28.58	6
8Y2Q	59	33.81	6
8Y2Q	60	38.49	6
8Y2Q	61	41.26	6
8Y2Q	62	37.56	6
8Y2Q	63	36.14	6
8Y2Q	64	35.11	6
8Y2Q	65	38.03	6
8Y2Q	66	39.89	6
8Y2Q	67	44.67	6
8Y2Q	68	45.56	6
8Y2Q	69	41.87	6
8Y2Q	70	39.52	6
8Y2Q	71	34.05	6
8Y2Q	72	34.32	6
8Y2Q	73	28.72	6
8Y2Q	74	25.9	6
8Y2Q	75	25.16	6
8Y2Q	76	22.25	6
8Y2Q	77	21.96	6
8Y2Q	78	24.39	6
8Y2Q	79	29.19	6
8Y2Q	80	34.25	6
8Y2Q	81	38.65	6
8Y2Q	82	45.92	6
8Y2Q	83	49.15	6
8Y2Q	84	44.59	6
8Y2Q	85	40.24	6
8Y2Q	86	39.18	6
8Y2Q	87	38.83	6
8Y2Q	88	37.46	6
8Y2Q	89	34.53	6
8Y2Q	90	36.03	6
8Y2Q	91	41.05	6
8Y2Q	92	46.99	6
8Y2Q	93	55.36	6
8Y2Q	94	62.37	6
8Y2Q	95	70.57	6
8YAC	176	118.89	9
8YAC	177	109.1	9
8YAC	178	81.46	9
8YAC	179	71.67	9
8YAC	180	63.07	9
8YAC	181	56.97	9
8YAC	182	60.49	9
8YAC	183	54.04	9
8YAC	184	65.93	9
8YAC	185	52.82	9
8YAC	186	58.24	9
8YAC	187	55.83	9
8YAC	188	59.87	9
8YAC	189	68.33	9
8YAC	190	71.03	9
8YAC	191	67.08	9
8YAC	192	60.95	9
8YAC	193	55.43	9
8YAC	194	71.82	9
8YAC	195	83.16	9
8YAC	196	58.04	9
8YAC	197	58.82	9
8YAC	198	46.34	9
8YAC	199	52.4	9
8YAC	200	43.37	9
8YAC	201	57.9	9
8YAC	202	52.3	9
8YAC	203	58.9	9
8YAC	204	59.47	9
8YAC	205	72.26	9
8YAC	206	80.74	9
8Z93	531	55.36	3
8Z93	532	53.023	3
8Z93	533	40.597	3
8Z93	534	38.46	3
8Z93	535	28.04	3
8Z93	536	23.097	3
8Z93	537	17.98	3
8Z93	538	14.037	3
8Z93	539	13.193	3
8Z93	540	20.437	3
8Z93	541	29.507	3
8Z93	542	39.983	3
8Z93	543	50.84	3
8Z93	544	63.187	3
8Z93	545	50.333	3
8Z93	546	39.923	3
8Z93	547	18.933	3
8Z93	548	14.96	3
8Z93	549	14.22	3
8Z93	550	16.33	3
8Z94	448	101.777	3
8Z94	449	95.96	3
8Z94	450	88.253	3
8Z94	451	88.297	3
8Z94	452	76.64	3
8Z94	453	80.63	3
8Z94	454	60.373	3
8Z94	455	55.9	3
8Z94	456	45.463	3
8Z94	457	39.553	3
8Z94	458	32.547	3
8Z94	459	30.77	3
8Z94	460	33.507	3
8Z94	461	47.14	3
8Z94	462	78.88	3
8Z94	463	95.117	3
8Z94	464	111.107	3
8Z94	465	100.003	3
8Z94	466	65.29	3
8Z94	467	75.117	3
8Z94	468	84.833	3
8Z94	469	110.503	3
8ZLI	45	201.43	10
8ZLI	46	203.05	10
8ZLI	47	202.0	10
8ZLI	48	197.27	10
8ZLI	49	192.32	10
8ZLI	50	194.91	10
8ZLI	51	179.48	10
8ZLI	52	164.04	10
8ZLI	53	158.49	10
8ZLI	54	157.37	10
8ZLI	55	156.35	10
8ZLI	56	158.01	10
8ZLI	57	170.49	10
8ZLI	58	171.83	10
8ZLI	59	165.88	10
8ZLI	60	163.3	10
8ZLI	61	165.46	10
8ZLI	62	152.97	10
8ZLI	63	141.53	10
8ZLI	64	142.21	10
8ZLI	65	134.97	10
8ZLI	66	130.84	10
8ZLI	67	131.99	10
8ZLI	68	129.74	10
8ZLI	69	131.63	10
8ZLI	70	132.55	10
8ZLI	71	134.17	10
8ZLI	72	133.67	10
8ZLI	73	129.49	10
8ZLI	74	124.17	10
8ZLI	75	123.1	10
8ZLI	76	113.33	10
8ZLI	77	108.66	10
8ZLI	78	109.96	10
8ZLI	79	119.18	10
8ZLI	80	125.5	10
8ZLI	81	139.2	10
8ZLI	82	145.86	10
8ZLI	83	160.56	10
8ZLI	84	166.64	10
8ZLI	85	170.08	10
8ZLI	86	161.9	10
8ZLI	87	154.26	10
8ZLI	88	146.06	10
8ZLI	89	139.73	10
8ZLI	90	130.6	10
8ZLI	91	132.53	10
8ZLI	92	131.46	10
8ZLI	93	130.54	10
8ZLI	94	134.27	10
8ZLI	95	130.88	10
8ZLI	96	140.81	10
8ZLI	97	153.77	10
8ZLI	98	174.99	10
8ZLI	99	184.44	10
8ZLO	45	201.43	12
8ZLO	46	203.05	12
8ZLO	47	202.0	12
8ZLO	48	197.27	12
8ZLO	49	192.32	12
8ZLO	50	194.91	12
8ZLO	51	179.48	12
8ZLO	52	164.04	12
8ZLO	53	158.49	12
8ZLO	54	157.37	12
8ZLO	55	156.35	12
8ZLO	56	158.01	12
8ZLO	57	170.49	12
8ZLO	58	171.83	12
8ZLO	59	165.88	12
8ZLO	60	163.3	12
8ZLO	61	165.46	12
8ZLO	62	152.97	12
8ZLO	63	141.53	12
8ZLO	64	142.21	12
8ZLO	65	134.97	12
8ZLO	66	130.84	12
8ZLO	67	131.99	12
8ZLO	68	129.74	12
8ZLO	69	131.63	12
8ZLO	70	132.55	12
8ZLO	71	134.17	12
8ZLO	72	133.67	12
8ZLO	73	129.49	12
8ZLO	74	124.17	12
8ZLO	75	123.1	12
8ZLO	76	113.33	12
8ZLO	77	108.66	12
8ZLO	78	109.96	12
8ZLO	79	119.18	12
8ZLO	80	125.5	12
8ZLO	81	139.2	12
8ZLO	82	145.86	12
8ZLO	83	160.56	12
8ZLO	84	166.64	12
8ZLO	85	170.08	12
8ZLO	86	161.9	12
8ZLO	87	154.26	12
8ZLO	88	146.06	12
8ZLO	89	139.73	12
8ZLO	90	130.6	12
8ZLO	91	132.53	12
8ZLO	92	131.46	12
8ZLO	93	130.54	12
8ZLO	94	134.27	12
8ZLO	95	130.88	12
8ZLO	96	140.81	12
8ZLO	97	153.77	12
8ZLO	98	174.99	12
8ZLO	99	184.44	12
8ZLP	1	66.4	6
8ZLP	2	62.64	6
8ZLP	3	57.0	6
8ZLP	4	53.13	6
8ZLP	5	57.05	6
8ZLP	6	54.54	6
8ZLP	7	52.7	6
8ZLP	8	51.19	6
8ZLP	9	53.55	6
8ZLP	10	52.06	6
8ZLP	11	53.59	6
8ZLP	12	55.68	6
8ZLP	13	58.25	6
8ZLP	14	53.94	6
8ZLP	15	53.28	6
8ZLP	16	52.14	6
8ZLP	17	53.05	6
8ZLP	18	56.21	6
8ZLP	19	59.42	6
8ZLP	20	62.8	6
8ZLP	21	60.9	6
8ZLP	22	56.47	6
8ZLP	23	54.7	6
8ZLP	24	54.7	6
8ZLP	25	55.62	6
8ZLP	26	54.62	6
8ZLP	27	55.99	6
8ZLP	28	60.33	6
8ZLP	29	54.99	6
8ZLP	30	53.56	6
8ZLP	31	54.23	6
8ZLP	32	54.68	6
8ZLP	33	55.5	6
8ZLP	34	55.05	6
8ZLP	35	57.23	6
8ZLP	36	53.32	6
8ZLP	37	52.62	6
8ZLP	38	51.47	6
8ZLP	39	52.89	6
8ZLP	40	52.13	6
8ZLP	41	52.81	6
8ZLP	42	53.68	6
8ZLP	43	53.38	6
8ZLP	44	54.6	6
8ZLP	45	53.51	6
8ZLP	46	56.7	6
8ZLP	47	53.37	6
8ZLP	48	53.76	6
8ZLP	49	52.21	6
8ZLP	50	53.26	6
8ZLP	51	52.55	6
8ZLP	52	54.74	6
8ZLP	53	56.05	6
8ZLP	54	58.81	6
8ZLP	55	59.52	6
8ZLP	56	65.6	6
8ZLP	57	69.56	6
8ZLP	58	70.67	6
8ZLP	59	68.66	6
8ZLP	60	68.0	6
8ZLP	61	65.89	6
8ZLP	62	60.59	6
8ZLP	63	58.52	6
8ZLP	64	58.78	6
8ZLP	65	56.27	6
8ZLP	66	55.72	6
8ZLP	67	52.38	6
8ZLP	68	52.88	6
8ZLP	69	52.38	6
8ZLP	70	51.91	6
8ZLP	71	51.49	6
8ZLP	72	54.22	6
8ZLP	73	55.66	6
8ZLP	74	57.13	6
8ZLP	75	56.92	6
8ZLP	76	55.65	6
8ZLP	77	52.02	6
8ZLP	78	52.92	6
8ZLP	79	53.73	6
8ZLP	80	55.38	6
8ZLP	81	57.23	6
8ZLP	82	57.27	6
8ZLP	83	60.42	6
8ZLP	84	59.12	6
8ZLP	85	56.96	6
8ZLP	86	57.52	6
8ZLP	87	56.92	6
8ZLP	88	55.06	6
8ZLP	89	53.58	6
8ZLP	90	54.54	6
8ZLP	91	54.85	6
8ZLP	92	57.77	6
8ZLP	93	58.89	6
8ZLP	94	60.12	6
8ZLP	95	70.12	6
8ZLP	96	80.23	6
8ZLP	97	87.57	6
8ZLP	98	90.1	6
8ZMY	1	66.4	12
8ZMY	2	62.64	12
8ZMY	3	57.0	12
8ZMY	4	53.13	12
8ZMY	5	57.05	12
8ZMY	6	54.54	12
8ZMY	7	52.7	12
8ZMY	8	51.19	12
8ZMY	9	53.55	12
8ZMY	10	52.06	12
8ZMY	11	53.59	12
8ZMY	12	55.68	12
8ZMY	13	58.25	12
8ZMY	14	53.94	12
8ZMY	15	53.28	12
8ZMY	16	52.14	12
8ZMY	17	53.05	12
8ZMY	18	56.21	12
8ZMY	19	59.42	12
8ZMY	20	62.8	12
8ZMY	21	60.9	12
8ZMY	22	56.47	12
8ZMY	23	54.7	12
8ZMY	24	54.7	12
8ZMY	25	55.62	12
8ZMY	26	54.62	12
8ZMY	27	55.99	12
8ZMY	28	60.33	12
8ZMY	29	54.99	12
8ZMY	30	53.56	12
8ZMY	31	54.23	12
8ZMY	32	54.68	12
8ZMY	33	55.5	12
8ZMY	34	55.05	12
8ZMY	35	57.23	12
8ZMY	36	53.32	12
8ZMY	37	52.62	12
8ZMY	38	51.47	12
8ZMY	39	52.89	12
8ZMY	40	52.13	12
8ZMY	41	52.81	12
8ZMY	42	53.68	12
8ZMY	43	53.38	12
8ZMY	44	54.6	12
8ZMY	45	53.51	12
8ZMY	46	56.7	12
8ZMY	47	53.37	12
8ZMY	48	53.76	12
8ZMY	49	52.21	12
8ZMY	50	53.26	12
8ZMY	51	52.55	12
8ZMY	52	54.74	12
8ZMY	53	56.05	12
8ZMY	54	58.81	12
8ZMY	55	59.52	12
8ZMY	56	65.6	12
8ZMY	57	69.56	12
8ZMY	58	70.67	12
8ZMY	59	68.66	12
8ZMY	60	68.0	12
8ZMY	61	65.89	12
8ZMY	62	60.59	12
8ZMY	63	58.52	12
8ZMY	64	58.78	12
8ZMY	65	56.27	12
8ZMY	66	55.72	12
8ZMY	67	52.38	12
8ZMY	68	52.88	12
8ZMY	69	52.38	12
8ZMY	70	51.91	12
8ZMY	71	51.49	12
8ZMY	72	54.22	12
8ZMY	73	55.66	12
8ZMY	74	57.13	12
8ZMY	75	56.92	12
8ZMY	76	55.65	12
8ZMY	77	52.02	12
8ZMY	78	52.92	12
8ZMY	79	53.73	12
8ZMY	80	55.38	12
8ZMY	81	57.23	12
8ZMY	82	57.27	12
8ZMY	83	60.42	12
8ZMY	84	59.12	12
8ZMY	85	56.96	12
8ZMY	86	57.52	12
8ZMY	87	56.92	12
8ZMY	88	55.06	12
8ZMY	89	53.58	12
8ZMY	90	54.54	12
8ZMY	91	54.85	12
8ZMY	92	57.77	12
8ZMY	93	58.89	12
8ZMY	94	60.12	12
8ZMY	95	70.12	12
8ZMY	96	80.23	12
8ZMY	97	87.57	12
8ZMY	98	90.1	12
8ZWH	45	180.93	6
8ZWH	46	185.3	6
8ZWH	47	186.89	6
8ZWH	48	188.48	6
8ZWH	49	187.28	6
8ZWH	50	187.3	6
8ZWH	51	178.97	6
8ZWH	52	163.93	6
8ZWH	53	153.21	6
8ZWH	54	143.98	6
8ZWH	55	140.36	6
8ZWH	56	136.81	6
8ZWH	57	142.05	6
8ZWH	58	140.29	6
8ZWH	59	138.18	6
8ZWH	60	135.87	6
8ZWH	61	136.65	6
8ZWH	62	134.35	6
8ZWH	63	125.83	6
8ZWH	64	124.99	6
8ZWH	65	112.75	6
8ZWH	66	109.83	6
8ZWH	67	101.84	6
8ZWH	68	102.73	6
8ZWH	69	100.42	6
8ZWH	70	100.18	6
8ZWH	71	103.86	6
8ZWH	72	107.08	6
8ZWH	73	107.78	6
8ZWH	74	107.81	6
8ZWH	75	100.95	6
8ZWH	76	91.39	6
8ZWH	77	83.4	6
8ZWH	78	80.89	6
8ZWH	79	80.87	6
8ZWH	80	78.68	6
8ZWH	81	86.01	6
8ZWH	82	90.56	6
8ZWH	83	100.56	6
8ZWH	84	100.52	6
8ZWH	85	102.75	6
8ZWH	86	102.92	6
8ZWH	87	99.75	6
8ZWH	88	90.8	6
8ZWH	89	87.88	6
8ZWH	90	88.02	6
8ZWH	91	89.59	6
8ZWH	92	94.23	6
8ZWH	93	89.66	6
8ZWH	94	91.16	6
8ZWH	95	94.04	6
8ZWH	96	106.12	6
8ZWH	97	119.15	6
8ZWH	98	143.81	6
8ZWH	99	144.42	6
8ZWI	37	105.48	6
8ZWI	38	102.84	6
8ZWI	39	96.202	6
8ZWI	40	91.542	6
8ZWI	41	84.398	6
8ZWI	42	77.423	6
8ZWI	43	74.418	6
8ZWI	44	68.21	6
8ZWI	45	54.803	6
8ZWI	46	51.638	6
8ZWI	47	41.728	6
8ZWI	48	39.887	6
8ZWI	49	34.648	6
8ZWI	50	36.41	6
8ZWI	51	34.178	6
8ZWI	52	32.477	6
8ZWI	53	31.238	6
8ZWI	54	31.312	6
8ZWI	55	32.343	6
8ZWI	56	36.393	6
8ZWI	57	43.703	6
8ZWI	58	45.225	6
8ZWI	59	49.753	6
8ZWI	60	51.9	6
8ZWI	61	53.983	6
8ZWI	62	51.492	6
8ZWI	63	49.437	6
8ZWI	64	50.333	6
8ZWI	65	52.697	6
8ZWI	66	54.123	6
8ZWI	67	57.305	6
8ZWI	68	56.938	6
8ZWI	69	52.628	6
8ZWI	70	51.088	6
8ZWI	71	44.282	6
8ZWI	72	45.905	6
8ZWI	73	39.968	6
8ZWI	74	39.46	6
8ZWI	75	39.927	6
8ZWI	76	36.15	6
8ZWI	77	35.843	6
8ZWI	78	37.037	6
8ZWI	79	41.183	6
8ZWI	80	48.345	6
8ZWI	81	54.867	6
8ZWI	82	61.232	6
8ZWI	83	68.547	6
8ZWI	84	62.227	6
8ZWI	85	58.063	6
8ZWI	86	56.56	6
8ZWI	87	52.243	6
8ZWI	88	49.337	6
8ZWI	89	50.347	6
8ZWI	90	51.007	6
8ZWI	91	57.327	6
8ZWI	92	60.908	6
8ZWI	93	68.535	6
8ZWI	94	75.853	6
8ZWI	95	81.133	6
8ZWI	96	83.288	6
8ZWI	97	88.153	6
8ZWJ	37	109.133	6
8ZWJ	38	103.603	6
8ZWJ	39	96.483	6
8ZWJ	40	94.713	6
8ZWJ	41	88.573	6
8ZWJ	42	79.02	6
8ZWJ	43	67.527	6
8ZWJ	44	57.97	6
8ZWJ	45	42.837	6
8ZWJ	46	38.737	6
8ZWJ	47	30.11	6
8ZWJ	48	29.667	6
8ZWJ	49	24.873	6
8ZWJ	50	27.337	6
8ZWJ	51	26.257	6
8ZWJ	52	25.28	6
8ZWJ	53	27.227	6
8ZWJ	54	30.393	6
8ZWJ	55	30.91	6
8ZWJ	56	32.937	6
8ZWJ	57	37.61	6
8ZWJ	58	40.497	6
8ZWJ	59	44.55	6
8ZWJ	60	46.34	6
8ZWJ	61	49.177	6
8ZWJ	62	46.527	6
8ZWJ	63	46.42	6
8ZWJ	64	46.79	6
8ZWJ	65	49.417	6
8ZWJ	66	49.737	6
8ZWJ	67	53.837	6
8ZWJ	68	53.617	6
8ZWJ	69	47.28	6
8ZWJ	70	41.333	6
8ZWJ	71	33.463	6
8ZWJ	72	33.017	6
8ZWJ	73	30.48	6
8ZWJ	74	28.36	6
8ZWJ	75	28.263	6
8ZWJ	76	26.377	6
8ZWJ	77	27.657	6
8ZWJ	78	28.887	6
8ZWJ	79	32.373	6
8ZWJ	80	38.07	6
8ZWJ	81	40.917	6
8ZWJ	82	45.99	6
8ZWJ	83	50.353	6
8ZWJ	84	47.407	6
8ZWJ	85	42.767	6
8ZWJ	86	40.437	6
8ZWJ	87	36.55	6
8ZWJ	88	33.893	6
8ZWJ	89	36.243	6
8ZWJ	90	39.333	6
8ZWJ	91	49.18	6
8ZWJ	92	57.46	6
8ZWJ	93	71.377	6
8ZWJ	94	81.547	6
8ZWJ	95	87.797	6
8ZWJ	96	92.15	6
8ZWJ	97	106.867	6
8ZWJ	98	114.797	6
8ZWJ	99	114.093	6
8ZWL	304	150.9	6
8ZWL	305	149.272	6
8ZWL	306	139.232	6
8ZWL	307	134.437	6
8ZWL	308	127.432	6
8ZWL	309	125.547	6
8ZWL	310	125.075	6
8ZWL	311	122.118	6
8ZWL	312	120.387	6
8ZWL	313	122.783	6
8ZWL	314	125.895	6
8ZWL	315	123.153	6
8ZWL	316	122.772	6
8ZWL	317	119.702	6
8ZWL	318	120.438	6
8ZWL	319	122.0	6
8ZWL	320	124.082	6
8ZWL	321	124.637	6
8ZWL	322	129.378	6
8ZWL	323	127.0	6
8ZWL	324	122.435	6
8ZWL	325	117.778	6
8ZWL	326	109.99	6
8ZWL	327	112.44	6
8ZWL	328	109.932	6
8ZWL	329	111.46	6
8ZWL	330	110.045	6
8ZWL	331	110.818	6
8ZWL	332	114.73	6
8ZWL	333	115.833	6
8ZWL	334	110.398	6
8ZWL	335	99.475	6
8ZWL	336	93.15	6
8ZWL	337	89.997	6
8ZWL	338	95.202	6
8ZWL	339	90.433	6
8ZWL	340	97.743	6
8ZWL	341	104.505	6
8ZWL	342	105.618	6
8ZWL	343	101.702	6
8ZWL	344	97.133	6
8ZWL	345	100.413	6
8ZWL	346	94.937	6
8ZWL	347	101.283	6
8ZWL	348	108.44	6
8ZWL	349	109.293	6
8ZWL	350	98.858	6
8ZWL	351	97.782	6
8ZWL	352	90.183	6
8ZWL	353	88.172	6
8ZWL	354	85.58	6
8ZWL	355	90.692	6
8ZWL	356	97.772	6
8ZWL	357	103.248	6
8ZWL	358	107.547	6
8ZWL	359	103.05	6
8ZWL	360	100.472	6
8ZWL	361	103.167	6
8ZWL	362	99.033	6
8ZWL	363	101.062	6
8ZWL	364	105.328	6
8ZWL	365	113.288	6
8ZWL	366	115.55	6
8ZWL	367	117.495	6
8ZWL	368	116.537	6
8ZWL	369	110.352	6
8ZWL	370	111.863	6
8ZWL	371	112.43	6
8ZWL	372	118.872	6
8ZWL	373	116.535	6
8ZWL	374	116.282	6
8ZWL	375	110.705	6
8ZWL	376	112.653	6
8ZWL	377	116.672	6
8ZWL	378	124.8	6
8ZWL	379	124.097	6
8ZX6	304	144.845	6
8ZX6	305	142.995	6
8ZX6	306	135.82	6
8ZX6	307	127.665	6
8ZX6	308	117.76	6
8ZX6	309	108.475	6
8ZX6	310	100.505	6
8ZX6	311	94.78	6
8ZX6	312	92.795	6
8ZX6	313	95.465	6
8ZX6	314	101.16	6
8ZX6	315	101.72	6
8ZX6	316	102.01	6
8ZX6	317	99.675	6
8ZX6	318	99.38	6
8ZX6	319	102.69	6
8ZX6	320	104.8	6
8ZX6	321	104.345	6
8ZX6	322	113.705	6
8ZX6	323	117.56	6
8ZX6	324	117.065	6
8ZX6	325	108.8	6
8ZX6	326	99.065	6
8ZX6	327	95.9	6
8ZX6	328	89.955	6
8ZX6	329	87.355	6
8ZX6	330	87.54	6
8ZX6	331	87.785	6
8ZX6	332	92.575	6
8ZX6	333	97.205	6
8ZX6	334	98.61	6
8ZX6	335	98.11	6
8ZX6	336	96.125	6
8ZX6	337	95.26	6
8ZX6	338	95.57	6
8ZX6	339	94.375	6
8ZX6	340	100.76	6
8ZX6	341	110.93	6
8ZX6	342	119.015	6
8ZX6	343	114.945	6
8ZX6	344	104.925	6
8ZX6	345	98.645	6
8ZX6	346	89.58	6
8ZX6	347	96.65	6
8ZX6	348	100.005	6
8ZX6	349	97.76	6
8ZX6	350	89.95	6
8ZX6	351	88.935	6
8ZX6	352	83.29	6
8ZX6	353	83.825	6
8ZX6	354	85.56	6
8ZX6	355	90.3	6
8ZX6	356	92.85	6
8ZX6	357	95.48	6
8ZX6	358	92.72	6
8ZX6	359	86.395	6
8ZX6	360	81.785	6
8ZX6	361	87.28	6
8ZX6	362	84.35	6
8ZX6	363	87.39	6
8ZX6	364	90.395	6
8ZX6	365	99.57	6
8ZX6	366	100.615	6
8ZX6	367	105.205	6
8ZX6	368	106.305	6
8ZX6	369	103.375	6
8ZX6	370	95.665	6
8ZX6	371	94.475	6
8ZX6	372	98.765	6
8ZX6	373	98.685	6
8ZX6	374	99.26	6
8ZX6	375	92.67	6
8ZX6	376	95.83	6
8ZX6	377	104.445	6
8ZX6	378	123.08	6
8ZX6	379	126.98	6
9ATW	1	76.72	62
9ATW	2	86.9	62
9ATW	3	91.0	62
9ATW	4	93.65	62
9ATW	5	91.77	62
9ATW	6	92.7	62
9ATW	7	95.27	62
9ATW	8	96.07	62
9ATW	9	92.59	62
9ATW	10	93.86	62
9ATW	11	96.26	62
9ATW	12	93.15	62
9ATW	13	95.12	62
9ATW	14	94.25	62
9ATW	15	95.12	62
9ATW	16	92.06	62
9ATW	17	91.21	62
9ATW	18	90.79	62
9ATW	19	88.73	62
9ATW	20	78.75	62
9ATW	21	66.87	62
9AXZ	273	52.08	6
9AXZ	274	42.24	6
9AXZ	275	32.3	6
9AXZ	276	25.54	6
9AXZ	277	21.18	6
9AXZ	278	24.73	6
9AXZ	279	21.87	6
9AXZ	280	33.12	6
9AXZ	281	37.48	6
9AXZ	282	36.15	6
9AXZ	283	36.87	6
9AXZ	284	31.1	6
9AXZ	285	37.04	6
9AXZ	286	30.48	6
9AXZ	287	30.31	6
9AXZ	288	27.88	6
9AXZ	289	33.6	6
9AXZ	290	46.87	6
9AXZ	291	47.8	6
9AXZ	292	55.45	6
9AXZ	293	56.88	6
9AXZ	294	61.23	6
9AXZ	295	63.96	6
9AXZ	296	63.82	6
9AXZ	297	71.05	6
9AXZ	298	77.34	6
9AXZ	299	92.89	6
9AXZ	300	94.66	6
9AXZ	301	101.68	6
9AXZ	302	95.36	6
9AXZ	303	80.59	6
9AXZ	304	61.84	6
9AXZ	305	42.29	6
9AXZ	306	32.94	6
9AXZ	307	23.34	6
9AXZ	308	22.21	6
9AXZ	309	33.34	6
9AXZ	310	27.48	6
9AXZ	311	35.95	6
9AXZ	312	39.64	6
9AXZ	313	39.1	6
9AXZ	314	47.14	6
9AXZ	315	38.82	6
9AXZ	316	44.97	6
9AXZ	317	32.47	6
9AXZ	318	42.42	6
9AXZ	319	45.82	6
9AXZ	320	53.56	6
9AXZ	321	55.29	6
9AXZ	322	73.29	6
9AXZ	323	82.69	6
9AXZ	324	91.15	6
9AXZ	325	96.73	6
9AXZ	326	96.74	6
9AXZ	327	111.43	6
9AXZ	328	112.39	6
9AXZ	329	121.5	6
9AXZ	330	124.42	6
9B3A	294	55.12	15
9B3A	295	43.23	15
9B3A	296	47.44	15
9B3A	297	45.29	15
9B3A	298	52.56	15
9B3A	299	56.56	15
9B3A	300	57.83	15
9B3A	301	67.99	15
9B3A	302	75.43	15
9B3A	303	77.65	15
9B3A	304	81.09	15
9B3A	305	76.14	30
9B3A	306	69.335	30
9B3A	307	63.095	30
9B3A	308	46.645	30
9B3A	309	48.77	30
9B3A	310	40.605	30
9B3A	311	45.215	30
9B3A	312	26.63	15
9B3A	313	31.71	15
9B3A	314	49.9	15
9B3C	294	51.11	15
9B3C	295	44.62	15
9B3C	296	46.57	15
9B3C	297	46.75	15
9B3C	298	49.57	15
9B3C	299	45.23	15
9B3C	300	49.88	15
9B3C	301	48.83	15
9B3C	302	54.23	15
9B3C	303	53.77	15
9B3C	304	57.755	30
9B3C	305	56.345	30
9B3C	306	39.73	30
9B3C	307	38.025	30
9B3C	308	36.475	30
9B3C	309	39.695	30
9B3C	310	43.475	30
9B3C	311	26.4	15
9B3C	312	28.24	15
9B3C	313	31.19	15
9B3C	314	42.32	15
9B4L	304	118.15	12
9B4L	305	121.0	12
9B4L	306	108.3	12
9B4L	307	107.25	12
9B4L	308	91.87	12
9B4L	309	91.94	12
9B4L	310	94.59	12
9B4L	311	97.94	12
9B4L	312	90.95	12
9B4L	313	84.34	12
9B4L	314	91.97	12
9B4L	315	82.2	12
9B4L	316	92.23	12
9B4L	317	83.25	12
9B4L	318	80.79	12
9B4L	319	85.57	12
9B4L	320	86.64	12
9B4L	321	84.87	12
9B4L	322	92.54	12
9B4L	323	85.71	12
9B4L	324	86.96	12
9B4L	325	83.07	12
9B4L	326	79.46	12
9B4L	327	82.56	12
9B4L	328	69.38	12
9B4L	329	72.86	12
9B4L	330	59.45	12
9B4L	331	66.44	12
9B4L	332	70.23	12
9B4L	333	73.08	12
9B4L	334	76.55	12
9B4L	335	81.96	12
9B4L	336	78.8	12
9B4L	337	79.58	12
9B4L	338	82.05	12
9B4L	339	83.03	12
9B4L	340	91.61	12
9B4L	341	113.83	12
9B4L	342	124.86	12
9B4L	343	113.82	12
9B4L	344	100.86	12
9B4L	345	108.54	12
9B4L	346	92.37	12
9B4L	347	103.11	12
9B4L	348	104.64	12
9B4L	349	104.2	12
9B4L	350	84.96	12
9B4L	351	90.39	12
9B4L	352	85.39	12
9B4L	353	78.05	12
9B4L	354	70.78	12
9B4L	355	79.2	12
9B4L	356	89.21	12
9B4L	357	74.83	12
9B4L	358	78.41	12
9B4L	359	61.51	12
9B4L	360	56.01	12
9B4L	361	62.0	12
9B4L	362	60.13	12
9B4L	363	60.99	12
9B4L	364	62.92	12
9B4L	365	72.0	12
9B4L	366	72.05	12
9B4L	367	80.56	12
9B4L	368	79.25	12
9B4L	369	76.21	12
9B4L	370	73.12	12
9B4L	371	75.5	12
9B4L	372	80.6	12
9B4L	373	83.03	12
9B4L	374	84.65	12
9B4L	375	80.24	12
9B4L	376	89.91	12
9B4L	377	96.92	12
9B4L	378	114.04	12
9B4L	379	126.26	12
9B4L	380	135.52	12
9B4M	304	137.23	10
9B4M	305	148.62	10
9B4M	306	130.47	10
9B4M	307	128.7	10
9B4M	308	111.69	10
9B4M	309	117.17	10
9B4M	310	115.75	10
9B4M	311	108.45	10
9B4M	312	106.57	10
9B4M	313	102.95	10
9B4M	314	109.82	10
9B4M	315	104.46	10
9B4M	316	108.95	10
9B4M	317	104.78	10
9B4M	318	97.15	10
9B4M	319	108.77	10
9B4M	320	107.05	10
9B4M	321	102.87	10
9B4M	322	111.09	10
9B4M	323	107.51	10
9B4M	324	110.87	10
9B4M	325	110.13	10
9B4M	326	99.82	10
9B4M	327	105.77	10
9B4M	328	96.65	10
9B4M	329	87.72	10
9B4M	330	91.41	10
9B4M	331	80.36	10
9B4M	332	94.81	10
9B4M	333	111.13	10
9B4M	334	100.23	10
9B4M	335	98.36	10
9B4M	336	91.62	10
9B4M	337	90.28	10
9B4M	338	94.19	10
9B4M	339	93.24	10
9B4M	340	103.03	10
9B4M	341	130.51	10
9B4M	342	136.16	10
9B4M	343	131.55	10
9B4M	344	116.84	10
9B4M	345	124.87	10
9B4M	346	106.01	10
9B4M	347	127.37	10
9B4M	348	130.16	10
9B4M	349	125.02	10
9B4M	350	93.68	10
9B4M	351	97.7	10
9B4M	352	101.07	10
9B4M	353	83.97	10
9B4M	354	85.95	10
9B4M	355	92.0	10
9B4M	356	103.79	10
9B4M	357	105.85	10
9B4M	358	114.32	10
9B4M	359	98.76	10
9B4M	360	85.21	10
9B4M	361	89.97	10
9B4M	362	79.74	10
9B4M	363	79.68	10
9B4M	364	87.52	10
9B4M	365	97.98	10
9B4M	366	92.37	10
9B4M	367	103.86	10
9B4M	368	106.79	10
9B4M	369	95.07	10
9B4M	370	92.44	10
9B4M	371	90.09	10
9B4M	372	105.74	10
9B4M	373	108.23	10
9B4M	374	110.19	10
9B4M	375	99.84	10
9B4M	376	105.0	10
9B4M	377	122.72	10
9B4M	378	134.31	10
9B4M	379	145.91	10
9B4M	380	160.26	10
9B4N	304	131.32	10
9B4N	305	132.16	10
9B4N	306	127.18	10
9B4N	307	123.51	10
9B4N	308	117.62	10
9B4N	309	114.81	10
9B4N	310	110.67	10
9B4N	311	107.68	10
9B4N	312	105.61	10
9B4N	313	103.63	10
9B4N	314	104.34	10
9B4N	315	102.28	10
9B4N	316	103.67	10
9B4N	317	102.1	10
9B4N	318	100.29	10
9B4N	319	101.4	10
9B4N	320	101.19	10
9B4N	321	100.57	10
9B4N	322	101.88	10
9B4N	323	100.2	10
9B4N	324	98.93	10
9B4N	325	96.34	10
9B4N	326	90.09	10
9B4N	327	90.38	10
9B4N	328	85.95	10
9B4N	329	85.66	10
9B4N	330	83.45	10
9B4N	331	83.78	10
9B4N	332	84.38	10
9B4N	333	90.18	10
9B4N	334	92.64	10
9B4N	335	93.06	10
9B4N	336	92.39	10
9B4N	337	93.35	10
9B4N	338	96.02	10
9B4N	339	96.17	10
9B4N	340	99.39	10
9B4N	341	107.28	10
9B4N	342	111.0	10
9B4N	343	109.5	10
9B4N	344	104.96	10
9B4N	345	107.39	10
9B4N	346	102.89	10
9B4N	347	107.88	10
9B4N	348	109.22	10
9B4N	349	108.69	10
9B4N	350	102.62	10
9B4N	351	97.88	10
9B4N	352	94.85	10
9B4N	353	88.93	10
9B4N	354	87.89	10
9B4N	355	89.76	10
9B4N	356	91.87	10
9B4N	357	91.9	10
9B4N	358	92.91	10
9B4N	359	87.08	10
9B4N	360	82.63	10
9B4N	361	82.02	10
9B4N	362	79.0	10
9B4N	363	79.24	10
9B4N	364	80.15	10
9B4N	365	83.11	10
9B4N	366	86.67	10
9B4N	367	91.41	10
9B4N	368	96.36	10
9B4N	369	95.09	10
9B4N	370	95.23	10
9B4N	371	97.78	10
9B4N	372	102.93	10
9B4N	373	106.51	10
9B4N	374	106.12	10
9B4N	375	109.14	10
9B4N	376	113.76	10
9B4N	377	122.01	10
9B4N	378	128.6	10
9B4N	379	133.32	10
9B4N	380	136.29	10
9B4O	304	125.73	10
9B4O	305	128.76	10
9B4O	306	123.24	10
9B4O	307	122.23	10
9B4O	308	115.93	10
9B4O	309	111.79	10
9B4O	310	108.89	10
9B4O	311	109.11	10
9B4O	312	107.58	10
9B4O	313	105.18	10
9B4O	314	107.8	10
9B4O	315	105.69	10
9B4O	316	109.27	10
9B4O	317	107.03	10
9B4O	318	103.34	10
9B4O	319	107.47	10
9B4O	320	107.44	10
9B4O	321	103.18	10
9B4O	322	106.92	10
9B4O	323	102.74	10
9B4O	324	102.35	10
9B4O	325	94.12	10
9B4O	326	90.03	10
9B4O	327	92.16	10
9B4O	328	85.85	10
9B4O	329	85.65	10
9B4O	330	81.43	10
9B4O	331	82.73	10
9B4O	332	83.52	10
9B4O	333	94.02	10
9B4O	334	95.99	10
9B4O	335	96.16	10
9B4O	336	93.75	10
9B4O	337	94.28	10
9B4O	338	98.09	10
9B4O	339	95.77	10
9B4O	340	102.07	10
9B4O	341	109.72	10
9B4O	342	111.0	10
9B4O	343	111.71	10
9B4O	344	107.43	10
9B4O	345	110.67	10
9B4O	346	103.9	10
9B4O	347	107.86	10
9B4O	348	111.46	10
9B4O	349	111.03	10
9B4O	350	102.64	10
9B4O	351	100.6	10
9B4O	352	97.88	10
9B4O	353	90.34	10
9B4O	354	84.94	10
9B4O	355	89.17	10
9B4O	356	92.21	10
9B4O	357	89.05	10
9B4O	358	90.8	10
9B4O	359	84.66	10
9B4O	360	78.92	10
9B4O	361	77.93	10
9B4O	362	76.85	10
9B4O	363	75.8	10
9B4O	364	76.12	10
9B4O	365	81.07	10
9B4O	366	86.44	10
9B4O	367	91.03	10
9B4O	368	95.33	10
9B4O	369	93.94	10
9B4O	370	89.81	10
9B4O	371	91.12	10
9B4O	372	97.37	10
9B4O	373	100.85	10
9B4O	374	101.73	10
9B4O	375	102.52	10
9B4O	376	108.63	10
9B4O	377	118.38	10
9B4O	378	127.72	10
9B4O	379	132.06	10
9B4O	380	138.05	10
9BBL	305	35.07	6
9BBL	306	65.0	6
9BBL	307	76.667	9
9BBL	308	80.047	9
9BBL	309	98.693	9
9BBL	310	100.0	9
9BBL	311	100.0	9
9BBL	312	100.0	9
9BBL	313	100.0	9
9BBL	314	100.0	9
9BBL	315	100.0	9
9BBL	316	100.0	9
9BBL	317	100.0	9
9BBL	318	100.0	9
9BBL	319	100.0	9
9BBL	320	100.0	9
9BBL	321	100.0	9
9BBL	322	100.0	9
9BBL	323	100.0	9
9BBL	324	100.0	9
9BBL	325	100.0	9
9BBL	326	84.887	9
9BBL	327	100.0	9
9BBL	328	100.0	9
9BBL	329	100.0	9
9BBL	330	100.0	9
9BBL	331	100.0	9
9BBL	332	100.0	9
9BBL	333	100.0	9
9BBL	334	95.087	9
9BBL	335	100.0	9
9BBL	336	100.0	9
9BBL	337	100.0	9
9BBL	338	100.0	9
9BBL	339	100.0	9
9BBL	340	100.0	9
9BBL	341	100.0	9
9BBL	342	100.0	9
9BBL	343	100.0	9
9BBL	344	100.0	9
9BBL	345	100.0	9
9BBL	346	100.0	9
9BBL	347	100.0	9
9BBL	348	100.0	9
9BBL	349	100.0	9
9BBL	350	100.0	9
9BBL	351	100.0	9
9BBL	352	100.0	9
9BBL	353	100.0	9
9BBL	354	100.0	9
9BBL	355	100.0	9
9BBL	356	100.0	9
9BBL	357	100.0	9
9BBL	358	100.0	9
9BBL	359	100.0	9
9BBL	360	100.0	9
9BBL	361	100.0	9
9BBL	362	100.0	9
9BBL	363	100.0	9
9BBL	364	100.0	9
9BBL	365	90.837	9
9BBL	366	83.803	9
9BBL	367	100.0	9
9BBL	368	100.0	9
9BBL	369	100.0	9
9BBL	370	100.0	9
9BBL	371	100.0	9
9BBL	372	100.0	9
9BBL	373	100.0	9
9BBL	374	100.0	9
9BBL	375	100.0	9
9BBL	376	100.0	9
9BBL	377	100.0	9
9BBL	378	100.0	9
9BBL	379	63.44	6
9BBM	306	30.0	6
9BBM	307	30.0	6
9BBM	308	30.0	6
9BBM	309	30.0	6
9BBM	310	30.0	6
9BBM	311	30.0	6
9BBM	312	30.0	6
9BBM	313	60.68	6
9BBM	314	86.44	6
9BBM	315	86.61	6
9BBM	316	57.5	6
9BBM	317	79.4	6
9BBM	318	100.0	6
9BBM	319	100.0	6
9BBM	320	100.0	6
9BBM	321	100.0	6
9BBM	322	98.44	6
9BBM	323	30.0	6
9BBM	324	30.0	6
9BBM	325	30.0	6
9BBM	326	30.0	6
9BBM	327	100.0	6
9BBM	328	100.0	6
9BBM	329	100.0	6
9BBM	330	100.0	6
9BBM	331	100.0	6
9BBM	332	100.0	6
9BBM	333	69.82	6
9BBM	334	76.31	6
9BBM	335	94.72	6
9BBM	336	100.0	6
9BBM	337	100.0	6
9BBM	338	100.0	6
9BBM	339	100.0	6
9BBM	340	100.0	6
9BBM	341	31.98	6
9BBM	342	74.99	6
9BBM	343	93.04	6
9BBM	344	100.0	6
9BBM	345	100.0	6
9BBM	346	100.0	6
9BBM	347	89.75	6
9BBM	348	73.14	6
9BBM	349	87.55	6
9BBM	350	100.0	6
9BBM	351	100.0	6
9BBM	352	100.0	6
9BBM	353	100.0	6
9BBM	354	100.0	6
9BBM	355	100.0	6
9BBM	356	100.0	6
9BBM	357	100.0	6
9BBM	358	100.0	6
9BBM	359	100.0	6
9BBM	360	100.0	6
9BBM	361	100.0	6
9BBM	362	100.0	6
9BBM	363	100.0	6
9BBM	364	100.0	6
9BBM	365	85.74	6
9BBM	366	84.06	6
9BBM	367	96.15	6
9BBM	368	100.0	6
9BBM	369	100.0	6
9BBM	370	100.0	6
9BBM	371	100.0	6
9BBM	372	100.0	6
9BBM	373	100.0	6
9BBM	374	85.3	6
9BBM	375	100.0	6
9BBM	376	100.0	6
9BBM	377	100.0	6
9BBM	378	100.0	6
9BBM	379	90.53	6
9BDM	11	76.83	5
9BDM	12	72.54	5
9BDM	13	65.42	5
9BDM	14	54.87	5
9BDM	15	57.74	5
9BDM	16	52.05	5
9BDM	17	53.71	5
9BDM	18	62.97	5
9BDM	19	60.06	5
9BDM	20	60.88	5
9BDM	21	69.21	5
9BDM	22	66.17	5
9BDM	23	63.0	5
9BDM	24	46.71	5
9BDM	25	48.1	5
9BDM	26	39.23	5
9BDM	27	32.23	5
9BDM	28	38.65	5
9BDM	29	34.85	5
9BDM	30	49.46	5
9BDM	31	39.23	5
9BDM	32	40.1	5
9BDM	33	43.97	5
9BDM	34	56.84	5
9BDM	35	63.75	5
9BDM	58	63.35	5
9BDM	59	81.19	5
9BDM	60	67.33	5
9BDM	61	66.37	5
9BDM	62	70.85	5
9BDM	63	69.8	5
9BDM	64	49.91	5
9BDM	65	47.08	5
9BDM	66	48.6	5
9BDM	67	47.03	5
9BDM	68	52.5	5
9BDM	69	31.79	5
9BDM	70	42.96	5
9BDM	71	41.04	5
9BDM	72	49.87	5
9BDM	73	42.91	5
9BDM	74	38.96	5
9BDM	75	41.45	5
9BDM	76	46.66	5
9BDM	77	39.83	5
9BDM	78	46.12	5
9BDM	79	44.17	5
9BDM	80	47.12	5
9BDM	81	47.93	5
9BDM	82	55.73	5
9BDM	83	56.83	5
9BDM	84	66.75	5
9BDM	85	62.99	5
9BDM	86	59.62	5
9BDM	87	55.86	5
9BDM	88	70.11	5
9BDM	89	78.72	5
9BDM	90	81.84	5
9BDM	91	74.18	5
9BDM	92	73.41	5
9BDM	93	59.03	5
9BDM	94	54.91	5
9BDM	95	49.92	5
9BDM	96	50.46	5
9BDM	97	52.65	5
9BDM	98	56.89	5
9BDM	99	64.1	5
9BDM	100	60.84	5
9BDM	101	66.81	5
9BDM	102	54.68	5
9BDM	103	49.07	5
9BDM	104	50.42	5
9BDM	105	52.98	5
9BDM	106	47.68	5
9BDM	107	45.97	5
9BDM	108	46.1	5
9BDM	109	36.48	5
9BDM	110	41.98	5
9BDM	111	38.53	5
9BDM	112	38.68	5
9BDM	113	27.63	5
9BDM	114	40.15	5
9BDM	115	38.5	5
9BDM	116	39.0	5
9BDM	117	41.03	5
9BDM	118	42.63	5
9BDM	119	37.41	5
9BDM	120	44.75	5
9BDM	121	50.26	5
9BDM	122	60.57	5
9BXI	304	101.37	6
9BXI	305	99.49	6
9BXI	306	89.72	6
9BXI	307	87.65	6
9BXI	308	76.63	6
9BXI	309	74.62	6
9BXI	310	66.53	6
9BXI	311	67.23	6
9BXI	312	67.87	6
9BXI	313	66.41	6
9BXI	314	64.79	6
9BXI	315	59.36	6
9BXI	316	56.17	6
9BXI	317	52.89	6
9BXI	318	45.39	6
9BXI	319	53.4	6
9BXI	320	40.83	6
9BXI	321	45.01	6
9BXI	322	47.15	6
9BXI	323	39.06	6
9BXI	324	56.02	6
9BXI	325	55.54	6
9BXI	326	52.68	6
9BXI	327	45.09	6
9BXI	328	35.87	6
9BXI	329	28.46	6
9BXI	330	29.91	6
9BXI	331	26.99	6
9BXI	332	28.86	6
9BXI	333	21.7	6
9BXI	334	28.54	6
9BXI	335	29.03	6
9BXI	336	26.01	6
9BXI	337	28.49	6
9BXI	338	28.75	6
9BXI	339	33.56	6
9BXI	340	38.98	6
9BXI	341	58.72	6
9BXI	342	65.17	6
9BXI	343	61.8	6
9BXI	344	50.11	6
9BXI	345	53.25	6
9BXI	346	44.66	6
9BXI	347	57.26	6
9BXI	348	54.72	6
9BXI	349	55.63	6
9BXI	350	46.07	6
9BXI	351	41.38	6
9BXI	352	39.77	6
9BXI	353	31.44	6
9BXI	354	33.65	6
9BXI	355	30.96	6
9BXI	356	34.48	6
9BXI	357	30.29	6
9BXI	358	33.39	6
9BXI	359	25.09	6
9BXI	360	24.87	6
9BXI	361	27.32	6
9BXI	362	25.11	6
9BXI	363	24.94	6
9BXI	364	32.81	6
9BXI	365	32.52	6
9BXI	366	37.74	6
9BXI	367	29.82	6
9BXI	368	36.43	6
9BXI	369	35.52	6
9BXI	370	43.37	6
9BXI	371	51.19	6
9BXI	372	53.68	6
9BXI	373	56.08	6
9BXI	374	62.28	6
9BXI	375	66.36	6
9BXI	376	71.53	6
9BXI	377	78.02	6
9BXI	378	91.99	6
9BXI	379	101.66	6
9BXI	380	112.74	6
9BXO	304	65.19	6
9BXO	305	61.27	6
9BXO	306	55.47	6
9BXO	307	48.71	6
9BXO	308	42.5	6
9BXO	309	41.48	6
9BXO	310	41.08	6
9BXO	311	37.48	6
9BXO	312	39.53	6
9BXO	313	38.51	6
9BXO	314	49.83	6
9BXO	315	45.45	6
9BXO	316	44.92	6
9BXO	317	42.27	6
9BXO	318	46.06	6
9BXO	319	52.41	6
9BXO	320	53.41	6
9BXO	321	50.76	6
9BXO	322	61.87	6
9BXO	323	57.61	6
9BXO	324	63.95	6
9BXO	325	65.71	6
9BXO	326	72.14	6
9BXO	327	64.01	6
9BXO	328	51.05	6
9BXO	329	56.44	6
9BXO	330	55.8	6
9BXO	331	62.13	6
9BXO	332	60.16	6
9BXO	333	71.03	6
9BXO	334	81.69	6
9BXO	335	85.6	6
9BXO	336	95.22	6
9BXO	337	99.54	6
9BXO	338	110.21	6
9BXO	339	108.05	6
9BXO	340	120.06	6
9BXO	341	132.7	6
9BXO	342	137.9	6
9BXO	343	140.66	6
9BXO	344	134.45	6
9BXO	345	136.05	6
9BXO	346	136.36	6
9BXO	347	140.08	6
9BXO	348	142.53	6
9BXO	349	137.81	6
9BXO	350	130.36	6
9BXO	351	126.05	6
9BXO	352	113.8	6
9BXO	353	104.99	6
9BXO	354	99.32	6
9BXO	355	94.04	6
9BXO	356	92.85	6
9BXO	357	90.09	6
9BXO	358	81.33	6
9BXO	359	70.4	6
9BXO	360	54.47	6
9BXO	361	52.78	6
9BXO	362	43.79	6
9BXO	363	43.86	6
9BXO	364	41.63	6
9BXO	365	54.28	6
9BXO	366	49.11	6
9BXO	367	36.31	6
9BXO	368	46.15	6
9BXO	369	43.61	6
9BXO	370	47.91	6
9BXO	371	49.12	6
9BXO	372	46.29	6
9BXO	373	47.06	6
9BXO	374	39.09	6
9BXO	375	35.33	6
9BXO	376	43.11	6
9BXO	377	50.53	6
9BXO	378	57.15	6
9BXO	379	70.55	6
9BXO	380	94.68	6
9BXQ	304	114.38	6
9BXQ	305	117.14	6
9BXQ	306	113.47	6
9BXQ	307	105.74	6
9BXQ	308	97.05	6
9BXQ	309	84.11	6
9BXQ	310	84.79	6
9BXQ	311	80.12	6
9BXQ	312	80.48	6
9BXQ	313	68.93	6
9BXQ	314	77.69	6
9BXQ	315	76.12	6
9BXQ	316	83.04	6
9BXQ	317	79.81	6
9BXQ	318	73.18	6
9BXQ	319	67.28	6
9BXQ	320	72.7	6
9BXQ	321	70.15	6
9BXQ	322	82.88	6
9BXQ	323	75.41	6
9BXQ	324	89.74	6
9BXQ	325	79.23	6
9BXQ	326	78.24	6
9BXQ	327	76.71	6
9BXQ	328	61.47	6
9BXQ	329	63.26	6
9BXQ	330	45.96	6
9BXQ	331	50.29	6
9BXQ	332	56.86	6
9BXQ	333	55.91	6
9BXQ	334	56.08	6
9BXQ	335	48.67	6
9BXQ	336	48.01	6
9BXQ	337	46.92	6
9BXQ	338	52.95	6
9BXQ	339	51.01	6
9BXQ	340	68.02	6
9BXQ	341	81.24	6
9BXQ	342	95.5	6
9BXQ	343	87.13	6
9BXQ	344	80.16	6
9BXQ	345	81.85	6
9BXQ	346	74.0	6
9BXQ	347	79.07	6
9BXQ	348	84.53	6
9BXQ	349	83.88	6
9BXQ	350	67.18	6
9BXQ	351	67.5	6
9BXQ	352	57.04	6
9BXQ	353	58.44	6
9BXQ	354	53.22	6
9BXQ	355	51.81	6
9BXQ	356	50.74	6
9BXQ	357	55.29	6
9BXQ	358	60.63	6
9BXQ	359	56.55	6
9BXQ	360	53.99	6
9BXQ	361	66.22	6
9BXQ	362	48.79	6
9BXQ	363	61.75	6
9BXQ	364	57.95	6
9BXQ	365	73.21	6
9BXQ	366	71.48	6
9BXQ	367	67.98	6
9BXQ	368	58.39	6
9BXQ	369	67.72	6
9BXQ	370	66.47	6
9BXQ	371	75.38	6
9BXQ	372	70.69	6
9BXQ	373	73.05	6
9BXQ	374	74.38	6
9BXQ	375	82.59	6
9BXQ	376	86.48	6
9BXQ	377	104.09	6
9BXQ	378	114.63	6
9BXQ	379	130.71	6
9BXQ	380	143.59	6
9BXR	304	89.29	6
9BXR	305	87.8	6
9BXR	306	77.785	6
9BXR	307	73.49	6
9BXR	308	68.43	6
9BXR	309	64.205	6
9BXR	310	67.575	6
9BXR	311	71.915	6
9BXR	312	75.88	6
9BXR	313	68.41	6
9BXR	314	81.105	6
9BXR	315	84.625	6
9BXR	316	83.435	6
9BXR	317	73.23	6
9BXR	318	70.455	6
9BXR	319	69.08	6
9BXR	320	68.09	6
9BXR	321	65.835	6
9BXR	322	78.82	6
9BXR	323	73.755	6
9BXR	324	81.165	6
9BXR	325	90.82	6
9BXR	326	97.575	6
9BXR	327	90.35	6
9BXR	328	84.445	6
9BXR	329	84.59	6
9BXR	330	89.11	6
9BXR	331	84.295	6
9BXR	332	89.99	6
9BXR	333	98.135	6
9BXR	334	109.24	6
9BXR	335	114.05	6
9BXR	336	116.06	6
9BXR	337	113.22	6
9BXR	338	122.625	6
9BXR	339	116.93	6
9BXR	340	129.57	6
9BXR	341	141.685	6
9BXR	342	142.81	6
9BXR	343	138.755	6
9BXR	344	133.0	6
9BXR	345	138.62	6
9BXR	346	134.305	6
9BXR	347	142.625	6
9BXR	348	145.705	6
9BXR	349	135.46	6
9BXR	350	131.41	6
9BXR	351	125.795	6
9BXR	352	113.76	6
9BXR	353	112.465	6
9BXR	354	113.7	6
9BXR	355	107.105	6
9BXR	356	110.265	6
9BXR	357	106.93	6
9BXR	358	102.485	6
9BXR	359	90.74	6
9BXR	360	85.63	6
9BXR	361	83.58	6
9BXR	362	72.48	6
9BXR	363	73.345	6
9BXR	364	78.215	6
9BXR	365	77.605	6
9BXR	366	81.575	6
9BXR	367	78.185	6
9BXR	368	75.565	6
9BXR	369	61.66	6
9BXR	370	60.275	6
9BXR	371	58.975	6
9BXR	372	65.9	6
9BXR	373	68.045	6
9BXR	374	70.665	6
9BXR	375	62.875	6
9BXR	376	71.805	6
9BXR	377	75.005	6
9BXR	378	85.895	6
9BXR	379	100.615	6
9BXR	380	112.725	6
9BYN	12	72.54	5
9BYN	13	65.42	5
9BYN	14	54.87	5
9BYN	15	57.74	5
9BYN	16	52.05	5
9BYN	17	53.71	5
9BYN	18	62.97	5
9BYN	19	60.06	5
9BYN	20	60.88	5
9BYN	21	69.21	5
9BYN	22	66.17	5
9BYN	23	63.0	5
9BYN	24	46.71	5
9BYN	25	48.1	5
9BYN	26	39.23	5
9BYN	27	32.23	5
9BYN	28	38.65	5
9BYN	29	34.85	5
9BYN	30	49.46	5
9BYN	31	39.23	5
9BYN	32	40.1	5
9BYN	33	43.97	5
9BYN	34	56.84	5
9BYN	35	63.75	5
9BYN	57	69.8	5
9BYN	58	63.35	5
9BYN	59	81.19	5
9BYN	60	67.33	5
9BYN	61	66.37	5
9BYN	62	70.85	5
9BYN	63	69.8	5
9BYN	64	49.91	5
9BYN	65	47.08	5
9BYN	66	48.6	5
9BYN	67	47.03	5
9BYN	68	52.5	5
9BYN	69	31.79	5
9BYN	70	42.96	5
9BYN	71	41.04	5
9BYN	72	49.87	5
9BYN	73	42.91	5
9BYN	74	38.96	5
9BYN	75	41.45	5
9BYN	76	46.66	5
9BYN	77	39.83	5
9BYN	78	46.12	5
9BYN	79	44.17	5
9BYN	80	47.12	5
9BYN	81	47.93	5
9BYN	82	55.73	5
9BYN	83	56.83	5
9BYN	84	66.75	5
9BYN	85	62.99	5
9BYN	86	59.62	5
9BYN	87	55.86	5
9BYN	88	70.11	5
9BYN	89	78.72	5
9BYN	90	81.84	5
9BYN	91	74.18	5
9BYN	92	73.41	5
9BYN	93	59.03	5
9BYN	94	54.91	5
9BYN	95	49.92	5
9BYN	96	50.46	5
9BYN	97	52.65	5
9BYN	98	56.89	5
9BYN	99	64.1	5
9BYN	100	60.84	5
9BYN	101	66.81	5
9BYN	102	54.68	5
9BYN	103	49.07	5
9BYN	104	50.42	5
9BYN	105	52.98	5
9BYN	106	47.68	5
9BYN	107	45.97	5
9BYN	108	46.1	5
9BYN	109	36.48	5
9BYN	110	41.98	5
9BYN	111	38.53	5
9BYN	112	38.68	5
9BYN	113	27.63	5
9BYN	114	40.15	5
9BYN	115	38.5	5
9BYN	116	39.0	5
9BYN	117	41.03	5
9BYN	118	42.63	5
9BYN	119	37.41	5
9BYN	120	44.75	5
9BYN	121	50.26	5
9BYN	122	60.57	5
9BYN	123	70.54	5
9BZS	11	76.83	5
9BZS	12	72.54	5
9BZS	13	65.42	5
9BZS	14	54.87	5
9BZS	15	57.74	5
9BZS	16	52.05	5
9BZS	17	53.71	5
9BZS	18	62.97	5
9BZS	19	60.06	5
9BZS	20	60.88	5
9BZS	21	69.21	5
9BZS	22	66.17	5
9BZS	23	63.0	5
9BZS	24	46.71	5
9BZS	25	48.1	5
9BZS	26	39.23	5
9BZS	27	32.23	5
9BZS	28	38.65	5
9BZS	29	34.85	5
9BZS	30	49.46	5
9BZS	31	39.23	5
9BZS	32	40.1	5
9BZS	33	43.97	5
9BZS	34	56.84	5
9BZS	35	63.75	5
9BZS	57	69.8	5
9BZS	58	63.35	5
9BZS	59	81.19	5
9BZS	60	67.33	5
9BZS	61	66.37	5
9BZS	62	70.85	5
9BZS	63	69.8	5
9BZS	64	49.91	5
9BZS	65	47.08	5
9BZS	66	48.6	5
9BZS	67	47.03	5
9BZS	68	52.5	5
9BZS	69	31.79	5
9BZS	70	42.96	5
9BZS	71	41.04	5
9BZS	72	49.87	5
9BZS	73	42.91	5
9BZS	74	38.96	5
9BZS	75	41.45	5
9BZS	76	46.66	5
9BZS	77	39.83	5
9BZS	78	46.12	5
9BZS	79	44.17	5
9BZS	80	47.12	5
9BZS	81	47.93	5
9BZS	82	55.73	5
9BZS	83	56.83	5
9BZS	84	66.75	5
9BZS	85	62.99	5
9BZS	86	59.62	5
9BZS	87	55.86	5
9BZS	88	70.11	5
9BZS	89	78.72	5
9BZS	90	81.84	5
9BZS	91	74.18	5
9BZS	92	73.41	5
9BZS	93	59.03	5
9BZS	94	54.91	5
9BZS	95	49.92	5
9BZS	96	50.46	5
9BZS	97	52.65	5
9BZS	98	56.89	5
9BZS	99	64.1	5
9BZS	100	60.84	5
9BZS	101	66.81	5
9BZS	102	54.68	5
9BZS	103	49.07	5
9BZS	104	50.42	5
9BZS	105	52.98	5
9BZS	106	47.68	5
9BZS	107	45.97	5
9BZS	108	46.1	5
9BZS	109	36.48	5
9BZS	110	41.98	5
9BZS	111	38.53	5
9BZS	112	38.68	5
9BZS	113	27.63	5
9BZS	114	40.15	5
9BZS	115	38.5	5
9BZS	116	39.0	5
9BZS	117	41.03	5
9BZS	118	42.63	5
9BZS	119	37.41	5
9BZS	120	44.75	5
9BZS	121	50.26	5
9BZS	122	60.57	5
9BZS	123	70.54	5
9C1U	608	36.851	12
9C1U	609	32.087	12
9C1U	610	30.593	12
9C1U	611	29.867	12
9C1U	612	29.147	12
9C1U	613	30.083	12
9C1U	614	29.642	12
9C1U	615	28.858	12
9C1U	616	27.187	12
9C1U	617	25.473	12
9C1U	618	25.622	12
9C1U	619	26.17	12
9C1U	620	23.252	12
9C1U	621	26.211	12
9C1U	622	25.227	12
9C1U	623	23.03	12
9C1U	624	21.1	12
9C1U	625	22.379	12
9C1U	626	25.094	12
9C1U	627	32.248	12
9C1U	628	33.648	12
9C1U	629	38.023	12
9C1U	630	42.47	12
9C1U	631	51.137	12
9C1U	632	63.087	12
9C1U	633	67.614	12
9C5R	14	91.571	10
9C5R	15	90.039	10
9C5R	16	92.263	10
9C5R	17	94.012	10
9C5R	18	99.829	10
9C5R	19	104.52	10
9C5R	20	108.753	10
9C5R	21	105.452	10
9C5R	22	104.38	10
9C5R	37	86.762	10
9C5R	38	87.38	10
9C5R	39	85.333	10
9C5R	40	87.672	10
9C5R	41	83.509	10
9C5R	42	77.593	10
9C5R	43	58.932	10
9C5R	44	49.202	10
9C5R	45	38.542	10
9C5R	46	33.424	10
9C5R	47	27.871	10
9C5R	48	25.952	10
9C5R	49	22.582	10
9C5R	50	26.707	10
9C5R	51	18.935	10
9C5R	52	18.008	10
9C5R	53	19.627	10
9C5R	54	18.517	10
9C5R	55	17.849	10
9C5R	56	22.252	10
9C5R	57	29.46	10
9C5R	58	29.016	10
9C5R	59	32.106	10
9C5R	60	33.527	10
9C5R	61	33.495	10
9C5R	62	33.479	10
9C5R	63	29.464	10
9C5R	64	33.421	10
9C5R	65	36.053	10
9C5R	66	43.665	10
9C5R	67	41.241	10
9C5R	68	38.047	10
9C5R	69	32.127	10
9C5R	70	27.904	10
9C5R	71	24.338	10
9C5R	72	25.906	10
9C5R	73	23.433	10
9C5R	74	22.37	10
9C5R	75	22.174	10
9C5R	76	21.427	10
9C5R	77	21.323	10
9C5R	78	23.368	10
9C5R	79	26.461	10
9C5R	80	27.815	10
9C5R	81	32.051	10
9C5R	82	36.943	10
9C5R	83	40.294	10
9C5R	84	35.891	10
9C5R	85	32.798	10
9C5R	86	30.235	10
9C5R	87	27.584	10
9C5R	88	25.845	10
9C5R	89	26.66	10
9C5R	90	27.131	10
9C5R	91	31.136	10
9C5R	92	34.461	10
9C5R	93	40.258	10
9C5R	94	45.955	10
9C5R	95	53.233	10
9C5R	96	64.029	10
9C5R	97	68.247	10
9C5R	98	78.448	10
9C5R	99	93.238	10
9C5R	100	100.176	10
9C5R	105	86.103	10
9C5R	106	82.283	10
9C5R	107	74.752	10
9C5R	108	69.448	10
9C5R	109	66.094	10
9C5R	110	71.114	10
9C5R	111	79.603	10
9C5R	112	88.893	10
9C5R	113	97.708	10
9C5R	114	105.195	10
9C5R	115	107.998	10
9CGX	307	97.24	6
9CGX	308	100.0	6
9CGX	309	100.0	6
9CGX	310	100.0	6
9CGX	311	100.0	6
9CGX	312	100.0	6
9CGX	313	100.0	6
9CGX	314	100.0	6
9CGX	315	100.0	6
9CGX	316	100.0	6
9CGX	317	100.0	6
9CGX	318	100.0	6
9CGX	319	100.0	6
9CGX	320	100.0	6
9CGX	321	100.0	6
9CGX	322	100.0	6
9CGX	323	100.0	6
9CGX	324	100.0	6
9CGX	325	100.0	6
9CGX	326	100.0	6
9CGX	327	100.0	6
9CGX	328	100.0	6
9CGX	329	100.0	6
9CGX	330	100.0	6
9CGX	331	100.0	6
9CGX	332	100.0	6
9CGX	333	98.5	6
9CGX	334	100.0	6
9CGX	335	100.0	6
9CGX	336	100.0	6
9CGX	337	100.0	6
9CGX	338	100.0	6
9CGX	339	100.0	6
9CGX	340	100.0	6
9CGX	341	100.0	6
9CGX	342	100.0	6
9CGX	343	100.0	6
9CGX	344	100.0	6
9CGX	345	100.0	6
9CGX	346	100.0	6
9CGX	347	100.0	6
9CGX	348	91.35	6
9CGX	349	100.0	6
9CGX	350	100.0	6
9CGX	351	100.0	6
9CGX	352	100.0	6
9CGX	353	100.0	6
9CGX	354	100.0	6
9CGX	355	100.0	6
9CGX	356	100.0	6
9CGX	357	100.0	6
9CGX	358	100.0	6
9CGX	359	100.0	6
9CGX	360	100.0	6
9CGX	361	100.0	6
9CGX	362	100.0	6
9CGX	363	100.0	6
9CGX	364	100.0	6
9CGX	365	100.0	6
9CGX	366	89.13	6
9CGX	367	100.0	6
9CGX	368	100.0	6
9CGX	369	100.0	6
9CGX	370	100.0	6
9CGX	371	100.0	6
9CGX	372	100.0	6
9CGX	373	100.0	6
9CGX	374	100.0	6
9CGX	375	100.0	6
9CGX	376	100.0	6
9CGX	377	100.0	6
9CGX	378	100.0	6
9CGX	379	90.64	6
9CGX	380	30.0	6
9CGZ	306	95.54	6
9CGZ	307	100.0	6
9CGZ	308	100.0	6
9CGZ	309	100.0	6
9CGZ	310	100.0	6
9CGZ	311	100.0	6
9CGZ	312	100.0	6
9CGZ	313	100.0	6
9CGZ	314	100.0	6
9CGZ	315	100.0	6
9CGZ	316	100.0	6
9CGZ	317	100.0	6
9CGZ	318	100.0	6
9CGZ	319	100.0	6
9CGZ	320	100.0	6
9CGZ	321	100.0	6
9CGZ	322	100.0	6
9CGZ	323	100.0	6
9CGZ	324	100.0	6
9CGZ	325	100.0	6
9CGZ	326	100.0	6
9CGZ	327	100.0	6
9CGZ	328	100.0	6
9CGZ	329	100.0	6
9CGZ	330	100.0	6
9CGZ	331	100.0	6
9CGZ	332	100.0	6
9CGZ	333	100.0	6
9CGZ	334	100.0	6
9CGZ	335	100.0	6
9CGZ	336	90.93	6
9CGZ	337	100.0	6
9CGZ	338	100.0	6
9CGZ	339	100.0	6
9CGZ	340	100.0	6
9CGZ	341	100.0	6
9CGZ	342	100.0	6
9CGZ	343	100.0	6
9CGZ	344	100.0	6
9CGZ	345	100.0	6
9CGZ	346	100.0	6
9CGZ	347	100.0	6
9CGZ	348	93.03	6
9CGZ	349	97.88	6
9CGZ	350	100.0	6
9CGZ	351	100.0	6
9CGZ	352	100.0	6
9CGZ	353	100.0	6
9CGZ	354	100.0	6
9CGZ	355	100.0	6
9CGZ	356	100.0	6
9CGZ	357	100.0	6
9CGZ	358	100.0	6
9CGZ	359	100.0	6
9CGZ	360	100.0	6
9CGZ	361	100.0	6
9CGZ	362	100.0	6
9CGZ	363	100.0	6
9CGZ	364	100.0	6
9CGZ	365	100.0	6
9CGZ	366	100.0	6
9CGZ	367	100.0	6
9CGZ	368	100.0	6
9CGZ	369	100.0	6
9CGZ	370	100.0	6
9CGZ	371	100.0	6
9CGZ	372	100.0	6
9CGZ	373	100.0	6
9CGZ	374	100.0	6
9CGZ	375	100.0	6
9CGZ	376	100.0	6
9CGZ	377	100.0	6
9CGZ	378	30.0	6
9CK3	15	66.77	12
9CK3	16	67.26	12
9CK3	17	70.33	12
9CK3	18	71.65	12
9CK3	19	80.79	12
9CK3	20	86.68	12
9CK3	21	83.26	12
9CK3	22	84.57	12
9CK3	36	74.44	12
9CK3	37	72.77	12
9CK3	38	68.72	12
9CK3	39	61.86	12
9CK3	40	61.31	12
9CK3	41	57.86	12
9CK3	42	51.35	12
9CK3	43	42.98	12
9CK3	44	35.48	12
9CK3	45	29.19	12
9CK3	46	29.21	12
9CK3	47	26.68	12
9CK3	48	18.09	12
9CK3	49	18.15	12
9CK3	50	19.6	12
9CK3	51	15.25	12
9CK3	52	10.83	12
9CK3	53	15.59	12
9CK3	54	17.17	12
9CK3	55	18.38	12
9CK3	56	25.5	12
9CK3	57	29.57	12
9CK3	58	34.13	12
9CK3	59	35.04	12
9CK3	60	39.78	12
9CK3	61	38.97	12
9CK3	62	33.8	12
9CK3	63	26.56	12
9CK3	64	30.08	12
9CK3	65	25.98	12
9CK3	66	30.53	12
9CK3	67	34.42	12
9CK3	68	26.8	12
9CK3	69	24.93	12
9CK3	70	26.29	12
9CK3	71	24.17	12
9CK3	72	25.74	12
9CK3	73	24.1	12
9CK3	74	19.98	12
9CK3	75	28.33	12
9CK3	76	28.39	12
9CK3	77	22.78	12
9CK3	78	25.02	12
9CK3	79	18.3	12
9CK3	80	26.13	12
9CK3	81	29.75	12
9CK3	82	36.15	12
9CK3	83	46.13	12
9CK3	84	42.82	12
9CK3	85	42.14	12
9CK3	86	34.94	12
9CK3	87	30.9	12
9CK3	88	22.67	12
9CK3	89	22.84	12
9CK3	90	27.84	12
9CK3	91	27.13	12
9CK3	92	30.75	12
9CK3	93	38.83	12
9CK3	94	40.55	12
9CK3	95	49.8	12
9CK3	96	56.48	12
9CK3	97	66.42	12
9CK6	9	81.78	10
9CK6	10	84.16	10
9CK6	11	67.09	10
9CK6	12	58.83	10
9CK6	13	55.79	10
9CK6	14	48.74	10
9CK6	15	43.28	10
9CK6	16	38.88	10
9CK6	17	37.17	10
9CK6	18	41.63	10
9CK6	19	40.66	10
9CK6	20	42.65	10
9CK6	21	51.59	10
9CK6	22	63.31	10
9CK6	23	72.17	10
9CK6	24	67.28	10
9CK6	25	59.81	10
9CK6	26	62.66	10
9CK6	27	53.86	10
9CK6	28	53.48	10
9CK6	29	45.87	10
9CK6	30	40.91	10
9CK6	31	39.2	10
9CK6	32	37.21	10
9CK6	33	41.75	10
9CK6	34	41.45	10
9CK6	35	49.54	10
9CK6	36	48.05	10
9CK6	37	45.62	10
9CK6	38	52.33	10
9CK6	39	45.0	10
9CK6	40	46.2	10
9CK6	41	57.97	10
9CK6	42	75.64	10
9CKI	9	92.66	10
9CKI	10	93.23	10
9CKI	11	77.17	10
9CKI	12	66.9	10
9CKI	13	65.93	10
9CKI	14	63.35	10
9CKI	15	55.36	10
9CKI	16	45.9	10
9CKI	17	42.28	10
9CKI	18	44.31	10
9CKI	19	47.46	10
9CKI	20	48.08	10
9CKI	21	56.68	10
9CKI	22	71.46	10
9CKI	23	79.21	10
9CKI	24	72.02	10
9CKI	25	64.46	10
9CKI	26	69.85	10
9CKI	27	60.74	10
9CKI	28	54.24	10
9CKI	29	53.22	10
9CKI	30	50.3	10
9CKI	31	44.07	10
9CKI	32	47.12	10
9CKI	33	51.99	10
9CKI	34	54.66	10
9CKI	35	56.25	10
9CKI	36	49.32	10
9CKI	37	48.08	10
9CKI	38	55.98	10
9CKI	39	49.16	10
9CKI	40	52.12	10
9CKI	41	61.09	10
9CKI	42	81.71	10
9CKK	15	33.416	8
9CKK	16	29.205	8
9CKK	17	27.297	8
9CKK	18	28.172	8
9CKK	19	30.409	8
9CKK	20	34.127	8
9CKK	21	35.517	8
9CKK	22	36.621	8
9CKK	36	31.259	8
9CKK	37	30.461	8
9CKK	38	24.102	8
9CKK	39	25.902	8
9CKK	40	22.985	8
9CKK	41	23.752	8
9CKK	42	24.115	8
9CKK	43	27.021	8
9CKK	44	26.845	8
9CKK	45	29.969	8
9CKK	46	28.54	8
9CKK	47	24.511	8
9CKK	48	22.587	8
9CKK	49	22.578	8
9CKK	50	21.916	8
9CKK	51	20.025	8
9CKK	52	19.289	8
9CKK	53	22.844	8
9CKK	54	26.226	8
9CKK	55	29.255	8
9CKK	56	34.66	8
9CKK	57	48.996	8
9CKK	58	44.55	8
9CKK	59	45.825	8
9CKK	60	43.351	8
9CKK	61	37.038	8
9CKK	62	30.657	8
9CKK	63	25.604	8
9CKK	64	23.239	8
9CKK	65	22.649	8
9CKK	66	21.381	8
9CKK	67	21.12	8
9CKK	68	22.125	8
9CKK	69	19.949	8
9CKK	70	15.88	8
9CKK	71	16.745	8
9CKK	72	16.76	8
9CKK	73	19.188	8
9CKK	74	21.308	8
9CKK	75	19.589	8
9CKK	76	17.913	8
9CKK	77	18.129	8
9CKK	78	19.15	8
9CKK	79	24.75	8
9CKK	80	26.664	8
9CKK	81	28.402	8
9CKK	82	29.784	8
9CKK	83	32.814	8
9CKK	84	27.861	8
9CKK	85	28.404	8
9CKK	86	21.332	8
9CKK	87	21.781	8
9CKK	88	20.453	8
9CKK	89	25.041	8
9CKK	90	26.294	8
9CKK	91	36.669	8
9CKK	92	35.954	8
9CKL	36	45.682	8
9CKL	37	42.553	8
9CKL	38	37.449	8
9CKL	39	35.398	8
9CKL	40	37.026	8
9CKL	41	36.281	8
9CKL	42	52.568	8
9CKL	43	59.301	8
9CKL	44	65.575	8
9CKL	45	77.984	8
9CKL	46	70.826	8
9CKL	47	68.837	8
9CKL	48	57.069	8
9CKL	49	45.98	8
9CKL	50	37.779	8
9CKL	51	27.236	8
9CKL	52	25.514	8
9CKL	53	27.504	8
9CKL	54	30.855	8
9CKL	55	31.705	8
9CKL	56	40.1	8
9CKL	57	51.877	8
9CKL	58	52.956	8
9CKL	63	39.903	8
9CKL	64	43.416	8
9CKL	65	38.661	8
9CKL	66	40.69	8
9CKL	67	40.666	8
9CKL	68	39.609	8
9CKL	69	33.016	8
9CKL	70	28.558	8
9CKL	71	25.989	8
9CKL	72	26.087	8
9CKL	73	27.951	8
9CKL	74	29.709	8
9CKL	75	25.77	8
9CKL	76	24.01	8
9CKL	77	21.01	8
9CKL	78	22.97	8
9CKL	79	30.55	8
9CKL	80	38.6	8
9CKL	81	45.746	8
9CKL	82	49.013	8
9CKL	83	59.481	8
9CKL	84	65.888	8
9CKL	85	64.37	8
9CKL	86	60.616	8
9CKL	87	52.129	8
9CKL	88	44.794	8
9CKL	89	49.456	8
9CKL	90	47.718	8
9CKL	91	53.18	8
9CKL	92	58.691	8
9CKL	93	62.406	8
9CKL	94	60.038	8
9CKL	95	60.799	8
9CO4	9	88.31	10
9CO4	10	88.08	10
9CO4	11	78.24	10
9CO4	12	66.07	10
9CO4	13	66.59	10
9CO4	14	62.35	10
9CO4	15	45.02	10
9CO4	16	34.89	10
9CO4	17	25.18	10
9CO4	18	28.63	10
9CO4	19	31.61	10
9CO4	20	28.9	10
9CO4	21	36.2	10
9CO4	22	54.92	10
9CO4	23	65.79	10
9CO4	24	57.34	10
9CO4	25	48.67	10
9CO4	26	47.7	10
9CO4	27	35.18	10
9CO4	28	37.0	10
9CO4	29	36.32	10
9CO4	30	31.56	10
9CO4	31	32.1	10
9CO4	32	30.57	10
9CO4	33	38.22	10
9CO4	34	36.81	10
9CO4	35	37.1	10
9CO4	36	38.05	10
9CO4	37	34.96	10
9CO4	38	38.41	10
9CO4	39	39.15	10
9CO4	40	43.28	10
9CO4	41	49.16	10
9CO4	42	70.64	10
9CWW	42	61.42	6
9CWW	43	49.09	6
9CWW	44	36.08	6
9CWW	45	37.97	6
9CWW	46	31.38	6
9CWW	47	26.63	6
9CWW	48	25.73	6
9CWW	49	25.12	6
9CWW	50	30.96	6
9CWW	51	25.44	6
9CWW	52	22.32	6
9CWW	53	18.2	6
9CWW	54	24.39	6
9CWW	55	22.11	6
9CWW	56	23.9	6
9CWW	57	26.48	6
9CWW	58	17.34	6
9CWW	59	25.29	6
9CWW	60	26.47	6
9CWW	61	26.13	6
9CWW	62	22.46	6
9CWW	63	19.05	6
9CWW	64	22.62	6
9CWW	65	30.47	6
9CWW	66	21.8	6
9CWW	67	25.64	6
9CWW	68	26.61	6
9CWW	69	29.56	6
9CWW	70	37.04	6
9CWW	71	32.25	6
9CWW	72	35.59	6
9CWW	73	41.03	6
9CWW	74	50.75	6
9CWW	75	52.34	6
9CZ3	1	111.392	45
9CZ3	2	108.555	45
9CZ3	3	106.67	45
9CZ3	4	104.683	45
9CZ3	5	107.277	45
9CZ3	6	115.366	45
9CZI	306	89.4	10
9CZI	307	88.93	10
9CZI	308	84.15	10
9CZI	309	82.77	10
9CZI	310	82.55	10
9CZI	311	80.79	10
9CZI	312	80.49	10
9CZI	313	75.73	10
9CZI	314	82.01	10
9CZI	315	79.35	10
9CZI	316	77.22	10
9CZI	317	72.15	10
9CZI	318	67.75	10
9CZI	319	67.1	10
9CZI	320	71.19	10
9CZI	321	68.19	10
9CZI	322	73.72	10
9CZI	323	67.15	10
9CZI	324	76.73	10
9CZI	325	82.19	10
9CZI	326	82.4	10
9CZI	327	72.85	10
9CZI	328	63.88	10
9CZI	329	57.21	10
9CZI	330	47.6	10
9CZI	331	54.32	10
9CZI	332	58.82	10
9CZI	333	64.69	10
9CZI	334	51.69	10
9CZI	335	49.51	10
9CZI	336	48.28	10
9CZI	337	52.77	10
9CZI	338	62.3	10
9CZI	339	55.29	10
9CZI	340	72.52	10
9CZI	341	82.95	10
9CZI	342	91.22	10
9CZI	343	90.85	10
9CZI	344	87.97	10
9CZI	345	94.59	10
9CZI	346	97.19	10
9CZI	347	93.68	10
9CZI	348	97.96	10
9CZI	349	88.46	10
9CZI	350	83.21	10
9CZI	351	73.37	10
9CZI	352	69.76	10
9CZI	353	62.27	10
9CZI	354	49.19	10
9CZI	355	54.82	10
9CZI	356	62.3	10
9CZI	357	61.05	10
9CZI	358	66.21	10
9CZI	359	53.59	10
9CZI	360	48.04	10
9CZI	361	48.78	10
9CZI	362	51.24	10
9CZI	363	49.58	10
9CZI	364	52.35	10
9CZI	365	64.88	10
9CZI	366	61.23	10
9CZI	367	57.17	10
9CZI	368	61.57	10
9CZI	369	58.09	10
9CZI	370	62.92	10
9CZI	371	67.72	10
9CZI	372	82.38	10
9CZI	373	83.55	10
9CZI	374	80.77	10
9CZI	375	77.1	10
9CZI	376	75.87	10
9CZI	377	82.75	10
9CZI	378	86.42	10
9CZL	305	30.0	10
9CZL	306	18.32	10
9CZL	307	18.58	10
9CZL	308	16.41	10
9CZL	309	15.79	10
9CZL	310	15.7	10
9CZL	311	16.53	10
9CZL	312	16.59	10
9CZL	313	17.75	10
9CZL	314	19.24	10
9CZL	315	19.04	10
9CZL	316	18.09	10
9CZL	317	16.17	10
9CZL	318	13.66	10
9CZL	319	14.0	10
9CZL	320	13.49	10
9CZL	321	13.98	10
9CZL	322	15.08	10
9CZL	323	15.66	10
9CZL	324	16.81	10
9CZL	325	17.31	10
9CZL	326	19.31	10
9CZL	327	17.64	10
9CZL	328	15.09	10
9CZL	329	15.15	10
9CZL	330	14.11	10
9CZL	331	15.18	10
9CZL	332	16.03	10
9CZL	333	19.93	10
9CZL	334	22.18	10
9CZL	335	23.85	10
9CZL	336	23.73	10
9CZL	337	24.55	10
9CZL	338	26.63	10
9CZL	339	27.91	10
9CZL	340	32.31	10
9CZL	341	38.28	10
9CZL	342	41.47	10
9CZL	343	40.9	10
9CZL	344	37.77	10
9CZL	345	38.84	10
9CZL	346	37.85	10
9CZL	347	37.86	10
9CZL	348	38.72	10
9CZL	349	37.12	10
9CZL	350	32.65	10
9CZL	351	31.55	10
9CZL	352	28.56	10
9CZL	353	25.83	10
9CZL	354	25.1	10
9CZL	355	24.57	10
9CZL	356	23.81	10
9CZL	357	22.5	10
9CZL	358	21.0	10
9CZL	359	16.61	10
9CZL	360	13.55	10
9CZL	361	13.08	10
9CZL	362	12.35	10
9CZL	363	12.6	10
9CZL	364	12.7	10
9CZL	365	14.15	10
9CZL	366	13.47	10
9CZL	367	12.79	10
9CZL	368	12.78	10
9CZL	369	12.88	10
9CZL	370	12.83	10
9CZL	371	13.09	10
9CZL	372	15.39	10
9CZL	373	15.5	10
9CZL	374	15.47	10
9CZL	375	15.03	10
9CZL	376	16.67	10
9CZL	377	17.73	10
9CZL	378	18.38	10
9CZN	9	71.99	20
9CZN	10	69.37	20
9CZN	11	62.72	20
9CZN	12	57.32	20
9CZN	13	55.57	20
9CZN	14	55.55	20
9CZN	15	54.15	20
9CZN	16	51.25	20
9CZN	17	46.16	20
9CZN	18	44.7	20
9CZN	19	45.06	20
9CZN	20	47.52	20
9CZN	21	53.37	20
9CZN	22	60.26	20
9CZN	23	62.77	20
9CZN	24	58.85	20
9CZN	25	58.45	20
9CZN	26	57.49	20
9CZN	27	54.4	20
9CZN	28	56.26	20
9CZN	29	54.16	20
9CZN	30	49.85	20
9CZN	31	47.22	20
9CZN	32	45.5	20
9CZN	33	44.83	20
9CZN	34	46.89	20
9CZN	35	49.23	20
9CZN	36	46.98	20
9CZN	37	47.99	20
9CZN	38	49.26	20
9CZN	39	49.1	20
9CZN	40	50.41	20
9CZN	41	55.11	20
9CZN	42	61.62	20
9CZP	9	71.99	20
9CZP	10	69.37	20
9CZP	11	62.72	20
9CZP	12	57.32	20
9CZP	13	55.57	20
9CZP	14	55.55	20
9CZP	15	54.15	20
9CZP	16	51.25	20
9CZP	17	46.16	20
9CZP	18	44.7	20
9CZP	19	45.06	20
9CZP	20	47.52	20
9CZP	21	53.37	20
9CZP	22	60.26	20
9CZP	23	62.77	20
9CZP	24	58.85	20
9CZP	25	58.45	20
9CZP	26	57.49	20
9CZP	27	54.4	20
9CZP	28	56.26	20
9CZP	29	54.16	20
9CZP	30	49.85	20
9CZP	31	47.22	20
9CZP	32	45.5	20
9CZP	33	44.83	20
9CZP	34	46.89	20
9CZP	35	49.23	20
9CZP	36	46.98	20
9CZP	37	47.99	20
9CZP	38	49.26	20
9CZP	39	49.1	20
9CZP	40	50.41	20
9CZP	41	55.11	20
9CZP	42	61.62	20
9D21	11	55.45	5
9D21	12	53.41	5
9D21	13	49.56	5
9D21	14	42.99	5
9D21	15	39.09	5
9D21	16	34.82	5
9D21	17	33.51	5
9D21	18	35.88	5
9D21	19	34.49	5
9D21	20	33.46	5
9D21	21	33.61	5
9D21	22	29.3	5
9D21	23	27.77	5
9D21	24	26.91	5
9D21	25	25.62	5
9D21	26	27.22	5
9D21	27	28.31	5
9D21	28	29.02	5
9D21	29	29.15	5
9D21	30	31.83	5
9D21	31	34.74	5
9D21	32	38.34	5
9D21	33	45.33	5
9D21	34	48.89	5
9D21	35	49.09	5
9D21	58	58.76	5
9D21	59	61.2	5
9D21	60	59.58	5
9D21	61	52.19	5
9D21	62	50.56	5
9D21	63	48.82	5
9D21	64	42.35	5
9D21	65	39.18	5
9D21	66	37.2	5
9D21	67	30.95	5
9D21	68	29.38	5
9D21	69	27.72	5
9D21	70	27.85	5
9D21	71	27.6	5
9D21	72	30.99	5
9D21	73	29.53	5
9D21	74	33.32	5
9D21	75	33.2	5
9D21	76	35.78	5
9D21	77	40.17	5
9D21	78	42.52	5
9D21	79	44.97	5
9D21	80	47.24	5
9D21	81	48.67	5
9D21	82	50.18	5
9D21	83	53.63	5
9D21	84	56.06	5
9D21	85	55.87	5
9D21	86	54.96	5
9D21	87	54.23	5
9D21	88	56.95	5
9D21	89	56.99	5
9D21	90	60.89	5
9D21	91	58.76	5
9D21	92	58.12	5
9D21	93	52.21	5
9D21	94	49.6	5
9D21	95	45.06	5
9D21	96	42.92	5
9D21	97	41.91	5
9D21	98	40.7	5
9D21	99	40.56	5
9D21	100	41.57	5
9D21	101	40.87	5
9D21	102	39.6	5
9D21	103	36.57	5
9D21	104	34.47	5
9D21	105	30.48	5
9D21	106	26.77	5
9D21	107	24.51	5
9D21	108	24.58	5
9D21	109	25.41	5
9D21	110	25.58	5
9D21	111	26.79	5
9D21	112	25.67	5
9D21	113	25.8	5
9D21	114	26.13	5
9D21	115	27.65	5
9D21	116	29.34	5
9D21	117	27.85	5
9D21	118	28.71	5
9D21	119	28.05	5
9D21	120	26.68	5
9D21	121	25.77	5
9D21	122	23.97	5
9D21	123	23.61	5
9D23	11	91.85	5
9D23	12	80.54	5
9D23	13	60.79	5
9D23	14	50.0	5
9D23	15	56.35	5
9D23	16	60.17	5
9D23	17	66.74	5
9D23	18	81.44	5
9D23	19	72.77	5
9D23	20	73.93	5
9D23	21	82.56	5
9D23	22	77.31	5
9D23	23	74.79	5
9D23	24	62.73	5
9D23	25	56.41	5
9D23	26	51.8	5
9D23	27	38.31	5
9D23	28	36.3	5
9D23	29	31.95	5
9D23	30	33.89	5
9D23	31	34.13	5
9D23	32	38.36	5
9D23	33	52.47	5
9D23	34	69.89	5
9D23	35	74.41	5
9D23	57	102.11	5
9D23	58	95.82	5
9D23	59	100.04	5
9D23	60	89.84	5
9D23	61	88.77	5
9D23	62	84.33	5
9D23	63	88.77	5
9D23	64	57.06	5
9D23	65	54.66	5
9D23	66	57.09	5
9D23	67	39.28	5
9D23	68	45.33	5
9D23	69	38.15	5
9D23	70	47.8	5
9D23	71	50.25	5
9D23	72	57.78	5
9D23	73	46.92	5
9D23	74	52.34	5
9D23	75	59.63	5
9D23	76	59.01	5
9D23	77	55.14	5
9D23	78	60.33	5
9D23	79	61.09	5
9D23	80	62.56	5
9D23	81	70.44	5
9D23	82	76.05	5
9D23	83	78.28	5
9D23	84	89.18	5
9D23	85	87.69	5
9D23	86	88.89	5
9D23	87	87.3	5
9D23	88	101.16	5
9D23	89	104.9	5
9D23	90	100.96	5
9D23	91	95.8	5
9D23	92	93.2	5
9D23	93	74.92	5
9D23	94	67.21	5
9D23	95	67.76	5
9D23	96	64.95	5
9D23	97	67.01	5
9D23	98	71.13	5
9D23	99	89.28	5
9D23	100	99.85	5
9D23	101	86.7	5
9D23	102	68.24	5
9D23	103	61.47	5
9D23	104	54.91	5
9D23	105	51.54	5
9D23	106	51.34	5
9D23	107	53.77	5
9D23	108	48.51	5
9D23	109	38.19	5
9D23	110	43.67	5
9D23	111	47.66	5
9D23	112	49.25	5
9D23	113	34.12	5
9D23	114	38.8	5
9D23	115	49.43	5
9D23	116	51.0	5
9D23	117	57.52	5
9D23	118	50.39	5
9D23	119	46.25	5
9D23	120	51.17	5
9D23	121	52.42	5
9D23	122	62.55	5
9D23	123	78.01	5
9D24	11	56.6	5
9D24	12	49.21	5
9D24	13	40.05	5
9D24	14	39.67	5
9D24	15	42.94	5
9D24	16	37.04	5
9D24	17	42.01	5
9D24	18	55.55	5
9D24	19	54.63	5
9D24	20	60.4	5
9D24	21	61.66	5
9D24	22	56.54	5
9D24	23	52.19	5
9D24	24	41.54	5
9D24	25	32.62	5
9D24	26	30.39	5
9D24	27	22.69	5
9D24	28	32.43	5
9D24	29	29.41	5
9D24	30	35.9	5
9D24	31	30.34	5
9D24	32	37.01	5
9D24	33	36.46	5
9D24	34	45.49	5
9D24	35	43.31	5
9D24	36	50.47	5
9D24	57	68.3	5
9D24	58	68.61	5
9D24	59	67.3	5
9D24	60	64.51	5
9D24	61	59.91	5
9D24	62	53.1	5
9D24	63	54.41	5
9D24	64	44.84	5
9D24	65	46.59	5
9D24	66	50.11	5
9D24	67	44.2	5
9D24	68	41.86	5
9D24	69	28.9	5
9D24	70	33.61	5
9D24	71	39.55	5
9D24	72	39.65	5
9D24	73	31.56	5
9D24	74	38.25	5
9D24	75	36.09	5
9D24	76	40.52	5
9D24	77	38.08	5
9D24	78	46.51	5
9D24	79	39.06	5
9D24	80	44.29	5
9D24	81	51.92	5
9D24	82	61.14	5
9D24	83	59.35	5
9D24	84	61.68	5
9D24	85	58.35	5
9D24	86	58.52	5
9D24	87	57.37	5
9D24	88	68.38	5
9D24	89	67.11	5
9D24	90	66.9	5
9D24	91	62.99	5
9D24	92	65.39	5
9D24	93	53.25	5
9D24	94	48.65	5
9D24	95	38.91	5
9D24	96	38.8	5
9D24	97	40.88	5
9D24	98	50.54	5
9D24	99	61.69	5
9D24	100	68.56	5
9D24	101	64.52	5
9D24	102	49.56	5
9D24	103	36.13	5
9D24	104	36.09	5
9D24	105	28.92	5
9D24	106	30.68	5
9D24	107	33.83	5
9D24	108	32.39	5
9D24	109	28.53	5
9D24	110	20.18	5
9D24	111	32.2	5
9D24	112	26.85	5
9D24	113	31.1	5
9D24	114	32.76	5
9D24	115	35.15	5
9D24	116	40.55	5
9D24	117	29.73	5
9D24	118	37.24	5
9D24	119	27.12	5
9D24	120	33.56	5
9D24	121	41.17	5
9D24	122	42.7	5
9D24	123	50.9	5
9D24	124	54.32	5
9D27	12	80.54	5
9D27	13	60.79	5
9D27	14	50.0	5
9D27	15	56.35	5
9D27	16	60.17	5
9D27	17	66.74	5
9D27	18	81.44	5
9D27	19	72.77	5
9D27	20	73.93	5
9D27	21	82.56	5
9D27	22	77.31	5
9D27	23	74.79	5
9D27	24	62.73	5
9D27	25	56.41	5
9D27	26	51.8	5
9D27	27	38.31	5
9D27	28	36.3	5
9D27	29	31.95	5
9D27	30	33.89	5
9D27	31	34.13	5
9D27	32	38.36	5
9D27	33	52.47	5
9D27	34	69.89	5
9D27	35	74.41	5
9D27	58	95.82	5
9D27	59	100.04	5
9D27	60	89.84	5
9D27	61	88.77	5
9D27	62	84.33	5
9D27	63	88.77	5
9D27	64	57.06	5
9D27	65	54.66	5
9D27	66	57.09	5
9D27	67	39.28	5
9D27	68	45.33	5
9D27	69	38.15	5
9D27	70	47.8	5
9D27	71	50.25	5
9D27	72	57.78	5
9D27	73	46.92	5
9D27	74	52.34	5
9D27	75	59.63	5
9D27	76	59.01	5
9D27	77	55.14	5
9D27	78	60.33	5
9D27	79	61.09	5
9D27	80	62.56	5
9D27	81	70.44	5
9D27	82	76.05	5
9D27	83	78.28	5
9D27	84	89.18	5
9D27	85	87.69	5
9D27	86	88.89	5
9D27	87	87.3	5
9D27	88	101.16	5
9D27	89	104.9	5
9D27	90	100.96	5
9D27	91	95.8	5
9D27	92	93.2	5
9D27	93	74.92	5
9D27	94	67.21	5
9D27	95	67.76	5
9D27	96	64.95	5
9D27	97	67.01	5
9D27	98	71.13	5
9D27	99	89.28	5
9D27	100	99.85	5
9D27	101	86.7	5
9D27	102	68.24	5
9D27	103	61.47	5
9D27	104	54.91	5
9D27	105	51.54	5
9D27	106	51.34	5
9D27	107	53.77	5
9D27	108	48.51	5
9D27	109	38.19	5
9D27	110	43.67	5
9D27	111	47.66	5
9D27	112	49.25	5
9D27	113	34.12	5
9D27	114	38.8	5
9D27	115	49.43	5
9D27	116	51.0	5
9D27	117	57.52	5
9D27	118	50.39	5
9D27	119	46.25	5
9D27	120	51.17	5
9D27	121	52.42	5
9D27	122	62.55	5
9D27	123	78.01	5
9D2G	11	87.13	5
9D2G	12	86.34	5
9D2G	13	75.07	5
9D2G	14	61.78	5
9D2G	15	61.69	5
9D2G	16	66.19	5
9D2G	17	68.62	5
9D2G	18	83.78	5
9D2G	19	75.32	5
9D2G	20	83.81	5
9D2G	21	95.71	5
9D2G	22	89.23	5
9D2G	23	83.87	5
9D2G	24	77.85	5
9D2G	25	66.2	5
9D2G	26	56.5	5
9D2G	27	54.24	5
9D2G	28	42.38	5
9D2G	29	38.94	5
9D2G	30	41.75	5
9D2G	31	37.31	5
9D2G	32	47.96	5
9D2G	33	56.03	5
9D2G	34	75.52	5
9D2G	35	79.28	5
9D2G	58	68.34	5
9D2G	59	76.27	5
9D2G	60	75.06	5
9D2G	61	83.17	5
9D2G	62	92.53	5
9D2G	63	82.63	5
9D2G	64	64.82	5
9D2G	65	69.93	5
9D2G	66	70.88	5
9D2G	67	59.81	5
9D2G	68	62.01	5
9D2G	69	45.52	5
9D2G	70	55.34	5
9D2G	71	58.38	5
9D2G	72	53.15	5
9D2G	73	49.81	5
9D2G	74	56.56	5
9D2G	75	62.1	5
9D2G	76	65.88	5
9D2G	77	56.37	5
9D2G	78	65.99	5
9D2G	79	60.95	5
9D2G	80	66.65	5
9D2G	81	72.98	5
9D2G	82	75.68	5
9D2G	83	85.7	5
9D2G	84	85.17	5
9D2G	85	82.65	5
9D2G	86	87.43	5
9D2G	87	83.49	5
9D2G	88	96.73	5
9D2G	89	100.19	5
9D2G	90	104.27	5
9D2G	91	92.52	5
9D2G	92	90.15	5
9D2G	93	69.54	5
9D2G	94	66.66	5
9D2G	95	63.64	5
9D2G	96	66.1	5
9D2G	97	61.97	5
9D2G	98	64.34	5
9D2G	99	71.99	5
9D2G	100	82.04	5
9D2G	101	80.42	5
9D2G	102	70.79	5
9D2G	103	57.91	5
9D2G	104	62.35	5
9D2G	105	57.59	5
9D2G	106	55.38	5
9D2G	107	51.56	5
9D2G	108	58.09	5
9D2G	109	51.26	5
9D2G	110	52.64	5
9D2G	111	63.63	5
9D2G	112	63.93	5
9D2G	113	59.25	5
9D2G	114	64.1	5
9D2G	115	61.39	5
9D2G	116	65.07	5
9D2G	117	69.99	5
9D2G	118	72.66	5
9D2G	119	65.07	5
9D2G	120	58.43	5
9D2G	121	64.3	5
9D2G	122	73.24	5
9D2G	123	91.08	5
9D2G	124	97.95	5
9D5C	1	189.8	6
9D5C	2	185.48	6
9D5C	3	166.9	6
9D5C	4	162.13	6
9D5C	5	160.87	6
9D5C	6	143.39	6
9D5C	7	153.24	6
9D5C	8	144.29	6
9D5C	9	143.23	6
9D5C	10	145.17	6
9D5C	11	138.86	6
9D5C	12	149.49	6
9D5C	13	187.39	6
9D5C	14	178.69	6
9D5C	15	165.91	6
9D5C	16	167.58	6
9D5C	17	165.2	6
9D5C	18	159.99	6
9D5C	19	171.39	6
9D5C	20	184.1	6
9D5C	21	173.66	6
9D5C	22	179.43	6
9D5C	23	172.14	6
9D5C	24	175.87	6
9D5C	25	189.06	6
9D5C	26	201.44	6
9D5C	27	213.8	6
9D5C	28	233.55	6
9D5C	29	227.2	6
9D5C	30	217.68	6
9D5C	31	182.57	6
9D5C	32	165.67	6
9D5C	33	162.94	6
9D5C	34	161.04	6
9D5C	35	170.2	6
9D5C	36	169.39	6
9D5C	37	177.59	6
9D5C	38	188.18	6
9D5C	39	194.38	6
9D5C	40	198.43	6
9D5C	41	194.43	6
9D5C	42	203.67	6
9D5C	43	205.83	6
9D5C	44	201.88	6
9D5C	45	194.03	6
9D5C	46	189.24	6
9D5C	47	166.57	6
9D5C	48	164.37	6
9D5C	49	183.7	6
9D5C	50	169.93	6
9D5C	51	174.78	6
9D5C	52	167.16	6
9D5C	53	173.14	6
9D5C	54	181.4	6
9D5C	55	174.3	6
9D5C	56	174.13	6
9D5C	57	184.15	6
9D5C	58	169.88	6
9D5C	59	176.7	6
9D5C	60	174.64	6
9D5C	61	177.41	6
9D5C	62	178.02	6
9D5C	63	169.67	6
9D5C	64	201.04	6
9D5C	65	208.95	6
9D5C	66	211.54	6
9D5C	67	211.16	6
9D5C	68	216.89	6
9D5C	69	214.87	6
9D5C	70	205.72	6
9D5C	71	202.34	6
9D5C	72	203.26	6
9D5C	73	193.46	6
9D5C	74	193.47	6
9D5C	75	199.98	6
9D5C	76	191.87	6
9D5C	77	191.67	6
9D5C	78	201.51	6
9D5C	79	200.58	6
9D5C	80	199.32	6
9D5C	81	206.65	6
9D5C	82	198.06	6
9D5C	83	202.52	6
9D5C	84	197.08	6
9D5C	85	203.76	6
9D5C	86	199.64	6
9D5C	87	201.98	6
9D5C	88	190.59	6
9D5C	89	196.75	6
9D5C	90	198.5	6
9D5C	91	195.26	6
9D5C	92	212.69	6
9D5C	93	188.76	6
9D5C	94	179.38	6
9D5C	95	160.59	6
9D5C	96	142.95	6
9DME	294	78.29	15
9DME	295	72.05	15
9DME	296	72.17	15
9DME	297	64.71	15
9DME	298	64.91	15
9DME	299	69.05	15
9DME	300	78.52	15
9DME	301	88.91	15
9DME	302	93.57	15
9DME	303	89.45	15
9DME	304	83.77	15
9DME	305	76.24	15
9DME	306	67.88	15
9DME	307	62.38	15
9DME	308	52.84	15
9DME	309	49.55	15
9DME	310	44.84	15
9DME	311	47.59	15
9DME	312	46.11	15
9DME	313	55.15	15
9DME	314	64.41	15
9DMY	70	21.41	5
9DMY	71	8.04	5
9DMY	72	20.82	5
9DMY	73	7.12	5
9DMY	74	15.72	5
9DMY	75	21.87	5
9DMY	76	20.45	5
9DMY	77	21.77	5
9DMY	78	20.38	5
9DMY	79	20.71	5
9DMY	80	1.57	5
9DMY	81	19.27	5
9DMY	82	13.11	5
9DMY	83	24.88	5
9DMY	84	26.39	5
9DMY	85	32.08	5
9DMY	86	28.77	5
9DMY	87	28.35	5
9DMY	88	29.13	5
9DMY	89	35.76	5
9DMY	90	20.1	5
9DMY	91	29.89	5
9DMY	92	34.05	5
9DMY	93	20.95	5
9DMY	94	19.56	5
9DMY	95	22.14	5
9DMY	96	17.08	5
9DMY	97	21.52	5
9DMY	98	22.52	5
9DMY	99	20.64	5
9DMY	100	17.78	5
9DMY	101	17.91	5
9DMY	102	22.66	5
9DMY	103	23.3	5
9DMY	104	31.95	5
9DMY	105	24.24	5
9DMY	106	27.75	5
9DMY	107	20.43	5
9DMY	108	18.72	5
9DMY	109	37.7	5
9DMY	110	40.74	5
9DMY	111	32.27	5
9DMY	112	39.06	5
9DMY	113	34.47	5
9DMY	114	36.52	5
9DMY	115	27.0	5
9DMY	116	23.74	5
9DMY	117	24.93	5
9DMY	118	18.23	5
9DMY	119	12.64	5
9DMY	120	10.68	5
9DMY	121	19.18	5
9DMY	122	14.97	5
9DMY	123	9.34	5
9DMY	124	21.22	5
9DMY	125	22.9	5
9DMY	126	22.88	5
9DMY	127	26.09	5
9DMY	128	28.31	5
9DMY	129	27.97	5
9DMY	130	21.78	5
9DMY	131	26.34	5
9DMY	132	29.35	5
9DMY	133	35.54	5
9DMY	134	29.54	5
9DMY	135	38.76	5
9DMY	136	23.33	5
9DMY	137	31.02	5
9DMY	138	21.14	5
9DMY	139	18.89	5
9DMY	140	15.77	5
9DMY	141	23.52	5
9DMY	142	21.81	5
9DMY	143	28.28	5
9DMY	144	29.32	5
9DMY	145	38.24	5
9DMY	146	30.85	5
9DMY	147	38.75	5
9DMY	148	29.56	5
9DMY	149	34.83	5
9DMY	150	29.28	5
9DMY	151	23.51	5
9DMY	152	20.94	5
9DMY	153	30.86	5
9DMY	154	26.18	5
9DMY	155	36.19	5
9DMY	156	29.69	5
9DMY	157	30.2	5
9DMY	158	35.83	5
9DMY	159	45.25	5
9DMY	160	37.09	5
9DMY	161	33.28	5
9DMY	162	35.27	5
9DMY	163	30.93	5
9DMY	164	33.3	5
9DMY	165	27.56	5
9DMY	166	29.88	5
9DMY	167	40.4	5
9DMY	168	37.93	5
9DMY	169	41.72	5
9DMY	170	37.48	5
9DMY	171	50.71	5
9DMY	172	49.09	5
9DMY	173	53.61	5
9DMY	174	52.66	5
9DMY	175	65.81	5
9DMY	176	59.33	5
9DMY	177	60.87	5
9DMY	178	68.12	5
9DMY	179	54.38	5
9DMY	180	53.03	5
9DMY	181	48.56	5
9DMY	182	54.63	5
9DMY	183	45.63	5
9DMY	184	44.19	5
9DMY	185	35.07	5
9DMY	186	46.82	5
9DMY	187	45.03	5
9DMY	188	50.27	5
9DMY	189	46.47	5
9DMY	190	45.24	5
9DMY	191	41.21	5
9DMY	192	43.81	5
9DMY	193	36.66	5
9DMY	194	43.39	5
9DMY	195	39.89	5
9DMY	196	40.89	5
9DMY	197	30.5	5
9DMY	198	24.68	5
9DMY	199	26.03	5
9DMY	200	19.01	5
9DMY	201	34.43	5
9DMY	202	35.63	5
9DMY	203	28.7	5
9DMY	204	32.84	5
9DMY	205	21.13	5
9DMY	206	32.61	5
9DMY	207	17.8	5
9DMZ	70	21.74	5
9DMZ	71	8.29	5
9DMZ	72	15.74	5
9DMZ	73	7.78	5
9DMZ	74	11.95	5
9DMZ	75	23.27	5
9DMZ	76	19.59	5
9DMZ	77	20.96	5
9DMZ	78	20.1	5
9DMZ	79	17.5	5
9DMZ	80	3.13	5
9DMZ	81	19.81	5
9DMZ	82	17.36	5
9DMZ	83	28.42	5
9DMZ	84	26.99	5
9DMZ	85	31.6	5
9DMZ	86	27.86	5
9DMZ	87	26.19	5
9DMZ	88	30.23	5
9DMZ	89	34.88	5
9DMZ	90	20.58	5
9DMZ	91	31.09	5
9DMZ	92	32.3	5
9DMZ	93	22.63	5
9DMZ	94	20.78	5
9DMZ	95	23.98	5
9DMZ	96	20.92	5
9DMZ	97	24.73	5
9DMZ	98	23.14	5
9DMZ	99	18.73	5
9DMZ	100	17.55	5
9DMZ	101	17.03	5
9DMZ	102	23.34	5
9DMZ	103	23.08	5
9DMZ	104	32.45	5
9DMZ	105	28.43	5
9DMZ	106	31.0	5
9DMZ	107	22.32	5
9DMZ	108	20.59	5
9DMZ	109	37.47	5
9DMZ	110	40.48	5
9DMZ	111	34.78	5
9DMZ	112	42.14	5
9DMZ	113	38.51	5
9DMZ	114	38.61	5
9DMZ	115	31.84	5
9DMZ	116	27.22	5
9DMZ	117	24.34	5
9DMZ	118	20.41	5
9DMZ	119	15.69	5
9DMZ	120	15.76	5
9DMZ	121	20.02	5
9DMZ	122	15.28	5
9DMZ	123	11.76	5
9DMZ	124	21.41	5
9DMZ	125	23.04	5
9DMZ	126	21.07	5
9DMZ	127	26.53	5
9DMZ	128	29.67	5
9DMZ	129	28.54	5
9DMZ	130	24.93	5
9DMZ	131	27.47	5
9DMZ	132	29.91	5
9DMZ	133	35.52	5
9DMZ	134	32.98	5
9DMZ	135	37.07	5
9DMZ	136	24.04	5
9DMZ	137	31.89	5
9DMZ	138	23.41	5
9DMZ	139	20.83	5
9DMZ	140	16.86	5
9DMZ	141	24.49	5
9DMZ	142	23.57	5
9DMZ	143	28.74	5
9DMZ	144	30.37	5
9DMZ	145	39.61	5
9DMZ	146	32.08	5
9DMZ	147	36.77	5
9DMZ	148	28.96	5
9DMZ	149	33.7	5
9DMZ	150	31.77	5
9DMZ	151	26.96	5
9DMZ	152	26.41	5
9DMZ	153	34.09	5
9DMZ	154	31.17	5
9DMZ	155	37.78	5
9DMZ	156	34.03	5
9DMZ	157	31.1	5
9DMZ	158	40.09	5
9DMZ	159	49.6	5
9DMZ	160	42.9	5
9DMZ	161	35.11	5
9DMZ	162	40.03	5
9DMZ	163	35.06	5
9DMZ	164	38.71	5
9DMZ	165	30.43	5
9DMZ	166	34.9	5
9DMZ	167	43.31	5
9DMZ	168	38.18	5
9DMZ	169	42.37	5
9DMZ	170	37.83	5
9DMZ	171	50.17	5
9DMZ	172	49.76	5
9DMZ	173	54.02	5
9DMZ	174	54.71	5
9DMZ	175	67.92	5
9DMZ	176	61.63	5
9DMZ	177	63.12	5
9DMZ	178	67.89	5
9DMZ	179	55.72	5
9DMZ	180	56.82	5
9DMZ	181	53.58	5
9DMZ	182	54.32	5
9DMZ	183	48.33	5
9DMZ	184	43.32	5
9DMZ	185	35.99	5
9DMZ	186	47.22	5
9DMZ	187	51.54	5
9DMZ	188	55.55	5
9DMZ	189	49.0	5
9DMZ	190	48.49	5
9DMZ	191	45.4	5
9DMZ	192	47.98	5
9DMZ	193	39.99	5
9DMZ	194	45.78	5
9DMZ	195	42.57	5
9DMZ	196	41.76	5
9DMZ	197	29.08	5
9DMZ	198	28.44	5
9DMZ	199	29.27	5
9DMZ	200	20.74	5
9DMZ	201	36.79	5
9DMZ	202	39.12	5
9DMZ	203	30.31	5
9DMZ	204	30.65	5
9DMZ	205	23.15	5
9DMZ	206	32.24	5
9DMZ	207	21.37	5
9E8W	14	50.35	5
9E8W	15	46.97	5
9E8W	16	47.47	5
9E8W	17	47.47	5
9E8W	18	50.74	5
9E8W	19	54.74	5
9E8W	20	62.03	5
9E8W	21	74.57	10
9E8W	22	73.96	10
9E8W	23	61.99	10
9E8W	24	54.945	10
9E8W	25	52.48	10
9E8W	26	50.955	10
9E8W	27	51.915	10
9E8W	28	58.15	10
9E8W	29	54.12	10
9E8W	30	52.735	10
9E8W	31	53.805	10
9E8W	32	58.185	10
9E8W	33	65.44	10
9E8W	34	63.46	10
9E8W	35	65.63	10
9E8W	36	57.17	10
9E8W	37	52.23	10
9E8W	38	50.605	10
9E8W	39	44.18	10
9E8W	40	43.51	10
9E8W	41	44.145	10
9E8W	42	48.515	10
9E8W	43	50.485	10
9E8W	44	56.79	10
9E8W	45	51.785	10
9E8W	46	52.66	10
9E8W	47	44.83	10
9E8W	48	43.44	10
9E8W	49	45.12	10
9E8W	50	50.29	10
9E8W	51	51.02	10
9E8W	52	51.6	10
9E8W	53	49.23	10
9E8W	54	57.94	10
9E8W	55	53.13	10
9E8W	56	60.115	10
9E8W	57	68.715	10
9E8W	58	70.575	10
9E8W	59	75.5	10
9E8W	60	74.715	10
9E8W	61	74.355	10
9E8W	62	66.3	10
9E8W	63	61.25	10
9E8W	64	61.105	10
9E8W	65	55.06	10
9E8W	66	54.83	10
9E8W	67	54.265	10
9E8W	68	51.605	10
9E8W	69	48.165	10
9E8W	70	49.855	10
9E8W	71	54.99	10
9E8W	72	66.58	10
9E8W	73	62.385	10
9E8W	74	60.92	10
9E8W	75	60.425	10
9E8W	76	47.42	10
9E8W	77	45.39	10
9E8W	78	39.82	10
9E8W	79	42.315	10
9E8W	80	46.11	10
9E8W	81	55.825	10
9E8W	82	67.54	10
9E8W	83	74.005	10
9E8W	84	68.51	10
9E8W	85	63.21	10
9E8W	86	60.435	10
9E8W	87	56.03	10
9E8W	88	52.555	10
9E8W	89	50.425	10
9E8W	90	51.98	10
9E8W	91	60.435	10
9E8W	92	69.8	10
9E8W	93	70.66	10
9E8W	94	75.48	10
9E8W	95	74.95	10
9E8W	96	77.665	10
9E8W	97	86.445	10
9E8W	98	96.21	10
9E8W	99	101.07	10
9E9X	14	22.273	3
9E9X	15	14.553	3
9E9X	16	13.797	3
9E9X	17	16.92	3
9E9X	18	21.933	3
9E9X	19	35.097	3
9E9X	20	56.77	3
9E9X	21	69.037	3
9E9X	22	65.45	3
9E9X	23	58.403	3
9E9X	24	51.157	3
9E9X	25	34.45	3
9E9X	26	17.34	3
9E9X	27	14.437	3
9E9X	28	19.907	3
9E9X	29	34.2	3
9E9X	30	27.443	3
9E9X	31	29.25	3
9E9X	32	31.75	3
9E9X	33	30.97	3
9E9X	34	20.053	3
9E9X	35	13.663	3
9E9X	36	4.4	3
9E9X	37	27.123	6
9E9X	38	24.973	6
9E9X	39	21.047	6
9E9X	40	18.2	6
9E9X	41	18.582	6
9E9X	42	17.762	6
9E9X	43	20.557	6
9E9X	44	25.882	6
9E9X	45	24.027	6
9E9X	46	21.757	6
9E9X	47	18.758	6
9E9X	48	17.055	6
9E9X	49	16.693	6
9E9X	50	21.083	6
9E9X	51	30.182	6
9E9X	52	37.853	6
9E9X	53	44.878	6
9E9X	54	47.005	6
9E9X	55	42.982	6
9E9X	56	46.603	6
9E9X	57	55.545	6
9E9X	58	56.057	6
9E9X	59	55.238	6
9E9X	60	49.775	6
9E9X	61	42.787	6
9E9X	62	38.495	6
9E9X	63	36.553	6
9E9X	64	41.735	6
9E9X	65	39.948	6
9E9X	66	47.055	6
9E9X	67	43.247	6
9E9X	68	39.382	6
9E9X	69	35.838	6
9E9X	70	32.167	6
9E9X	71	30.275	6
9E9X	72	36.647	6
9E9X	73	41.07	6
9E9X	74	43.232	6
9E9X	75	31.792	6
9E9X	76	18.67	6
9E9X	77	15.142	6
9E9X	78	14.13	6
9E9X	79	18.298	6
9E9X	80	27.377	6
9E9X	81	38.485	6
9E9X	82	55.993	6
9E9X	83	62.48	6
9E9X	84	59.99	6
9E9X	85	60.323	6
9E9X	86	49.578	6
9E9X	87	40.628	6
9E9X	88	28.202	6
9E9X	89	26.123	6
9E9X	90	25.418	6
9E9X	91	25.813	6
9E9X	92	22.75	6
9E9X	93	26.282	6
9E9X	94	33.118	6
9E9X	95	36.162	6
9E9X	96	51.003	6
9E9X	97	63.072	6
9E9X	98	71.115	6
9E9X	99	82.497	6
9E9X	100	79.85	3
9EME	9	152.86	6
9EME	10	154.22	6
9EME	11	160.25	6
9EME	12	30.0	6
9EME	13	164.68	6
9EME	14	153.94	6
9EME	15	148.52	6
9EME	16	144.41	6
9EME	17	145.96	6
9EME	18	147.15	6
9EME	19	142.21	6
9EME	20	141.65	6
9EME	21	147.9	6
9EME	22	146.52	6
9EME	23	138.54	6
9EME	24	136.53	6
9EME	25	133.39	6
9EME	26	125.01	6
9EME	27	122.85	6
9EME	28	120.77	6
9EME	29	122.86	6
9EME	30	127.97	6
9EME	31	136.6	6
9EME	32	140.8	6
9EME	33	141.36	6
9EME	34	140.55	6
9EME	35	144.71	6
9EME	36	144.07	6
9EME	37	150.68	6
9EME	38	153.99	6
9EME	39	159.43	6
9EME	40	160.22	6
9EME	41	156.31	6
9EME	42	161.3	6
9EME	43	156.34	6
9EME	44	153.29	6
9EME	45	148.91	6
9EME	46	146.51	6
9EME	47	145.64	6
9EME	48	136.97	6
9EME	49	131.32	6
9EME	50	124.08	6
9EME	51	30.0	6
9EME	52	30.0	6
9EME	61	30.0	6
9EME	62	30.0	6
9EME	63	30.0	6
9EME	64	30.0	6
9EME	65	30.0	6
9EME	66	30.0	6
9EME	67	147.57	6
9EME	68	150.99	6
9EME	69	163.4	6
9EME	70	168.61	6
9EME	71	174.46	6
9EME	72	169.22	6
9EME	73	166.38	6
9EME	74	160.9	6
9EME	75	158.8	6
9EME	76	154.5	6
9EME	77	153.36	6
9EME	78	157.62	6
9EME	79	161.21	6
9EME	80	161.67	6
9EME	81	154.16	6
9EME	82	148.4	6
9EME	83	157.24	6
9EME	84	161.34	6
9EME	85	140.07	6
9EME	86	140.01	6
9EME	87	149.51	6
9EME	88	157.93	6
9EME	89	162.24	6
9EME	90	168.39	6
9EME	91	173.41	6
9EME	92	171.97	6
9EME	93	168.39	6
9EME	94	157.26	6
9EME	95	154.41	6
9EME	96	153.05	6
9EME	97	150.6	6
9EME	98	149.54	6
9EME	99	151.93	6
9EME	100	155.35	6
9EME	101	154.53	6
9EME	102	155.24	6
9EME	103	160.32	6
9EME	104	150.17	6
9EME	105	143.51	6
9EME	106	144.71	6
9EME	107	144.47	6
9EME	108	30.0	6
9EO9	304	134.42	2
9EO9	305	107.11	2
9EO9	306	75.535	2
9EO9	307	68.14	2
9EO9	308	56.0	2
9EO9	309	52.845	2
9EO9	310	61.385	2
9EO9	311	77.935	2
9EO9	312	90.63	2
9EO9	313	84.245	2
9EO9	314	86.68	2
9EO9	315	85.0	2
9EO9	316	83.14	2
9EO9	317	75.645	2
9EO9	318	62.505	2
9EO9	319	58.785	2
9EO9	320	54.655	2
9EO9	321	64.375	2
9EO9	322	61.6	2
9EO9	323	61.56	2
9EO9	324	72.505	2
9EO9	325	64.985	2
9EO9	326	77.72	2
9EO9	327	71.44	2
9EO9	328	58.505	2
9EO9	329	59.585	2
9EO9	330	72.66	2
9EO9	331	81.355	2
9EO9	332	91.45	2
9EO9	333	117.385	2
9EO9	334	142.26	2
9EO9	335	163.72	2
9EO9	336	169.685	2
9EO9	337	186.21	2
9EO9	338	177.77	2
9EO9	339	188.535	2
9EO9	340	186.925	2
9EO9	341	217.615	2
9EO9	342	236.125	2
9EO9	343	224.9	2
9EO9	344	182.63	2
9EO9	345	170.835	2
9EO9	346	178.7	2
9EO9	347	201.175	2
9EO9	348	200.46	2
9EO9	349	189.4	2
9EO9	350	177.055	2
9EO9	351	159.695	2
9EO9	352	139.95	2
9EO9	353	141.015	2
9EO9	354	136.19	2
9EO9	355	125.69	2
9EO9	356	111.11	2
9EO9	357	91.485	2
9EO9	358	83.935	2
9EO9	359	66.29	2
9EO9	360	59.44	2
9EO9	361	55.55	2
9EO9	362	51.515	2
9EO9	363	51.605	2
9EO9	364	61.065	2
9EO9	365	72.65	2
9EO9	366	71.08	2
9EO9	367	78.135	2
9EO9	368	74.715	2
9EO9	369	67.38	2
9EO9	370	60.205	2
9EO9	371	58.155	2
9EO9	372	62.2	2
9EO9	373	61.595	2
9EO9	374	64.03	2
9EO9	375	62.75	2
9EO9	376	65.34	2
9EO9	377	65.805	2
9EO9	378	74.595	2
9EO9	379	103.685	2
9EO9	380	149.595	2
9EOG	304	178.5	6
9EOG	305	171.78	6
9EOG	306	120.71	6
9EOG	307	127.88	6
9EOG	308	77.24	6
9EOG	309	82.59	6
9EOG	310	63.71	6
9EOG	311	76.24	6
9EOG	312	63.24	6
9EOG	313	76.87	6
9EOG	314	70.18	6
9EOG	315	75.13	6
9EOG	316	69.74	6
9EOG	317	59.87	6
9EOG	318	45.46	6
9EOG	319	58.98	6
9EOG	320	48.49	6
9EOG	321	60.73	6
9EOG	322	55.31	6
9EOG	323	68.88	6
9EOG	324	62.99	6
9EOG	325	59.93	6
9EOG	326	51.43	6
9EOG	327	49.33	6
9EOG	328	40.8	6
9EOG	329	38.83	6
9EOG	330	43.62	6
9EOG	331	42.34	6
9EOG	332	45.03	6
9EOG	333	54.07	6
9EOG	334	49.69	6
9EOG	335	42.72	6
9EOG	336	42.38	6
9EOG	337	43.79	6
9EOG	338	46.27	6
9EOG	339	45.34	6
9EOG	340	57.15	6
9EOG	341	83.9	6
9EOG	342	99.01	6
9EOG	343	94.01	6
9EOG	344	63.34	6
9EOG	345	82.13	6
9EOG	346	63.58	6
9EOG	347	83.65	6
9EOG	348	83.31	6
9EOG	349	86.7	6
9EOG	350	49.93	6
9EOG	351	53.53	6
9EOG	352	54.87	6
9EOG	353	46.82	6
9EOG	354	48.21	6
9EOG	355	49.66	6
9EOG	356	56.0	6
9EOG	357	53.58	6
9EOG	358	60.24	6
9EOG	359	42.02	6
9EOG	360	37.92	6
9EOG	361	39.89	6
9EOG	362	41.21	6
9EOG	363	36.66	6
9EOG	364	45.71	6
9EOG	365	46.56	6
9EOG	366	61.02	6
9EOG	367	55.76	6
9EOG	368	63.11	6
9EOG	369	48.25	6
9EOG	370	54.01	6
9EOG	371	46.4	6
9EOG	372	63.25	6
9EOG	373	55.0	6
9EOG	374	73.8	6
9EOG	375	64.43	6
9EOG	376	70.98	6
9EOG	377	71.18	6
9EOG	378	98.69	6
9EOG	379	127.19	6
9EOG	380	195.8	6
9EOH	306	142.27	6
9EOH	307	138.73	6
9EOH	308	106.51	6
9EOH	309	95.58	6
9EOH	310	80.05	6
9EOH	311	85.57	6
9EOH	312	68.53	6
9EOH	313	71.63	6
9EOH	314	67.51	6
9EOH	315	71.19	6
9EOH	316	60.89	6
9EOH	317	60.88	6
9EOH	318	46.94	6
9EOH	319	51.66	6
9EOH	320	41.98	6
9EOH	321	49.04	6
9EOH	322	45.38	6
9EOH	323	49.31	6
9EOH	324	47.95	6
9EOH	325	38.89	6
9EOH	326	32.36	6
9EOH	327	31.53	6
9EOH	328	26.85	6
9EOH	329	27.11	6
9EOH	330	24.63	6
9EOH	331	22.51	6
9EOH	332	20.63	6
9EOH	333	24.6	6
9EOH	334	26.8	6
9EOH	335	31.17	6
9EOH	336	33.81	6
9EOH	337	33.23	6
9EOH	338	36.08	6
9EOH	339	34.16	6
9EOH	340	43.35	6
9EOH	341	51.45	6
9EOH	342	61.22	6
9EOH	343	57.87	6
9EOH	344	45.09	6
9EOH	345	55.12	6
9EOH	346	42.88	6
9EOH	347	66.6	6
9EOH	348	62.73	6
9EOH	349	52.0	6
9EOH	350	34.41	6
9EOH	351	40.01	6
9EOH	352	37.37	6
9EOH	353	39.83	6
9EOH	354	33.94	6
9EOH	355	35.29	6
9EOH	356	39.83	6
9EOH	357	35.93	6
9EOH	358	35.95	6
9EOH	359	23.78	6
9EOH	360	21.25	6
9EOH	361	20.76	6
9EOH	362	25.33	6
9EOH	363	22.11	6
9EOH	364	25.31	6
9EOH	365	30.48	6
9EOH	366	30.52	6
9EOH	367	32.15	6
9EOH	368	37.39	6
9EOH	369	41.42	6
9EOH	370	43.8	6
9EOH	371	44.46	6
9EOH	372	60.55	6
9EOH	373	59.25	6
9EOH	374	69.24	6
9EOH	375	72.9	6
9EOH	376	77.84	6
9EOH	377	88.57	6
9EOH	378	102.55	6
9EOH	379	133.74	6
9ERM	305	87.17	5
9ERM	306	71.64	5
9ERM	307	65.25	5
9ERM	308	51.04	5
9ERM	309	47.93	5
9ERM	310	44.05	5
9ERM	311	46.7	5
9ERM	312	43.14	5
9ERM	313	44.45	5
9ERM	314	52.87	5
9ERM	315	48.79	5
9ERM	316	43.49	5
9ERM	317	41.47	5
9ERM	318	33.21	5
9ERM	319	41.02	5
9ERM	320	28.43	5
9ERM	321	31.84	5
9ERM	322	29.94	5
9ERM	323	27.16	5
9ERM	324	26.23	5
9ERM	325	27.5	5
9ERM	326	28.24	5
9ERM	327	27.49	5
9ERM	328	27.63	5
9ERM	329	23.07	5
9ERM	330	24.22	5
9ERM	331	32.4	5
9ERM	332	29.44	5
9ERM	333	31.12	5
9ERM	334	31.97	5
9ERM	335	35.66	5
9ERM	336	40.66	5
9ERM	337	37.5	5
9ERM	338	42.34	5
9ERM	339	35.72	5
9ERM	340	42.27	5
9ERM	341	47.27	5
9ERM	342	54.28	5
9ERM	343	50.68	5
9ERM	344	47.46	5
9ERM	345	51.79	5
9ERM	346	45.11	5
9ERM	347	54.35	5
9ERM	348	50.55	5
9ERM	349	43.94	5
9ERM	350	35.0	5
9ERM	351	35.74	5
9ERM	352	28.42	5
9ERM	353	26.09	5
9ERM	354	26.88	5
9ERM	355	28.51	5
9ERM	356	31.45	5
9ERM	357	30.74	5
9ERM	358	33.67	5
9ERM	359	25.29	5
9ERM	360	26.89	5
9ERM	361	24.08	5
9ERM	362	23.22	5
9ERM	363	22.13	5
9ERM	364	22.44	5
9ERM	365	26.93	5
9ERM	366	25.21	5
9ERM	367	25.93	5
9ERM	368	27.6	5
9ERM	369	38.07	5
9ERM	370	36.39	5
9ERM	371	39.06	5
9ERM	372	42.24	5
9ERM	373	43.25	5
9ERM	374	40.07	5
9ERM	375	45.94	5
9ERM	376	45.76	5
9ERM	377	52.91	5
9ERM	378	59.95	5
9ERM	379	79.46	5
9ERN	305	183.59	6
9ERN	306	144.56	6
9ERN	307	150.45	6
9ERN	308	102.36	6
9ERN	309	109.45	6
9ERN	310	84.17	6
9ERN	311	103.82	6
9ERN	312	94.09	6
9ERN	313	103.55	6
9ERN	314	84.25	6
9ERN	315	89.99	6
9ERN	316	77.73	6
9ERN	317	76.31	6
9ERN	318	54.42	6
9ERN	319	63.22	6
9ERN	320	43.82	6
9ERN	321	62.35	6
9ERN	322	49.48	6
9ERN	323	61.01	6
9ERN	324	55.79	6
9ERN	325	54.59	6
9ERN	326	43.01	6
9ERN	327	41.69	6
9ERN	328	36.68	6
9ERN	329	33.06	6
9ERN	330	32.72	6
9ERN	331	33.64	6
9ERN	332	29.43	6
9ERN	333	27.35	6
9ERN	334	27.84	6
9ERN	335	28.13	6
9ERN	336	32.65	6
9ERN	337	27.19	6
9ERN	338	33.96	6
9ERN	339	28.03	6
9ERN	340	36.82	6
9ERN	341	34.72	6
9ERN	342	46.73	6
9ERN	343	42.58	6
9ERN	344	38.84	6
9ERN	345	50.22	6
9ERN	346	41.03	6
9ERN	347	55.58	6
9ERN	348	47.3	6
9ERN	349	42.07	6
9ERN	350	39.14	6
9ERN	351	40.52	6
9ERN	352	29.25	6
9ERN	353	30.19	6
9ERN	354	25.16	6
9ERN	355	31.07	6
9ERN	356	29.64	6
9ERN	357	32.67	6
9ERN	358	35.84	6
9ERN	359	30.36	6
9ERN	360	29.04	6
9ERN	361	29.27	6
9ERN	362	37.01	6
9ERN	363	31.59	6
9ERN	364	44.22	6
9ERN	365	40.88	6
9ERN	366	43.38	6
9ERN	367	44.84	6
9ERN	368	54.75	6
9ERN	369	46.22	6
9ERN	370	59.5	6
9ERN	371	56.82	6
9ERN	372	82.47	6
9ERN	373	70.14	6
9ERN	374	89.3	6
9ERN	375	85.01	6
9ERN	376	95.43	6
9ERN	377	98.68	6
9ERN	378	121.86	6
9ERN	379	145.57	6
9ERO	305	149.58	10
9ERO	306	116.795	10
9ERO	307	116.27	10
9ERO	308	85.785	10
9ERO	309	75.4	10
9ERO	310	73.235	10
9ERO	311	83.525	10
9ERO	312	78.955	10
9ERO	313	83.05	10
9ERO	314	82.485	10
9ERO	315	81.3	10
9ERO	316	78.545	10
9ERO	317	71.79	10
9ERO	318	63.2	10
9ERO	319	60.48	10
9ERO	320	42.385	10
9ERO	321	52.235	10
9ERO	322	51.435	10
9ERO	323	52.745	10
9ERO	324	60.555	10
9ERO	325	56.085	10
9ERO	326	61.72	10
9ERO	327	57.185	10
9ERO	328	44.385	10
9ERO	329	45.68	10
9ERO	330	41.28	10
9ERO	331	45.39	10
9ERO	332	49.265	10
9ERO	333	71.38	10
9ERO	334	78.225	10
9ERO	335	71.02	10
9ERO	336	70.435	10
9ERO	337	59.955	10
9ERO	338	56.855	10
9ERO	339	56.45	10
9ERO	340	58.565	10
9ERO	341	74.24	10
9ERO	342	81.055	10
9ERO	343	91.145	10
9ERO	344	74.355	10
9ERO	345	79.31	10
9ERO	346	69.07	10
9ERO	347	89.655	10
9ERO	348	93.395	10
9ERO	349	65.345	10
9ERO	350	52.64	10
9ERO	351	53.66	10
9ERO	352	44.1	10
9ERO	353	46.105	10
9ERO	354	41.87	10
9ERO	355	47.655	10
9ERO	356	45.565	10
9ERO	357	48.82	10
9ERO	358	56.6	10
9ERO	359	48.115	10
9ERO	360	43.215	10
9ERO	361	40.735	10
9ERO	362	46.25	10
9ERO	363	37.905	10
9ERO	364	40.915	10
9ERO	365	44.035	10
9ERO	366	50.73	10
9ERO	367	51.275	10
9ERO	368	41.47	10
9ERO	369	40.61	10
9ERO	370	40.56	10
9ERO	371	40.15	10
9ERO	372	61.27	10
9ERO	373	61.515	10
9ERO	374	53.215	10
9ERO	375	58.22	10
9ERO	376	67.095	10
9ERO	377	69.25	10
9ERO	378	96.89	10
9ERO	379	129.1	10
9EUU	37	18.92	18
9EUU	38	16.55	18
9EUU	39	17.49	18
9EUU	40	13.21	18
9EUU	41	12.73	18
9EUU	42	10.99	18
9EUU	43	8.76	18
9EUU	44	7.09	18
9EUU	45	4.66	18
9EUU	46	3.09	18
9EUU	47	1.58	18
9EUU	48	0.69	18
9EUU	49	0.27	18
9EUU	50	0.45	18
9EUU	51	0.66	18
9EUU	52	0.15	18
9EUU	53	0.15	18
9EUU	54	0.2	18
9EUU	55	0.38	18
9EUU	56	2.99	18
9EUU	57	10.84	18
9EUU	58	8.42	18
9EUU	59	8.25	18
9EUU	60	10.84	18
9EUU	61	14.16	18
9EUU	62	13.23	18
9EUU	63	11.56	18
9EUU	64	9.4	18
9EUU	65	8.61	18
9EUU	66	11.63	18
9EUU	67	10.48	18
9EUU	68	6.7	18
9EUU	69	5.66	18
9EUU	70	5.08	18
9EUU	71	5.59	18
9EUU	72	8.08	18
9EUU	73	10.85	18
9EUU	74	4.74	18
9EUU	75	2.58	18
9EUU	76	0.89	18
9EUU	77	0.51	18
9EUU	78	0.7	18
9EUU	79	2.9	18
9EUU	80	7.35	18
9EUU	81	9.26	18
9EUU	82	13.17	18
9EUU	83	17.59	18
9EUU	84	17.94	18
9EUU	85	23.97	18
9EUU	86	20.58	18
9EUU	87	13.68	18
9EUU	88	9.49	18
9EUU	89	8.8	18
9EUU	90	4.87	18
9EUU	91	4.24	18
9EUU	92	2.81	18
9EUU	93	4.07	18
9EUU	94	3.77	18
9EUU	95	5.94	18
9EUU	96	9.77	18
9EUU	97	13.43	18
9EWV	34	86.57	12
9EWV	35	84.61	12
9EWV	36	72.43	12
9EWV	37	58.72	12
9EWV	38	47.55	12
9EWV	39	46.5	12
9EWV	40	45.78	12
9EWV	41	49.16	12
9EWV	42	62.05	12
9EWV	43	65.79	12
9EWV	44	62.7	12
9EWV	45	62.71	12
9EWV	46	55.93	12
9EWV	47	46.35	12
9EWV	48	40.25	12
9EWV	49	39.46	12
9EWV	50	44.89	12
9EWV	51	46.99	12
9EWV	52	44.29	12
9EWV	53	51.74	12
9EWV	54	60.71	12
9EWV	55	68.17	12
9EWV	56	69.79	12
9EWV	57	77.83	12
9EWV	58	81.13	12
9EWV	59	79.32	12
9EWV	60	83.67	12
9EWV	61	77.13	12
9EWV	62	66.3	12
9EWV	63	62.2	12
9EWV	64	54.35	12
9EWV	65	38.39	12
9EWV	66	41.62	12
9EWV	67	39.01	12
9EWV	68	43.94	12
9EWV	69	52.54	12
9EWV	70	46.07	12
9EWV	71	51.38	12
9EWV	72	47.7	12
9EWV	73	51.18	12
9EWV	74	52.21	12
9EWV	75	55.69	12
9EWV	76	49.35	12
9EWV	77	49.87	12
9EWV	78	47.19	12
9EWV	79	53.73	12
9EWV	80	60.08	12
9EWV	81	54.57	12
9EWV	82	55.15	12
9EWV	83	58.08	12
9EWV	84	66.57	12
9EWV	85	71.62	12
9EWV	86	68.07	12
9EWV	87	66.8	12
9EWV	88	61.18	12
9EWV	89	47.44	12
9EWV	90	40.79	12
9EWV	91	42.45	12
9EWV	92	61.73	12
9EWV	93	73.75	12
9EWV	94	84.06	12
9EWV	95	94.03	12
9EWV	96	92.72	12
9EWV	97	94.44	12
9FAA	1	118.55	5
9FAA	2	117.62	5
9FAA	3	116.18	5
9FAA	4	113.97	5
9FAA	5	113.44	5
9FAA	6	113.71	5
9FAA	7	113.76	5
9FAA	8	113.01	5
9FAA	9	113.13	5
9FAA	10	110.92	5
9FAA	11	111.97	5
9FAA	12	109.41	5
9FAA	13	108.56	5
9FAA	14	101.44	5
9FAA	15	92.5	5
9FAA	16	88.77	5
9FAA	17	85.47	5
9FAA	18	77.96	5
9FAA	19	79.11	5
9FAA	20	73.13	5
9FAA	21	70.24	5
9FAA	22	72.05	5
9FAA	23	70.59	5
9FAA	24	74.93	5
9FAA	25	78.09	5
9FAA	26	80.85	5
9FAA	27	78.37	5
9FAA	28	78.32	5
9FAA	29	75.76	5
9FAA	30	75.13	5
9FAA	31	75.88	5
9FAA	32	73.71	5
9FAA	33	73.49	5
9FAA	34	76.86	5
9FAA	35	80.31	5
9FAA	36	82.38	5
9FAA	37	85.23	5
9FAA	38	88.3	5
9FAA	39	88.27	5
9FAA	40	90.38	5
9FAA	41	91.77	5
9FAA	42	94.0	5
9FAA	43	93.69	5
9FAA	44	95.9	5
9FAA	45	95.49	5
9FAA	46	95.66	5
9FAA	47	96.05	5
9FAA	48	95.0	5
9FAA	49	95.2	5
9FAA	50	95.36	5
9FAA	51	100.98	5
9FAA	52	101.58	5
9FAA	53	104.9	5
9FAA	54	106.52	5
9FAA	55	108.46	5
9FAA	56	108.52	5
9FAA	57	109.99	5
9FAA	58	109.26	5
9FAA	59	111.06	5
9FAA	60	115.33	5
9FAA	61	111.3	5
9FAA	62	109.54	5
9FAA	63	106.77	5
9FAA	64	103.16	5
9FAA	65	104.13	5
9FAA	66	103.48	5
9FAA	67	103.39	5
9FAA	68	104.48	5
9FAA	69	105.37	5
9FAA	70	104.73	5
9FAA	71	105.27	5
9FAA	72	101.07	5
9FAA	73	100.34	5
9FAA	74	99.53	5
9FAA	75	97.27	5
9FAA	76	94.74	5
9FAA	77	98.19	5
9FAA	78	95.16	5
9FAA	79	91.92	5
9FAA	80	92.73	5
9FAA	81	87.14	5
9FAA	82	83.24	5
9FAA	83	80.58	5
9FAA	84	78.41	5
9FAA	85	78.4	5
9FAA	86	76.23	5
9FAA	87	76.47	5
9FAA	88	79.04	5
9FAA	89	76.29	5
9FAA	90	77.02	5
9FAA	91	78.79	5
9FAA	92	80.15	5
9FAA	93	82.84	5
9FAA	94	87.16	5
9FAA	95	91.33	5
9FAA	96	94.83	5
9FAA	97	97.42	5
9FAA	98	98.66	5
9FAA	99	101.13	5
9FAA	100	102.64	5
9FAA	101	101.98	5
9FAA	102	103.08	5
9FAA	103	103.11	5
9FAA	104	104.91	5
9FAA	105	104.47	5
9FAA	106	108.71	5
9FAA	107	109.17	5
9FAA	108	111.4	5
9FAA	109	112.14	5
9FAA	110	114.93	5
9FAA	111	114.4	5
9FAA	112	116.85	5
9FAA	113	115.84	5
9FAA	114	117.14	5
9FAA	115	118.51	5
9FAA	116	120.92	5
9FAA	117	120.92	5
9FAA	118	122.33	5
9FAB	1	137.3	5
9FAB	2	139.31	5
9FAB	3	144.16	5
9FAB	4	134.02	5
9FAB	5	124.58	5
9FAB	6	116.89	5
9FAB	7	116.8	5
9FAB	8	107.48	5
9FAB	9	103.09	5
9FAB	10	93.85	5
9FAB	11	92.91	5
9FAB	12	85.25	5
9FAB	13	89.51	5
9FAB	14	84.45	5
9FAB	15	80.72	5
9FAB	16	68.5	5
9FAB	17	68.14	5
9FAB	18	66.03	5
9FAB	19	78.53	5
9FAB	20	74.86	5
9FAB	21	79.91	5
9FAB	22	82.42	5
9FAB	23	89.6	5
9FAB	24	95.96	5
9FAB	25	102.74	5
9FAB	26	107.69	5
9FAB	27	96.83	5
9FAB	28	102.27	5
9FAB	29	96.88	5
9FAB	30	97.74	5
9FAB	31	97.34	5
9FAB	32	91.41	5
9FAB	33	91.97	5
9FAB	34	85.69	5
9FAB	35	80.7	5
9FAB	36	81.14	5
9FAB	37	83.26	5
9FAB	38	83.72	5
9FAB	39	77.11	5
9FAB	40	77.31	5
9FAB	41	80.42	5
9FAB	42	83.78	5
9FAB	43	81.58	5
9FAB	44	79.62	5
9FAB	45	78.95	5
9FAB	46	78.76	5
9FAB	47	80.02	5
9FAB	48	79.93	5
9FAB	49	79.5	5
9FAB	50	82.9	5
9FAB	51	86.26	5
9FAB	52	90.39	5
9FAB	53	94.94	5
9FAB	54	93.97	5
9FAB	55	97.69	5
9FAB	56	97.52	5
9FAB	57	99.95	5
9FAB	58	103.33	5
9FAB	59	107.44	5
9FAB	60	105.64	5
9FAB	61	104.42	5
9FAB	62	101.23	5
9FAB	63	98.59	5
9FAB	64	102.3	5
9FAB	65	102.19	5
9FAB	66	101.18	5
9FAB	67	105.53	5
9FAB	68	96.49	5
9FAB	69	93.39	5
9FAB	70	89.19	5
9FAB	71	90.11	5
9FAB	72	85.55	5
9FAB	73	87.17	5
9FAB	74	86.33	5
9FAB	75	84.3	5
9FAB	76	87.34	5
9FAB	77	89.84	5
9FAB	78	88.21	5
9FAB	79	94.09	5
9FAB	80	91.03	5
9FAB	81	97.68	5
9FAB	82	103.0	5
9FAB	83	94.48	5
9FAB	84	89.2	5
9FAB	85	83.42	5
9FAB	86	85.49	5
9FAB	87	84.93	5
9FAB	88	81.9	5
9FAB	89	75.86	5
9FAB	90	79.73	5
9FAB	91	84.91	5
9FAB	92	81.28	5
9FAB	93	84.74	5
9FAB	94	83.01	5
9FAB	95	81.22	5
9FAB	96	81.07	5
9FAB	97	83.88	5
9FAB	98	87.47	5
9FAB	99	90.93	5
9FAB	100	93.93	5
9FAB	101	92.02	5
9FAB	102	89.68	5
9FAB	103	91.92	5
9FAB	104	98.52	5
9FAB	105	99.64	5
9FAB	106	93.6	5
9FAB	107	97.94	5
9FAB	108	89.34	5
9FAB	109	94.23	5
9FAB	110	105.64	5
9FAB	111	106.09	5
9FAB	112	116.13	5
9FAB	113	121.56	5
9FAB	114	131.61	5
9FAB	115	135.2	5
9FAB	116	135.12	5
9FAB	117	133.27	5
9FAC	1	85.836	5
9FAC	2	85.056	5
9FAC	3	86.68	5
9FAC	4	85.484	5
9FAC	5	86.248	5
9FAC	6	90.762	5
9FAC	7	91.856	5
9FAC	8	95.744	5
9FAC	9	101.546	5
9FAC	10	107.892	5
9FAC	11	113.234	5
9FAC	12	113.602	5
9FAC	13	119.482	5
9FAC	14	117.714	5
9FAC	15	115.008	5
9FAC	16	110.928	5
9FAC	17	107.892	5
9FAC	18	101.248	5
9FAC	19	101.914	5
9FAC	20	101.372	5
9FAC	21	95.946	5
9FAC	22	92.636	5
9FAC	23	89.348	5
9FAC	24	90.064	5
9FAC	25	90.674	5
9FAC	26	89.638	5
9FAC	27	87.4	5
9FAC	28	86.108	5
9FAC	29	81.494	5
9FAC	30	78.412	5
9FAC	31	78.522	5
9FAC	32	76.496	5
9FAC	33	74.84	5
9FAC	34	77.0	5
9FAC	35	77.724	5
9FAC	36	79.018	5
9FAC	37	80.402	5
9FAC	38	83.84	5
9FAC	39	83.498	5
9FAC	40	86.158	5
9FAC	41	87.924	5
9FAC	42	90.072	5
9FAC	43	89.022	5
9FAC	44	92.342	5
9FAC	45	92.556	5
9FAC	46	93.638	5
9FAC	47	95.488	5
9FAC	48	94.132	5
9FAC	49	98.312	5
9FAC	50	96.906	5
9FAC	51	101.6	5
9FAC	52	100.29	5
9FAC	53	104.314	5
9FAC	54	111.114	5
9FAC	55	118.23	5
9FAC	56	128.834	5
9FAC	57	136.97	5
9FAC	58	143.096	5
9FAC	59	147.482	5
9FAC	60	149.576	5
9FAC	61	139.854	5
9FAC	62	138.648	5
9FAC	63	132.75	5
9FAC	64	131.498	5
9FAC	65	136.87	5
9FAC	66	133.284	5
9FAC	67	135.962	5
9FAC	68	132.514	5
9FAC	69	137.404	5
9FAC	70	134.286	5
9FAC	71	127.492	5
9FAC	72	117.216	5
9FAC	73	121.402	5
9FAC	74	115.724	5
9FAC	75	115.686	5
9FAC	76	112.166	5
9FAC	77	114.98	5
9FAC	78	109.274	5
9FAC	79	106.134	5
9FAC	80	99.206	5
9FAC	81	95.216	5
9FAC	82	100.448	5
9FAC	83	97.236	5
9FAC	84	93.648	5
9FAC	85	93.47	5
9FAC	86	88.9	5
9FAC	87	93.74	5
9FAC	88	97.218	5
9FAC	89	93.874	5
9FAC	90	99.454	5
9FAC	91	104.984	5
9FAC	92	110.748	5
9FAC	93	119.964	5
9FAC	94	123.178	5
9FAC	95	130.558	5
9FAC	96	131.936	5
9FAC	97	135.814	5
9FAC	98	142.774	5
9FAC	99	140.432	5
9FAC	100	137.024	5
9FAC	101	138.032	5
9FAC	102	133.052	5
9FAC	103	126.188	5
9FAC	104	121.498	5
9FAC	105	112.46	5
9FAC	106	102.226	5
9FAC	107	100.386	5
9FAC	108	99.26	5
9FAC	109	95.564	5
9FAC	110	91.35	5
9FAC	111	90.458	5
9FAC	112	88.894	5
9FAC	113	91.33	5
9FAC	114	94.784	5
9FAC	115	97.122	5
9FAC	116	102.158	5
9FAC	117	99.858	5
9FH1	8	135.86	10
9FH1	9	132.71	10
9FH1	10	128.52	10
9FH1	11	132.19	10
9FH1	12	123.2	10
9FH1	13	119.53	10
9FH1	14	116.04	10
9FH1	15	114.79	10
9FH1	16	108.79	10
9FH1	17	98.91	10
9FH1	24	93.13	10
9FH1	25	99.42	10
9FH1	26	104.11	10
9FH1	27	100.76	10
9FH1	28	92.64	10
9FH1	29	97.62	10
9FH1	30	90.56	10
9FH1	31	86.83	10
9FH1	32	94.11	10
9FH1	33	97.54	10
9FH1	34	102.01	10
9FH1	35	102.63	10
9FH1	36	103.85	10
9FH1	37	107.38	10
9FH1	38	107.25	10
9FH1	39	106.83	10
9FH1	40	108.15	10
9FH1	41	119.4	10
9FH1	42	122.0	10
9FH2	9	169.431	10
9FH2	10	170.892	10
9FH2	11	173.391	10
9FH2	12	165.948	10
9FH2	13	159.119	10
9FH2	14	152.085	10
9FH2	15	146.122	10
9FH2	16	135.605	10
9FH2	17	131.674	10
9FH2	24	125.33	10
9FH2	25	122.663	10
9FH2	26	123.213	10
9FH2	27	126.586	10
9FH2	28	130.012	10
9FH2	29	129.925	10
9FH2	30	127.586	10
9FH2	31	124.777	10
9FH2	32	127.452	10
9FH2	33	126.014	10
9FH2	34	127.968	10
9FH2	35	131.679	10
9FH2	36	128.201	10
9FH2	37	133.938	10
9FH2	38	135.953	10
9FH2	39	136.924	10
9FH2	40	138.948	10
9FH2	41	137.765	10
9FH2	42	137.043	10
9FH3	9	18.99	10
9FH3	10	18.1	10
9FH3	11	17.66	10
9FH3	12	16.83	10
9FH3	13	18.08	10
9FH3	14	19.33	10
9FH3	15	17.83	10
9FH3	16	18.9	10
9FH3	17	19.76	10
9FH3	24	20.43	10
9FH3	25	22.74	10
9FH3	26	22.88	10
9FH3	27	22.41	10
9FH3	28	21.75	10
9FH3	29	20.39	10
9FH3	30	18.36	10
9FH3	31	17.89	10
9FH3	32	17.3	10
9FH3	33	17.28	10
9FH3	34	17.12	10
9FH3	35	17.95	10
9FH3	36	18.7	10
9FH3	37	19.77	10
9FH3	38	19.01	10
9FH3	39	19.12	10
9FH3	40	19.23	10
9FH3	41	19.4	10
9FH3	42	20.83	10
9FH5	29	132.352	20
9FH5	30	127.725	20
9FH5	31	122.078	20
9FH5	32	116.19	20
9FH5	33	102.097	20
9FH5	34	96.403	20
9FH5	35	96.085	20
9FH5	36	85.95	20
9FH5	37	95.373	20
9FH5	38	101.302	20
9FH5	39	98.505	20
9FH5	40	111.13	20
9FH5	41	120.207	20
9FH5	42	119.805	20
9FH6	306	0.0	10
9FH6	307	0.0	10
9FH6	308	0.0	10
9FH6	309	0.0	10
9FH6	310	0.0	10
9FH6	311	0.0	10
9FH6	312	0.0	10
9FH6	313	0.0	10
9FH6	314	0.0	10
9FH6	315	0.0	10
9FH6	316	0.0	10
9FH6	317	0.0	10
9FH6	318	0.0	10
9FH6	319	0.0	10
9FH6	320	0.0	10
9FH6	321	0.0	10
9FH6	322	0.0	10
9FH6	323	0.0	10
9FH6	324	0.0	10
9FH6	325	0.0	10
9FH6	326	0.0	10
9FH6	327	0.0	10
9FH6	328	0.0	10
9FH6	329	0.0	10
9FH6	330	0.0	10
9FH6	331	0.0	10
9FH6	332	0.0	10
9FH6	333	0.0	10
9FH6	334	0.0	10
9FH6	335	0.0	10
9FH6	336	0.0	10
9FH6	337	0.0	10
9FH6	338	0.0	10
9FH6	339	0.0	10
9FH6	340	0.0	10
9FH6	341	0.0	10
9FH6	342	0.0	10
9FH6	343	0.0	10
9FH6	344	0.0	10
9FH6	345	0.0	10
9FH6	346	0.0	10
9FH6	347	0.0	10
9FH6	348	0.0	10
9FH6	349	0.0	10
9FH6	350	0.0	10
9FH6	351	0.0	10
9FH6	352	0.0	10
9FH6	353	0.0	10
9FH6	354	0.0	10
9FH6	355	0.0	10
9FH6	356	0.0	10
9FH6	357	0.0	10
9FH6	358	0.0	10
9FH6	359	0.0	10
9FH6	360	0.0	10
9FH6	361	0.0	10
9FH6	362	0.0	10
9FH6	363	0.0	10
9FH6	364	0.0	10
9FH6	365	0.0	10
9FH6	366	0.0	10
9FH6	367	0.0	10
9FH6	368	0.0	10
9FH6	369	0.0	10
9FH6	370	0.0	10
9FH6	371	0.0	10
9FH6	372	0.0	10
9FH6	373	0.0	10
9FH6	374	0.0	10
9FH6	375	0.0	10
9FH6	376	0.0	10
9FH6	377	0.0	10
9FH6	378	0.0	10
9FNB	120	65.66	4
9FNB	121	52.71	4
9FNB	122	50.7	4
9FNB	123	31.25	4
9FNB	124	30.86	4
9FNB	125	26.05	4
9FNB	126	27.2	4
9FNB	127	26.68	4
9FNB	128	26.66	4
9FNB	129	32.2	4
9FNB	130	26.15	4
9FNB	131	27.11	4
9FNB	132	24.82	4
9FNB	133	24.6	4
9FNB	134	29.37	4
9FNB	135	30.57	4
9FNB	136	46.31	4
9FNB	137	51.59	4
9FNB	138	69.83	4
9FNB	139	86.5	4
9FNB	140	82.54	4
9FNB	141	61.34	4
9FNB	142	52.19	4
9FNB	143	46.88	4
9FNB	144	47.96	4
9FNB	145	57.37	4
9FNB	146	46.78	4
9FNB	147	46.11	4
9FNB	148	39.19	4
9FNB	149	41.78	4
9FNB	150	38.7	4
9FNB	151	42.77	4
9FNB	152	42.08	4
9FNB	153	50.89	4
9FNB	154	46.66	4
9FNB	155	44.6	4
9FNB	156	44.96	4
9FNB	157	38.82	4
9FNB	158	33.3	4
9FNB	159	37.66	4
9FNB	160	34.23	4
9FNB	161	42.81	4
9FNB	162	42.44	4
9FNB	163	54.26	4
9FNB	164	49.41	4
9FNB	165	47.66	4
9FNB	166	51.08	4
9FNB	167	42.43	4
9FNB	168	42.44	4
9FNB	169	36.85	4
9FNB	170	31.43	4
9FNB	171	31.63	4
9FNB	172	36.39	4
9FNB	173	44.72	4
9FNB	174	48.84	4
9FNB	175	56.51	4
9FNB	176	53.61	4
9FNB	177	59.75	4
9FNB	178	69.94	4
9FNB	179	54.77	4
9FNB	180	55.27	4
9FNB	181	48.04	4
9FNB	182	36.06	4
9FNB	183	40.21	4
9FNB	184	38.38	4
9FNB	185	40.64	4
9FNB	186	36.03	4
9FNB	187	36.68	4
9FNB	188	34.54	4
9FNB	189	37.03	4
9FNB	190	46.52	4
9FNB	191	52.17	4
9FNB	192	55.87	4
9FNB	193	52.03	4
9FNB	194	45.1	4
9FNB	195	42.0	4
9FNB	196	42.96	4
9FNB	197	33.86	4
9FNB	198	37.75	4
9FNB	199	38.43	4
9FNB	200	42.98	4
9FNB	201	56.77	4
9FNB	202	51.3	4
9FNB	203	53.41	4
9FNB	204	51.34	4
9FNB	205	55.47	4
9FNB	206	59.19	4
9FNB	207	61.96	4
9FNB	208	44.53	4
9FNB	209	48.06	4
9FNB	210	47.01	4
9FNB	211	49.67	4
9FNB	212	43.96	4
9FNB	213	44.88	4
9FNB	214	44.15	4
9FNB	215	45.33	4
9FNB	216	39.18	4
9FNB	217	32.87	4
9FNB	218	30.71	4
9FNB	219	31.46	4
9FNB	220	36.76	4
9FNB	221	36.2	4
9FNB	222	35.2	4
9FNB	223	28.57	4
9FNB	224	28.48	4
9FNB	225	25.88	4
9FNB	226	26.73	4
9FNB	227	32.4	4
9FNB	228	28.96	4
9FNB	229	32.99	4
9FNB	230	28.86	4
9FNB	231	37.21	4
9FNB	232	35.75	4
9FNB	233	44.65	4
9FNB	234	51.12	4
9FNB	235	31.02	4
9FNB	236	22.08	4
9FNB	237	23.23	4
9FNB	238	26.14	4
9FNB	239	25.57	4
9FNB	240	25.42	4
9FNB	241	29.32	4
9FNB	242	23.91	4
9FNB	243	22.02	4
9FNB	244	21.81	4
9FNB	245	19.68	4
9FNB	246	27.05	4
9FNB	247	29.0	4
9FNB	248	27.01	4
9FNB	249	31.33	4
9FNB	250	26.57	4
9FNB	251	31.3	4
9FNB	252	47.1	4
9FNB	253	59.25	4
9FNB	254	85.2	4
9FYP	35	58.1	10
9FYP	36	46.839	10
9FYP	37	37.318	10
9FYP	38	29.435	10
9FYP	39	32.079	10
9FYP	40	24.374	10
9FYP	41	28.389	10
9FYP	42	33.385	10
9FYP	43	35.388	10
9FYP	44	38.349	10
9FYP	45	43.806	10
9FYP	46	40.789	10
9FYP	47	31.503	10
9FYP	48	29.517	10
9FYP	49	28.212	10
9FYP	50	21.589	10
9FYP	51	27.595	10
9FYP	52	25.648	10
9FYP	53	24.193	10
9FYP	54	29.802	10
9FYP	55	33.454	10
9FYP	56	31.143	10
9FYP	57	47.848	10
9FYP	58	45.714	10
9FYP	59	44.629	10
9FYP	60	46.148	10
9FYP	61	44.77	10
9FYP	62	38.003	10
9FYP	63	29.287	10
9FYP	64	25.009	10
9FYP	65	22.007	10
9FYP	66	16.402	10
9FYP	67	18.967	10
9FYP	68	19.479	10
9FYP	69	15.638	10
9FYP	70	14.651	10
9FYP	71	18.627	10
9FYP	72	21.825	10
9FYP	73	21.454	10
9FYP	74	32.583	10
9FYP	75	24.463	10
9FYP	76	16.857	10
9FYP	77	14.868	10
9FYP	78	15.788	10
9FYP	79	19.658	10
9FYP	80	23.171	10
9FYP	81	37.724	10
9FYP	82	41.664	10
9FYP	83	57.718	10
9FYP	84	57.026	10
9FYP	85	54.975	10
9FYP	86	54.298	10
9FYP	87	51.449	10
9FYP	88	45.054	10
9FYP	89	37.575	10
9FYP	90	33.051	10
9FYP	91	24.485	10
9FYP	92	29.611	10
9FYP	93	32.577	10
9FYP	94	37.934	10
9FYP	95	41.94	10
9FYP	96	45.465	10
9FYP	97	62.998	10
9FYP	98	73.373	10
9GG0	271	114.09	3
9GG0	272	76.56	3
9GG0	273	56.86	3
9GG0	274	39.81	3
9GG0	275	35.43	3
9GG0	276	29.93	3
9GG0	277	35.37	3
9GG0	278	31.93	3
9GG0	279	36.37	3
9GG0	280	32.97	3
9GG0	281	44.17	3
9GG0	282	30.9	3
9GG0	283	39.9	3
9GG0	284	32.37	3
9GG0	285	31.06	3
9GG0	286	26.29	3
9GG0	287	31.96	3
9GG0	288	30.43	3
9GG0	289	49.58	3
9GG0	290	45.67	3
9GG0	291	56.62	3
9GG0	292	49.08	3
9GG0	293	60.49	3
9GG0	294	49.61	3
9GG0	295	51.71	3
9GG0	296	41.8	3
9GG0	297	28.18	3
9GG0	298	30.92	3
9GG0	299	24.62	3
9GG0	300	21.69	3
9GG0	301	25.87	3
9GG0	302	26.86	3
9GG0	303	32.15	3
9GG0	304	36.21	3
9GG0	305	28.65	3
9GG0	306	22.66	3
9GG0	307	20.83	3
9GG0	308	22.81	3
9GG0	309	22.16	3
9GG0	310	33.37	3
9GG0	311	30.58	3
9GG0	312	31.38	3
9GG0	313	38.54	3
9GG0	314	60.66	3
9GG0	315	46.64	3
9GG0	316	49.77	3
9GG0	317	52.05	3
9GG0	318	63.93	3
9GG0	319	68.26	3
9GG0	320	82.38	3
9GG0	321	84.8	3
9GG0	322	96.88	3
9GG0	323	85.76	3
9GG0	324	96.76	3
9GG0	325	80.35	3
9GG0	326	75.65	3
9GG0	327	70.81	3
9GG0	328	46.5	3
9GG0	329	61.18	3
9GG0	330	41.97	3
9GG0	331	53.74	3
9GG0	332	48.2	3
9GG0	333	57.1	3
9GG0	334	45.7	3
9GG0	335	37.22	3
9GG0	336	43.48	3
9GG0	337	30.32	3
9GG0	338	44.48	3
9GG0	339	30.74	3
9GG0	340	48.31	3
9GG0	341	59.9	3
9GG0	342	110.64	3
9GG0	343	99.78	3
9GG0	344	67.82	3
9GG0	345	78.87	3
9GG0	346	63.12	3
9GG0	347	77.47	3
9GG0	348	64.46	3
9GG0	349	52.59	3
9GG0	350	34.22	3
9GG0	351	45.62	3
9GG0	352	36.25	3
9GG0	353	42.69	3
9GG0	354	30.68	3
9GG0	355	43.48	3
9GG0	356	47.72	3
9GG0	357	51.3	3
9GG0	358	61.46	3
9GG0	359	50.09	3
9GG0	360	57.86	3
9GG0	361	58.36	3
9GG0	362	77.2	3
9GG0	363	68.55	3
9GG0	364	93.62	3
9GG0	365	95.91	3
9GG0	366	110.87	3
9GG0	367	75.98	3
9GG0	368	77.26	3
9GG0	369	72.56	3
9GG0	370	69.16	3
9GG0	371	66.52	3
9GG0	372	81.57	3
9GG0	373	93.78	3
9GG0	374	96.54	3
9GG0	375	120.4	3
9GG0	376	140.99	3
9GG0	377	176.57	3
9GG1	273	78.98	4
9GG1	274	65.6	4
9GG1	275	52.75	4
9GG1	276	45.6	4
9GG1	277	37.56	4
9GG1	278	39.96	4
9GG1	279	44.22	4
9GG1	280	52.4	4
9GG1	281	49.77	4
9GG1	282	50.68	4
9GG1	283	52.69	4
9GG1	284	56.42	4
9GG1	285	47.81	4
9GG1	286	44.36	4
9GG1	287	36.27	4
9GG1	288	38.92	4
9GG1	289	32.08	4
9GG1	290	33.46	4
9GG1	291	31.64	4
9GG1	292	29.84	4
9GG1	293	29.96	4
9GG1	294	34.71	4
9GG1	295	38.52	4
9GG1	296	33.23	4
9GG1	297	28.2	4
9GG1	298	32.52	4
9GG1	299	30.38	4
9GG1	300	32.39	4
9GG1	301	36.76	4
9GG1	302	33.12	4
9GG1	303	34.97	4
9GG1	304	33.05	4
9GG1	305	33.57	4
9GG1	306	23.77	4
9GG1	307	19.83	4
9GG1	308	19.72	4
9GG1	309	20.92	4
9GG1	310	26.34	4
9GG1	311	29.99	4
9GG1	312	27.68	4
9GG1	313	34.22	4
9GG1	314	48.49	4
9GG1	315	48.51	4
9GG1	316	43.68	4
9GG1	317	44.53	4
9GG1	318	41.05	4
9GG1	319	51.21	4
9GG1	320	57.59	4
9GG1	321	63.89	4
9GG1	322	65.69	4
9GG1	323	83.41	4
9GG1	324	89.38	4
9GG1	325	82.72	4
9GG1	326	76.75	4
9GG1	327	68.02	4
9GG1	328	54.89	4
9GG1	329	51.36	4
9GG1	330	46.02	4
9GG1	331	49.32	4
9GG1	332	47.3	4
9GG1	333	44.97	4
9GG1	334	40.72	4
9GG1	335	33.85	4
9GG1	336	28.39	4
9GG1	337	24.88	4
9GG1	338	30.12	4
9GG1	339	25.75	4
9GG1	340	31.01	4
9GG1	341	32.16	4
9GG1	342	40.39	4
9GG1	343	40.42	4
9GG1	344	38.56	4
9GG1	345	39.26	4
9GG1	346	33.11	4
9GG1	347	38.28	4
9GG1	348	39.2	4
9GG1	349	38.4	4
9GG1	350	32.63	4
9GG1	351	38.39	4
9GG1	352	35.65	4
9GG1	353	36.28	4
9GG1	354	28.15	4
9GG1	355	28.93	4
9GG1	356	34.5	4
9GG1	357	33.5	4
9GG1	358	44.44	4
9GG1	359	39.81	4
9GG1	360	38.01	4
9GG1	361	33.22	4
9GG1	362	31.81	4
9GG1	363	28.24	4
9GG1	364	27.03	4
9GG1	365	25.81	4
9GG1	366	27.65	4
9GG1	367	32.93	4
9GG1	368	28.86	4
9GG1	369	32.8	4
9GG1	370	34.69	4
9GG1	371	33.28	4
9GG1	372	38.42	4
9GG1	373	35.34	4
9GG1	374	34.68	4
9GG1	375	39.49	4
9GG1	376	42.38	4
9GG1	377	53.56	4
9GG1	378	62.5	4
9GG1	379	87.96	4
9GG6	269	106.29	3
9GG6	270	108.52	3
9GG6	271	99.57	3
9GG6	272	85.05	3
9GG6	273	74.34	3
9GG6	274	65.08	3
9GG6	275	60.25	3
9GG6	276	55.02	3
9GG6	277	54.65	3
9GG6	278	51.43	3
9GG6	279	51.33	3
9GG6	280	54.51	3
9GG6	281	57.33	3
9GG6	282	61.94	3
9GG6	283	68.36	3
9GG6	284	64.16	3
9GG6	285	64.97	3
9GG6	286	63.74	3
9GG6	287	64.52	3
9GG6	288	77.28	3
9GG6	289	86.64	3
9GG6	290	91.92	3
9GG6	291	94.52	3
9GG6	292	96.91	3
9GG6	293	100.53	3
9GG6	294	103.73	3
9GG6	295	97.71	3
9GG6	296	85.24	3
9GG6	297	69.24	3
9GG6	298	69.35	3
9GG6	299	69.51	3
9GG6	300	70.56	3
9GG6	301	77.69	3
9GG6	302	83.81	3
9GG6	303	85.42	3
9GG6	304	82.74	3
9GG6	305	74.18	3
9GG6	306	58.77	3
9GG6	307	60.49	3
9GG6	308	58.62	3
9GG6	309	62.28	3
9GG6	310	64.71	3
9GG6	311	66.83	3
9GG6	312	69.18	3
9GG6	313	76.07	3
9GG6	314	86.69	3
9GG6	315	83.51	3
9GG6	316	80.76	3
9GG6	317	78.71	3
9GG6	318	80.34	3
9GG6	319	88.23	3
9GG6	320	95.32	3
9GG6	321	96.11	3
9GG6	322	104.28	3
9GG6	323	103.41	3
9GG6	324	103.42	3
9GG6	325	93.83	3
9GG6	326	86.45	3
9GG6	327	71.84	3
9GG6	328	61.46	3
9GG6	329	67.79	3
9GG6	330	70.28	3
9GG6	331	77.23	3
9GG6	332	79.6	3
9GG6	333	82.07	3
9GG6	334	84.16	3
9GG6	335	77.14	3
9GG6	336	76.5	3
9GG6	337	67.57	3
9GG6	338	69.29	3
9GG6	339	67.74	3
9GG6	340	75.16	3
9GG6	341	82.75	3
9GG6	342	86.61	3
9GG6	343	83.84	3
9GG6	344	87.57	3
9GG6	345	95.68	3
9GG6	346	92.34	3
9GG6	347	89.69	3
9GG6	348	82.28	3
9GG6	349	70.91	3
9GG6	350	66.56	3
9GG6	351	67.56	3
9GG6	352	65.55	3
9GG6	353	64.42	3
9GG6	354	63.46	3
9GG6	355	68.0	3
9GG6	356	71.72	3
9GG6	357	71.46	3
9GG6	358	71.94	3
9GG6	359	66.75	3
9GG6	360	69.82	3
9GG6	361	73.48	3
9GG6	362	77.18	3
9GG6	363	85.54	3
9GG6	364	90.71	3
9GKF	293	92.832	20
9GKF	294	97.826	20
9GKF	295	80.519	20
9GKF	296	65.049	20
9GKF	297	75.4	20
9GKF	298	78.016	20
9GKF	299	83.996	20
9GKF	300	79.582	20
9GKF	301	73.281	20
9GKF	302	90.612	20
9GKF	303	78.236	20
9GKF	304	83.406	20
9GKF	305	87.225	20
9GKF	306	73.694	20
9GKF	307	74.823	20
9GKF	308	85.355	20
9GKF	309	101.085	20
9GKF	310	98.585	20
9GKF	311	95.463	20
9GKF	312	96.415	20
9GKF	313	90.355	20
9GKF	314	86.579	20
9GKF	315	71.951	20
9GKF	316	65.751	20
9GKF	317	54.415	20
9GKF	318	52.142	20
9GKF	319	54.373	20
9GKF	320	48.869	20
9GKF	321	50.342	20
9GKF	322	53.76	20
9GKF	323	58.613	20
9GKF	324	54.248	20
9GKF	325	55.739	20
9GKF	326	61.615	20
9GKF	327	70.012	20
9GKF	328	76.981	20
9GKF	329	76.036	20
9GKF	330	75.948	20
9GKF	331	72.18	20
9GKF	332	63.712	20
9GKF	333	57.111	20
9GKF	334	50.915	20
9GKF	335	66.82	20
9GKF	336	76.552	20
9GKF	337	76.377	20
9GKF	338	86.919	20
9GKF	339	87.093	20
9GKF	340	92.943	20
9GKF	341	95.275	20
9GKF	342	100.71	20
9GKF	343	104.386	20
9GKF	344	102.056	20
9GKF	345	94.121	20
9GKF	346	82.335	20
9GKF	347	83.49	20
9GKF	348	81.924	20
9GKF	349	96.801	20
9GZ6	23	83.422	12
9GZ6	24	82.826	12
9GZ6	25	80.448	12
9GZ6	26	75.797	12
9GZ6	27	71.782	12
9GZ6	28	67.025	12
9GZ6	29	69.743	12
9GZ6	30	69.269	12
9GZ6	31	70.196	12
9GZ6	32	71.613	12
9GZ6	33	68.344	12
9GZ6	34	66.768	12
9GZ6	35	64.593	12
9GZ6	36	61.615	12
9GZ6	37	58.73	12
9GZ6	38	63.273	12
9GZ6	39	67.057	12
9GZ6	40	71.734	12
9GZ6	41	78.996	12
9GZ6	42	84.211	12
9GZ6	43	89.927	12
9GZ6	44	92.448	12
9GZ6	45	91.71	12
9GZ6	46	85.218	12
9GZ6	47	79.646	12
9GZ6	48	77.629	12
9GZP	26	116.389	12
9GZP	27	111.774	12
9GZP	28	107.248	12
9GZP	29	101.412	12
9GZP	30	87.961	12
9GZP	31	79.578	12
9GZP	32	78.323	12
9GZP	33	77.782	12
9GZP	34	79.213	12
9GZP	35	78.154	12
9GZP	36	74.474	12
9GZP	37	72.345	12
9GZP	38	69.121	12
9GZP	39	66.132	12
9GZP	40	66.058	12
9GZP	41	64.275	12
9GZP	42	65.686	12
9GZP	43	64.198	12
9GZP	44	66.38	12
9GZP	45	67.861	12
9GZP	46	67.827	12
9GZP	47	71.596	12
9GZP	48	71.528	12
9GZS	24	90.632	6
9GZS	25	99.396	18
9GZS	26	97.388	18
9GZS	27	89.606	18
9GZS	28	84.395	18
9GZS	29	82.142	18
9GZS	30	76.247	18
9GZS	31	72.861	18
9GZS	32	71.239	18
9GZS	33	68.628	18
9GZS	34	70.05	18
9GZS	35	68.847	18
9GZS	36	66.864	18
9GZS	37	67.058	18
9GZS	38	65.724	18
9GZS	39	68.877	18
9GZS	40	72.046	18
9GZS	41	73.565	18
9GZS	42	73.122	18
9GZS	43	57.288	12
9GZS	44	57.883	12
9GZS	45	58.323	12
9GZS	46	58.674	12
9GZS	47	60.803	12
9GZS	48	62.245	12
9GZT	24	37.492	12
9GZT	25	41.523	24
9GZT	26	39.087	24
9GZT	27	36.362	24
9GZT	28	34.077	24
9GZT	29	32.478	24
9GZT	30	29.789	24
9GZT	31	27.109	24
9GZT	32	26.067	24
9GZT	33	23.553	24
9GZT	34	23.047	24
9GZT	35	22.032	24
9GZT	36	21.532	24
9GZT	37	22.322	24
9GZT	38	23.225	24
9GZT	39	25.899	24
9GZT	40	28.515	24
9GZT	41	30.192	24
9GZT	42	32.0	24
9GZT	43	32.744	24
9GZT	44	16.203	12
9GZT	45	16.821	12
9GZT	46	16.892	12
9GZT	47	16.953	12
9GZT	48	17.194	12
9GZW	25	95.737	12
9GZW	26	92.461	12
9GZW	27	86.946	12
9GZW	28	81.132	12
9GZW	29	76.791	12
9GZW	30	65.496	12
9GZW	31	58.206	12
9GZW	32	55.475	12
9GZW	33	52.198	12
9GZW	34	53.169	12
9GZW	35	52.118	12
9GZW	36	49.656	12
9GZW	37	48.39	12
9GZW	38	46.134	12
9GZW	39	44.258	12
9GZW	40	44.7	12
9GZW	41	43.074	12
9GZW	42	43.583	12
9GZW	43	42.639	12
9GZW	44	42.352	12
9GZW	45	43.529	12
9GZW	46	43.935	12
9GZW	47	47.297	12
9GZW	48	47.898	12
9GZX	21	102.407	6
9GZX	22	101.767	6
9GZX	23	97.825	6
9GZX	24	93.153	6
9GZX	25	100.332	12
9GZX	26	97.76	12
9GZX	27	93.924	18
9GZX	28	90.917	18
9GZX	29	88.784	18
9GZX	30	82.959	18
9GZX	31	78.507	18
9GZX	32	76.054	18
9GZX	33	72.283	18
9GZX	34	73.585	18
9GZX	35	72.677	18
9GZX	36	69.947	18
9GZX	37	69.908	18
9GZX	38	69.299	18
9GZX	39	71.654	18
9GZX	40	74.919	18
9GZX	41	76.004	18
9GZX	42	62.094	12
9GZX	43	60.799	12
9GZX	44	59.801	12
9GZX	45	61.18	12
9GZX	46	60.972	12
9GZX	47	63.017	12
9GZX	48	63.929	12
9GZY	26	38.08	12
9GZY	27	42.805	24
9GZY	28	41.505	24
9GZY	29	39.849	24
9GZY	30	37.854	24
9GZY	31	35.078	24
9GZY	32	34.089	24
9GZY	33	31.635	24
9GZY	34	31.15	24
9GZY	35	29.868	24
9GZY	36	28.671	24
9GZY	37	29.82	24
9GZY	38	30.105	24
9GZY	39	30.84	24
9GZY	40	31.328	24
9GZY	41	18.51	12
9GZY	42	18.284	12
9GZY	43	18.64	12
9GZY	44	19.985	12
9GZY	45	20.935	12
9GZY	46	21.328	12
9GZY	47	21.977	12
9GZY	48	22.499	12
9H5G	307	77.975	6
9H5G	308	75.005	6
9H5G	309	71.31	6
9H5G	310	68.525	6
9H5G	311	65.125	6
9H5G	312	63.29	6
9H5G	313	61.3	6
9H5G	314	58.96	6
9H5G	315	57.165	6
9H5G	316	55.97	6
9H5G	317	53.99	6
9H5G	318	52.67	6
9H5G	319	52.255	6
9H5G	320	49.97	6
9H5G	321	48.15	6
9H5G	322	47.495	6
9H5G	323	45.61	6
9H5G	324	43.885	6
9H5G	325	41.67	6
9H5G	326	37.725	6
9H5G	327	34.945	6
9H5G	328	33.82	6
9H5G	329	32.71	6
9H5G	330	31.97	6
9H5G	331	31.4	6
9H5G	332	31.035	6
9H5G	333	30.71	6
9H5G	334	30.335	6
9H5G	335	30.78	6
9H5G	336	32.12	6
9H5G	337	34.145	6
9H5G	338	37.74	6
9H5G	339	39.615	6
9H5G	340	43.9	6
9H5G	341	48.525	6
9H5G	342	51.535	6
9H5G	343	51.355	6
9H5G	344	50.58	6
9H5G	345	50.545	6
9H5G	346	48.515	6
9H5G	347	49.08	6
9H5G	348	47.425	6
9H5G	349	45.555	6
9H5G	350	43.785	6
9H5G	351	40.935	6
9H5G	352	39.345	6
9H5G	353	37.505	6
9H5G	354	38.115	6
9H5G	355	37.08	6
9H5G	356	35.865	6
9H5G	357	34.72	6
9H5G	358	35.53	6
9H5G	359	32.985	6
9H5G	360	31.545	6
9H5G	361	32.785	6
9H5G	362	34.44	6
9H5G	363	36.005	6
9H5G	364	38.14	6
9H5G	365	41.915	6
9H5G	366	44.165	6
9H5G	367	47.405	6
9H5G	368	49.705	6
9H5G	369	51.4	6
9H5G	370	54.21	6
9H5G	371	55.535	6
9H5G	372	58.29	6
9H5G	373	61.49	6
9H5G	374	63.875	6
9H5G	375	68.085	6
9H5G	376	72.025	6
9H5G	377	75.87	6
9H5G	378	79.845	6
9H5J	307	77.975	6
9H5J	308	75.005	6
9H5J	309	71.31	6
9H5J	310	68.525	6
9H5J	311	65.125	6
9H5J	312	63.29	6
9H5J	313	61.3	6
9H5J	314	58.96	6
9H5J	315	57.165	6
9H5J	316	55.97	6
9H5J	317	53.99	6
9H5J	318	52.67	6
9H5J	319	52.255	6
9H5J	320	49.97	6
9H5J	321	48.15	6
9H5J	322	47.495	6
9H5J	323	45.61	6
9H5J	324	43.885	6
9H5J	325	41.67	6
9H5J	326	37.725	6
9H5J	327	34.945	6
9H5J	328	33.82	6
9H5J	329	32.71	6
9H5J	330	31.97	6
9H5J	331	31.4	6
9H5J	332	31.035	6
9H5J	333	30.71	6
9H5J	334	30.335	6
9H5J	335	30.78	6
9H5J	336	32.12	6
9H5J	337	34.145	6
9H5J	338	37.74	6
9H5J	339	39.615	6
9H5J	340	43.9	6
9H5J	341	48.525	6
9H5J	342	51.535	6
9H5J	343	51.355	6
9H5J	344	50.58	6
9H5J	345	50.545	6
9H5J	346	48.515	6
9H5J	347	49.08	6
9H5J	348	47.425	6
9H5J	349	45.555	6
9H5J	350	43.785	6
9H5J	351	40.935	6
9H5J	352	39.345	6
9H5J	353	37.505	6
9H5J	354	38.115	6
9H5J	355	37.08	6
9H5J	356	35.865	6
9H5J	357	34.72	6
9H5J	358	35.53	6
9H5J	359	32.985	6
9H5J	360	31.545	6
9H5J	361	32.785	6
9H5J	362	34.44	6
9H5J	363	36.005	6
9H5J	364	38.14	6
9H5J	365	41.915	6
9H5J	366	44.165	6
9H5J	367	47.405	6
9H5J	368	49.705	6
9H5J	369	51.4	6
9H5J	370	54.21	6
9H5J	371	55.535	6
9H5J	372	58.29	6
9H5J	373	61.49	6
9H5J	374	63.875	6
9H5J	375	68.085	6
9H5J	376	72.025	6
9H5J	377	75.87	6
9H5J	378	79.845	6
9HBB	304	82.68	6
9HBB	305	82.79	6
9HBB	306	80.555	6
9HBB	307	77.975	6
9HBB	308	75.005	6
9HBB	309	71.31	6
9HBB	310	68.525	6
9HBB	311	65.125	6
9HBB	312	63.29	6
9HBB	313	61.3	6
9HBB	314	58.96	6
9HBB	315	57.165	6
9HBB	316	55.97	6
9HBB	317	53.99	6
9HBB	318	52.67	6
9HBB	319	52.255	6
9HBB	320	49.97	6
9HBB	321	48.15	6
9HBB	322	47.495	6
9HBB	323	45.61	6
9HBB	324	43.885	6
9HBB	325	41.67	6
9HBB	326	37.725	6
9HBB	327	34.945	6
9HBB	328	33.82	6
9HBB	329	32.71	6
9HBB	330	31.97	6
9HBB	331	31.4	6
9HBB	332	31.035	6
9HBB	333	30.71	6
9HBB	334	30.335	6
9HBB	335	30.78	6
9HBB	336	32.12	6
9HBB	337	34.145	6
9HBB	338	37.74	6
9HBB	339	39.615	6
9HBB	340	43.9	6
9HBB	341	48.525	6
9HBB	342	51.535	6
9HBB	343	51.355	6
9HBB	344	50.58	6
9HBB	345	50.545	6
9HBB	346	48.515	6
9HBB	347	49.08	6
9HBB	348	47.425	6
9HBB	349	45.555	6
9HBB	350	43.785	6
9HBB	351	40.935	6
9HBB	352	39.345	6
9HBB	353	37.505	6
9HBB	354	38.115	6
9HBB	355	37.08	6
9HBB	356	35.865	6
9HBB	357	34.72	6
9HBB	358	35.53	6
9HBB	359	32.985	6
9HBB	360	31.545	6
9HBB	361	32.785	6
9HBB	362	34.44	6
9HBB	363	36.005	6
9HBB	364	38.14	6
9HBB	365	41.915	6
9HBB	366	44.165	6
9HBB	367	47.405	6
9HBB	368	49.705	6
9HBB	369	51.4	6
9HBB	370	54.21	6
9HBB	371	55.535	6
9HBB	372	58.29	6
9HBB	373	61.49	6
9HBB	374	63.875	6
9HBB	375	68.085	6
9HBB	376	72.025	6
9HBB	377	75.87	6
9HBB	378	79.845	6
9HBB	379	82.185	6
9HC6	15	52.285	15
9HC6	16	52.813	15
9HC6	17	53.123	15
9HC6	18	54.181	15
9HC6	19	58.409	15
9HC6	20	63.143	15
9HC6	21	62.579	15
9HC6	22	66.564	15
9HC6	23	68.151	15
9HC6	33	72.32	15
9HC6	34	70.541	15
9HC6	35	70.3	15
9HC6	36	62.653	15
9HC6	37	58.97	15
9HC6	38	54.398	15
9HC6	39	55.119	15
9HC6	40	50.043	15
9HC6	41	51.269	15
9HC6	42	52.855	15
9HC6	43	55.063	15
9HC6	44	55.82	15
9HC6	45	59.583	15
9HC6	46	61.183	15
9HC6	47	54.349	15
9HC6	48	48.753	15
9HC6	49	45.427	15
9HC6	50	47.619	15
9HC6	51	41.515	15
9HC6	52	40.36	15
9HC6	53	41.089	15
9HC6	54	46.719	15
9HC6	55	48.639	15
9HC6	56	54.558	15
9HC6	57	61.073	15
9HC6	58	61.041	15
9HC6	59	61.136	15
9HC6	60	62.055	15
9HC6	61	61.256	15
9HC6	62	52.121	15
9HC6	63	48.208	15
9HC6	64	45.518	15
9HC6	65	42.124	15
9HC6	66	38.449	15
9HC6	67	37.781	15
9HC6	68	39.595	15
9HC6	69	36.137	15
9HC6	70	34.119	15
9HC6	71	35.434	15
9HC6	72	39.455	15
9HC6	73	42.669	15
9HC6	74	45.884	15
9HC6	75	47.795	15
9HC6	76	45.062	15
9HC6	77	46.101	15
9HC6	78	47.815	15
9HC6	79	54.74	15
9HC6	80	58.24	15
9HC6	81	57.765	15
9HC6	82	59.342	15
9HC6	83	62.055	15
9HC6	84	60.289	15
9HC6	85	58.973	15
9HC6	86	54.003	15
9HC6	87	52.468	15
9HC6	88	47.181	15
9HC6	89	48.269	15
9HC6	90	47.878	15
9HC6	91	50.311	15
9HC6	92	51.649	15
9HC6	93	53.207	15
9HC6	94	58.012	15
9HC6	95	58.985	15
9HC6	96	59.629	15
9HC7	15	44.231	15
9HC7	16	45.093	15
9HC7	17	45.505	15
9HC7	18	46.493	15
9HC7	19	51.321	15
9HC7	20	53.888	15
9HC7	21	59.027	15
9HC7	22	61.842	15
9HC7	23	64.12	15
9HC7	33	59.264	15
9HC7	34	57.275	15
9HC7	35	55.985	15
9HC7	36	49.593	15
9HC7	37	45.677	15
9HC7	38	42.133	15
9HC7	39	42.96	15
9HC7	40	40.503	15
9HC7	41	42.231	15
9HC7	42	45.166	15
9HC7	43	46.835	15
9HC7	44	46.271	15
9HC7	45	47.816	15
9HC7	46	47.565	15
9HC7	47	43.694	15
9HC7	48	39.21	15
9HC7	49	36.254	15
9HC7	50	38.385	15
9HC7	51	33.199	15
9HC7	52	32.241	15
9HC7	53	33.977	15
9HC7	54	38.398	15
9HC7	55	40.975	15
9HC7	56	44.917	15
9HC7	57	51.025	15
9HC7	58	51.421	15
9HC7	59	50.999	15
9HC7	60	51.427	15
9HC7	61	50.529	15
9HC7	62	42.711	15
9HC7	63	39.177	15
9HC7	64	36.871	15
9HC7	65	33.912	15
9HC7	66	29.847	15
9HC7	67	29.874	15
9HC7	68	30.473	15
9HC7	69	28.21	15
9HC7	70	26.436	15
9HC7	71	27.283	15
9HC7	72	29.669	15
9HC7	73	32.206	15
9HC7	74	34.916	15
9HC7	75	36.419	15
9HC7	76	34.377	15
9HC7	77	36.181	15
9HC7	78	37.917	15
9HC7	79	43.235	15
9HC7	80	49.851	15
9HC7	81	49.847	15
9HC7	82	51.731	15
9HC7	83	55.159	15
9HC7	84	54.585	15
9HC7	85	51.555	15
9HC7	86	46.163	15
9HC7	87	44.261	15
9HC7	88	39.381	15
9HC7	89	39.929	15
9HC7	90	39.399	15
9HC7	91	41.322	15
9HC7	92	42.286	15
9HC7	93	43.919	15
9HC7	94	47.894	15
9HC7	95	47.921	15
9HC7	96	48.423	15
9HC8	15	49.054	10
9HC8	16	48.098	10
9HC8	17	48.058	10
9HC8	18	49.848	10
9HC8	19	54.253	10
9HC8	20	59.366	10
9HC8	21	63.158	10
9HC8	22	66.453	10
9HC8	23	67.446	10
9HC8	33	70.39	10
9HC8	34	66.084	10
9HC8	35	65.34	10
9HC8	36	60.64	10
9HC8	37	57.53	10
9HC8	38	54.423	10
9HC8	39	54.658	10
9HC8	40	50.921	10
9HC8	41	52.185	10
9HC8	42	53.955	10
9HC8	43	57.896	10
9HC8	44	59.577	10
9HC8	45	63.402	10
9HC8	46	63.92	10
9HC8	47	55.286	10
9HC8	48	49.675	10
9HC8	49	46.166	10
9HC8	50	47.967	10
9HC8	51	42.859	10
9HC8	52	42.124	10
9HC8	53	43.769	10
9HC8	54	50.104	10
9HC8	55	51.253	10
9HC8	56	57.13	10
9HC8	57	65.313	10
9HC8	58	64.014	10
9HC8	59	63.61	10
9HC8	60	63.868	10
9HC8	61	61.814	10
9HC8	62	54.338	10
9HC8	63	50.02	10
9HC8	64	47.739	10
9HC8	65	44.433	10
9HC8	66	41.601	10
9HC8	67	41.694	10
9HC8	68	40.478	10
9HC8	69	36.384	10
9HC8	70	35.088	10
9HC8	71	35.696	10
9HC8	72	40.655	10
9HC8	73	42.87	10
9HC8	74	45.862	10
9HC8	75	46.243	10
9HC8	76	42.808	10
9HC8	77	42.822	10
9HC8	78	46.133	10
9HC8	79	53.516	10
9HC8	80	56.941	10
9HC8	81	56.447	10
9HC8	82	57.277	10
9HC8	83	60.82	10
9HC8	84	57.876	10
9HC8	85	56.293	10
9HC8	86	50.949	10
9HC8	87	48.262	10
9HC8	88	44.475	10
9HC8	89	45.191	10
9HC8	90	45.621	10
9HC8	91	46.994	10
9HC8	92	51.447	10
9HC8	93	53.838	10
9HC8	94	59.665	10
9HC8	95	61.463	10
9HC8	96	61.649	10
9HC9	15	57.562	15
9HC9	16	56.135	15
9HC9	17	55.745	15
9HC9	18	57.041	15
9HC9	19	60.857	15
9HC9	20	64.971	15
9HC9	21	67.322	15
9HC9	22	72.691	15
9HC9	23	74.737	15
9HC9	33	77.173	15
9HC9	34	74.7	15
9HC9	35	75.401	15
9HC9	36	70.099	15
9HC9	37	65.606	15
9HC9	38	64.415	15
9HC9	39	63.827	15
9HC9	40	57.063	15
9HC9	41	57.973	15
9HC9	42	59.741	15
9HC9	43	62.567	15
9HC9	44	62.056	15
9HC9	45	61.085	15
9HC9	46	64.143	15
9HC9	47	54.621	15
9HC9	48	48.876	15
9HC9	49	44.961	15
9HC9	50	48.325	15
9HC9	51	41.985	15
9HC9	52	41.958	15
9HC9	53	44.403	15
9HC9	54	53.444	15
9HC9	55	56.782	15
9HC9	56	65.962	15
9HC9	57	76.336	15
9HC9	58	77.301	15
9HC9	59	76.188	15
9HC9	60	78.608	15
9HC9	61	77.497	15
9HC9	62	63.857	15
9HC9	63	60.135	15
9HC9	64	53.192	15
9HC9	65	47.167	15
9HC9	66	41.11	15
9HC9	67	41.263	15
9HC9	68	41.892	15
9HC9	69	36.759	15
9HC9	70	34.367	15
9HC9	71	35.927	15
9HC9	72	40.943	15
9HC9	73	43.825	15
9HC9	74	48.832	15
9HC9	75	51.033	15
9HC9	76	49.547	15
9HC9	77	52.869	15
9HC9	78	55.049	15
9HC9	79	61.589	15
9HC9	80	65.236	15
9HC9	81	64.801	15
9HC9	82	66.017	15
9HC9	83	66.945	15
9HC9	84	65.215	15
9HC9	85	64.901	15
9HC9	86	57.035	15
9HC9	87	56.245	15
9HC9	88	49.325	15
9HC9	89	52.245	15
9HC9	90	53.242	15
9HC9	91	59.103	15
9HC9	92	61.119	15
9HC9	93	66.871	15
9HC9	94	76.65	15
9HC9	95	74.431	15
9HC9	96	76.316	15
9HCA	15	59.237	15
9HCA	16	59.259	15
9HCA	17	60.475	15
9HCA	18	61.862	15
9HCA	19	66.032	15
9HCA	20	69.033	15
9HCA	21	74.749	15
9HCA	22	77.389	15
9HCA	23	81.289	15
9HCA	33	80.008	15
9HCA	34	77.895	15
9HCA	35	77.556	15
9HCA	36	71.154	15
9HCA	37	67.278	15
9HCA	38	64.665	15
9HCA	39	65.197	15
9HCA	40	62.988	15
9HCA	41	64.833	15
9HCA	42	69.411	15
9HCA	43	71.106	15
9HCA	44	69.956	15
9HCA	45	70.039	15
9HCA	46	70.533	15
9HCA	47	64.68	15
9HCA	48	58.999	15
9HCA	49	55.14	15
9HCA	50	57.611	15
9HCA	51	51.096	15
9HCA	52	49.951	15
9HCA	53	52.231	15
9HCA	54	58.16	15
9HCA	55	60.729	15
9HCA	56	65.847	15
9HCA	57	73.971	15
9HCA	58	73.325	15
9HCA	59	73.801	15
9HCA	60	74.065	15
9HCA	61	71.546	15
9HCA	62	62.341	15
9HCA	63	58.069	15
9HCA	64	55.825	15
9HCA	65	52.3	15
9HCA	66	46.686	15
9HCA	67	47.981	15
9HCA	68	47.279	15
9HCA	69	43.187	15
9HCA	70	41.1	15
9HCA	71	42.365	15
9HCA	72	46.64	15
9HCA	73	49.791	15
9HCA	74	54.065	15
9HCA	75	55.884	15
9HCA	76	52.857	15
9HCA	77	55.466	15
9HCA	78	56.707	15
9HCA	79	63.293	15
9HCA	80	69.303	15
9HCA	81	69.346	15
9HCA	82	70.508	15
9HCA	83	73.245	15
9HCA	84	71.707	15
9HCA	85	69.107	15
9HCA	86	62.245	15
9HCA	87	60.671	15
9HCA	88	54.535	15
9HCA	89	56.204	15
9HCA	90	55.461	15
9HCA	91	58.529	15
9HCA	92	60.3	15
9HCA	93	61.95	15
9HCA	94	66.326	15
9HCA	95	65.941	15
9HCA	96	65.357	15
9HCB	15	66.55	10
9HCB	16	66.1	10
9HCB	17	65.01	10
9HCB	18	67.22	10
9HCB	19	74.0	10
9HCB	20	82.9	10
9HCB	21	84.54	10
9HCB	22	88.17	10
9HCB	23	91.6	10
9HCB	33	76.98	10
9HCB	34	75.18	10
9HCB	35	77.59	10
9HCB	36	73.67	10
9HCB	37	70.35	10
9HCB	38	68.4	10
9HCB	39	66.16	10
9HCB	40	61.85	10
9HCB	41	61.57	10
9HCB	42	68.25	10
9HCB	43	75.39	10
9HCB	44	77.72	10
9HCB	45	80.11	10
9HCB	46	80.75	10
9HCB	47	76.24	10
9HCB	48	68.01	10
9HCB	49	64.49	10
9HCB	50	66.57	10
9HCB	51	58.85	10
9HCB	52	55.47	10
9HCB	53	55.88	10
9HCB	54	61.44	10
9HCB	55	62.06	10
9HCB	56	68.33	10
9HCB	57	75.55	10
9HCB	58	73.75	10
9HCB	59	75.16	10
9HCB	60	76.12	10
9HCB	61	73.43	10
9HCB	62	65.73	10
9HCB	63	60.8	10
9HCB	64	60.07	10
9HCB	65	55.02	10
9HCB	66	51.47	10
9HCB	67	51.41	10
9HCB	68	52.42	10
9HCB	69	48.73	10
9HCB	70	48.4	10
9HCB	71	51.21	10
9HCB	72	56.29	10
9HCB	73	57.99	10
9HCB	74	60.54	10
9HCB	75	60.75	10
9HCB	76	55.1	10
9HCB	77	55.0	10
9HCB	78	60.4	10
9HCB	79	68.72	10
9HCB	80	75.37	10
9HCB	81	76.51	10
9HCB	82	81.65	10
9HCB	83	83.93	10
9HCB	84	79.93	10
9HCB	85	75.95	10
9HCB	86	66.07	10
9HCB	87	62.75	10
9HCB	88	57.55	10
9HCB	89	60.48	10
9HCB	90	60.47	10
9HCB	91	64.39	10
9HCB	92	68.78	10
9HCB	93	73.31	10
9HCB	94	78.3	10
9HCB	95	78.67	10
9HCB	96	75.68	10
9HGB	1	38.92	12
9HGB	2	100.0	12
9HGB	3	100.0	12
9HGB	4	100.0	12
9HGB	5	100.0	12
9HGB	6	100.0	12
9HGB	7	100.0	12
9HGB	8	100.0	12
9HGB	9	100.0	12
9HGB	10	100.0	12
9HGB	11	100.0	12
9HGB	12	100.0	12
9HGB	13	100.0	12
9HGB	14	86.245	12
9HGB	15	37.545	12
9HGB	16	30.0	12
9HGL	1	176.01	9
9HGL	2	163.56	9
9HGL	3	128.91	9
9HGL	4	103.51	9
9HGL	5	76.82	9
9HGL	6	65.53	9
9HGL	7	80.4	9
9HGL	8	92.78	9
9HGL	9	105.0	9
9HGL	10	97.4	9
9HGL	11	98.72	9
9HGL	12	106.63	9
9HGL	13	102.9	9
9HGL	14	102.9	9
9HGL	15	117.27	9
9HGL	16	127.38	9
9HGT	1	176.01	9
9HGT	2	163.56	9
9HGT	3	128.91	9
9HGT	4	103.51	9
9HGT	5	76.82	9
9HGT	6	65.53	9
9HGT	7	80.4	9
9HGT	8	92.78	9
9HGT	9	105.0	9
9HGT	10	97.4	9
9HGT	11	98.72	9
9HGT	12	106.63	9
9HGT	13	102.9	9
9HGT	14	102.9	9
9HGT	15	117.27	9
9HGT	16	127.38	9
9HI8	1	176.01	6
9HI8	2	163.56	6
9HI8	3	128.91	6
9HI8	4	103.51	6
9HI8	5	76.82	6
9HI8	6	65.53	6
9HI8	7	80.4	6
9HI8	8	92.78	6
9HI8	9	105.0	6
9HI8	10	97.4	6
9HI8	11	98.72	6
9HI8	12	106.63	6
9HI8	13	102.9	6
9HI8	14	102.9	6
9HI8	15	117.27	6
9HI8	16	127.38	6
9HID	1	176.01	6
9HID	2	163.56	6
9HID	3	128.91	6
9HID	4	103.51	6
9HID	5	76.82	6
9HID	6	65.53	6
9HID	7	80.4	6
9HID	8	92.78	6
9HID	9	105.0	6
9HID	10	97.4	6
9HID	11	98.72	6
9HID	12	106.63	6
9HID	13	102.9	6
9HID	14	102.9	6
9HID	15	117.27	6
9HID	16	127.38	6
9HR6	528	110.0	5
9HR6	529	94.55	5
9HR6	530	77.44	5
9HR6	531	64.97	5
9HR6	532	58.71	5
9HR6	533	51.44	5
9HR6	534	55.49	5
9HR6	535	59.38	5
9HR6	536	51.24	5
9HR6	537	50.25	5
9HR6	538	41.89	5
9HR6	539	42.86	5
9HR6	540	36.1	5
9HR6	541	39.03	5
9HR6	542	39.27	5
9HR6	543	50.98	5
9HR6	544	56.39	5
9HR6	545	47.63	5
9HR6	546	52.17	5
9HR6	547	58.41	5
9HR6	548	79.51	5
9HR6	549	89.76	5
9HR6	550	106.85	5
9HR6	551	122.44	5
9HX3	11	85.78	5
9HX3	12	81.46	5
9HX3	13	82.04	5
9HX3	14	78.23	5
9HX3	15	80.45	5
9HX3	16	75.93	5
9HX3	17	79.37	5
9HX3	18	96.46	5
9HX3	19	90.98	5
9HX3	20	84.77	5
9HX3	21	75.75	5
9HX3	22	73.96	5
9HX3	23	84.93	5
9HX3	24	67.09	5
9HX3	25	72.24	5
9HX3	26	67.99	5
9HX3	27	70.89	5
9HX3	28	69.76	5
9HX3	29	62.48	5
9HX3	30	64.67	5
9HX3	31	69.55	5
9HX3	32	72.39	5
9HX3	33	79.16	5
9HX3	34	86.09	5
9HX3	35	85.86	5
9HX3	57	99.67	5
9HX3	58	99.8	5
9HX3	59	104.77	5
9HX3	60	103.64	5
9HX3	61	91.51	5
9HX3	62	90.24	5
9HX3	63	92.73	5
9HX3	64	82.83	5
9HX3	65	77.59	5
9HX3	66	87.41	5
9HX3	67	85.19	5
9HX3	68	82.64	5
9HX3	69	77.19	5
9HX3	70	77.27	5
9HX3	71	69.45	5
9HX3	72	75.81	5
9HX3	73	67.03	5
9HX3	74	76.21	5
9HX3	75	81.42	5
9HX3	76	78.98	5
9HX3	77	74.09	5
9HX3	78	81.01	5
9HX3	79	83.07	5
9HX3	80	85.81	5
9HX3	81	90.25	5
9HX3	82	92.22	5
9HX3	83	99.97	5
9HX3	84	97.48	5
9HX3	85	100.37	5
9HX3	86	98.43	5
9HX3	87	95.75	5
9HX3	88	100.99	5
9HX3	89	95.59	5
9HX3	90	95.95	5
9HX3	91	94.86	5
9HX3	92	92.8	5
9HX3	93	84.05	5
9HX3	94	81.09	5
9HX3	95	78.43	5
9HX3	96	82.48	5
9HX3	97	80.96	5
9HX3	98	88.52	5
9HX3	99	98.33	5
9HX3	100	104.19	5
9HX3	101	92.68	5
9HX3	102	78.18	5
9HX3	103	72.27	5
9HX3	104	73.99	5
9HX3	105	67.02	5
9HX3	106	69.22	5
9HX3	107	63.6	5
9HX3	108	69.0	5
9HX3	109	67.36	5
9HX3	110	66.12	5
9HX3	111	68.26	5
9HX3	112	69.5	5
9HX3	113	70.26	5
9HX3	114	73.05	5
9HX3	115	68.11	5
9HX3	116	76.75	5
9HX3	117	76.66	5
9HX3	118	76.48	5
9HX3	119	77.69	5
9HX3	120	71.35	5
9HX3	121	73.14	5
9HX3	122	80.96	5
9HX3	123	101.52	5
9HX3	124	109.53	5
9HX4	1	90.565	10
9HX4	2	85.22	10
9HX4	3	85.7	10
9HX4	4	87.58	10
9HX4	5	88.265	10
9HX4	6	83.815	10
9HX4	7	78.65	10
9HX4	8	67.955	10
9HX4	9	70.41	10
9HX4	10	68.03	10
9HX4	11	69.715	10
9HX4	12	74.21	10
9HX4	13	74.8	10
9HX4	14	65.64	10
9HX4	15	60.775	10
9HX4	16	68.37	10
9HX4	17	84.545	10
9HX4	18	71.54	10
9HX4	19	74.82	10
9HX4	20	68.005	10
9HX4	21	67.275	10
9HX4	22	70.115	10
9HX4	23	75.14	10
9HX4	24	78.655	10
9HX4	25	70.685	10
9HX4	26	69.815	10
9HX4	27	71.69	10
9HX4	28	72.105	10
9HX4	29	68.485	10
9HX4	30	70.74	10
9HX4	31	74.82	10
9HX4	32	71.21	10
9HX4	33	67.545	10
9HX4	34	62.63	10
9HX4	35	74.085	10
9HX4	36	76.635	10
9HX4	37	78.6	10
9HX4	38	81.83	10
9HX4	39	76.65	10
9HX4	40	73.76	10
9HX4	41	73.095	10
9HX4	42	72.11	10
9HX4	43	74.765	10
9HX4	44	85.305	10
9HX4	45	83.13	10
9HX4	46	79.755	10
9HX4	47	85.24	10
9HX4	48	80.87	10
9HX4	49	82.595	10
9HX4	50	77.385	10
9HX4	51	86.095	10
9HX4	52	92.67	10
9HX4	53	100.725	10
9HX4	54	115.725	10
9HX4	55	109.56	10
9HX4	56	92.47	10
9HX4	57	89.98	10
9HX4	58	94.835	10
9HX4	59	98.355	10
9HX4	60	107.255	10
9HX4	61	117.885	10
9HYW	10	104.25	9
9HYW	11	97.6	9
9HYW	12	78.79	9
9HYW	13	82.86	9
9HYW	14	63.16	9
9HYW	15	59.93	9
9HYW	16	56.97	9
9HYW	17	60.38	9
9HYW	18	71.35	9
9HYW	19	73.65	9
9HYW	20	74.76	9
9HYW	21	76.95	9
9HYW	22	72.36	9
9HYW	23	72.6	9
9HYW	24	61.26	9
9HYW	25	51.89	9
9HYW	26	46.9	9
9HYW	27	42.28	9
9HYW	28	48.34	9
9HYW	29	40.95	9
9HYW	30	48.57	9
9HYW	31	58.85	9
9HYW	32	57.11	9
9HYW	33	72.21	9
9HYW	34	91.65	9
9HYW	35	92.46	9
9HYW	36	94.37	9
9HYW	57	114.25	9
9HYW	58	109.21	9
9HYW	59	116.77	9
9HYW	60	119.91	9
9HYW	61	117.88	9
9HYW	62	123.2	9
9HYW	63	121.36	9
9HYW	64	114.9	9
9HYW	65	103.7	9
9HYW	66	95.84	9
9HYW	67	69.9	9
9HYW	68	49.67	9
9HYW	69	46.55	9
9HYW	70	56.93	9
9HYW	71	55.1	9
9HYW	72	56.18	9
9HYW	73	43.37	9
9HYW	74	47.76	9
9HYW	75	50.06	9
9HYW	76	56.66	9
9HYW	77	57.04	9
9HYW	78	62.89	9
9HYW	79	61.8	9
9HYW	80	61.74	9
9HYW	81	71.35	9
9HYW	82	70.7	9
9HYW	83	72.17	9
9HYW	84	75.06	9
9HYW	85	73.47	9
9HYW	86	76.35	9
9HYW	87	77.39	9
9HYW	88	74.53	9
9HYW	89	80.1	9
9HYW	90	85.27	9
9HYW	91	80.42	9
9HYW	92	83.6	9
9HYW	93	72.62	9
9HYW	94	70.22	9
9HYW	95	62.48	9
9HYW	96	61.14	9
9HYW	97	61.34	9
9HYW	98	70.32	9
9HYW	99	81.79	9
9HYW	100	83.79	9
9HYW	101	80.63	9
9HYW	102	67.83	9
9HYW	103	55.13	9
9HYW	104	46.05	9
9HYW	105	48.6	9
9HYW	106	54.51	9
9HYW	107	44.06	9
9HYW	108	48.11	9
9HYW	109	46.12	9
9HYW	110	44.84	9
9HYW	111	52.54	9
9HYW	112	51.78	9
9HYW	113	48.94	9
9HYW	114	55.34	9
9HYW	115	54.61	9
9HYW	116	58.1	9
9HYW	117	58.45	9
9HYW	118	63.91	9
9HYW	119	53.8	9
9HYW	120	45.92	9
9HYW	121	52.35	9
9HYW	122	51.79	9
9HYW	123	73.14	9
9HYW	124	79.58	9
9IAH	1	47.316	5
9IAH	2	40.436	5
9IAH	3	38.032	5
9IAH	4	40.18	5
9IAH	5	29.168	5
9IAH	6	43.904	5
9IAH	7	39.622	5
9IAH	8	41.532	5
9IAH	9	42.596	5
9IAH	10	39.474	5
9IAH	11	45.152	5
9IAH	12	33.294	5
9IAH	13	36.664	5
9IAH	14	37.244	5
9IAH	15	37.766	5
9IAH	16	37.638	5
9IAH	17	41.114	5
9IAH	18	38.168	5
9IAH	19	28.81	5
9IAH	20	27.57	5
9IAH	21	33.862	5
9IAH	22	30.022	5
9IAH	23	22.826	5
9IAH	24	26.308	5
9IAH	25	27.536	5
9IAH	26	34.974	5
9IAH	27	43.262	5
9IAH	28	46.406	5
9IAH	29	42.526	5
9IAH	30	43.214	5
9IAH	31	49.834	5
9IAH	32	64.548	5
9IAH	33	81.632	5
9IAH	34	90.528	5
9IC7	1	71.77	14
9IC7	2	53.18	14
9IC7	3	42.56	14
9IC7	4	35.59	14
9IC7	5	40.37	14
9IC7	6	38.52	14
9IC7	7	33.06	14
9IC7	8	38.78	14
9IC7	9	41.95	14
9IC7	10	41.18	14
9IC7	11	53.92	14
9IC7	12	61.87	14
9IC7	13	62.95	14
9IC7	14	45.92	14
9IC7	15	33.35	14
9IC7	16	32.64	14
9IC7	17	31.48	14
9IC7	18	39.67	14
9IC7	19	39.71	14
9IC7	20	39.0	14
9IC7	21	36.43	14
9IC7	22	35.31	14
9IC7	23	32.07	14
9IC7	24	32.56	14
9IC7	25	27.49	14
9IC7	26	29.91	14
9IC7	27	26.08	14
9IC7	28	24.6	14
9IC7	29	27.3	14
9IC7	30	21.79	14
9IC7	31	24.53	14
9IC7	32	29.2	14
9IC7	33	43.29	14
9IC7	34	38.17	14
9IC7	35	28.38	14
9IC7	36	29.55	14
9IC7	37	29.28	14
9IC7	38	30.5	14
9IC7	39	36.16	14
9IC7	40	47.98	14
9IC7	41	46.93	14
9IC7	42	48.12	14
9IC7	43	60.17	14
9IC7	44	57.08	14
9IC7	45	57.31	14
9IC7	46	65.19	14
9IC7	47	47.53	14
9IC7	48	57.04	14
9IC7	49	58.75	14
9IC7	50	63.42	14
9IC7	51	71.5	14
9IC7	52	73.96	14
9IC7	53	79.21	14
9IC7	54	80.33	14
9IC7	55	76.3	14
9IC7	56	70.25	14
9IC7	57	73.57	14
9IC7	58	69.91	14
9IC7	59	80.13	14
9IC7	60	88.37	14
9IC7	61	89.91	14
9IC7	62	79.51	14
9IC7	63	80.44	14
9IC7	64	75.67	14
9IC7	65	63.43	14
9IC7	66	58.0	14
9IC7	67	48.35	14
9IC7	68	41.97	14
9IC7	69	44.92	14
9IC7	70	36.37	14
9IC7	71	26.81	14
9IC7	72	32.51	14
9IC7	73	23.89	14
9IC7	74	26.2	14
9IC7	75	24.35	14
9IC7	76	26.25	14
9IC7	77	24.1	14
9IC7	78	27.09	14
9IC7	79	28.15	14
9IC7	80	37.97	14
9IC7	81	38.53	14
9IC7	82	45.2	14
9IC7	83	46.95	14
9IC7	84	50.12	14
9IC7	85	59.15	14
9IC7	86	55.31	14
9IC7	87	51.55	14
9IC7	88	42.55	14
9IC7	89	37.23	14
9IC7	90	37.25	14
9IC7	91	30.4	14
9IC7	92	35.52	14
9IC7	93	27.47	14
9IC7	94	28.92	14
9IC7	95	31.03	14
9IC7	96	46.86	14
9IC7	97	52.55	14
9IC7	98	66.17	14
9IC7	99	74.76	14
9IIO	1	149.101	40
9IIO	2	153.089	40
9IIO	3	158.996	40
9IIO	4	168.821	40
9IIO	5	170.236	40
9IIO	6	195.651	40
9IIO	7	203.751	40
9IIO	8	210.236	40
9IIO	9	214.84	40
9IIO	10	213.22	40
9IIO	11	204.62	40
9IIO	12	190.937	40
9IIO	13	198.541	40
9IIO	14	186.618	40
9IIO	15	169.214	40
9IIO	16	156.959	40
9IIO	17	131.427	40
9IIO	18	118.355	40
9IIO	19	124.695	40
9IIO	20	132.104	40
9IIO	21	133.849	40
9IIO	22	151.047	40
9IIO	23	155.014	40
9IIO	24	147.059	40
9IIO	25	137.261	40
9IIO	26	150.727	40
9IIO	27	134.811	40
9IIO	28	137.442	40
9IIO	29	119.542	40
9IIO	30	114.448	40
9IIO	31	129.393	40
9IIO	32	133.544	40
9IIO	33	133.506	40
9IIO	34	140.436	40
9IIO	35	153.168	40
9IIO	36	163.741	40
9IIO	37	174.067	40
9IIO	38	182.017	40
9IIO	39	187.121	40
9IIO	40	204.017	40
9IJP	37	96.343	6
9IJP	38	94.048	6
9IJP	39	89.938	6
9IJP	40	85.838	6
9IJP	41	81.685	6
9IJP	42	76.992	6
9IJP	43	71.657	6
9IJP	44	66.067	6
9IJP	45	57.338	6
9IJP	46	53.773	6
9IJP	47	42.763	6
9IJP	48	39.32	6
9IJP	49	35.293	6
9IJP	50	35.568	6
9IJP	51	33.747	6
9IJP	52	33.418	6
9IJP	53	33.88	6
9IJP	54	36.683	6
9IJP	55	36.313	6
9IJP	56	38.842	6
9IJP	57	41.76	6
9IJP	58	45.725	6
9IJP	59	51.418	6
9IJP	60	55.805	6
9IJP	61	56.088	6
9IJP	62	53.68	6
9IJP	63	48.902	6
9IJP	64	46.96	6
9IJP	65	47.45	6
9IJP	66	47.588	6
9IJP	67	50.592	6
9IJP	68	51.65	6
9IJP	69	48.622	6
9IJP	70	45.783	6
9IJP	71	42.967	6
9IJP	72	44.257	6
9IJP	73	41.278	6
9IJP	74	39.285	6
9IJP	75	39.815	6
9IJP	76	37.967	6
9IJP	77	39.022	6
9IJP	78	40.337	6
9IJP	79	45.867	6
9IJP	80	50.435	6
9IJP	81	56.575	6
9IJP	82	62.547	6
9IJP	83	67.097	6
9IJP	84	65.505	6
9IJP	85	61.93	6
9IJP	86	58.48	6
9IJP	87	53.302	6
9IJP	88	47.405	6
9IJP	89	48.245	6
9IJP	90	49.947	6
9IJP	91	51.668	6
9IJP	92	55.847	6
9IJP	93	59.49	6
9IJP	94	66.203	6
9IJP	95	73.417	6
9IJP	96	78.993	6
9IJP	97	98.108	6
9IJP	98	106.862	6
9IJP	99	111.942	6
9IYD	83	79.727	3
9IYD	84	83.457	3
9IYD	85	77.997	3
9IYD	86	69.803	3
9IYD	87	66.17	3
9IYD	88	58.357	3
9IYD	89	61.627	3
9IYD	90	57.68	3
9IYD	91	61.257	3
9IYD	92	59.06	3
9IYD	93	56.673	3
9IYD	94	52.643	3
9IYD	95	49.157	3
9IYD	96	44.857	3
9IYD	97	44.43	3
9IYD	98	44.04	3
9IYD	99	43.39	3
9IYD	100	46.567	3
9IYD	101	46.267	3
9IYD	102	46.293	3
9IYD	103	43.61	3
9IYD	104	42.77	3
9IYD	105	41.907	3
9IYD	106	45.88	3
9IYD	107	46.483	3
9IYD	108	56.393	3
9IYD	109	62.02	3
9IYD	110	65.103	3
9IYD	111	67.073	3
9IYD	112	63.917	3
9IYD	113	58.84	3
9IYD	114	55.323	3
9IYD	115	54.26	3
9IYD	116	54.65	3
9IYD	117	55.14	3
9IYD	118	51.023	3
9IYD	119	48.487	3
9IYD	120	44.61	3
9IYD	121	46.08	3
9IYD	122	46.78	3
9IYD	123	52.66	3
9IYD	124	53.023	3
9IYD	125	59.52	3
9IYD	126	65.943	3
9IYD	127	66.847	3
9IYD	128	67.723	3
9IYD	129	72.107	3
9IYD	130	69.997	3
9IYD	131	69.83	3
9IYD	132	71.1	3
9IYD	133	70.103	3
9IYD	134	67.697	3
9IYD	135	63.707	3
9IYD	136	56.113	3
9IYD	137	49.617	3
9IYD	138	45.987	3
9IYD	139	44.87	3
9IYD	140	43.98	3
9IYD	141	44.683	3
9IYD	142	44.827	3
9IYD	143	46.88	3
9IYD	144	45.49	3
9IYD	145	45.52	3
9IYD	146	46.667	3
9IYD	147	52.18	3
9IYD	148	55.243	3
9IYD	149	56.013	3
9IYD	150	56.017	3
9IYD	151	54.333	3
9IYD	152	50.92	3
9IYD	153	53.977	3
9IYD	154	50.45	3
9IYJ	96	126.94	3
9IYJ	97	125.887	3
9IYJ	98	118.753	3
9IYJ	99	110.81	3
9IYJ	100	101.89	3
9IYJ	101	100.327	3
9IYJ	102	97.363	3
9IYJ	103	92.893	3
9IYJ	104	83.197	3
9IYJ	105	78.35	3
9IYJ	106	73.713	3
9IYJ	107	72.617	3
9IYJ	108	71.627	3
9IYJ	109	75.547	3
9IYJ	110	78.87	3
9IYJ	111	73.673	3
9IYJ	112	75.117	3
9IYJ	113	74.123	3
9IYJ	114	76.603	3
9IYJ	115	82.1	3
9IYJ	116	85.923	3
9IYJ	117	81.57	3
9IYJ	118	78.41	3
9IYJ	119	76.543	3
9IYJ	120	77.463	3
9IYJ	121	83.277	3
9IYJ	122	86.293	3
9IYJ	123	91.457	3
9IYJ	124	95.55	3
9IYJ	125	103.223	3
9IYJ	126	104.123	3
9IYJ	127	95.953	3
9IYJ	128	95.993	3
9IYJ	129	96.687	3
9IYJ	130	97.117	3
9IYJ	131	99.63	3
9IYJ	132	103.833	3
9IYJ	133	105.093	3
9IYJ	134	105.543	3
9IYJ	135	102.203	3
9IYJ	136	100.933	3
9IYJ	137	99.717	3
9IYJ	138	97.483	3
9IYJ	139	90.253	3
9IYJ	140	83.443	3
9IYJ	141	80.877	3
9IYJ	142	80.32	3
9IYJ	143	79.463	3
9IYJ	144	81.243	3
9IYJ	145	78.28	3
9IYJ	146	80.187	3
9IYJ	147	82.42	3
9IYJ	148	76.98	3
9IYJ	149	74.953	3
9IYJ	150	74.957	3
9IYJ	151	74.123	3
9IYJ	152	72.283	3
9IYJ	153	75.43	3
9IYJ	154	79.96	3
9J4D	70	77.443	6
9J4D	71	74.965	6
9J4D	72	78.212	6
9J4D	73	79.17	6
9J4D	74	80.693	6
9J4D	75	84.242	6
9J4D	76	83.1	6
9J4D	77	77.317	6
9J4D	78	66.872	6
9J4D	79	67.125	6
9J4D	80	59.747	6
9J4D	81	56.542	6
9J4D	82	50.85	6
9J4D	83	44.557	6
9J4D	84	32.1	6
9J4D	85	31.063	6
9J4D	86	30.682	6
9J4D	87	35.895	6
9J4D	88	33.998	6
9J4D	89	34.787	6
9J4D	90	32.575	6
9J4D	91	30.122	6
9J4D	92	31.947	6
9J4D	93	30.773	6
9J4D	94	34.588	6
9J4D	95	34.768	6
9J4D	96	31.945	6
9J4D	97	30.733	6
9J4D	98	27.502	6
9J4D	99	23.772	6
9J4D	100	25.687	6
9J4D	101	30.793	6
9J4D	102	36.685	6
9J4D	103	42.562	6
9J4D	104	48.428	6
9J4E	69	134.35	6
9J4E	70	130.865	6
9J4E	71	120.135	6
9J4E	72	125.175	6
9J4E	73	122.815	6
9J4E	74	131.46	6
9J4E	75	136.87	6
9J4E	76	133.405	6
9J4E	77	119.54	6
9J4E	78	107.75	6
9J4E	79	106.76	6
9J4E	80	103.33	6
9J4E	81	102.695	6
9J4E	82	104.725	6
9J4E	83	99.465	6
9J4E	84	89.215	6
9J4E	85	92.77	6
9J4E	86	95.015	6
9J4E	87	96.18	6
9J4E	88	88.855	6
9J4E	89	90.145	6
9J4E	90	84.78	6
9J4E	91	81.8	6
9J4E	92	80.37	6
9J4E	93	80.4	6
9J4E	94	86.89	6
9J4E	95	92.325	6
9J4E	96	89.005	6
9J4E	97	88.0	6
9J4E	98	86.73	6
9J4E	99	83.0	6
9J4E	100	91.935	6
9J4E	101	95.52	6
9J4E	102	99.325	6
9J4E	103	104.62	6
9J4E	104	111.455	6
9J4E	105	114.03	6
9J4F	69	58.343	6
9J4F	70	56.758	6
9J4F	71	54.392	6
9J4F	72	54.197	6
9J4F	73	50.418	6
9J4F	74	50.587	6
9J4F	75	50.04	6
9J4F	76	49.248	6
9J4F	77	46.677	6
9J4F	78	42.3	6
9J4F	79	43.045	6
9J4F	80	39.285	6
9J4F	81	39.455	6
9J4F	82	35.83	6
9J4F	83	33.43	6
9J4F	84	29.272	6
9J4F	85	28.728	6
9J4F	86	30.97	6
9J4F	87	34.27	6
9J4F	88	30.347	6
9J4F	89	28.357	6
9J4F	90	26.373	6
9J4F	91	24.893	6
9J4F	92	24.818	6
9J4F	93	24.27	6
9J4F	94	25.79	6
9J4F	95	27.738	6
9J4F	96	27.365	6
9J4F	97	28.628	6
9J4F	98	26.167	6
9J4F	99	24.148	6
9J4F	100	26.217	6
9J4F	101	28.112	6
9J4F	102	31.323	6
9J4F	103	33.663	6
9J4F	104	37.793	6
9JAZ	9	69.65	6
9JAZ	10	68.1	6
9JAZ	11	57.75	6
9JAZ	12	44.08	6
9JAZ	13	48.57	6
9JAZ	14	44.69	6
9JAZ	15	38.32	6
9JAZ	16	36.64	6
9JAZ	17	37.06	6
9JAZ	18	39.87	6
9JAZ	19	46.4	6
9JAZ	20	55.96	6
9JAZ	21	69.66	6
9JAZ	22	88.41	6
9JAZ	24	85.47	6
9JAZ	25	82.89	6
9JAZ	26	83.7	6
9JAZ	27	70.33	6
9JAZ	28	65.68	6
9JAZ	29	60.34	6
9JAZ	30	51.43	6
9JAZ	31	47.66	6
9JAZ	32	49.46	6
9JAZ	33	49.81	6
9JAZ	34	48.69	6
9JAZ	35	46.88	6
9JAZ	36	52.33	6
9JAZ	37	62.15	6
9JAZ	38	79.61	6
9JAZ	39	90.42	6
9JAZ	40	98.06	6
9JAZ	41	107.64	6
9JAZ	42	123.97	6
9JB0	9	77.59	6
9JB0	10	70.87	6
9JB0	11	57.88	6
9JB0	12	41.82	6
9JB0	13	42.52	6
9JB0	14	36.41	6
9JB0	15	25.82	6
9JB0	16	23.75	6
9JB0	17	25.08	6
9JB0	18	26.58	6
9JB0	19	32.79	6
9JB0	20	37.59	6
9JB0	21	51.62	6
9JB0	22	69.45	6
9JB0	24	69.9	6
9JB0	25	63.72	6
9JB0	26	66.74	6
9JB0	27	53.96	6
9JB0	28	50.7	6
9JB0	29	50.66	6
9JB0	30	41.05	6
9JB0	31	37.05	6
9JB0	32	42.84	6
9JB0	33	40.7	6
9JB0	34	41.56	6
9JB0	35	44.1	6
9JB0	36	50.21	6
9JB0	37	61.5	6
9JB0	38	82.98	6
9JB0	39	94.48	6
9JB0	40	102.74	6
9JB0	41	112.67	6
9JB0	42	121.66	6
9JB1	9	48.09	12
9JB1	10	46.8	12
9JB1	11	45.52	12
9JB1	12	31.86	12
9JB1	13	29.37	12
9JB1	14	26.33	12
9JB1	15	22.54	12
9JB1	16	21.22	12
9JB1	17	19.99	12
9JB1	18	23.69	12
9JB1	19	28.31	12
9JB1	20	33.07	12
9JB1	21	44.16	12
9JB1	22	62.53	12
9JB1	24	65.0	12
9JB1	25	55.74	12
9JB1	26	56.04	12
9JB1	27	44.41	12
9JB1	28	43.55	12
9JB1	29	40.76	12
9JB1	30	36.77	12
9JB1	31	34.18	12
9JB1	32	35.97	12
9JB1	33	34.43	12
9JB1	34	33.9	12
9JB1	35	32.53	12
9JB1	36	37.61	12
9JB1	37	41.44	12
9JB1	38	51.36	12
9JB1	39	59.16	12
9JB1	40	63.24	12
9JB1	41	72.51	12
9JB1	42	89.94	12
9JB2	1	88.856	5
9JB2	2	73.748	5
9JB2	3	64.09	5
9JB2	4	51.182	5
9JB2	5	50.082	5
9JB2	6	47.604	5
9JB2	8	44.116	5
9JB2	9	100.504	5
9JB2	10	94.772	5
9JB2	11	76.588	5
9JB2	12	61.138	5
9JB2	13	57.302	5
9JB2	14	45.418	5
9JB2	15	31.112	5
9JB2	16	30.608	5
9JB2	17	26.888	5
9JB2	18	25.342	5
9JB2	19	28.628	5
9JB2	20	37.826	5
9JB2	21	45.412	5
9JB2	22	60.672	5
9JB2	24	64.482	5
9JB2	25	60.682	5
9JB2	26	63.718	5
9JB2	27	55.598	5
9JB2	28	59.968	5
9JB2	29	56.664	5
9JB2	30	43.192	5
9JB2	31	33.642	5
9JB2	32	33.456	5
9JB2	33	33.85	5
9JB2	34	41.244	5
9JB2	35	50.85	5
9JB2	36	62.382	5
9JB2	37	65.422	5
9JB2	38	72.826	5
9JB2	39	67.208	5
9JB2	40	63.388	5
9JB2	41	67.036	5
9JB2	42	73.838	5
9JBO	2	56.34	3
9JBO	3	57.85	3
9JBO	4	50.38	3
9JBO	5	36.97	3
9JBO	6	28.15	3
9JBO	7	23.51	3
9JBO	8	24.99	3
9JBO	9	28.74	3
9JBO	10	33.89	3
9JBO	11	41.06	3
9JBO	12	48.52	3
9JBO	13	35.56	3
9JBO	14	30.41	3
9JBO	15	24.81	3
9JBO	16	22.66	3
9JBO	17	22.93	3
9JBO	18	23.61	3
9JBO	19	24.36	3
9JBO	20	28.83	3
9JBO	21	38.96	3
9JBO	22	49.54	3
9JBO	23	50.83	3
9JBO	24	53.82	3
9JBO	25	55.86	3
9JBO	26	56.02	3
9JBO	27	58.66	3
9JBO	28	54.06	3
9JBO	29	57.27	3
9JBO	30	47.21	3
9JBO	31	41.23	3
9JBO	32	40.08	3
9JBO	33	41.94	3
9JBO	34	41.37	3
9JBO	35	37.65	3
9JBO	36	31.37	3
9JBO	37	28.09	3
9JBO	38	33.19	3
9JBO	39	49.7	3
9JBO	40	60.01	3
9JBO	41	73.72	3
9JBO	42	86.07	3
9JBO	43	101.18	3
9JBO	44	111.41	3
9JBO	45	117.65	3
9JBO	46	115.25	3
9JBO	82	103.42	3
9JBO	83	102.79	3
9JBO	84	93.97	3
9JBO	85	83.25	3
9JBO	86	71.14	3
9JBO	87	57.34	3
9JBO	88	52.38	3
9JBO	89	64.49	3
9JBO	90	69.18	3
9JBO	91	77.12	3
9JBO	92	79.0	3
9JBO	93	83.84	3
9JBO	94	71.84	3
9JBO	95	67.28	3
9JBO	96	68.77	3
9JBO	97	70.64	3
9JBO	98	60.56	3
9JBO	99	58.65	3
9JBO	100	58.31	3
9JBO	101	58.25	3
9JBO	102	57.98	3
9JBO	103	50.43	3
9JBO	104	43.7	3
9JBO	105	44.16	3
9JBO	106	50.12	3
9JBO	107	54.88	3
9JBO	108	57.45	3
9JBO	109	55.95	3
9JBO	110	56.24	3
9JBO	111	54.88	3
9JBO	112	47.95	3
9JBO	113	46.51	3
9JBO	114	45.58	3
9JBO	115	48.2	3
9JBO	116	60.05	3
9JBO	117	62.73	3
9JBO	118	69.44	3
9JBO	119	77.6	3
9JBO	120	80.37	3
9JBO	121	88.45	3
9JBO	122	95.14	3
9JBP	2	25.85	6
9JBP	3	20.68	6
9JBP	4	11.07	6
9JBP	5	4.08	6
9JBP	6	2.31	6
9JBP	7	4.23	6
9JBP	8	5.44	6
9JBP	9	9.02	6
9JBP	10	13.56	6
9JBP	11	20.25	6
9JBP	12	34.06	6
9JBP	13	34.39	6
9JBP	14	26.71	6
9JBP	15	18.2	6
9JBP	16	20.3	6
9JBP	17	7.81	6
9JBP	18	2.97	6
9JBP	19	1.4	6
9JBP	20	2.03	6
9JBP	21	1.5	6
9JBP	22	1.57	6
9JBP	23	1.55	6
9JBP	24	1.92	6
9JBP	25	5.39	6
9JBP	26	10.76	6
9JBP	27	14.2	6
9JBP	28	6.74	6
9JBP	29	2.22	6
9JBP	30	1.31	6
9JBP	31	1.06	6
9JBP	32	1.5	6
9JBP	33	2.99	6
9JBP	34	7.91	6
9JBP	35	9.59	6
9JBP	36	12.07	6
9JBP	37	19.51	6
9JBP	38	34.53	6
9JBP	39	62.17	6
9JBP	40	64.45	6
9JBP	41	61.5	6
9JBP	42	63.08	6
9JBY	37	102.455	6
9JBY	38	96.12	6
9JBY	39	94.6	6
9JBY	40	89.265	6
9JBY	41	86.49	6
9JBY	42	90.37	6
9JBY	43	92.74	6
9JBY	44	88.325	6
9JBY	45	86.955	6
9JBY	46	89.84	6
9JBY	47	81.49	6
9JBY	48	76.67	6
9JBY	49	74.8	6
9JBY	50	77.38	6
9JBY	51	80.975	6
9JBY	52	71.935	6
9JBY	53	75.055	6
9JBY	54	74.255	6
9JBY	55	72.25	6
9JBY	56	75.86	6
9JBY	57	77.06	6
9JBY	58	75.565	6
9JBY	59	71.16	6
9JBY	60	66.9	6
9JBY	61	65.835	6
9JBY	62	58.615	6
9JBY	63	58.585	6
9JBY	64	59.865	6
9JBY	65	68.9	6
9JBY	66	72.16	6
9JBY	67	74.79	6
9JBY	68	68.085	6
9JBY	69	65.025	6
9JBY	70	60.49	6
9JBY	71	60.79	6
9JBY	72	68.03	6
9JBY	73	74.7	6
9JBY	74	79.33	6
9JBY	75	86.075	6
9JBY	76	82.71	6
9JBY	77	81.575	6
9JBY	78	83.04	6
9JBY	79	86.025	6
9JBY	80	90.075	6
9JBY	81	91.515	6
9JBY	82	86.79	6
9JBY	83	99.49	6
9JBY	84	102.55	6
9JBY	85	104.295	6
9JBY	86	100.16	6
9JBY	87	95.77	6
9JBY	88	87.275	6
9JBY	89	85.26	6
9JBY	90	84.905	6
9JBY	91	83.19	6
9JBY	92	84.56	6
9JBY	93	85.755	6
9JBY	94	92.765	6
9JBY	95	94.695	6
9JBY	96	95.57	6
9JBY	97	99.015	6
9JBY	98	108.54	6
9JC3	37	44.14	6
9JC3	38	43.025	6
9JC3	39	41.115	6
9JC3	40	37.92	6
9JC3	41	38.19	6
9JC3	42	39.8	6
9JC3	43	42.515	6
9JC3	44	41.025	6
9JC3	45	39.285	6
9JC3	46	42.76	6
9JC3	47	36.645	6
9JC3	48	37.405	6
9JC3	49	39.315	6
9JC3	50	41.07	6
9JC3	51	43.35	6
9JC3	52	40.53	6
9JC3	53	40.295	6
9JC3	54	44.89	6
9JC3	55	47.365	6
9JC3	56	53.055	6
9JC3	57	60.45	6
9JC3	58	59.715	6
9JC3	59	60.765	6
9JC3	60	61.135	6
9JC3	61	57.875	6
9JC3	62	52.29	6
9JC3	63	51.91	6
9JC3	64	53.195	6
9JC3	65	53.825	6
9JC3	66	57.52	6
9JC3	67	60.48	6
9JC3	68	55.905	6
9JC3	69	52.525	6
9JC3	70	47.48	6
9JC3	71	47.17	6
9JC3	72	48.545	6
9JC3	73	49.85	6
9JC3	74	48.33	6
9JC3	75	47.75	6
9JC3	76	40.91	6
9JC3	77	41.27	6
9JC3	78	41.75	6
9JC3	79	43.62	6
9JC3	80	46.84	6
9JC3	81	53.76	6
9JC3	82	57.67	6
9JC3	83	67.92	6
9JC3	84	69.235	6
9JC3	85	68.495	6
9JC3	86	68.33	6
9JC3	87	66.025	6
9JC3	88	59.215	6
9JC3	89	53.745	6
9JC3	90	53.335	6
9JC3	91	55.545	6
9JC3	92	55.205	6
9JC3	93	56.395	6
9JC3	94	63.48	6
9JC3	95	66.415	6
9JC3	96	66.58	6
9JC3	97	72.075	6
9JC3	98	75.21	6
9JC4	37	106.495	6
9JC4	38	104.37	6
9JC4	39	103.43	6
9JC4	40	101.845	6
9JC4	41	96.57	6
9JC4	42	91.33	6
9JC4	43	78.49	6
9JC4	44	72.17	6
9JC4	45	49.765	6
9JC4	46	49.195	6
9JC4	47	41.08	6
9JC4	48	35.765	6
9JC4	49	31.09	6
9JC4	50	34.71	6
9JC4	51	41.04	6
9JC4	52	39.09	6
9JC4	53	43.145	6
9JC4	54	39.81	6
9JC4	55	37.27	6
9JC4	56	40.285	6
9JC4	57	47.69	6
9JC4	58	47.665	6
9JC4	59	48.04	6
9JC4	60	51.615	6
9JC4	61	50.12	6
9JC4	62	42.13	6
9JC4	63	38.655	6
9JC4	64	38.235	6
9JC4	65	39.11	6
9JC4	66	38.87	6
9JC4	67	45.145	6
9JC4	68	44.8	6
9JC4	69	41.765	6
9JC4	70	38.2	6
9JC4	71	40.695	6
9JC4	72	49.8	6
9JC4	73	47.85	6
9JC4	74	49.27	6
9JC4	75	48.64	6
9JC4	76	37.035	6
9JC4	77	34.925	6
9JC4	78	35.845	6
9JC4	79	42.06	6
9JC4	80	53.365	6
9JC4	81	60.76	6
9JC4	82	65.29	6
9JC4	83	73.85	6
9JC4	84	75.735	6
9JC4	85	76.915	6
9JC4	86	74.465	6
9JC4	87	70.58	6
9JC4	88	59.92	6
9JC4	89	56.825	6
9JC4	90	53.4	6
9JC4	91	56.455	6
9JC4	92	52.42	6
9JC4	93	52.89	6
9JC4	94	55.035	6
9JC4	95	54.3	6
9JC4	96	66.925	6
9JC4	97	76.82	6
9JC4	98	86.275	6
9JC5	37	111.8	6
9JC5	38	115.095	6
9JC5	39	122.265	6
9JC5	40	124.695	6
9JC5	41	126.215	6
9JC5	42	125.025	6
9JC5	43	119.405	6
9JC5	44	113.67	6
9JC5	45	103.87	6
9JC5	46	104.05	6
9JC5	47	95.7	6
9JC5	48	91.43	6
9JC5	49	87.705	6
9JC5	50	86.32	6
9JC5	51	86.98	6
9JC5	52	81.155	6
9JC5	53	82.685	6
9JC5	54	80.58	6
9JC5	55	80.225	6
9JC5	56	88.91	6
9JC5	57	97.43	6
9JC5	58	95.955	6
9JC5	59	97.255	6
9JC5	60	93.07	6
9JC5	61	94.445	6
9JC5	62	91.465	6
9JC5	63	85.12	6
9JC5	64	86.43	6
9JC5	65	88.815	6
9JC5	66	86.92	6
9JC5	67	89.845	6
9JC5	68	88.145	6
9JC5	69	84.565	6
9JC5	70	83.265	6
9JC5	71	88.0	6
9JC5	72	92.63	6
9JC5	73	93.25	6
9JC5	74	98.35	6
9JC5	75	95.285	6
9JC5	76	85.785	6
9JC5	77	83.2	6
9JC5	78	86.81	6
9JC5	79	90.09	6
9JC5	80	99.42	6
9JC5	81	102.67	6
9JC5	82	103.16	6
9JC5	83	114.155	6
9JC5	84	117.94	6
9JC5	85	121.46	6
9JC5	86	118.255	6
9JC5	87	114.33	6
9JC5	88	104.005	6
9JC5	89	98.16	6
9JC5	90	92.06	6
9JC5	91	92.52	6
9JC5	92	91.425	6
9JC5	93	90.71	6
9JC5	94	93.445	6
9JC5	95	95.235	6
9JC5	96	104.195	6
9JC5	97	117.155	6
9JC5	98	129.64	6
9JC5	99	184.17	3
9JD7	37	98.725	6
9JD7	38	92.83	6
9JD7	39	93.92	6
9JD7	40	93.22	6
9JD7	41	94.145	6
9JD7	42	96.635	6
9JD7	43	93.465	6
9JD7	44	93.145	6
9JD7	45	84.845	6
9JD7	46	97.275	6
9JD7	47	89.6	6
9JD7	48	86.35	6
9JD7	49	79.625	6
9JD7	50	79.525	6
9JD7	51	85.17	6
9JD7	52	83.625	6
9JD7	53	84.395	6
9JD7	54	84.83	6
9JD7	55	82.835	6
9JD7	56	94.045	6
9JD7	57	103.865	6
9JD7	58	109.095	6
9JD7	59	111.73	6
9JD7	60	111.125	6
9JD7	61	110.335	6
9JD7	62	104.295	6
9JD7	63	101.535	6
9JD7	64	105.4	6
9JD7	65	110.525	6
9JD7	66	115.085	6
9JD7	67	120.235	6
9JD7	68	117.47	6
9JD7	69	109.52	6
9JD7	70	105.235	6
9JD7	71	103.925	6
9JD7	72	103.55	6
9JD7	73	102.1	6
9JD7	74	101.035	6
9JD7	75	99.19	6
9JD7	76	86.555	6
9JD7	77	84.915	6
9JD7	78	85.575	6
9JD7	79	92.21	6
9JD7	80	100.095	6
9JD7	81	105.715	6
9JD7	82	112.12	6
9JD7	83	124.965	6
9JD7	84	127.945	6
9JD7	85	131.835	6
9JD7	86	127.045	6
9JD7	87	121.3	6
9JD7	88	112.885	6
9JD7	89	108.12	6
9JD7	90	103.475	6
9JD7	91	106.695	6
9JD7	92	107.005	6
9JD7	93	110.725	6
9JD7	94	114.7	6
9JD7	95	115.515	6
9JD7	96	116.76	6
9JD7	97	123.095	6
9JD7	98	131.805	6
9JD7	99	133.89	3
9JD8	37	138.803	9
9JD8	38	138.677	9
9JD8	39	137.74	9
9JD8	40	135.973	9
9JD8	41	138.813	9
9JD8	42	143.36	9
9JD8	43	138.153	9
9JD8	44	132.503	9
9JD8	45	121.617	9
9JD8	46	127.437	9
9JD8	47	117.273	9
9JD8	48	112.35	9
9JD8	49	105.827	9
9JD8	50	102.367	9
9JD8	51	101.813	9
9JD8	52	96.293	9
9JD8	53	101.36	9
9JD8	54	103.22	9
9JD8	55	99.827	9
9JD8	56	112.457	9
9JD8	57	118.41	9
9JD8	58	115.47	9
9JD8	59	116.37	9
9JD8	60	110.39	9
9JD8	61	111.753	9
9JD8	62	107.87	9
9JD8	63	101.76	9
9JD8	64	106.57	9
9JD8	65	111.863	9
9JD8	66	112.717	9
9JD8	67	116.37	9
9JD8	68	115.363	9
9JD8	69	106.52	9
9JD8	70	103.73	9
9JD8	71	110.33	9
9JD8	72	116.85	9
9JD8	73	117.723	9
9JD8	74	119.853	9
9JD8	75	114.343	9
9JD8	76	103.667	9
9JD8	77	104.433	9
9JD8	78	103.907	9
9JD8	79	107.847	9
9JD8	80	118.073	9
9JD8	81	123.003	9
9JD8	82	123.657	9
9JD8	83	134.753	9
9JD8	84	141.973	9
9JD8	85	143.107	9
9JD8	86	139.357	9
9JD8	87	136.007	9
9JD8	88	125.477	9
9JD8	89	118.64	9
9JD8	90	113.44	9
9JD8	91	115.233	9
9JD8	92	116.003	9
9JD8	93	116.343	9
9JD8	94	120.953	9
9JD8	95	122.597	9
9JD8	96	128.747	9
9JD8	97	140.07	9
9JD8	98	150.017	9
9JD8	99	155.673	9
9JDK	37	88.05	6
9JDK	38	86.21	6
9JDK	39	86.175	6
9JDK	40	85.49	6
9JDK	41	84.935	6
9JDK	42	84.665	6
9JDK	43	79.35	6
9JDK	44	73.105	6
9JDK	45	62.395	6
9JDK	46	67.885	6
9JDK	47	56.435	6
9JDK	48	52.165	6
9JDK	49	47.035	6
9JDK	50	47.285	6
9JDK	51	51.51	6
9JDK	52	49.69	6
9JDK	53	53.205	6
9JDK	54	54.98	6
9JDK	55	56.37	6
9JDK	56	60.905	6
9JDK	57	67.77	6
9JDK	58	66.615	6
9JDK	59	68.83	6
9JDK	60	67.24	6
9JDK	61	67.45	6
9JDK	62	63.045	6
9JDK	63	55.83	6
9JDK	64	58.175	6
9JDK	65	57.205	6
9JDK	66	57.455	6
9JDK	67	61.105	6
9JDK	68	58.385	6
9JDK	69	53.605	6
9JDK	70	49.525	6
9JDK	71	51.77	6
9JDK	72	55.58	6
9JDK	73	54.085	6
9JDK	74	55.83	6
9JDK	75	54.645	6
9JDK	76	48.17	6
9JDK	77	47.105	6
9JDK	78	50.89	6
9JDK	79	55.515	6
9JDK	80	62.77	6
9JDK	81	66.48	6
9JDK	82	67.345	6
9JDK	83	75.355	6
9JDK	84	76.62	6
9JDK	85	78.705	6
9JDK	86	77.18	6
9JDK	87	73.445	6
9JDK	88	66.97	6
9JDK	89	60.825	6
9JDK	90	57.265	6
9JDK	91	60.18	6
9JDK	92	61.995	6
9JDK	93	60.89	6
9JDK	94	63.055	6
9JDK	95	66.82	6
9JDK	96	72.11	6
9JDK	97	78.855	6
9JDK	98	86.44	6
9JDK	99	88.415	6
9JE2	37	118.44	6
9JE2	38	117.425	6
9JE2	39	113.125	6
9JE2	40	112.3	6
9JE2	41	106.92	6
9JE2	42	102.755	6
9JE2	43	89.87	6
9JE2	44	79.405	6
9JE2	45	64.045	6
9JE2	46	68.04	6
9JE2	47	54.1	6
9JE2	48	50.05	6
9JE2	49	45.085	6
9JE2	50	48.61	6
9JE2	51	51.31	6
9JE2	52	46.735	6
9JE2	53	47.85	6
9JE2	54	46.875	6
9JE2	55	45.255	6
9JE2	56	49.88	6
9JE2	57	57.645	6
9JE2	58	59.865	6
9JE2	59	60.755	6
9JE2	60	59.54	6
9JE2	61	61.55	6
9JE2	62	56.865	6
9JE2	63	49.545	6
9JE2	64	49.57	6
9JE2	65	45.545	6
9JE2	66	46.295	6
9JE2	67	47.27	6
9JE2	68	45.18	6
9JE2	69	39.69	6
9JE2	70	37.71	6
9JE2	71	38.375	6
9JE2	72	44.755	6
9JE2	73	42.925	6
9JE2	74	42.305	6
9JE2	75	41.825	6
9JE2	76	36.895	6
9JE2	77	36.64	6
9JE2	78	41.36	6
9JE2	79	45.72	6
9JE2	80	57.63	6
9JE2	81	61.13	6
9JE2	82	61.375	6
9JE2	83	69.5	6
9JE2	84	69.08	6
9JE2	85	71.33	6
9JE2	86	66.335	6
9JE2	87	60.91	6
9JE2	88	48.255	6
9JE2	89	45.715	6
9JE2	90	42.055	6
9JE2	91	42.495	6
9JE2	92	40.405	6
9JE2	93	40.09	6
9JE2	94	44.52	6
9JE2	95	45.73	6
9JE2	96	54.695	6
9JE2	97	64.055	6
9JE2	98	71.315	6
9JE2	99	78.95	6
9JE4	37	105.07	3
9JE4	38	104.22	3
9JE4	39	99.1	3
9JE4	40	98.9	3
9JE4	41	94.12	3
9JE4	42	87.02	3
9JE4	43	77.64	3
9JE4	44	68.93	3
9JE4	45	60.42	3
9JE4	46	62.02	3
9JE4	47	56.54	3
9JE4	48	54.65	3
9JE4	49	52.87	3
9JE4	50	57.72	3
9JE4	51	63.27	3
9JE4	52	65.41	3
9JE4	53	69.53	3
9JE4	54	68.22	3
9JE4	55	66.87	3
9JE4	56	67.35	3
9JE4	57	71.17	3
9JE4	58	69.32	3
9JE4	59	72.84	3
9JE4	60	73.89	3
9JE4	61	67.66	3
9JE4	62	64.64	3
9JE4	63	60.55	3
9JE4	64	62.83	3
9JE4	65	64.46	3
9JE4	66	62.61	3
9JE4	67	64.93	3
9JE4	68	62.75	3
9JE4	69	60.26	3
9JE4	70	59.17	3
9JE4	71	64.31	3
9JE4	72	69.49	3
9JE4	73	75.27	3
9JE4	74	76.83	3
9JE4	75	73.09	3
9JE4	76	60.58	3
9JE4	77	55.7	3
9JE4	78	56.3	3
9JE4	79	57.25	3
9JE4	80	58.83	3
9JE4	81	65.84	3
9JE4	82	67.79	3
9JE4	83	74.72	3
9JE4	84	74.2	3
9JE4	85	76.04	3
9JE4	86	73.75	3
9JE4	87	72.86	3
9JE4	88	66.91	3
9JE4	89	67.46	3
9JE4	90	65.46	3
9JE4	91	67.29	3
9JE4	92	66.04	3
9JE4	93	61.89	3
9JE4	94	64.79	3
9JE4	95	67.8	3
9JE4	96	73.32	3
9JE4	97	82.09	3
9JE4	98	92.67	3
9JE4	99	102.6	3
9JE4	100	105.1	3
9JE6	37	95.012	6
9JE6	38	93.073	6
9JE6	39	88.693	6
9JE6	40	87.815	6
9JE6	41	86.015	6
9JE6	42	83.213	6
9JE6	43	77.84	6
9JE6	44	70.87	6
9JE6	45	60.857	6
9JE6	46	64.15	6
9JE6	47	57.307	6
9JE6	48	52.257	6
9JE6	49	47.385	6
9JE6	50	49.567	6
9JE6	51	51.94	6
9JE6	52	49.268	6
9JE6	53	53.823	6
9JE6	54	54.173	6
9JE6	55	50.593	6
9JE6	56	52.603	6
9JE6	57	58.4	6
9JE6	58	60.62	6
9JE6	59	62.425	6
9JE6	60	62.887	6
9JE6	61	66.44	6
9JE6	62	62.955	6
9JE6	63	60.023	6
9JE6	64	66.375	6
9JE6	65	68.688	6
9JE6	66	66.42	6
9JE6	67	68.057	6
9JE6	68	65.118	6
9JE6	69	64.192	6
9JE6	70	64.24	6
9JE6	71	66.443	6
9JE6	72	68.377	6
9JE6	73	63.987	6
9JE6	74	60.762	6
9JE6	75	60.262	6
9JE6	76	54.793	6
9JE6	77	54.83	6
9JE6	78	56.343	6
9JE6	79	58.582	6
9JE6	80	63.788	6
9JE6	81	67.707	6
9JE6	82	71.037	6
9JE6	83	78.402	6
9JE6	84	75.968	6
9JE6	85	73.11	6
9JE6	86	69.122	6
9JE6	87	71.305	6
9JE6	88	69.683	6
9JE6	89	70.027	6
9JE6	90	70.738	6
9JE6	91	73.335	6
9JE6	92	76.403	6
9JE6	93	76.722	6
9JE6	94	81.243	6
9JE6	95	77.053	6
9JE6	96	83.38	6
9JE6	97	85.875	6
9JE7	35	100.3	3
9JE7	36	93.3	3
9JE7	37	85.14	3
9JE7	38	78.42	3
9JE7	39	76.83	3
9JE7	40	72.25	3
9JE7	41	72.01	3
9JE7	42	70.33	3
9JE7	43	67.18	3
9JE7	44	63.5	3
9JE7	45	61.61	3
9JE7	46	62.66	3
9JE7	47	59.39	3
9JE7	48	61.52	3
9JE7	49	61.35	3
9JE7	50	65.72	3
9JE7	51	63.29	3
9JE7	52	63.16	3
9JE7	53	67.37	3
9JE7	54	67.9	3
9JE7	55	65.46	3
9JE7	56	64.15	3
9JE7	57	65.75	3
9JE7	58	66.08	3
9JE7	59	68.89	3
9JE7	60	69.25	3
9JE7	61	70.83	3
9JE7	62	64.66	3
9JE7	63	64.69	3
9JE7	64	66.44	3
9JE7	65	64.77	3
9JE7	66	65.34	3
9JE7	67	67.18	3
9JE7	68	67.59	3
9JE7	69	62.95	3
9JE7	70	60.98	3
9JE7	71	63.18	3
9JE7	72	67.91	3
9JE7	73	70.91	3
9JE7	74	72.78	3
9JE7	75	68.4	3
9JE7	76	56.76	3
9JE7	77	51.42	3
9JE7	78	52.08	3
9JE7	79	53.2	3
9JE7	80	55.8	3
9JE7	81	61.8	3
9JE7	82	63.12	3
9JE7	83	69.04	3
9JE7	84	64.77	3
9JE7	85	65.58	3
9JE7	86	60.86	3
9JE7	87	61.66	3
9JE7	88	59.31	3
9JE7	89	56.31	3
9JE7	90	57.28	3
9JE7	91	61.47	3
9JE7	92	65.94	3
9JE7	93	65.12	3
9JE7	94	65.36	3
9JE7	95	67.54	3
9JE7	96	71.81	3
9JE7	97	77.48	3
9JE7	98	88.3	3
9JE7	99	90.74	3
9JE7	100	97.91	3
9JE8	37	87.185	6
9JE8	38	85.275	6
9JE8	39	86.66	6
9JE8	40	90.075	6
9JE8	41	89.495	6
9JE8	42	88.31	6
9JE8	43	81.7	6
9JE8	44	77.855	6
9JE8	45	71.42	6
9JE8	46	74.845	6
9JE8	47	68.43	6
9JE8	48	64.38	6
9JE8	49	65.26	6
9JE8	50	69.11	6
9JE8	51	75.56	6
9JE8	52	76.895	6
9JE8	53	81.375	6
9JE8	54	84.335	6
9JE8	55	75.885	6
9JE8	56	77.775	6
9JE8	57	81.185	6
9JE8	58	80.32	6
9JE8	59	80.595	6
9JE8	60	75.09	6
9JE8	61	73.265	6
9JE8	62	71.21	6
9JE8	63	70.8	6
9JE8	64	76.29	6
9JE8	65	73.85	6
9JE8	66	77.14	6
9JE8	67	83.465	6
9JE8	68	86.2	6
9JE8	69	86.085	6
9JE8	70	91.8	6
9JE8	71	101.32	6
9JE8	72	111.025	6
9JE8	73	110.305	6
9JE8	74	102.745	6
9JE8	75	94.315	6
9JE8	76	78.645	6
9JE8	77	75.485	6
9JE8	78	71.895	6
9JE8	79	72.54	6
9JE8	80	75.09	6
9JE8	81	78.61	6
9JE8	82	73.745	6
9JE8	83	81.61	6
9JE8	84	77.26	6
9JE8	85	75.81	6
9JE8	86	75.075	6
9JE8	87	78.815	6
9JE8	88	80.54	6
9JE8	89	83.62	6
9JE8	90	80.1	6
9JE8	91	84.43	6
9JE8	92	87.975	6
9JE8	93	91.09	6
9JE8	94	93.01	6
9JE8	95	91.17	6
9JE8	96	95.055	6
9JE8	97	97.71	6
9JKE	37	72.91	6
9JKE	38	70.56	6
9JKE	39	75.47	6
9JKE	40	72.85	6
9JKE	41	71.4	6
9JKE	42	74.94	6
9JKE	43	74.62	6
9JKE	44	65.71	6
9JKE	45	58.68	6
9JKE	46	66.66	6
9JKE	47	64.32	6
9JKE	48	61.41	6
9JKE	49	57.94	6
9JKE	50	58.5	6
9JKE	51	59.14	6
9JKE	52	54.21	6
9JKE	53	70.37	6
9JKE	54	65.09	6
9JKE	55	66.62	6
9JKE	56	83.63	6
9JKE	57	80.29	6
9JKE	58	83.11	6
9JKE	59	82.21	6
9JKE	60	82.46	6
9JKE	61	92.76	6
9JKE	62	90.54	6
9JKE	63	87.19	6
9JKE	64	93.76	6
9JKE	65	90.73	6
9JKE	66	93.69	6
9JKE	67	89.0	6
9JKE	68	82.25	6
9JKE	69	69.02	6
9JKE	70	59.11	6
9JKE	71	52.16	6
9JKE	72	57.54	6
9JKE	73	55.56	6
9JKE	74	52.5	6
9JKE	75	53.03	6
9JKE	76	54.89	6
9JKE	77	59.59	6
9JKE	78	58.35	6
9JKE	79	65.28	6
9JKE	80	63.3	6
9JKE	81	63.31	6
9JKE	82	71.95	6
9JKE	83	80.56	6
9JKE	84	80.53	6
9JKE	85	78.16	6
9JKE	86	71.95	6
9JKE	87	71.53	6
9JKE	88	65.49	6
9JKE	89	64.14	6
9JKE	90	60.66	6
9JKE	91	59.34	6
9JKE	92	64.25	6
9JKE	93	65.11	6
9JKE	94	73.95	6
9JKE	95	71.76	6
9JKE	96	88.46	6
9JKE	97	87.7	6
9JKE	98	88.66	6
9JST	125	31.36	8
9JST	126	27.08	8
9JST	127	24.46	8
9JST	128	22.81	8
9JST	129	22.07	8
9JST	130	20.65	8
9JST	131	22.99	8
9JST	132	22.35	8
9JST	133	22.18	8
9JST	134	20.97	8
9JST	135	19.9	8
9JST	136	18.67	8
9JST	137	18.17	8
9JST	138	19.16	8
9JST	139	19.45	8
9JST	140	20.1	8
9JST	141	22.49	8
9JST	142	25.53	8
9JST	143	23.47	8
9JST	144	22.24	8
9JST	145	26.65	8
9JST	146	26.51	8
9JST	147	36.57	8
9JST	148	41.53	8
9JST	149	48.17	8
9JST	150	53.49	8
9JST	151	55.61	8
9JST	152	53.21	8
9JST	153	52.85	8
9JST	154	47.39	8
9JST	155	46.94	8
9JST	156	39.34	8
9JST	157	39.0	8
9JST	158	47.35	8
9JST	159	54.12	8
9JSU	128	100.0	8
9JSU	129	100.0	8
9JSU	130	100.0	8
9JSU	131	100.0	8
9JSU	132	100.0	8
9JSU	133	100.0	8
9JSU	134	100.0	8
9JSU	135	100.0	8
9JSU	136	100.0	8
9JSU	137	100.0	8
9JSU	138	100.0	8
9JSU	139	100.0	8
9JSU	140	100.0	8
9JSU	141	75.82	8
9JSU	142	100.0	8
9JSU	143	100.0	8
9JSU	144	100.0	8
9JSU	145	100.0	8
9JSU	146	100.0	8
9JSU	147	100.0	8
9JSU	148	100.0	8
9JSU	149	100.0	8
9JSU	150	100.0	8
9JSU	151	100.0	8
9JSU	152	100.0	8
9JSU	153	100.0	8
9JSU	154	100.0	8
9JSU	155	100.0	8
9JSU	156	100.0	8
9JSU	157	100.0	8
9JSU	158	100.0	8
9JSU	159	100.0	8
9JSU	160	63.33	8
9JSV	126	100.0	8
9JSV	127	100.0	8
9JSV	128	100.0	8
9JSV	129	100.0	8
9JSV	130	90.38	8
9JSV	131	100.0	8
9JSV	132	100.0	8
9JSV	133	99.585	8
9JSV	134	100.0	8
9JSV	135	100.0	8
9JSV	136	100.0	8
9JSV	137	100.0	8
9JSV	138	100.0	8
9JSV	139	100.0	8
9JSV	140	100.0	8
9JSV	141	100.0	8
9JSV	142	100.0	8
9JSV	143	97.365	8
9JSV	144	100.0	8
9JSV	145	100.0	8
9JSV	146	100.0	8
9JSV	147	100.0	8
9JSV	148	100.0	8
9JSV	149	100.0	8
9JSV	150	100.0	8
9JSV	151	100.0	8
9JSV	152	100.0	8
9JSV	153	100.0	8
9JSV	154	100.0	8
9JSV	155	100.0	8
9JSV	156	100.0	8
9JSV	157	100.0	8
9JSV	158	100.0	8
9JSV	159	88.865	8
9JSW	125	31.36	8
9JSW	126	27.08	8
9JSW	127	24.46	8
9JSW	128	22.81	8
9JSW	129	22.07	8
9JSW	130	20.65	8
9JSW	131	22.99	8
9JSW	132	22.35	8
9JSW	133	22.18	8
9JSW	134	20.97	8
9JSW	135	19.9	8
9JSW	136	18.67	8
9JSW	137	18.17	8
9JSW	138	19.16	8
9JSW	139	19.45	8
9JSW	140	20.1	8
9JSW	141	22.49	8
9JSW	142	25.53	8
9JSW	143	23.47	8
9JSW	144	22.24	8
9JSW	145	26.65	8
9JSW	146	26.51	8
9JSW	147	36.57	8
9JSW	148	41.53	8
9JSW	149	48.17	8
9JSW	150	53.49	8
9JSW	151	55.61	8
9JSW	152	53.21	8
9JSW	153	52.85	8
9JSW	154	47.39	8
9JSW	155	46.94	8
9JSW	156	39.34	8
9JSW	157	39.0	8
9JSW	158	47.35	8
9JSW	159	54.12	8
9JSX	126	100.0	8
9JSX	127	100.0	8
9JSX	128	100.0	8
9JSX	129	100.0	8
9JSX	130	90.38	8
9JSX	131	100.0	8
9JSX	132	100.0	8
9JSX	133	99.585	8
9JSX	134	100.0	8
9JSX	135	100.0	8
9JSX	136	100.0	8
9JSX	137	100.0	8
9JSX	138	100.0	8
9JSX	139	100.0	8
9JSX	140	100.0	8
9JSX	141	100.0	8
9JSX	142	100.0	8
9JSX	143	97.365	8
9JSX	144	100.0	8
9JSX	145	100.0	8
9JSX	146	100.0	8
9JSX	147	100.0	8
9JSX	148	100.0	8
9JSX	149	100.0	8
9JSX	150	100.0	8
9JSX	151	100.0	8
9JSX	152	100.0	8
9JSX	153	100.0	8
9JSX	154	100.0	8
9JSX	155	100.0	8
9JSX	156	100.0	8
9JSX	157	100.0	8
9JSX	158	100.0	8
9JSX	159	88.865	8
9K0D	8	83.645	6
9K0D	9	86.688	12
9K0D	10	83.573	12
9K0D	11	76.614	12
9K0D	12	68.164	12
9K0D	13	65.81	12
9K0D	14	60.138	12
9K0D	15	56.777	12
9K0D	16	51.374	12
9K0D	17	50.235	12
9K0D	18	50.738	12
9K0D	19	55.347	12
9K0D	20	58.136	12
9K0D	21	60.736	12
9K0D	22	43.61	6
9K0D	23	38.192	6
9K0D	24	33.513	6
9K0D	25	30.502	6
9K0D	26	60.977	12
9K0D	27	56.678	12
9K0D	28	58.525	12
9K0D	29	53.172	12
9K0D	30	44.622	12
9K0D	31	39.14	12
9K0D	32	33.058	12
9K0D	33	30.992	12
9K0D	34	31.968	12
9K0D	35	35.003	12
9K0D	36	33.112	12
9K0D	37	34.112	12
9K0D	38	34.792	12
9K0D	39	35.399	12
9K0D	40	37.663	12
9K0D	41	42.742	12
9K0D	42	48.96	12
9K0E	11	114.736	12
9K0E	12	111.299	12
9K0E	13	105.332	12
9K0E	14	95.539	12
9K0E	15	88.043	12
9K0E	16	77.943	12
9K0E	17	78.132	12
9K0E	18	76.954	12
9K0E	19	81.362	12
9K0E	20	44.903	6
9K0E	21	49.062	6
9K0E	22	51.697	6
9K0E	23	45.788	6
9K0E	24	40.988	6
9K0E	25	37.45	6
9K0E	26	37.453	6
9K0E	27	33.643	6
9K0E	28	40.198	6
9K0E	29	37.035	6
9K0E	30	33.567	6
9K0E	31	31.178	6
9K0E	32	29.397	6
9K0E	33	29.017	6
9K0E	34	31.377	6
9K0E	35	32.477	6
9K0E	36	30.373	6
9K0E	37	29.892	6
9K0E	38	29.288	6
9K0E	39	29.92	6
9K0E	40	29.863	6
9K0E	41	35.118	6
9K0E	42	43.268	6
9K0F	8	91.143	3
9K0F	9	94.53	6
9K0F	10	89.8	6
9K0F	11	82.423	6
9K0F	12	83.257	9
9K0F	13	80.547	9
9K0F	14	73.557	9
9K0F	15	67.394	9
9K0F	16	58.836	9
9K0F	17	56.819	9
9K0F	18	55.632	9
9K0F	19	60.299	9
9K0F	20	61.806	9
9K0F	21	65.732	9
9K0F	22	59.752	6
9K0F	23	55.337	6
9K0F	24	50.692	6
9K0F	25	47.612	6
9K0F	26	65.226	9
9K0F	27	61.576	9
9K0F	28	63.254	9
9K0F	29	58.608	9
9K0F	30	52.253	9
9K0F	31	49.168	9
9K0F	32	44.526	9
9K0F	33	42.717	9
9K0F	34	43.081	9
9K0F	35	45.101	9
9K0F	36	42.697	9
9K0F	37	42.821	9
9K0F	38	43.486	9
9K0F	39	42.036	9
9K0F	40	43.398	9
9K0F	41	46.848	9
9K0F	42	53.948	9
9K23	33	90.74	6
9K23	34	85.877	6
9K23	35	81.27	6
9K23	36	67.6	6
9K23	37	57.313	6
9K23	38	51.892	6
9K23	39	50.425	6
9K23	40	46.893	6
9K23	41	48.328	6
9K23	42	53.093	6
9K23	43	56.197	6
9K23	44	58.235	6
9K23	45	58.687	6
9K23	46	62.003	6
9K23	47	54.557	6
9K23	48	49.595	6
9K23	49	49.352	6
9K23	50	50.81	6
9K23	51	50.942	6
9K23	52	52.297	6
9K23	53	56.187	6
9K23	54	58.927	6
9K23	55	58.607	6
9K23	56	62.357	6
9K23	57	68.842	6
9K23	58	68.737	6
9K23	59	67.328	6
9K23	60	68.482	6
9K23	61	66.658	6
9K23	62	59.925	6
9K23	63	57.48	6
9K23	64	56.887	6
9K23	65	53.322	6
9K23	66	50.257	6
9K23	67	50.792	6
9K23	68	49.835	6
9K23	69	48.803	6
9K23	70	47.942	6
9K23	71	47.535	6
9K23	72	50.497	6
9K23	73	52.595	6
9K23	74	54.322	6
9K23	75	54.488	6
9K23	76	48.518	6
9K23	77	45.052	6
9K23	78	46.367	6
9K23	79	48.782	6
9K23	80	52.795	6
9K23	81	60.658	6
9K23	82	65.132	6
9K23	83	74.295	6
9K23	84	73.22	6
9K23	85	71.983	6
9K23	86	70.51	6
9K23	87	69.917	6
9K23	88	65.985	6
9K23	89	62.033	6
9K23	90	61.933	6
9K23	91	57.723	6
9K23	92	58.947	6
9K23	93	60.337	6
9K23	94	62.722	6
9K23	95	62.773	6
9K23	96	65.793	6
9K23	97	74.688	6
9K23	98	81.97	6
9K24	34	91.41	6
9K24	35	92.05	6
9K24	36	87.62	6
9K24	37	80.24	6
9K24	38	69.54	6
9K24	39	71.89	6
9K24	40	64.95	6
9K24	41	66.64	6
9K24	42	62.93	6
9K24	43	64.88	6
9K24	44	62.05	6
9K24	45	66.86	6
9K24	46	69.81	6
9K24	47	71.54	6
9K24	48	70.08	6
9K24	49	67.21	6
9K24	50	67.12	6
9K24	51	67.01	6
9K24	52	66.56	6
9K24	53	66.16	6
9K24	54	67.24	6
9K24	55	71.79	6
9K24	56	74.15	6
9K24	57	78.29	6
9K24	58	77.81	6
9K24	59	77.95	6
9K24	60	78.05	6
9K24	61	75.82	6
9K24	62	68.06	6
9K24	63	67.58	6
9K24	64	60.04	6
9K24	65	58.94	6
9K24	66	53.96	6
9K24	67	59.82	6
9K24	68	62.96	6
9K24	69	61.04	6
9K24	70	58.15	6
9K24	71	64.7	6
9K24	72	67.83	6
9K24	73	72.2	6
9K24	74	71.98	6
9K24	75	72.56	6
9K24	76	67.34	6
9K24	77	65.13	6
9K24	78	61.59	6
9K24	79	69.33	6
9K24	80	65.74	6
9K24	81	63.79	6
9K24	82	69.47	6
9K24	83	77.96	6
9K24	84	87.12	6
9K24	85	93.93	6
9K24	86	95.16	6
9K24	87	91.15	6
9K24	88	84.29	6
9K24	89	83.67	6
9K24	90	73.6	6
9K24	91	76.44	6
9K24	92	80.75	6
9K24	93	82.82	6
9K24	94	83.96	6
9K24	95	87.91	6
9K24	96	87.95	6
9K24	97	91.07	6
9K8T	45	83.358	6
9K8T	46	77.78	6
9K8T	47	70.032	6
9K8T	48	66.615	6
9K8T	49	67.925	6
9K8T	50	77.269	12
9K8T	51	73.61	12
9K8T	52	65.95	12
9K8T	53	60.508	12
9K8T	54	55.172	12
9K8T	55	52.883	12
9K8T	56	50.484	12
9K8T	57	51.926	12
9K8T	58	54.812	12
9K8T	59	57.008	12
9K8T	60	58.456	12
9K8T	61	62.466	12
9K8T	62	67.035	12
9K8T	63	77.111	12
9K8T	64	83.573	12
9K8T	65	89.356	12
9K8T	66	93.491	12
9K8T	67	100.178	12
9K8T	68	106.901	12
9K8T	69	112.238	12
9KA3	37	57.18	6
9KA3	38	56.99	6
9KA3	39	52.99	6
9KA3	40	53.88	6
9KA3	41	55.57	6
9KA3	42	61.41	6
9KA3	43	65.01	6
9KA3	44	65.45	6
9KA3	45	63.23	6
9KA3	46	67.75	6
9KA3	47	64.99	6
9KA3	48	63.12	6
9KA3	49	63.98	6
9KA3	50	67.76	6
9KA3	51	71.92	6
9KA3	52	74.04	6
9KA3	53	80.45	6
9KA3	54	80.96	6
9KA3	55	81.68	6
9KA3	56	81.36	6
9KA3	57	82.37	6
9KA3	58	80.15	6
9KA3	59	79.99	6
9KA3	60	78.3	6
9KA3	61	76.45	6
9KA3	62	71.17	6
9KA3	63	68.07	6
9KA3	64	69.12	6
9KA3	65	69.18	6
9KA3	66	67.26	6
9KA3	67	66.61	6
9KA3	68	64.04	6
9KA3	69	59.14	6
9KA3	70	61.15	6
9KA3	71	64.27	6
9KA3	72	68.35	6
9KA3	73	66.19	6
9KA3	74	65.32	6
9KA3	75	62.57	6
9KA3	76	59.18	6
9KA3	77	58.94	6
9KA3	78	59.25	6
9KA3	79	59.54	6
9KA3	80	64.11	6
9KA3	81	65.07	6
9KA3	82	62.7	6
9KA3	83	66.31	6
9KA3	84	62.63	6
9KA3	85	60.92	6
9KA3	86	58.4	6
9KA3	87	56.38	6
9KA3	88	53.54	6
9KA3	89	55.79	6
9KA3	90	58.28	6
9KA3	91	62.35	6
9KA3	92	66.67	6
9KA3	93	68.75	6
9KA3	94	76.08	6
9KA3	95	74.92	6
9KA3	96	78.75	6
9KA3	97	80.35	6
9KA4	37	86.903	6
9KA4	38	83.885	6
9KA4	39	88.082	6
9KA4	40	88.35	6
9KA4	41	88.397	6
9KA4	42	87.843	6
9KA4	43	88.928	6
9KA4	44	86.267	6
9KA4	45	85.273	6
9KA4	46	89.878	6
9KA4	47	86.988	6
9KA4	48	82.76	6
9KA4	49	84.177	6
9KA4	50	80.578	6
9KA4	51	82.253	6
9KA4	52	80.262	6
9KA4	53	84.927	6
9KA4	54	85.19	6
9KA4	55	89.735	6
9KA4	56	93.182	6
9KA4	57	102.042	6
9KA4	58	100.917	6
9KA4	59	94.937	6
9KA4	60	88.098	6
9KA4	61	79.545	6
9KA4	62	78.133	6
9KA4	63	82.57	6
9KA4	64	89.912	6
9KA4	65	94.205	6
9KA4	66	98.085	6
9KA4	67	99.045	6
9KA4	68	96.872	6
9KA4	69	90.762	6
9KA4	70	85.772	6
9KA4	71	82.832	6
9KA4	72	82.563	6
9KA4	73	91.663	6
9KA4	74	94.155	6
9KA4	75	103.038	6
9KA4	76	105.633	6
9KA4	77	109.055	6
9KA4	78	102.682	6
9KA4	79	102.148	6
9KA4	80	105.828	6
9KA4	81	111.225	6
9KA4	82	114.098	6
9KA4	83	121.965	6
9KA4	84	121.077	6
9KA4	85	119.677	6
9KA4	86	114.548	6
9KA4	87	114.537	6
9KA4	88	107.745	6
9KA4	89	102.758	6
9KA4	90	99.958	6
9KA4	91	100.372	6
9KA4	92	98.147	6
9KA4	93	99.235	6
9KA4	94	106.888	6
9KA4	95	110.798	6
9KA4	96	107.248	6
9KA4	97	115.055	6
9KA4	98	120.53	6
9KAL	37	103.64	3
9KAL	38	101.643	3
9KAL	39	97.53	3
9KAL	40	99.043	3
9KAL	41	92.977	3
9KAL	42	86.617	3
9KAL	43	76.98	3
9KAL	44	68.667	3
9KAL	45	59.593	3
9KAL	46	62.207	3
9KAL	47	56.59	3
9KAL	48	53.987	3
9KAL	49	53.26	3
9KAL	50	57.007	3
9KAL	51	62.077	3
9KAL	52	64.317	3
9KAL	53	68.34	3
9KAL	54	67.93	3
9KAL	55	66.11	3
9KAL	56	65.963	3
9KAL	57	69.923	3
9KAL	58	68.597	3
9KAL	59	73.04	3
9KAL	60	73.483	3
9KAL	61	67.747	3
9KAL	62	64.95	3
9KAL	63	58.777	3
9KAL	64	62.097	3
9KAL	65	64.53	3
9KAL	66	63.733	3
9KAL	67	65.973	3
9KAL	68	64.253	3
9KAL	69	60.69	3
9KAL	70	59.97	3
9KAL	71	64.69	3
9KAL	72	70.44	3
9KAL	73	76.907	3
9KAL	74	78.94	3
9KAL	75	75.777	3
9KAL	76	62.287	3
9KAL	77	57.52	3
9KAL	78	57.423	3
9KAL	79	57.86	3
9KAL	80	60.677	3
9KAL	81	66.987	3
9KAL	82	68.827	3
9KAL	83	74.783	3
9KAL	84	74.187	3
9KAL	85	76.287	3
9KAL	86	73.35	3
9KAL	87	72.083	3
9KAL	88	66.33	3
9KAL	89	66.64	3
9KAL	90	64.293	3
9KAL	91	66.09	3
9KAL	92	65.347	3
9KAL	93	62.713	3
9KAL	94	64.573	3
9KAL	95	66.9	3
9KAL	96	72.05	3
9KAL	97	82.067	3
9KAL	98	91.86	3
9KAL	99	101.303	3
9KAL	100	103.55	3
9KC2	38	93.637	6
9KC2	39	93.99	6
9KC2	40	91.483	6
9KC2	41	87.397	6
9KC2	42	80.807	6
9KC2	43	74.907	6
9KC2	44	63.307	6
9KC2	45	50.74	6
9KC2	46	47.507	6
9KC2	47	41.56	6
9KC2	48	39.237	6
9KC2	49	36.45	6
9KC2	50	37.64	6
9KC2	51	38.21	6
9KC2	52	38.113	6
9KC2	53	37.997	6
9KC2	54	41.217	6
9KC2	55	40.357	6
9KC2	56	41.213	6
9KC2	57	43.78	6
9KC2	58	44.127	6
9KC2	59	45.77	6
9KC2	60	46.59	6
9KC2	61	45.827	6
9KC2	62	42.653	6
9KC2	63	39.673	6
9KC2	64	39.47	6
9KC2	65	39.493	6
9KC2	66	39.79	6
9KC2	67	41.29	6
9KC2	68	42.183	6
9KC2	69	42.053	6
9KC2	70	41.24	6
9KC2	71	42.223	6
9KC2	72	43.357	6
9KC2	73	41.99	6
9KC2	74	40.21	6
9KC2	75	41.157	6
9KC2	76	40.787	6
9KC2	77	40.297	6
9KC2	78	39.877	6
9KC2	79	41.677	6
9KC2	80	43.41	6
9KC2	81	46.397	6
9KC2	82	49.003	6
9KC2	83	52.917	6
9KC2	84	52.01	6
9KC2	85	50.513	6
9KC2	86	44.953	6
9KC2	87	44.213	6
9KC2	88	40.037	6
9KC2	89	41.203	6
9KC2	90	41.51	6
9KC2	91	43.687	6
9KC2	92	44.917	6
9KC2	93	45.587	6
9KC2	94	50.833	6
9KC2	95	56.173	6
9KC2	96	62.057	6
9KC2	97	63.36	6
9KC2	98	67.4	6
9KCN	37	89.895	12
9KCN	38	87.143	12
9KCN	39	82.959	12
9KCN	40	75.183	12
9KCN	41	66.687	12
9KCN	42	61.729	12
9KCN	43	58.352	12
9KCN	44	60.066	12
9KCN	45	59.672	12
9KCN	46	62.959	12
9KCN	47	60.198	12
9KCN	48	59.297	12
9KCN	49	57.86	12
9KCN	50	59.697	12
9KCN	51	60.466	12
9KCN	52	59.932	12
9KCN	53	60.635	12
9KCN	54	62.453	12
9KCN	55	61.99	12
9KCN	56	63.237	12
9KCN	57	68.075	12
9KCN	58	69.388	12
9KCN	59	69.634	12
9KCN	60	70.302	12
9KCN	61	72.692	12
9KCN	62	71.078	12
9KCN	63	70.125	12
9KCN	64	71.095	12
9KCN	65	71.112	12
9KCN	66	72.633	12
9KCN	67	75.816	12
9KCN	68	73.884	12
9KCN	69	71.426	12
9KCN	70	68.825	12
9KCN	71	66.603	12
9KCN	72	67.932	12
9KCN	73	65.651	12
9KCN	74	63.568	12
9KCN	75	64.826	12
9KCN	76	62.404	12
9KCN	77	60.726	12
9KCN	78	60.842	12
9KCN	79	62.493	12
9KCN	80	63.791	12
9KCN	81	69.46	12
9KCN	82	73.627	12
9KCN	83	79.81	12
9KCN	84	75.413	12
9KCN	85	73.035	12
9KCN	86	69.609	12
9KCN	87	64.978	12
9KCN	88	62.608	12
9KCN	89	64.437	12
9KCN	90	66.737	12
9KCN	91	73.119	12
9KCN	92	78.261	12
9KCN	93	85.304	12
9KCN	94	90.662	12
9KCN	95	92.223	12
9KCN	96	97.408	12
9KCN	97	104.461	12
9KCN	98	108.211	12
9KCO	37	63.26	12
9KCO	38	60.88	12
9KCO	39	59.89	12
9KCO	40	59.23	12
9KCO	41	58.2	12
9KCO	42	58.53	12
9KCO	43	59.96	12
9KCO	44	54.86	12
9KCO	45	53.21	12
9KCO	46	54.75	12
9KCO	47	50.25	12
9KCO	48	48.91	12
9KCO	49	49.22	12
9KCO	50	51.48	12
9KCO	51	57.41	12
9KCO	52	55.56	12
9KCO	53	62.58	12
9KCO	54	67.04	12
9KCO	55	74.32	12
9KCO	56	81.62	12
9KCO	57	88.4	12
9KCO	58	86.96	12
9KCO	59	84.23	12
9KCO	60	80.36	12
9KCO	61	75.7	12
9KCO	62	68.5	12
9KCO	63	65.87	12
9KCO	64	63.58	12
9KCO	65	63.29	12
9KCO	66	65.99	12
9KCO	67	67.61	12
9KCO	68	67.31	12
9KCO	69	64.08	12
9KCO	70	63.63	12
9KCO	71	66.28	12
9KCO	72	69.99	12
9KCO	73	68.48	12
9KCO	74	62.2	12
9KCO	75	60.73	12
9KCO	76	51.29	12
9KCO	77	50.79	12
9KCO	78	52.16	12
9KCO	79	54.24	12
9KCO	80	61.03	12
9KCO	81	65.09	12
9KCO	82	64.24	12
9KCO	83	73.59	12
9KCO	84	71.73	12
9KCO	85	69.83	12
9KCO	86	65.39	12
9KCO	87	66.44	12
9KCO	88	64.26	12
9KCO	89	63.6	12
9KCO	90	63.77	12
9KCO	91	67.75	12
9KCO	92	67.24	12
9KCO	93	68.63	12
9KCO	94	72.31	12
9KCO	95	72.02	12
9KCO	96	70.99	12
9KCO	97	73.08	12
9KCO	98	75.34	12
9KCP	37	85.355	6
9KCP	38	81.73	6
9KCP	39	77.873	6
9KCP	40	73.217	6
9KCP	41	69.248	6
9KCP	42	61.5	6
9KCP	43	58.152	6
9KCP	44	50.76	6
9KCP	45	41.243	6
9KCP	46	38.873	6
9KCP	47	30.337	6
9KCP	48	27.075	6
9KCP	49	23.29	6
9KCP	50	23.622	6
9KCP	51	21.328	6
9KCP	52	19.108	6
9KCP	53	18.817	6
9KCP	54	20.332	6
9KCP	55	22.26	6
9KCP	56	25.667	6
9KCP	57	31.717	6
9KCP	58	35.273	6
9KCP	59	38.697	6
9KCP	60	40.382	6
9KCP	61	43.052	6
9KCP	62	39.915	6
9KCP	63	35.988	6
9KCP	64	35.193	6
9KCP	65	34.867	6
9KCP	66	35.96	6
9KCP	67	38.465	6
9KCP	68	38.107	6
9KCP	69	34.745	6
9KCP	70	31.617	6
9KCP	71	29.817	6
9KCP	72	29.353	6
9KCP	73	26.937	6
9KCP	74	24.923	6
9KCP	75	25.723	6
9KCP	76	23.445	6
9KCP	77	24.672	6
9KCP	78	26.173	6
9KCP	79	30.752	6
9KCP	80	35.242	6
9KCP	81	38.698	6
9KCP	82	42.01	6
9KCP	83	45.708	6
9KCP	84	42.667	6
9KCP	85	40.71	6
9KCP	86	38.35	6
9KCP	87	35.918	6
9KCP	88	34.143	6
9KCP	89	32.69	6
9KCP	90	33.215	6
9KCP	91	35.127	6
9KCP	92	39.662	6
9KCP	93	44.875	6
9KCP	94	51.835	6
9KCP	95	56.825	6
9KCP	96	60.337	6
9KCP	97	67.325	6
9LI1	2	174.67	3
9LI1	3	167.45	3
9LI1	4	168.64	3
9LI1	5	153.89	3
9LI1	6	155.62	3
9LI1	7	162.78	3
9LI1	8	162.08	3
9LI1	9	166.45	3
9LI1	10	178.37	3
9LI1	11	178.42	3
9LI1	12	181.98	3
9LI1	13	165.15	3
9LI1	14	150.74	3
9LI1	15	146.16	3
9LI1	16	140.18	3
9LI1	17	133.92	3
9LI1	18	124.47	3
9LI1	19	124.26	3
9LI1	20	138.21	3
9LI1	21	151.89	3
9LI1	22	154.28	3
9LI1	23	148.58	3
9LI1	24	142.14	3
9LI1	25	137.83	3
9LI1	26	136.08	3
9LI1	27	133.65	3
9LI1	28	122.51	3
9LI1	29	125.38	3
9LI1	30	122.05	3
9LI1	31	111.77	3
9LI1	32	117.17	3
9LI1	33	113.81	3
9LI1	34	122.31	3
9LI1	35	134.33	3
9LI1	36	131.89	3
9LI1	37	130.91	3
9LI1	38	135.52	3
9LI1	39	156.56	3
9LI1	40	165.73	3
9LI1	41	169.37	3
9LI1	83	163.0	3
9LI1	84	193.85	3
9LI1	85	186.46	3
9LI1	86	185.94	3
9LI1	87	171.42	3
9LI1	88	147.13	3
9LI1	89	144.49	3
9LI1	90	139.88	3
9LI1	91	147.13	3
9LI1	92	152.56	3
9LI1	93	161.72	3
9LI1	94	150.08	3
9LI1	95	145.38	3
9LI1	96	147.02	3
9LI1	97	141.86	3
9LI1	98	127.91	3
9LI1	99	123.62	3
9LI1	100	123.89	3
9LI1	101	135.04	3
9LI1	102	129.46	3
9LI1	103	123.64	3
9LI1	104	119.61	3
9LI1	105	114.35	3
9LI1	106	120.26	3
9LI1	107	112.67	3
9LI1	108	116.67	3
9LI1	109	130.96	3
9LI1	110	143.99	3
9LI1	111	145.98	3
9LI1	112	140.83	3
9LI1	113	140.9	3
9LI1	114	133.55	3
9LI1	115	146.48	3
9LI1	116	150.9	3
9LI1	117	160.96	3
9LI1	118	174.19	3
9LI1	119	180.3	3
9LI1	120	187.24	3
9LI1	121	182.05	3
9LI1	122	178.59	3
9LIV	8	114.38	3
9LIV	9	110.5	3
9LIV	10	104.36	3
9LIV	11	97.73	3
9LIV	12	89.21	3
9LIV	13	80.78	3
9LIV	14	78.26	3
9LIV	15	71.02	3
9LIV	16	66.98	3
9LIV	17	67.4	3
9LIV	18	61.24	3
9LIV	19	60.02	3
9LIV	20	59.48	3
9LIV	21	63.15	3
9LIV	22	66.33	3
9LIV	23	63.99	3
9LIV	24	62.76	3
9LIV	25	65.57	3
9LIV	26	65.18	3
9LIV	27	67.61	3
9LIV	28	69.85	3
9LIV	29	70.14	3
9LIV	30	71.36	3
9LIV	31	73.25	3
9LIV	32	65.53	3
9LIV	33	64.85	3
9LIV	34	61.66	3
9LIV	35	63.35	3
9LIV	36	68.88	3
9LIV	37	76.79	3
9LIV	38	82.06	3
9LIV	39	83.54	3
9LIV	40	90.82	3
9LIV	41	96.86	3
9LIV	42	95.84	3
9LIV	43	94.76	3
9LIV	44	89.5	3
9LIV	45	84.63	3
9LIV	46	80.67	3
9LIV	47	77.3	3
9LIV	48	73.52	3
9LIV	49	73.01	3
9LIV	50	73.22	3
9LIV	51	73.25	3
9LIV	52	78.5	3
9LIV	53	79.25	3
9LIV	54	82.7	3
9LIV	55	86.14	3
9LIV	56	88.58	3
9LIV	57	96.89	3
9LIV	58	102.63	3
9LIV	59	101.11	3
9LIV	60	101.68	3
9LIV	61	99.44	3
9LIV	62	95.41	3
9LIV	63	85.39	3
9LIV	64	84.25	3
9LIV	65	80.64	3
9LIV	66	77.32	3
9LIV	67	76.7	3
9LIV	68	75.5	3
9LIV	69	77.38	3
9LIV	70	80.34	3
9LIV	71	83.56	3
9LIV	72	82.35	3
9LIV	73	81.27	3
9LIV	74	76.02	3
9LIV	75	75.17	3
9LIV	76	74.23	3
9LIV	77	75.86	3
9LIV	78	74.54	3
9LIV	79	74.53	3
9LIV	80	78.17	3
9LIV	81	83.54	3
9LIV	82	84.86	3
9LIV	83	80.56	3
9LIV	84	75.64	3
9LIV	85	75.42	3
9LIV	86	72.85	3
9LIV	87	70.47	3
9LIV	88	64.6	3
9LIV	89	63.79	3
9LIV	90	64.25	3
9LIV	91	65.33	3
9LIV	92	64.69	3
9LIV	93	71.1	3
9LIV	94	74.07	3
9LIV	95	69.47	3
9LIV	96	67.61	3
9LIV	97	70.72	3
9LIV	98	71.05	3
9LIV	99	72.46	3
9LIV	100	74.51	3
9LIV	101	74.43	3
9LIV	102	79.08	3
9LIV	103	81.28	3
9LIV	104	84.77	3
9LIV	105	91.24	3
9LIV	106	94.25	3
9LIV	107	101.27	3
9LIV	108	104.98	3
9LIV	109	109.26	3
9LIW	8	30.0	3
9LIW	9	30.0	3
9LIW	10	70.06	3
9LIW	11	67.88	3
9LIW	12	63.55	3
9LIW	13	59.6	3
9LIW	14	58.12	3
9LIW	15	55.38	3
9LIW	16	52.81	3
9LIW	17	54.39	3
9LIW	18	52.47	3
9LIW	19	51.2	3
9LIW	20	49.92	3
9LIW	21	51.66	3
9LIW	22	55.39	3
9LIW	23	54.42	3
9LIW	24	53.32	3
9LIW	25	53.75	3
9LIW	26	55.4	3
9LIW	27	55.31	3
9LIW	28	56.7	3
9LIW	29	59.05	3
9LIW	30	62.6	3
9LIW	31	62.69	3
9LIW	32	61.15	3
9LIW	33	59.22	3
9LIW	34	55.15	3
9LIW	35	53.92	3
9LIW	36	54.69	3
9LIW	37	57.99	3
9LIW	38	63.6	3
9LIW	39	66.1	3
9LIW	40	67.87	3
9LIW	41	68.69	3
9LIW	42	69.02	3
9LIW	43	67.4	3
9LIW	44	62.54	3
9LIW	45	61.68	3
9LIW	46	58.47	3
9LIW	47	54.58	3
9LIW	48	54.14	3
9LIW	49	53.87	3
9LIW	50	55.15	3
9LIW	51	55.71	3
9LIW	52	55.67	3
9LIW	53	57.62	3
9LIW	54	58.82	3
9LIW	55	62.33	3
9LIW	56	64.89	3
9LIW	57	72.28	3
9LIW	58	75.25	3
9LIW	59	73.92	3
9LIW	60	75.41	3
9LIW	61	74.17	3
9LIW	62	72.45	3
9LIW	63	66.2	3
9LIW	64	64.91	3
9LIW	65	61.7	3
9LIW	66	60.28	3
9LIW	67	58.71	3
9LIW	68	60.19	3
9LIW	69	60.98	3
9LIW	70	62.61	3
9LIW	71	63.72	3
9LIW	72	60.46	3
9LIW	73	57.65	3
9LIW	74	53.47	3
9LIW	75	51.97	3
9LIW	76	53.12	3
9LIW	77	53.08	3
9LIW	78	52.94	3
9LIW	79	53.33	3
9LIW	80	56.23	3
9LIW	81	59.9	3
9LIW	82	62.21	3
9LIW	83	61.46	3
9LIW	84	58.22	3
9LIW	85	55.9	3
9LIW	86	53.38	3
9LIW	87	52.15	3
9LIW	88	47.81	3
9LIW	89	47.83	3
9LIW	90	47.51	3
9LIW	91	48.12	3
9LIW	92	48.58	3
9LIW	93	54.96	3
9LIW	94	56.12	3
9LIW	95	53.28	3
9LIW	96	51.11	3
9LIW	97	53.49	3
9LIW	98	52.15	3
9LIW	99	53.79	3
9LIW	100	54.98	3
9LIW	101	55.95	3
9LIW	102	58.47	3
9LIW	103	60.45	3
9LIW	104	62.05	3
9LIW	105	67.74	3
9LIW	106	71.43	3
9LIW	107	75.67	3
9LIW	108	80.21	3
9LIW	109	82.93	3
9LIX	16	64.325	6
9LIX	17	61.84	6
9LIX	18	56.155	6
9LIX	19	53.22	6
9LIX	20	49.55	6
9LIX	21	50.415	6
9LIX	22	49.21	6
9LIX	23	46.855	6
9LIX	24	47.145	6
9LIX	25	46.805	6
9LIX	26	46.535	6
9LIX	27	48.365	6
9LIX	28	47.58	6
9LIX	29	50.44	6
9LIX	30	50.275	6
9LIX	31	48.96	6
9LIX	32	46.14	6
9LIX	33	45.875	6
9LIX	34	44.02	6
9LIX	35	45.495	6
9LIX	36	49.3	6
9LIX	37	52.145	6
9LIX	38	54.345	6
9LIX	39	57.58	6
9LIX	40	60.925	6
9LIX	41	63.65	6
9LIX	42	66.265	6
9LIX	43	68.055	6
9LIX	44	66.805	6
9LIX	45	65.01	6
9LIX	46	60.53	6
9LIX	47	56.905	6
9LIX	48	56.245	6
9LIX	49	54.455	6
9LIX	50	57.34	6
9LIX	51	59.485	6
9LIX	52	64.835	6
9LIX	53	66.62	6
9LIX	54	71.755	6
9LIX	61	81.28	6
9LIX	62	76.355	6
9LIX	63	75.775	6
9LIX	64	73.38	6
9LIX	65	73.47	6
9LIX	66	73.93	6
9LIX	67	76.05	6
9LIX	68	75.62	6
9LIX	69	73.755	6
9LIX	70	72.085	6
9LIX	71	67.48	6
9LIX	72	60.38	6
9LIX	73	56.59	6
9LIX	74	51.74	6
9LIX	75	49.895	6
9LIX	76	47.39	6
9LIX	77	46.275	6
9LIX	78	46.605	6
9LIX	79	47.445	6
9LIX	80	49.42	6
9LIX	81	53.435	6
9LIX	82	58.23	6
9LIX	83	62.54	6
9LIX	84	64.865	6
9LIX	85	58.88	6
9LIX	86	56.66	6
9LIX	87	48.82	6
9LIX	88	50.52	6
9LIX	89	50.47	6
9LIX	90	53.835	6
9LIX	91	59.41	6
9LIX	92	63.085	6
9LIX	93	68.015	6
9LIX	94	70.39	6
9LIX	95	71.535	6
9LIX	96	72.56	6
9LIX	97	73.465	6
9LIX	98	67.215	6
9LIX	99	62.88	6
9LIX	100	63.345	6
9LIX	101	62.775	6
9LIX	102	68.07	6
9LIX	103	69.6	6
9LIX	104	72.195	6
9LIX	105	75.52	6
9LIX	106	78.61	6
9LIX	107	78.605	6
9LIX	108	83.105	6
9LIX	109	86.12	6
9LIX	110	88.31	6
9LIY	16	73.145	6
9LIY	17	65.435	6
9LIY	18	59.64	6
9LIY	19	56.97	6
9LIY	20	51.243	6
9LIY	21	52.775	6
9LIY	22	54.587	6
9LIY	23	50.612	6
9LIY	24	49.617	6
9LIY	25	49.195	6
9LIY	26	47.24	6
9LIY	27	47.573	6
9LIY	28	44.802	6
9LIY	29	47.777	6
9LIY	30	47.367	6
9LIY	31	45.393	6
9LIY	32	40.592	6
9LIY	33	40.587	6
9LIY	34	37.6	6
9LIY	35	38.238	6
9LIY	36	37.147	6
9LIY	37	39.975	6
9LIY	38	39.398	6
9LIY	39	45.105	6
9LIY	40	46.65	6
9LIY	41	48.573	6
9LIY	42	51.322	6
9LIY	43	52.963	6
9LIY	44	51.74	6
9LIY	45	50.033	6
9LIY	46	48.318	6
9LIY	47	46.273	6
9LIY	48	48.078	6
9LIY	49	46.115	6
9LIY	50	49.365	6
9LIY	51	52.668	6
9LIY	52	55.055	6
9LIY	53	59.572	6
9LIY	54	64.403	6
9LIY	70	69.785	6
9LIY	71	65.87	6
9LIY	72	57.753	6
9LIY	73	52.23	6
9LIY	74	46.095	6
9LIY	75	42.022	6
9LIY	76	40.985	6
9LIY	77	42.552	6
9LIY	78	42.353	6
9LIY	79	44.607	6
9LIY	80	48.298	6
9LIY	81	52.512	6
9LIY	82	57.627	6
9LIY	83	63.658	6
9LIY	84	67.763	6
9LIY	85	64.68	6
9LIY	86	62.33	6
9LIY	87	55.777	6
9LIY	88	59.512	6
9LIY	89	61.103	6
9LIY	90	69.078	6
9LIY	91	75.917	6
9LIY	92	79.95	6
9LIY	93	84.088	6
9LIY	94	84.592	6
9LIY	95	84.282	6
9LIY	96	82.322	6
9LIY	97	81.49	6
9LIY	98	76.185	6
9LIY	99	73.292	6
9LIY	100	70.782	6
9LIY	101	66.842	6
9LIY	102	70.853	6
9LIY	103	74.438	6
9LIY	104	78.127	6
9LIY	105	82.853	6
9LIY	106	85.968	6
9LIY	107	86.337	6
9LIY	108	88.89	6
9LIY	109	91.117	6
9LIY	110	92.51	6
9LJ0	17	76.3	3
9LJ0	18	72.53	3
9LJ0	19	71.19	3
9LJ0	20	67.79	3
9LJ0	21	67.16	3
9LJ0	22	65.75	3
9LJ0	23	65.35	3
9LJ0	24	63.98	3
9LJ0	25	62.59	3
9LJ0	26	61.01	3
9LJ0	27	57.94	3
9LJ0	28	56.7	3
9LJ0	29	56.97	3
9LJ0	30	56.68	3
9LJ0	31	55.69	3
9LJ0	32	54.45	3
9LJ0	33	53.13	3
9LJ0	34	52.28	3
9LJ0	35	52.85	3
9LJ0	36	54.63	3
9LJ0	37	55.71	3
9LJ0	38	58.66	3
9LJ0	39	63.49	3
9LJ0	40	69.98	3
9LJ0	41	73.6	3
9LJ0	42	76.49	3
9LJ0	43	78.76	3
9LJ0	44	75.02	3
9LJ0	45	71.67	3
9LJ0	46	66.39	3
9LJ0	47	59.96	3
9LJ0	48	56.35	3
9LJ0	49	53.31	3
9LJ0	50	52.61	3
9LJ0	51	51.3	3
9LJ0	52	51.89	3
9LJ0	53	52.88	3
9LJ0	54	55.0	3
9LJ0	55	56.69	3
9LJ0	56	55.1	3
9LJ0	57	56.06	3
9LJ0	58	54.99	3
9LJ0	59	56.25	3
9LJ0	60	58.19	3
9LJ0	61	59.34	3
9LJ0	62	60.23	3
9LJ0	63	59.7	3
9LJ0	64	60.33	3
9LJ0	65	59.34	3
9LJ0	66	56.37	3
9LJ0	67	56.6	3
9LJ0	68	54.16	3
9LJ0	69	54.08	3
9LJ0	70	53.58	3
9LJ0	71	52.42	3
9LJ0	72	51.54	3
9LJ0	73	52.12	3
9LJ0	74	51.54	3
9LJ0	75	51.64	3
9LJ0	76	51.49	3
9LJ0	77	53.96	3
9LJ0	78	54.73	3
9LJ0	79	56.07	3
9LJ0	80	57.38	3
9LJ0	81	60.69	3
9LJ0	82	63.82	3
9LJ0	83	65.53	3
9LJ0	84	65.61	3
9LJ0	85	62.09	3
9LJ0	86	63.09	3
9LJ0	87	59.55	3
9LJ0	88	58.5	3
9LJ0	89	60.91	3
9LJ0	90	60.87	3
9LJ0	91	62.78	3
9LJ0	92	64.18	3
9LJ0	93	68.05	3
9LJ0	94	68.21	3
9LJ0	95	67.8	3
9LJ0	96	66.18	3
9LJ0	97	64.25	3
9LJ0	98	61.82	3
9LJ0	99	58.84	3
9LJ0	100	55.52	3
9LJ0	101	54.41	3
9LJ0	102	54.67	3
9LJ0	103	55.32	3
9LJ0	104	56.89	3
9LJ0	105	57.91	3
9LJ0	106	59.0	3
9LJ0	107	60.62	3
9LJ0	108	61.88	3
9LJ0	109	64.63	3
9LJ0	110	65.68	3
9LJA	6	79.7	3
9LJA	7	71.43	3
9LJA	8	61.9	3
9LJA	9	54.82	3
9LJA	10	50.28	3
9LJA	11	56.95	3
9LJA	12	56.68	3
9LJA	13	54.66	3
9LJA	14	49.79	3
9LJA	15	46.33	3
9LJA	16	38.73	3
9LJA	17	39.8	3
9LJA	18	40.47	3
9LJA	19	44.4	3
9LJA	20	44.95	3
9LJA	21	47.54	3
9LJA	22	48.07	3
9LJA	23	50.17	3
9LJA	24	45.66	3
9LJA	25	50.03	3
9LJA	26	51.03	3
9LJA	27	53.38	3
9LJA	28	53.71	3
9LJA	29	47.08	3
9LJA	30	42.63	3
9LJA	31	38.83	3
9LJA	32	38.77	3
9LJA	33	41.18	3
9LJA	34	37.93	3
9LJA	35	37.42	3
9LJA	36	39.03	3
9LJA	37	49.4	3
9LJA	38	55.02	3
9LJA	39	56.37	3
9LJA	40	67.11	3
9LJA	41	72.2	3
9LJA	42	77.42	3
9LJA	43	76.18	3
9LJA	44	75.17	3
9LJA	45	68.35	3
9LJA	46	60.65	3
9LJA	47	60.18	3
9LJA	48	48.25	3
9LJA	49	47.76	3
9LJA	50	49.81	3
9LJA	51	53.3	3
9LJA	52	54.97	3
9LJA	53	49.95	3
9LJA	54	47.05	3
9LJA	55	50.6	3
9LJA	56	49.17	3
9LJA	57	47.71	3
9LJA	58	49.5	3
9LJA	59	52.53	3
9LJA	60	50.05	3
9LJA	61	53.43	3
9LJA	62	58.32	3
9LJA	63	56.92	3
9LJA	64	65.6	3
9LJA	65	69.37	3
9LJA	66	69.75	3
9LJA	67	76.2	3
9LJA	68	78.18	3
9LJA	69	79.93	3
9LJA	70	76.83	3
9LJA	71	76.45	3
9LJA	72	74.12	3
9LJA	73	67.98	3
9LJA	74	63.7	3
9LJA	75	55.16	3
9LJA	76	52.03	3
9LJA	77	48.57	3
9LJA	78	50.74	3
9LJA	79	45.12	3
9LJA	80	42.56	3
9LJA	81	46.7	3
9LJA	82	51.37	3
9LJA	83	62.36	3
9LJA	84	67.71	3
9LJA	85	63.98	3
9LJA	86	55.7	3
9LJA	87	51.53	3
9LJA	88	45.26	3
9LJA	89	46.06	3
9LJA	90	45.45	3
9LJA	91	45.51	3
9LJA	92	45.66	3
9LJA	93	44.1	3
9LJA	94	47.02	3
9LJA	95	49.46	3
9LJA	96	46.71	3
9LJA	97	49.6	3
9LJA	98	52.46	3
9LJA	99	56.43	3
9LJA	100	58.79	3
9LJA	101	49.03	3
9LJA	102	48.93	3
9LJA	103	47.46	3
9LJA	104	53.42	3
9LJA	105	62.06	3
9LJA	106	72.35	3
9LJA	107	76.3	3
9LJB	7	78.76	3
9LJB	8	84.05	3
9LJB	9	93.92	6
9LJB	10	97.315	6
9LJB	11	99.09	6
9LJB	12	93.205	6
9LJB	13	84.23	6
9LJB	14	76.97	6
9LJB	15	65.86	6
9LJB	16	43.475	6
9LJB	17	45.71	6
9LJB	18	40.545	6
9LJB	19	45.06	6
9LJB	20	42.475	6
9LJB	21	44.36	6
9LJB	22	46.465	6
9LJB	23	49.32	6
9LJB	24	50.25	6
9LJB	25	49.88	6
9LJB	26	49.285	6
9LJB	27	47.48	6
9LJB	28	49.06	6
9LJB	29	39.535	6
9LJB	30	38.425	6
9LJB	31	37.365	6
9LJB	32	39.605	6
9LJB	33	42.985	6
9LJB	34	42.18	6
9LJB	35	39.775	6
9LJB	36	45.525	6
9LJB	37	52.21	6
9LJB	38	69.115	6
9LJB	39	74.14	6
9LJB	40	92.145	6
9LJB	41	102.97	6
9LJB	42	101.025	6
9LJB	43	85.815	6
9LJB	44	77.4	6
9LJB	45	72.035	6
9LJB	46	67.395	6
9LJB	47	57.04	6
9LJB	48	47.705	6
9LJB	49	42.005	6
9LJB	50	44.86	6
9LJB	51	52.91	6
9LJB	52	53.235	6
9LJB	53	48.62	6
9LJB	54	43.07	6
9LJB	55	43.53	6
9LJB	56	43.435	6
9LJB	57	36.54	6
9LJB	58	39.715	6
9LJB	59	35.94	6
9LJB	60	39.015	6
9LJB	61	36.395	6
9LJB	62	39.765	6
9LJB	63	38.35	6
9LJB	64	39.89	6
9LJB	65	37.505	6
9LJB	66	33.64	6
9LJB	67	38.33	6
9LJB	68	40.945	6
9LJB	69	36.925	6
9LJB	70	36.68	6
9LJB	71	40.115	6
9LJB	72	37.03	6
9LJB	73	33.055	6
9LJB	74	34.295	6
9LJB	75	37.745	6
9LJB	76	33.775	6
9LJB	77	37.445	6
9LJB	78	38.055	6
9LJB	79	36.19	6
9LJB	80	37.405	6
9LJB	81	44.09	6
9LJB	82	48.855	6
9LJB	83	63.36	6
9LJB	84	69.735	6
9LJB	85	65.46	6
9LJB	86	53.48	6
9LJB	87	46.5	6
9LJB	88	46.435	6
9LJB	89	43.69	6
9LJB	90	38.8	6
9LJB	91	38.225	6
9LJB	92	48.79	6
9LJB	93	52.03	6
9LJB	94	53.745	6
9LJB	95	54.0	6
9LJB	96	53.83	6
9LJB	97	59.53	6
9LJB	98	62.89	6
9LJB	99	69.92	6
9LJB	100	73.235	6
9LJB	101	60.45	6
9LJB	102	62.865	6
9LJB	103	55.65	6
9LJB	104	63.595	6
9LJB	105	76.125	6
9LJB	106	84.195	6
9LJB	107	89.045	6
9LJC	1	24.42	3
9LJC	2	22.53	3
9LJC	3	24.1	3
9LJC	4	24.12	3
9LJC	5	25.78	3
9LJC	6	23.29	3
9LJC	7	25.42	3
9LJC	8	28.87	3
9LJC	9	30.03	3
9LJC	10	33.86	3
9LJC	11	39.78	3
9LJC	12	43.52	3
9LJC	13	40.36	3
9LJC	14	39.72	3
9LJC	15	40.29	3
9LJC	16	41.51	3
9LJC	17	43.71	3
9LJC	18	37.88	3
9LJC	19	36.62	3
9LJC	20	32.93	3
9LJC	21	33.71	3
9LJC	22	33.75	3
9LJC	23	32.21	3
9LJC	24	31.49	3
9LJC	25	32.49	3
9LJC	26	29.42	3
9LJC	27	28.77	3
9LJC	28	28.63	3
9LJC	29	23.89	3
9LJC	30	21.18	3
9LJC	31	19.47	3
9LJC	32	19.44	3
9LJC	33	16.09	3
9LJC	34	16.81	3
9LJC	35	16.34	3
9LJC	36	19.66	3
9LJC	37	20.22	3
9LJC	38	22.58	3
9LJC	39	29.34	3
9LJC	61	37.36	3
9LJC	62	31.74	3
9LJC	63	24.64	3
9LJC	64	26.09	3
9LJC	65	26.69	3
9LJC	66	26.82	3
9LJC	67	27.13	3
9LJC	68	35.48	3
9LJC	69	34.58	3
9LJC	70	40.96	3
9LJC	71	47.43	3
9LJC	72	53.17	3
9LJC	73	53.78	3
9LJC	74	51.82	3
9LJC	75	48.38	3
9LJC	76	41.85	3
9LJC	77	38.48	3
9LJC	78	35.87	3
9LJC	79	33.8	3
9LJC	80	34.34	3
9LJC	81	38.38	3
9LJC	82	45.06	3
9LJC	83	49.65	3
9LJC	84	55.41	3
9LJC	85	57.53	3
9LJC	86	58.11	3
9LJC	87	53.53	3
9LJC	88	50.06	3
9LJC	89	37.37	3
9LJC	90	34.3	3
9LJC	91	34.17	3
9LJC	92	35.54	3
9LJC	93	35.93	3
9LJC	94	40.71	3
9LJC	95	44.32	3
9LJC	96	45.37	3
9LJC	97	46.02	3
9LJC	98	47.74	3
9LJC	99	48.87	3
9LJC	100	48.2	3
9LJC	101	51.48	3
9LON	33	85.363	6
9LON	34	82.37	6
9LON	35	79.643	6
9LON	36	65.742	6
9LON	37	55.838	6
9LON	38	51.862	6
9LON	39	51.478	6
9LON	40	48.578	6
9LON	41	50.682	6
9LON	42	54.625	6
9LON	43	56.37	6
9LON	44	58.38	6
9LON	45	59.762	6
9LON	46	61.978	6
9LON	47	51.938	6
9LON	48	45.665	6
9LON	49	46.12	6
9LON	50	50.125	6
9LON	51	51.15	6
9LON	52	53.038	6
9LON	53	56.783	6
9LON	54	58.715	6
9LON	55	59.662	6
9LON	56	64.378	6
9LON	57	69.685	6
9LON	58	67.9	6
9LON	59	68.237	6
9LON	60	70.01	6
9LON	61	67.385	6
9LON	62	60.818	6
9LON	63	55.657	6
9LON	64	55.138	6
9LON	65	50.675	6
9LON	66	46.968	6
9LON	67	47.208	6
9LON	68	47.298	6
9LON	69	46.028	6
9LON	70	45.002	6
9LON	71	44.41	6
9LON	72	46.853	6
9LON	73	46.957	6
9LON	74	48.767	6
9LON	75	49.502	6
9LON	76	45.122	6
9LON	77	42.713	6
9LON	78	41.247	6
9LON	79	45.755	6
9LON	80	48.548	6
9LON	81	54.247	6
9LON	82	58.123	6
9LON	83	67.19	6
9LON	84	66.202	6
9LON	85	64.575	6
9LON	86	63.93	6
9LON	87	62.973	6
9LON	88	59.935	6
9LON	89	57.477	6
9LON	90	57.392	6
9LON	91	55.397	6
9LON	92	57.048	6
9LON	93	57.467	6
9LON	94	60.732	6
9LON	95	62.258	6
9LON	96	66.55	6
9LON	97	76.057	6
9LON	98	82.428	6
9M5K	14	53.57	3
9M5K	15	52.003	3
9M5K	16	52.993	3
9M5K	17	59.353	3
9M5K	18	68.07	3
9M5K	19	70.233	3
9M5K	20	70.94	3
9M5K	21	62.783	3
9M5K	22	56.31	3
9M5K	23	48.983	3
9M5K	24	41.407	3
9M5K	25	28.687	3
9M5K	26	25.63	3
9M5K	27	26.433	3
9M5K	28	30.98	3
9M5K	29	31.233	3
9M5K	30	33.34	3
9M5K	31	38.697	3
9M5K	32	44.717	3
9M5K	33	41.66	3
9M5K	34	41.587	3
9M5K	35	40.07	3
9M5K	36	38.077	3
9M5K	37	35.55	3
9M5K	38	35.49	3
9M5K	39	33.337	3
9M5K	40	35.433	3
9M5K	41	35.587	3
9M5K	42	36.963	3
9M5K	43	35.233	3
9M5K	44	34.21	3
9M5K	45	30.893	3
9M5K	46	33.02	3
9M5K	47	28.743	3
9M5K	48	26.537	3
9M5K	49	26.74	3
9M5K	50	30.09	3
9M5K	51	26.83	3
9M5K	52	26.67	3
9M5K	53	27.09	3
9M5K	54	28.33	3
9M5K	55	28.77	3
9M5K	56	34.557	3
9M5K	57	46.03	3
9M5K	58	46.953	3
9M5K	59	50.26	3
9M5K	60	50.61	3
9M5K	61	51.357	3
9M5K	62	50.233	3
9M5K	63	42.547	3
9M5K	64	39.723	3
9M5K	65	34.697	3
9M5K	66	34.947	3
9M5K	67	34.493	3
9M5K	68	34.137	3
9M5K	69	31.86	3
9M5K	70	30.173	3
9M5K	71	31.197	3
9M5K	72	34.577	3
9M5K	73	32.897	3
9M5K	74	29.503	3
9M5K	75	27.887	3
9M5K	76	23.36	3
9M5K	77	23.2	3
9M5K	78	24.92	3
9M5K	79	29.727	3
9M5K	80	37.177	3
9M5K	81	40.997	3
9M5K	82	40.973	3
9M5K	83	47.637	3
9M5K	84	45.3	3
9M5K	85	43.753	3
9M5K	86	40.643	3
9M5K	87	39.66	3
9M5K	88	35.167	3
9M5K	89	32.313	3
9M5K	90	29.767	3
9M5K	91	31.523	3
9M5K	92	32.757	3
9M5K	93	33.143	3
9M5K	94	35.823	3
9M5K	95	38.893	3
9M5K	96	44.74	3
9M5K	97	52.6	3
9M5K	98	58.2	3
9M5K	99	67.88	3
9M5K	100	72.133	3
9M5L	14	77.61	3
9M5L	15	75.707	3
9M5L	16	78.8	3
9M5L	17	84.397	3
9M5L	18	89.553	3
9M5L	19	90.793	3
9M5L	20	91.26	3
9M5L	21	85.363	3
9M5L	22	75.41	3
9M5L	23	66.393	3
9M5L	24	56.313	3
9M5L	25	44.24	3
9M5L	26	41.44	3
9M5L	27	38.917	3
9M5L	28	40.733	3
9M5L	29	41.503	3
9M5L	30	42.26	3
9M5L	31	49.29	3
9M5L	32	55.6	3
9M5L	33	53.567	3
9M5L	34	53.74	3
9M5L	35	50.973	3
9M5L	36	46.587	3
9M5L	37	45.223	3
9M5L	38	44.407	3
9M5L	39	43.033	3
9M5L	40	45.163	3
9M5L	41	45.367	3
9M5L	42	47.597	3
9M5L	43	44.993	3
9M5L	44	44.15	3
9M5L	45	39.557	3
9M5L	46	41.75	3
9M5L	47	36.123	3
9M5L	48	32.82	3
9M5L	49	33.363	3
9M5L	50	39.943	3
9M5L	51	37.757	3
9M5L	52	38.8	3
9M5L	53	39.217	3
9M5L	54	40.517	3
9M5L	55	41.71	3
9M5L	56	48.073	3
9M5L	57	57.453	3
9M5L	58	56.833	3
9M5L	59	57.307	3
9M5L	60	61.993	3
9M5L	61	61.55	3
9M5L	62	59.047	3
9M5L	63	48.537	3
9M5L	64	45.407	3
9M5L	65	41.68	3
9M5L	66	41.053	3
9M5L	67	41.177	3
9M5L	68	43.433	3
9M5L	69	40.667	3
9M5L	70	39.45	3
9M5L	71	41.407	3
9M5L	72	45.017	3
9M5L	73	43.377	3
9M5L	74	40.36	3
9M5L	75	38.013	3
9M5L	76	31.807	3
9M5L	77	31.68	3
9M5L	78	32.683	3
9M5L	79	36.677	3
9M5L	80	45.283	3
9M5L	81	48.763	3
9M5L	82	47.02	3
9M5L	83	51.417	3
9M5L	84	49.907	3
9M5L	85	51.977	3
9M5L	86	48.52	3
9M5L	87	45.757	3
9M5L	88	41.493	3
9M5L	89	37.773	3
9M5L	90	36.197	3
9M5L	91	37.887	3
9M5L	92	39.593	3
9M5L	93	39.217	3
9M5L	94	41.93	3
9M5L	95	46.05	3
9M5L	96	53.38	3
9M5L	97	62.677	3
9M5L	98	70.26	3
9M5L	99	81.403	3
9M5L	100	84.56	3
9M5P	16	0.0	6
9M5P	17	0.0	6
9M5P	18	0.0	6
9M5P	19	0.0	6
9M5P	20	0.0	6
9M5P	21	0.0	6
9M5P	22	0.0	6
9M5P	23	0.0	6
9M5P	24	0.0	6
9M5P	25	0.0	6
9M5P	26	0.0	6
9M5P	27	0.0	6
9M5P	28	0.0	6
9M5P	29	0.0	6
9M5P	30	0.0	6
9M5P	31	0.0	6
9M5P	32	0.0	6
9M5P	33	0.0	6
9M5P	34	0.0	6
9M5P	35	0.0	6
9M5P	36	0.0	6
9M5P	37	0.0	6
9M5Q	13	90.76	21
9M5Q	14	100.0	21
9M5Q	15	100.0	21
9M5Q	16	100.0	21
9M5Q	17	100.0	21
9M5Q	18	100.0	21
9M5Q	19	100.0	21
9M5Q	20	100.0	21
9M5Q	21	100.0	21
9M5Q	22	100.0	21
9M5Q	23	100.0	21
9M5Q	24	100.0	21
9M5Q	25	100.0	21
9M5Q	26	100.0	21
9M5Q	27	100.0	21
9M5Q	28	100.0	21
9M5Q	29	92.96	21
9M5Q	30	100.0	21
9M5Q	31	100.0	21
9M5Q	32	100.0	21
9M5Q	33	100.0	21
9M5Q	34	100.0	21
9M5Q	35	100.0	21
9M5Q	36	100.0	21
9M5Q	37	100.0	21
9M5Q	38	70.01	21
9M5Q	39	17.46	21
9M5R	17	147.47	62
9M5R	18	153.81	62
9M5R	19	162.87	62
9M5R	20	139.15	62
9M5R	21	135.33	62
9M5R	22	122.95	62
9M5R	23	111.88	62
9M5R	24	104.72	62
9M5R	25	102.17	62
9M5R	26	99.61	62
9M5R	27	85.73	62
9M5R	28	93.72	62
9M5R	29	92.27	62
9M5R	30	75.37	62
9M5R	31	66.57	62
9M5R	32	65.9	62
9M5R	33	71.44	62
9M5R	34	69.61	62
9M5R	35	78.01	62
9M5R	36	88.46	62
9M5R	37	116.67	62
9M5R	38	150.48	62
9M5R	39	174.35	62
9M6M	515	0.0	5
9M6M	516	0.0	5
9M6M	517	0.0	5
9M6M	518	0.0	5
9M6M	519	0.0	5
9M6M	520	0.0	5
9M6M	521	0.0	5
9M6M	522	0.0	5
9M6M	523	0.0	5
9M6M	524	0.0	5
9M6M	525	0.0	5
9M6M	526	0.0	5
9M6M	527	0.0	5
9M6M	528	0.0	5
9M6M	529	0.0	5
9M6M	530	0.0	5
9M6M	531	0.0	5
9M6M	532	0.0	5
9M6M	533	0.0	5
9M6M	534	0.0	5
9M6M	535	0.0	5
9M6M	536	0.0	5
9M6M	537	0.0	5
9M6M	538	0.0	5
9M6M	539	0.0	5
9MR8	273	30.0	1
9MR8	274	30.0	1
9MR8	275	30.0	1
9MR8	276	30.0	1
9MR8	277	30.0	1
9MR8	278	30.0	1
9MR8	279	30.0	1
9MR8	280	30.0	1
9MR8	281	30.0	1
9MR8	282	30.0	1
9MR8	283	30.0	1
9MR8	284	30.0	1
9MR8	285	30.0	1
9MR8	286	30.0	1
9MR8	287	30.0	1
9MR8	288	30.0	1
9MR8	289	30.0	1
9MR8	290	30.0	1
9MR8	291	30.0	1
9MR8	292	30.0	1
9MR8	293	30.0	1
9MR8	294	30.0	1
9MR8	295	30.0	1
9MR8	296	30.0	1
9MR8	297	30.0	1
9MR8	298	30.0	1
9MR8	299	30.0	1
9MR8	300	30.0	1
9MR8	301	30.0	1
9MR8	302	30.0	1
9MR8	303	30.0	1
9MR8	304	30.0	1
9MR8	305	30.0	1
9MR8	306	30.0	1
9MR8	307	30.0	1
9MR8	308	30.0	1
9MR8	309	30.0	1
9MR8	310	30.0	1
9MR8	311	30.0	1
9MR8	312	30.0	1
9MR8	313	30.0	1
9MR8	314	30.0	1
9MR8	315	30.0	1
9MR8	316	30.0	1
9MR8	317	30.0	1
9MR8	318	30.0	1
9MR8	319	30.0	1
9MR8	320	30.0	1
9MR8	321	30.0	1
9MR8	322	30.0	1
9MR8	323	30.0	1
9MR8	324	30.0	1
9MR8	325	30.0	1
9MR8	326	30.0	1
9MR8	327	30.0	1
9MR8	328	30.0	1
9MR8	329	30.0	1
9MR8	330	30.0	1
9MR8	331	30.0	1
9MR8	332	30.0	1
9MR8	333	30.0	1
9MR8	334	30.0	1
9MR8	335	30.0	1
9MR8	336	30.0	1
9MR8	337	30.0	1
9MR8	338	30.0	1
9MR8	339	30.0	1
9MR8	340	30.0	1
9MR8	341	30.0	1
9MR8	342	30.0	1
9MR8	343	30.0	1
9MR8	344	30.0	1
9MR8	345	30.0	1
9MR8	346	30.0	1
9MR8	347	30.0	1
9MR8	348	30.0	1
9MR8	349	30.0	1
9MR8	350	30.0	1
9MR8	351	30.0	1
9MR8	352	30.0	1
9MR8	353	30.0	1
9MR8	354	30.0	1
9MR8	355	30.0	1
9MR8	356	30.0	1
9MR8	357	30.0	1
9MR8	358	30.0	1
9MR8	359	30.0	1
9MR8	360	30.0	1
9MR8	361	30.0	1
9MR8	362	30.0	1
9NNN	11	42.8	5
9NNN	12	39.81	5
9NNN	13	39.61	5
9NNN	14	38.27	5
9NNN	15	42.62	5
9NNN	16	40.19	5
9NNN	17	42.18	5
9NNN	18	46.25	5
9NNN	19	45.05	5
9NNN	20	46.22	5
9NNN	21	47.98	5
9NNN	22	44.89	5
9NNN	23	44.91	5
9NNN	24	43.0	5
9NNN	25	39.11	5
9NNN	26	35.38	5
9NNN	27	33.87	5
9NNN	28	31.79	5
9NNN	29	31.06	5
9NNN	30	30.96	5
9NNN	31	31.24	5
9NNN	32	31.16	5
9NNN	33	33.46	5
9NNN	34	36.92	5
9NNN	35	36.54	5
9NNN	58	52.93	5
9NNN	59	51.31	5
9NNN	60	47.91	5
9NNN	61	48.76	5
9NNN	62	50.55	5
9NNN	63	50.07	5
9NNN	64	49.2	5
9NNN	65	41.76	5
9NNN	66	40.66	5
9NNN	67	35.43	5
9NNN	68	34.71	5
9NNN	69	34.4	5
9NNN	70	36.37	5
9NNN	71	36.12	5
9NNN	72	39.85	5
9NNN	73	37.15	5
9NNN	74	38.02	5
9NNN	75	39.66	5
9NNN	76	43.9	5
9NNN	77	45.5	5
9NNN	78	47.49	5
9NNN	79	47.96	5
9NNN	80	46.52	5
9NNN	81	51.27	5
9NNN	82	52.4	5
9NNN	83	52.13	5
9NNN	84	53.35	5
9NNN	85	52.85	5
9NNN	86	51.65	5
9NNN	87	53.17	5
9NNN	88	56.34	5
9NNN	89	57.85	5
9NNN	90	57.67	5
9NNN	91	53.97	5
9NNN	92	53.8	5
9NNN	93	49.2	5
9NNN	94	47.7	5
9NNN	95	48.41	5
9NNN	96	48.42	5
9NNN	97	49.51	5
9NNN	98	52.21	5
9NNN	99	54.6	5
9NNN	100	54.26	5
9NNN	101	53.05	5
9NNN	102	50.56	5
9NNN	103	46.53	5
9NNN	104	41.68	5
9NNN	105	38.86	5
9NNN	106	35.98	5
9NNN	107	34.9	5
9NNN	108	35.38	5
9NNN	109	36.34	5
9NNN	110	35.97	5
9NNN	111	37.65	5
9NNN	112	40.56	5
9NNN	113	39.65	5
9NNN	114	39.15	5
9NNN	115	41.18	5
9NNN	116	43.61	5
9NNN	117	39.46	5
9NNN	118	38.21	5
9NNN	119	35.92	5
9NNN	120	32.6	5
9NNN	121	32.52	5
9NNN	122	33.79	5
9NNN	123	37.09	5
9NON	1	51.28	5
9NON	2	48.77	5
9NON	3	35.4	5
9NON	4	39.97	5
9NON	5	36.42	5
9NON	6	44.85	5
9NON	7	46.65	5
9NON	8	53.04	5
9NON	9	64.04	5
9NON	10	71.79	5
9NON	11	70.3	5
9NON	12	65.4	5
9NON	13	54.7	5
9NON	14	49.41	5
9NON	15	42.83	5
9NON	16	42.8	5
9NON	17	46.92	5
9NON	18	48.56	5
9NON	19	46.74	5
9NON	20	55.31	5
9NON	21	54.06	5
9NON	22	52.39	5
9NON	23	50.41	5
9NON	24	52.49	5
9NON	25	49.09	5
9NON	26	36.87	5
9NON	27	33.46	5
9NON	28	27.91	5
9NON	29	35.34	5
9NON	30	31.04	5
9NON	31	36.17	5
9NON	32	30.88	5
9NON	33	30.81	5
9NON	34	31.68	5
9NON	35	33.49	5
9NON	36	37.06	5
9NON	37	32.59	5
9NON	38	40.91	5
9NON	39	39.13	5
9NON	40	35.64	5
9NON	41	35.64	5
9NON	42	38.34	5
9NON	43	37.36	5
9NON	44	35.86	5
9NON	45	37.35	5
9NON	46	37.28	5
9NON	47	39.06	5
9NON	48	32.44	5
9NON	49	30.62	5
9NON	50	34.26	5
9NON	51	36.15	5
9NON	52	34.34	5
9NON	53	34.78	5
9NON	54	29.16	5
9NON	55	31.05	5
9NON	56	30.41	5
9NON	57	33.16	5
9NON	58	29.37	5
9NON	59	38.65	5
9NON	60	43.71	5
9NON	61	41.75	5
9NON	62	40.63	5
9NON	63	34.49	5
9NON	64	39.68	5
9NON	65	36.75	5
9NON	66	42.38	5
9NON	67	40.9	5
9NON	68	36.51	5
9NON	69	33.38	5
9NON	70	39.51	5
9NON	71	29.56	5
9NON	72	35.98	5
9NON	73	40.17	5
9NON	74	42.27	5
9NON	75	50.62	5
9NON	76	54.81	5
9NON	77	47.83	5
9NON	78	55.03	5
9NON	79	45.82	5
9NON	80	49.28	5
9NON	81	53.34	5
9NON	82	51.46	5
9NON	83	50.06	5
9NON	84	47.15	5
9NON	85	44.38	5
9NON	86	42.79	5
9NON	87	38.04	5
9NON	88	42.24	5
9NON	89	52.33	5
9NON	90	43.8	5
9NON	91	42.11	5
9NON	92	37.17	5
9NON	93	38.85	5
9NON	94	41.09	5
9NON	95	44.32	5
9NON	96	46.22	5
9NON	97	48.94	5
9NON	98	45.37	5
9NON	99	43.0	5
9NON	100	46.93	5
9NON	101	42.64	5
9NON	102	41.81	5
9NON	103	39.1	5
9NON	104	43.22	5
9NON	105	29.83	5
9NON	106	30.4	5
9NON	107	37.78	5
9NON	108	32.4	5
9NON	109	35.72	5
9NON	110	30.46	5
9NON	111	32.03	5
9NON	112	34.61	5
9NON	113	31.48	5
9NON	114	29.56	5
9NON	115	30.07	5
9NON	116	34.76	5
9NON	117	33.18	5
9NON	118	32.03	5
9NON	119	32.14	5
9NON	120	29.47	5
9NON	121	33.79	5
9NON	122	36.27	5
9NON	123	31.67	5
9NON	124	43.5	5
9NON	125	41.91	5
9NON	126	42.38	5
9NON	127	45.24	5
9NON	128	48.82	5
9NON	129	39.35	5
9NON	130	37.53	5
9NON	131	31.23	5
9NON	132	32.37	5
9NON	133	46.86	5
9O4B	15	123.24	12
9O4B	16	124.27	12
9O4B	17	126.01	12
9O4B	18	130.87	12
9O4B	19	141.37	12
9O4B	20	148.68	12
9O4B	21	141.98	12
9O4B	22	140.99	12
9O4B	36	139.97	12
9O4B	37	135.77	12
9O4B	38	124.6	12
9O4B	39	118.69	12
9O4B	40	114.73	12
9O4B	41	106.28	12
9O4B	42	102.52	12
9O4B	43	93.96	12
9O4B	44	93.94	12
9O4B	45	82.44	12
9O4B	46	90.75	12
9O4B	47	82.13	12
9O4B	48	79.85	12
9O4B	49	81.86	12
9O4B	50	81.0	12
9O4B	51	81.93	12
9O4B	52	79.78	12
9O4B	53	78.56	12
9O4B	54	88.04	12
9O4B	55	86.08	12
9O4B	56	75.32	12
9O4B	57	86.42	12
9O4B	58	75.99	12
9O4B	59	81.08	12
9O4B	60	81.64	12
9O4B	61	94.71	12
9O4B	62	84.31	12
9O4B	63	86.39	12
9O4B	64	85.34	12
9O4B	65	90.27	12
9O4B	66	92.71	12
9O4B	67	96.86	12
9O4B	68	88.7	12
9O4B	69	80.12	12
9O4B	70	75.15	12
9O4B	71	71.92	12
9O4B	72	79.93	12
9O4B	73	91.7	12
9O4B	74	82.49	12
9O4B	75	90.52	12
9O4B	76	85.93	12
9O4B	77	97.32	12
9O4B	78	92.74	12
9O4B	79	91.89	12
9O4B	80	97.57	12
9O4B	81	97.6	12
9O4B	82	103.62	12
9O4B	83	109.03	12
9O4B	84	104.6	12
9O4B	85	109.94	12
9O4B	86	108.75	12
9O4B	87	96.91	12
9O4B	88	84.85	12
9O4B	89	79.22	12
9O4B	90	73.81	12
9O4B	91	78.87	12
9O4B	92	88.32	12
9O4B	93	97.01	12
9O4B	94	110.16	12
9O4B	95	112.43	12
9O4B	96	115.81	12
9O6V	305	85.35	10
9O6V	306	99.49	10
9O6V	307	100.0	10
9O6V	308	100.0	10
9O6V	309	98.45	10
9O6V	310	98.33	10
9O6V	311	93.62	10
9O6V	312	0.0	10
9O6V	313	94.21	10
9O6V	314	0.0	10
9O6V	315	97.2	10
9O6V	316	0.0	10
9O6V	317	100.0	10
9O6V	318	100.0	10
9O6V	319	100.0	10
9O6V	320	100.0	10
9O6V	321	0.0	10
9O6V	322	100.0	10
9O6V	323	100.0	10
9O6V	324	100.0	10
9O6V	325	100.0	10
9O6V	326	0.0	10
9O6V	327	100.0	10
9O6V	328	100.0	10
9O6V	329	100.0	10
9O6V	330	100.0	10
9O6V	331	100.0	10
9O6V	332	0.0	10
9O6V	333	0.0	10
9O6V	334	0.0	10
9O6V	335	100.0	10
9O6V	336	100.0	10
9O6V	337	100.0	10
9O6V	338	100.0	10
9O6V	339	100.0	10
9O6V	340	100.0	10
9O6V	341	0.0	10
9O6V	342	0.0	10
9O6V	343	100.0	10
9O6V	344	0.0	10
9O6V	345	100.0	10
9O6V	346	100.0	10
9O6V	347	100.0	10
9O6V	348	0.0	10
9O6V	349	0.0	10
9O6V	350	100.0	10
9O6V	351	100.0	10
9O6V	352	100.0	10
9O6V	353	0.0	10
9O6V	354	100.0	10
9O6V	355	0.0	10
9O6V	356	0.0	10
9O6V	357	100.0	10
9O6V	358	100.0	10
9O6V	359	100.0	10
9O6V	360	100.0	10
9O6V	361	0.0	10
9O6V	362	100.0	10
9O6V	363	100.0	10
9O6V	364	100.0	10
9O6V	365	0.0	10
9O6V	366	0.0	10
9O6V	367	0.0	10
9O6V	368	100.0	10
9O6V	369	100.0	10
9O6V	370	100.0	10
9O6V	371	100.0	10
9O6V	372	0.0	10
9O6V	373	100.0	10
9O6V	374	100.0	10
9O6V	375	100.0	10
9O6V	376	100.0	10
9O6V	377	96.95	10
9O6V	378	0.0	10
9O6V	379	75.95	10
9O6W	305	77.88	10
9O6W	306	68.47	10
9O6W	307	68.665	10
9O6W	308	63.375	10
9O6W	309	63.225	10
9O6W	310	61.145	10
9O6W	311	61.14	10
9O6W	312	62.015	10
9O6W	313	61.88	10
9O6W	314	65.395	10
9O6W	315	62.3	10
9O6W	316	65.45	10
9O6W	317	58.055	10
9O6W	318	49.44	10
9O6W	319	54.54	10
9O6W	320	48.915	10
9O6W	321	47.7	10
9O6W	322	60.855	10
9O6W	323	59.95	10
9O6W	324	60.58	10
9O6W	325	41.705	10
9O6W	326	42.145	10
9O6W	327	44.96	10
9O6W	328	38.855	10
9O6W	329	40.095	10
9O6W	330	33.755	10
9O6W	331	31.95	10
9O6W	332	40.1	10
9O6W	333	37.39	10
9O6W	334	33.075	10
9O6W	335	22.585	10
9O6W	336	35.205	10
9O6W	337	35.015	10
9O6W	338	44.23	10
9O6W	339	41.395	10
9O6W	340	56.475	10
9O6W	341	74.17	10
9O6W	342	82.075	10
9O6W	343	79.965	10
9O6W	344	70.56	10
9O6W	345	73.325	10
9O6W	346	65.175	10
9O6W	347	70.61	10
9O6W	348	78.535	10
9O6W	349	71.865	10
9O6W	350	57.745	10
9O6W	351	58.53	10
9O6W	352	53.765	10
9O6W	353	44.25	10
9O6W	354	44.88	10
9O6W	355	45.83	10
9O6W	356	42.45	10
9O6W	357	38.935	10
9O6W	358	46.815	10
9O6W	359	33.89	10
9O6W	360	34.935	10
9O6W	361	41.145	10
9O6W	362	33.485	10
9O6W	363	40.535	10
9O6W	364	39.485	10
9O6W	365	37.91	10
9O6W	366	40.695	10
9O6W	367	42.15	10
9O6W	368	39.635	10
9O6W	369	51.155	10
9O6W	370	53.95	10
9O6W	371	57.95	10
9O6W	372	61.355	10
9O6W	373	60.35	10
9O6W	374	54.03	10
9O6W	375	59.525	10
9O6W	376	62.51	10
9O6W	377	66.985	10
9O6W	378	73.23	10
9O6W	379	82.375	10
9O6X	305	85.35	15
9O6X	306	99.49	15
9O6X	307	100.0	15
9O6X	308	100.0	15
9O6X	309	98.45	15
9O6X	310	98.33	15
9O6X	311	93.62	15
9O6X	312	0.0	15
9O6X	313	94.21	15
9O6X	314	0.0	15
9O6X	315	97.2	15
9O6X	316	0.0	15
9O6X	317	100.0	15
9O6X	318	100.0	15
9O6X	319	100.0	15
9O6X	320	100.0	15
9O6X	321	0.0	15
9O6X	322	100.0	15
9O6X	323	100.0	15
9O6X	324	100.0	15
9O6X	325	100.0	15
9O6X	326	0.0	15
9O6X	327	100.0	15
9O6X	328	100.0	15
9O6X	329	100.0	15
9O6X	330	100.0	15
9O6X	331	100.0	15
9O6X	332	0.0	15
9O6X	333	0.0	15
9O6X	334	0.0	15
9O6X	335	100.0	15
9O6X	336	100.0	15
9O6X	337	100.0	15
9O6X	338	100.0	15
9O6X	339	100.0	15
9O6X	340	100.0	15
9O6X	341	0.0	15
9O6X	342	0.0	15
9O6X	343	100.0	15
9O6X	344	0.0	15
9O6X	345	100.0	15
9O6X	346	100.0	15
9O6X	347	100.0	15
9O6X	348	0.0	15
9O6X	349	0.0	15
9O6X	350	100.0	15
9O6X	351	100.0	15
9O6X	352	100.0	15
9O6X	353	0.0	15
9O6X	354	100.0	15
9O6X	355	0.0	15
9O6X	356	0.0	15
9O6X	357	100.0	15
9O6X	358	100.0	15
9O6X	359	100.0	15
9O6X	360	100.0	15
9O6X	361	0.0	15
9O6X	362	100.0	15
9O6X	363	100.0	15
9O6X	364	100.0	15
9O6X	365	0.0	15
9O6X	366	0.0	15
9O6X	367	0.0	15
9O6X	368	100.0	15
9O6X	369	100.0	15
9O6X	370	100.0	15
9O6X	371	100.0	15
9O6X	372	0.0	15
9O6X	373	100.0	15
9O6X	374	100.0	15
9O6X	375	100.0	15
9O6X	376	100.0	15
9O6X	377	96.95	15
9O6X	378	0.0	15
9O6X	379	75.95	15
9O6Y	305	59.285	10
9O6Y	306	53.995	10
9O6Y	307	54.065	10
9O6Y	308	44.37	10
9O6Y	309	47.39	10
9O6Y	310	42.96	10
9O6Y	311	48.035	10
9O6Y	312	46.89	10
9O6Y	313	57.93	10
9O6Y	314	56.515	10
9O6Y	315	60.055	10
9O6Y	316	58.26	10
9O6Y	317	51.11	10
9O6Y	318	41.785	10
9O6Y	319	51.705	10
9O6Y	320	44.45	10
9O6Y	321	49.65	10
9O6Y	322	51.575	10
9O6Y	323	50.945	10
9O6Y	324	53.095	10
9O6Y	325	40.475	10
9O6Y	326	38.025	10
9O6Y	327	33.8	10
9O6Y	328	30.415	10
9O6Y	329	35.93	10
9O6Y	330	29.105	10
9O6Y	331	39.94	10
9O6Y	332	39.29	10
9O6Y	333	42.855	10
9O6Y	334	36.435	10
9O6Y	335	33.07	10
9O6Y	336	44.995	10
9O6Y	337	34.84	10
9O6Y	338	43.34	10
9O6Y	339	42.005	10
9O6Y	340	56.79	10
9O6Y	341	70.065	10
9O6Y	342	87.255	10
9O6Y	343	82.25	10
9O6Y	344	81.535	10
9O6Y	345	75.15	10
9O6Y	346	79.955	10
9O6Y	347	86.285	10
9O6Y	348	83.11	10
9O6Y	349	71.77	10
9O6Y	350	69.585	10
9O6Y	351	59.19	10
9O6Y	352	55.605	10
9O6Y	353	42.325	10
9O6Y	354	44.215	10
9O6Y	355	44.805	10
9O6Y	356	45.155	10
9O6Y	357	43.005	10
9O6Y	358	47.785	10
9O6Y	359	33.675	10
9O6Y	360	30.01	10
9O6Y	361	28.695	10
9O6Y	362	25.27	10
9O6Y	363	23.85	10
9O6Y	364	27.65	10
9O6Y	365	33.795	10
9O6Y	366	36.085	10
9O6Y	367	42.345	10
9O6Y	368	41.96	10
9O6Y	369	42.56	10
9O6Y	370	44.255	10
9O6Y	371	37.375	10
9O6Y	372	47.715	10
9O6Y	373	46.61	10
9O6Y	374	42.475	10
9O6Y	375	41.825	10
9O6Y	376	46.985	10
9O6Y	377	50.85	10
9O6Y	378	55.955	10
9O6Y	379	68.365	10
9O6Z	305	64.027	15
9O6Z	306	58.3	15
9O6Z	307	58.527	15
9O6Z	308	54.19	15
9O6Z	309	52.443	15
9O6Z	310	52.68	15
9O6Z	311	53.68	15
9O6Z	312	52.183	15
9O6Z	313	59.723	15
9O6Z	314	65.503	15
9O6Z	315	61.953	15
9O6Z	316	60.473	15
9O6Z	317	55.657	15
9O6Z	318	46.937	15
9O6Z	319	49.78	15
9O6Z	320	42.88	15
9O6Z	321	50.03	15
9O6Z	322	49.283	15
9O6Z	323	49.333	15
9O6Z	324	50.877	15
9O6Z	325	44.313	15
9O6Z	326	46.66	15
9O6Z	327	41.297	15
9O6Z	328	38.877	15
9O6Z	329	35.283	15
9O6Z	330	31.83	15
9O6Z	331	33.383	15
9O6Z	332	37.853	15
9O6Z	333	35.697	15
9O6Z	334	32.987	15
9O6Z	335	35.257	15
9O6Z	336	37.037	15
9O6Z	337	36.36	15
9O6Z	338	39.017	15
9O6Z	339	38.367	15
9O6Z	340	43.603	15
9O6Z	341	48.347	15
9O6Z	342	54.32	15
9O6Z	343	52.143	15
9O6Z	344	49.14	15
9O6Z	345	53.26	15
9O6Z	346	44.63	15
9O6Z	347	53.983	15
9O6Z	348	51.94	15
9O6Z	349	47.243	15
9O6Z	350	43.297	15
9O6Z	351	41.543	15
9O6Z	352	41.133	15
9O6Z	353	40.87	15
9O6Z	354	45.833	15
9O6Z	355	35.967	15
9O6Z	356	45.687	15
9O6Z	357	38.747	15
9O6Z	358	46.593	15
9O6Z	359	33.587	15
9O6Z	360	32.23	15
9O6Z	361	28.643	15
9O6Z	362	35.1	15
9O6Z	363	36.803	15
9O6Z	364	33.23	15
9O6Z	365	36.147	15
9O6Z	366	38.01	15
9O6Z	367	38.1	15
9O6Z	368	42.663	15
9O6Z	369	49.913	15
9O6Z	370	50.9	15
9O6Z	371	48.563	15
9O6Z	372	55.01	15
9O6Z	373	54.457	15
9O6Z	374	51.69	15
9O6Z	375	54.39	15
9O6Z	376	55.807	15
9O6Z	377	60.137	15
9O6Z	378	60.317	15
9O6Z	379	70.34	15
9O76	305	64.883	15
9O76	306	60.963	15
9O76	307	61.02	15
9O76	308	56.003	15
9O76	309	58.247	15
9O76	310	55.7	15
9O76	311	55.603	15
9O76	312	53.28	15
9O76	313	60.14	15
9O76	314	66.207	15
9O76	315	61.323	15
9O76	316	58.487	15
9O76	317	55.337	15
9O76	318	46.18	15
9O76	319	51.807	15
9O76	320	46.313	15
9O76	321	48.493	15
9O76	322	49.577	15
9O76	323	47.64	15
9O76	324	48.397	15
9O76	325	37.463	15
9O76	326	41.85	15
9O76	327	34.64	15
9O76	328	34.827	15
9O76	329	32.383	15
9O76	330	26.65	15
9O76	331	30.213	15
9O76	332	34.663	15
9O76	333	36.11	15
9O76	334	34.097	15
9O76	335	33.033	15
9O76	336	33.54	15
9O76	337	32.1	15
9O76	338	40.417	15
9O76	339	37.023	15
9O76	340	45.307	15
9O76	341	54.613	15
9O76	342	57.727	15
9O76	343	58.06	15
9O76	344	52.703	15
9O76	345	58.04	15
9O76	346	46.7	15
9O76	347	53.393	15
9O76	348	53.773	15
9O76	349	46.01	15
9O76	350	43.607	15
9O76	351	44.727	15
9O76	352	45.747	15
9O76	353	37.167	15
9O76	354	39.7	15
9O76	355	36.193	15
9O76	356	41.81	15
9O76	357	39.54	15
9O76	358	47.587	15
9O76	359	34.033	15
9O76	360	35.907	15
9O76	361	28.793	15
9O76	362	35.67	15
9O76	363	34.073	15
9O76	364	34.107	15
9O76	365	38.44	15
9O76	366	40.857	15
9O76	367	39.377	15
9O76	368	41.637	15
9O76	369	47.417	15
9O76	370	48.83	15
9O76	371	45.92	15
9O76	372	52.917	15
9O76	373	53.113	15
9O76	374	52.387	15
9O76	375	54.233	15
9O76	376	57.607	15
9O76	377	61.453	15
9O76	378	64.477	15
9O76	379	71.6	15
9O79	305	77.88	10
9O79	306	68.47	10
9O79	307	68.665	10
9O79	308	63.375	10
9O79	309	63.225	10
9O79	310	61.145	10
9O79	311	61.14	10
9O79	312	62.015	10
9O79	313	61.88	10
9O79	314	65.395	10
9O79	315	62.3	10
9O79	316	65.45	10
9O79	317	58.055	10
9O79	318	49.44	10
9O79	319	54.54	10
9O79	320	48.915	10
9O79	321	47.7	10
9O79	322	60.855	10
9O79	323	59.95	10
9O79	324	60.58	10
9O79	325	41.705	10
9O79	326	42.145	10
9O79	327	44.96	10
9O79	328	38.855	10
9O79	329	40.095	10
9O79	330	33.755	10
9O79	331	31.95	10
9O79	332	40.1	10
9O79	333	37.39	10
9O79	334	33.075	10
9O79	335	22.585	10
9O79	336	35.205	10
9O79	337	35.015	10
9O79	338	44.23	10
9O79	339	41.395	10
9O79	340	56.475	10
9O79	341	74.17	10
9O79	342	82.075	10
9O79	343	79.965	10
9O79	344	70.56	10
9O79	345	73.325	10
9O79	346	65.175	10
9O79	347	70.61	10
9O79	348	78.535	10
9O79	349	71.865	10
9O79	350	57.745	10
9O79	351	58.53	10
9O79	352	53.765	10
9O79	353	44.25	10
9O79	354	44.88	10
9O79	355	45.83	10
9O79	356	42.45	10
9O79	357	38.935	10
9O79	358	46.815	10
9O79	359	33.89	10
9O79	360	34.935	10
9O79	361	41.145	10
9O79	362	33.485	10
9O79	363	40.535	10
9O79	364	39.485	10
9O79	365	37.91	10
9O79	366	40.695	10
9O79	367	42.15	10
9O79	368	39.635	10
9O79	369	51.155	10
9O79	370	53.95	10
9O79	371	57.95	10
9O79	372	61.355	10
9O79	373	60.35	10
9O79	374	54.03	10
9O79	375	59.525	10
9O79	376	62.51	10
9O79	377	66.985	10
9O79	378	73.23	10
9O79	379	82.375	10
9O7B	305	50.63	15
9O7B	306	47.037	15
9O7B	307	46.137	15
9O7B	308	42.3	15
9O7B	309	42.467	15
9O7B	310	42.34	15
9O7B	311	41.017	15
9O7B	312	41.707	15
9O7B	313	45.72	15
9O7B	314	50.047	15
9O7B	315	48.57	15
9O7B	316	46.46	15
9O7B	317	41.24	15
9O7B	318	35.027	15
9O7B	319	35.75	15
9O7B	320	30.893	15
9O7B	321	34.23	15
9O7B	322	35.183	15
9O7B	323	34.65	15
9O7B	324	33.667	15
9O7B	325	27.69	15
9O7B	326	33.58	15
9O7B	327	23.61	15
9O7B	328	21.45	15
9O7B	329	19.403	15
9O7B	330	18.363	15
9O7B	331	21.48	15
9O7B	332	21.933	15
9O7B	333	24.043	15
9O7B	334	22.4	15
9O7B	335	19.567	15
9O7B	336	22.683	15
9O7B	337	17.633	15
9O7B	338	21.82	15
9O7B	339	22.41	15
9O7B	340	25.38	15
9O7B	341	37.647	15
9O7B	342	40.52	15
9O7B	343	38.267	15
9O7B	344	37.123	15
9O7B	345	38.42	15
9O7B	346	34.153	15
9O7B	347	42.47	15
9O7B	348	44.553	15
9O7B	349	41.743	15
9O7B	350	33.12	15
9O7B	351	33.487	15
9O7B	352	29.963	15
9O7B	353	23.94	15
9O7B	354	25.157	15
9O7B	355	22.943	15
9O7B	356	27.533	15
9O7B	357	23.363	15
9O7B	358	31.11	15
9O7B	359	20.65	15
9O7B	360	20.32	15
9O7B	361	16.94	15
9O7B	362	20.703	15
9O7B	363	21.88	15
9O7B	364	22.403	15
9O7B	365	24.607	15
9O7B	366	26.26	15
9O7B	367	27.043	15
9O7B	368	28.293	15
9O7B	369	36.71	15
9O7B	370	36.533	15
9O7B	371	36.213	15
9O7B	372	45.417	15
9O7B	373	40.933	15
9O7B	374	36.483	15
9O7B	375	40.997	15
9O7B	376	42.133	15
9O7B	377	43.357	15
9O7B	378	48.39	15
9O7B	379	57.103	15
9O7C	305	85.35	15
9O7C	306	99.49	15
9O7C	307	100.0	15
9O7C	308	100.0	15
9O7C	309	98.45	15
9O7C	310	98.33	15
9O7C	311	93.62	15
9O7C	312	0.0	15
9O7C	313	94.21	15
9O7C	314	0.0	15
9O7C	315	97.2	15
9O7C	316	0.0	15
9O7C	317	100.0	15
9O7C	318	100.0	15
9O7C	319	100.0	15
9O7C	320	100.0	15
9O7C	321	0.0	15
9O7C	322	100.0	15
9O7C	323	100.0	15
9O7C	324	100.0	15
9O7C	325	100.0	15
9O7C	326	0.0	15
9O7C	327	100.0	15
9O7C	328	100.0	15
9O7C	329	100.0	15
9O7C	330	100.0	15
9O7C	331	100.0	15
9O7C	332	0.0	15
9O7C	333	0.0	15
9O7C	334	0.0	15
9O7C	335	100.0	15
9O7C	336	100.0	15
9O7C	337	100.0	15
9O7C	338	100.0	15
9O7C	339	100.0	15
9O7C	340	100.0	15
9O7C	341	0.0	15
9O7C	342	0.0	15
9O7C	343	100.0	15
9O7C	344	0.0	15
9O7C	345	100.0	15
9O7C	346	100.0	15
9O7C	347	100.0	15
9O7C	348	0.0	15
9O7C	349	0.0	15
9O7C	350	100.0	15
9O7C	351	100.0	15
9O7C	352	100.0	15
9O7C	353	0.0	15
9O7C	354	100.0	15
9O7C	355	0.0	15
9O7C	356	0.0	15
9O7C	357	100.0	15
9O7C	358	100.0	15
9O7C	359	100.0	15
9O7C	360	100.0	15
9O7C	361	0.0	15
9O7C	362	100.0	15
9O7C	363	100.0	15
9O7C	364	100.0	15
9O7C	365	0.0	15
9O7C	366	0.0	15
9O7C	367	0.0	15
9O7C	368	100.0	15
9O7C	369	100.0	15
9O7C	370	100.0	15
9O7C	371	100.0	15
9O7C	372	0.0	15
9O7C	373	100.0	15
9O7C	374	100.0	15
9O7C	375	100.0	15
9O7C	376	100.0	15
9O7C	377	96.95	15
9O7C	378	0.0	15
9O7C	379	75.95	15
9O8E	341	164.75	5
9O8E	342	167.61	5
9O8E	343	162.88	5
9O8E	344	161.92	5
9O8E	345	153.06	5
9O8E	346	145.03	5
9O8E	347	140.9	5
9O8E	348	132.89	5
9O8E	349	126.96	5
9O8E	350	131.1	5
9O8E	351	132.69	5
9O8E	352	137.78	5
9O8E	353	145.69	5
9O8E	354	155.03	5
9O8E	355	155.77	5
9O8E	356	157.58	5
9O8E	357	154.35	5
9O8E	358	156.16	5
9O8E	359	157.67	5
9O8E	360	157.93	5
9O8E	361	159.86	5
9O8E	362	164.95	5
9O8E	363	172.36	5
9O8E	364	172.12	5
9O8E	365	158.39	5
9O8E	366	136.37	5
9O8E	367	107.97	5
9O8E	368	86.96	5
9O8E	369	67.28	5
9O8E	370	57.72	5
9O8E	371	54.66	5
9O8E	372	54.91	5
9O8E	373	55.64	5
9O8E	374	53.39	5
9O8E	375	50.26	5
9O8E	376	45.63	5
9O8E	377	48.52	5
9O8E	378	40.04	5
9O8E	379	45.59	5
9O8E	380	48.64	5
9O8E	381	57.23	5
9O8E	382	52.17	5
9O8E	383	55.28	5
9O8E	384	60.53	5
9O8E	385	63.24	5
9O8E	386	77.83	5
9O8E	387	77.99	5
9O8E	388	81.04	5
9O8E	389	79.17	5
9O8E	390	71.33	5
9O8E	391	60.5	5
9O8E	392	52.31	5
9O8E	393	46.02	5
9O8E	394	39.61	5
9O8E	395	45.08	5
9O8E	396	49.78	5
9O8E	397	48.88	5
9O8E	398	46.8	5
9O8E	399	54.41	5
9O8E	400	71.18	5
9O8E	401	81.48	5
9O8E	402	90.08	5
9O8E	403	89.76	5
9O8E	404	75.46	5
9O8E	405	70.17	5
9O8E	406	59.88	5
9O8E	407	51.74	5
9O8E	408	46.13	5
9O8E	409	45.43	5
9O8E	410	38.76	5
9O8E	411	40.24	5
9O8E	412	45.07	5
9O8E	413	47.44	5
9O8E	414	45.97	5
9O8E	415	48.37	5
9O8E	416	49.26	5
9O8E	417	45.29	5
9O8E	418	47.68	5
9O8E	419	47.14	5
9O8E	420	58.78	5
9O8E	421	73.67	5
9O8E	422	72.2	5
9O8E	423	78.92	5
9O8E	424	80.65	5
9O8E	425	80.33	5
9O8E	426	78.31	5
9O8E	427	81.76	5
9O8E	428	79.14	5
9O8E	429	89.06	5
9O8E	430	105.47	5
9O8E	431	115.58	5
9O8E	432	125.94	5
9O8E	433	129.56	5
9O8E	434	128.57	5
9O8E	435	135.12	5
9O8E	436	138.29	5
9O8E	437	136.43	5
9O8E	438	144.3	5
9O8E	439	146.88	5
9O8E	440	147.92	5
9O8E	441	149.44	5
9O8E	442	150.65	5
9O8E	443	146.58	5
9O8E	444	143.42	5
9O8E	445	142.12	5
9O8E	446	131.96	5
9O8E	447	129.09	5
9O8E	448	124.23	5
9O8E	449	123.71	5
9O8H	273	116.99	10
9O8H	274	107.29	10
9O8H	275	93.2	10
9O8H	276	82.49	10
9O8H	277	68.74	10
9O8H	278	69.02	10
9O8H	279	63.78	10
9O8H	280	67.6	10
9O8H	281	68.5	10
9O8H	282	80.67	10
9O8H	283	88.24	10
9O8H	284	83.6	10
9O8H	285	78.55	10
9O8H	286	78.25	10
9O8H	287	74.57	10
9O8H	288	73.74	10
9O8H	289	77.11	10
9O8H	290	74.78	10
9O8H	291	71.06	10
9O8H	292	71.98	10
9O8H	293	70.67	10
9O8H	294	66.46	10
9O8H	295	74.35	10
9O8H	296	71.78	10
9O8H	297	67.38	10
9O8H	298	60.17	10
9O8H	299	51.47	10
9O8H	300	57.54	10
9O8H	301	51.74	10
9O8H	302	65.38	10
9O8H	303	80.48	10
9O8H	304	85.51	10
9O8H	305	79.62	10
9O8H	306	74.78	10
9O8H	307	68.36	10
9O8H	308	64.98	10
9O8H	309	70.92	10
9O8H	310	66.15	10
9O8H	311	74.81	10
9O8H	312	73.69	10
9O8H	313	80.16	10
9O8H	314	90.83	10
9O8H	315	86.05	10
9O8H	316	91.64	10
9O8H	317	89.7	10
9O8H	318	80.82	10
9O8H	319	91.69	10
9O8H	320	78.64	10
9O8H	321	85.62	10
9O8H	322	101.27	10
9O8H	323	99.6	10
9O8H	324	106.44	10
9O8H	325	95.64	10
9O8H	326	92.85	10
9O8H	327	90.34	10
9O8H	328	104.05	10
9O8H	329	111.9	10
9O8H	330	129.3	10
9O8H	331	143.81	10
9O8H	332	152.05	10
9O8H	333	153.49	10
9O8H	334	156.71	10
9O8H	335	149.0	10
9O8H	336	147.99	10
9O8H	337	147.93	10
9O8H	338	148.63	10
9O8H	339	140.98	10
9O8H	340	143.42	10
9O8H	341	148.88	10
9O8H	342	141.89	10
9OBK	14	122.42	10
9OBK	15	119.32	10
9OBK	16	117.15	10
9OBK	17	113.29	10
9OBK	18	111.72	10
9OBK	19	112.46	10
9OBK	20	111.0	10
9OBK	21	112.17	10
9OBK	22	110.82	10
9OBK	23	113.28	10
9OBK	24	111.72	10
9OBK	25	112.2	10
9OBK	26	111.56	10
9OBK	27	111.5	10
9OBK	28	111.85	10
9OBK	29	111.85	10
9OBK	30	111.85	10
9OBK	31	112.79	10
9OBK	32	112.31	10
9OBK	33	113.11	10
9OBK	34	112.29	10
9OBK	36	109.11	10
9OBK	37	108.86	10
9OBK	38	107.94	10
9OBK	39	107.22	10
9OBK	40	105.34	10
9OBK	41	101.97	10
9OBP	14	29.958	5
9OBP	15	24.46	5
9OBP	16	24.872	5
9OBP	17	24.738	5
9OBP	18	31.3	5
9OBP	19	46.868	5
9OBP	20	50.768	5
9OBP	21	59.13	5
9OBP	22	55.58	5
9OBP	23	51.382	5
9OBP	24	48.084	5
9OBP	25	30.704	5
9OBP	26	26.886	5
9OBP	27	25.556	5
9OBP	28	26.802	5
9OBP	29	29.5	5
9OBP	30	32.654	5
9OBP	31	33.212	5
9OBP	32	31.534	5
9OBP	33	27.552	5
9OBP	34	27.084	5
9OBP	35	27.768	5
9OBP	36	17.092	5
9OBP	37	25.225	10
9OBP	38	23.49	10
9OBP	39	23.646	10
9OBP	40	23.497	10
9OBP	41	24.555	10
9OBP	42	25.29	10
9OBP	43	26.277	10
9OBP	44	27.605	10
9OBP	45	23.744	10
9OBP	46	23.937	10
9OBP	47	16.957	10
9OBP	48	16.526	10
9OBP	49	16.756	10
9OBP	50	18.695	10
9OBP	51	17.981	10
9OBP	52	23.352	10
9OBP	53	25.545	10
9OBP	54	30.816	10
9OBP	55	29.728	10
9OBP	56	32.95	10
9OBP	57	42.665	10
9OBP	58	45.656	10
9OBP	59	49.625	10
9OBP	60	48.384	10
9OBP	61	43.54	10
9OBP	62	40.506	10
9OBP	63	33.697	10
9OBP	64	37.25	10
9OBP	65	31.216	10
9OBP	66	33.362	10
9OBP	67	27.402	10
9OBP	68	27.783	10
9OBP	69	25.975	10
9OBP	70	27.252	10
9OBP	71	28.94	10
9OBP	72	40.72	10
9OBP	73	47.36	10
9OBP	74	44.662	10
9OBP	75	36.016	10
9OBP	76	20.376	10
9OBP	77	15.536	10
9OBP	78	15.082	10
9OBP	79	18.747	10
9OBP	80	24.101	10
9OBP	81	31.328	10
9OBP	82	37.202	10
9OBP	83	44.884	10
9OBP	84	52.904	10
9OBP	85	55.277	10
9OBP	86	46.922	10
9OBP	87	39.213	10
9OBP	88	30.616	10
9OBP	89	22.599	10
9OBP	90	25.308	10
9OBP	91	25.971	10
9OBP	92	31.063	10
9OBP	93	30.36	10
9OBP	94	31.719	10
9OBP	95	37.374	10
9OBP	96	39.328	10
9OBP	97	50.79	10
9OBP	98	59.509	10
9OBP	99	67.226	10
9OBP	100	78.53	5
9OFW	349	65.565	20
9OFW	350	58.25	20
9OFW	351	51.275	20
9OFW	352	41.933	20
9OFW	353	36.678	20
9OFW	354	31.735	20
9OFW	355	31.428	20
9OFW	356	26.04	20
9OFW	357	19.245	20
9OFW	358	16.927	20
9OFW	359	13.875	20
9OFW	360	13.47	20
9OFW	361	15.88	20
9OFW	362	17.593	20
9OFW	363	21.328	20
9OKA	1	133.4	5
9OKA	2	128.13	5
9OKA	3	121.45	5
9OKA	4	113.89	5
9OKA	5	108.8	5
9OKA	6	111.39	5
9OKA	7	104.0	5
9OKA	8	94.56	5
9OKA	9	103.21	5
9OKA	10	99.61	5
9OKA	11	109.6	5
9OKA	12	118.65	5
9OKA	13	110.5	5
9OKA	14	93.26	5
9OKA	15	90.81	5
9OKA	16	96.6	5
9OKA	17	113.42	5
9OKA	18	80.89	5
9OKA	19	79.25	5
9OKA	20	70.06	5
9OKA	21	83.2	5
9OKA	22	94.02	5
9OKA	23	106.27	5
9OKA	24	111.16	5
9OKA	25	128.84	5
9OKA	26	131.33	5
9OKA	27	119.78	5
9OKA	28	107.74	5
9OKA	29	99.97	5
9OKA	30	86.44	5
9OKA	31	89.23	5
9OKA	32	81.68	5
9OKA	33	88.53	5
9OKA	34	71.37	5
9OKA	35	83.87	5
9OKA	36	104.97	5
9OKA	37	100.12	5
9OKA	38	112.5	5
9OKA	39	133.61	5
9OKA	40	157.24	5
9OKA	41	165.15	5
9OKA	59	158.35	5
9OKA	60	158.07	5
9OKA	61	150.6	5
9OKA	62	131.79	5
9OKA	63	117.99	5
9OKA	64	109.7	5
9OKA	65	108.57	5
9OKA	66	107.62	5
9OKA	67	111.66	5
9OKA	68	123.19	5
9OKA	69	105.9	5
9OKA	70	106.55	5
9OKA	71	102.44	5
9OKA	72	98.98	5
9OKA	73	97.51	5
9OKA	74	100.59	5
9OKA	75	91.94	5
9OKA	76	91.51	5
9OKA	77	91.35	5
9OKA	78	100.99	5
9OKA	79	123.81	5
9OKA	80	137.26	5
9OKA	81	147.9	5
9OKA	82	153.36	5
9OKA	83	169.33	5
9OKA	84	187.38	5
9OKA	85	194.96	5
9OKA	86	192.83	5
9OKA	87	170.91	5
9OKA	88	148.84	5
9OKA	89	110.91	5
9OKA	90	84.62	5
9OKA	91	77.29	5
9OKA	92	65.74	5
9OKA	93	74.57	5
9OKA	94	79.51	5
9OKA	95	85.69	5
9OKA	96	86.29	5
9OKA	97	96.47	5
9OKA	98	109.74	5
9OKA	99	104.87	5
9OKA	100	103.11	5
9OKA	101	95.53	5
9OKA	102	98.75	5
9OKA	103	98.66	5
9OKA	104	132.28	5
9OYO	43	83.91	18
9OYO	44	77.59	18
9OYO	45	65.67	18
9OYO	46	58.33	18
9OYO	47	48.22	18
9OYO	48	53.83	18
9OYO	49	56.43	18
9OYO	50	60.67	18
9OYO	51	61.71	18
9OYO	52	53.6	18
9OYO	53	46.52	18
9OYO	54	41.58	18
9OYO	55	42.96	18
9OYO	56	46.03	18
9OYO	57	54.77	18
9OYO	58	50.55	18
9OYO	59	54.93	18
9OYO	60	48.41	18
9OYO	61	42.2	18
9OYO	62	41.19	18
9OYO	63	41.94	18
9OYO	64	39.9	18
9OYO	65	47.94	18
9OYO	66	52.22	18
9OYO	67	57.39	18
9OYO	68	55.48	18
9OYO	69	59.05	18
9OYO	70	64.72	18
9OYO	71	59.47	18
9OYO	72	61.83	18
9OYO	73	64.76	18
9OYO	74	71.82	18
9OYO	75	75.76	18
9OYO	76	82.04	18
9OYQ	43	97.75	18
9OYQ	44	90.73	18
9OYQ	45	85.4	18
9OYQ	46	70.67	18
9OYQ	47	63.98	18
9OYQ	48	62.46	18
9OYQ	49	57.33	18
9OYQ	50	63.54	18
9OYQ	51	63.98	18
9OYQ	52	59.77	18
9OYQ	53	53.77	18
9OYQ	54	50.11	18
9OYQ	55	60.54	18
9OYQ	56	57.73	18
9OYQ	57	56.65	18
9OYQ	58	53.76	18
9OYQ	59	53.61	18
9OYQ	60	46.78	18
9OYQ	61	44.81	18
9OYQ	62	43.7	18
9OYQ	63	55.08	18
9OYQ	64	58.39	18
9OYQ	65	62.93	18
9OYQ	66	64.22	18
9OYQ	67	67.25	18
9OYQ	68	64.59	18
9OYQ	69	71.7	18
9OYQ	70	71.71	18
9OYQ	71	59.68	18
9OYQ	72	59.25	18
9OYQ	73	66.72	18
9OYQ	74	72.95	18
9OYQ	75	76.67	18
9OYQ	76	84.54	18
9OYR	54	27.44	6
9OYR	55	23.75	6
9OYR	56	24.42	6
9OYR	57	19.65	6
9OYR	58	16.98	6
9OYR	59	17.69	6
9OYR	60	21.79	6
9OYR	61	22.97	6
9OYR	62	23.52	6
9OYR	63	17.25	6
9OYR	64	15.05	6
9OYR	65	13.17	6
9OYR	66	13.27	6
9OYR	67	14.41	6
9OYR	68	16.11	6
9OYR	69	18.43	6
9OYR	70	20.42	6
9OYR	71	17.76	6
9OYR	72	19.35	6
9OYR	73	20.24	6
9OYR	74	25.25	6
9OYR	75	24.85	6
9OYR	76	29.85	6
9OYR	77	33.83	6
9OYR	78	38.36	6
9OYR	79	34.31	6
9OYR	80	34.52	6
9OYR	81	31.85	6
9OYR	82	30.85	6
9OYR	83	27.68	6
9OYR	84	29.96	6
9OYR	85	37.69	6
9OYR	86	43.79	6
9OYS	43	60.26	3
9OYS	44	66.05	6
9OYS	45	65.12	6
9OYS	46	60.545	6
9OYS	47	57.88	6
9OYS	48	51.67	6
9OYS	49	51.6	6
9OYS	50	51.695	6
9OYS	51	50.285	6
9OYS	52	44.58	6
9OYS	53	42.875	6
9OYS	54	39.67	6
9OYS	55	38.48	6
9OYS	56	36.995	6
9OYS	57	36.98	6
9OYS	58	35.515	6
9OYS	59	36.705	6
9OYS	60	36.4	6
9OYS	61	36.465	6
9OYS	62	41.04	6
9OYS	63	40.64	6
9OYS	64	40.605	6
9OYS	65	46.205	6
9OYS	66	46.055	6
9OYS	67	46.665	6
9OYS	68	44.97	6
9OYS	69	49.615	6
9OYS	70	52.37	6
9OYS	71	51.625	6
9OYS	72	53.72	6
9OYS	73	59.35	6
9OYS	74	65.85	6
9OYS	75	72.2	3
9OYT	54	89.9	18
9OYT	55	82.18	18
9OYT	56	76.78	18
9OYT	57	58.84	18
9OYT	58	60.24	18
9OYT	59	53.27	18
9OYT	60	47.47	18
9OYT	61	44.63	18
9OYT	62	54.91	18
9OYT	63	50.05	18
9OYT	64	47.48	18
9OYT	65	54.35	18
9OYT	66	48.83	18
9OYT	67	52.94	18
9OYT	68	52.65	18
9OYT	69	59.58	18
9OYT	70	57.24	18
9OYT	71	62.78	18
9OYT	72	57.81	18
9OYT	73	54.44	18
9OYT	74	52.56	18
9OYT	75	49.91	18
9OYT	76	55.07	18
9OYT	77	57.92	18
9OYT	78	52.71	18
9OYT	79	56.47	18
9OYT	80	58.31	18
9OYT	81	66.54	18
9OYT	82	67.92	18
9OYT	83	75.96	18
9OYT	84	81.15	18
9OYT	85	90.08	18
9OYT	86	81.58	18
9OYT	87	87.46	18
9OYW	50	56.98	36
9OYW	51	49.5	36
9OYW	52	40.89	36
9OYW	53	29.5	36
9OYW	54	23.6	36
9OYW	55	21.85	36
9OYW	56	24.09	36
9OYW	57	23.59	36
9OYW	58	27.18	36
9OYW	59	34.2	36
9OYW	60	35.75	36
9OYW	61	36.6	36
9OYW	62	39.42	36
9OYW	63	29.39	36
9OYW	64	28.24	36
9OYW	65	29.32	36
9OYW	66	25.59	36
9OYW	67	29.48	36
9OYW	68	24.44	36
9OYW	69	24.2	36
9OYW	70	26.13	36
9OYW	71	28.75	36
9OYW	72	28.94	36
9OYW	73	35.76	36
9OYW	74	46.1	36
9OYW	75	52.29	36
9OYW	76	70.18	36
9PGO	305	102.53	12
9PGO	306	100.3	12
9PGO	307	95.36	12
9PGO	308	88.14	12
9PGO	309	83.19	12
9PGO	310	72.83	12
9PGO	311	73.59	12
9PGO	312	71.38	12
9PGO	313	69.66	12
9PGO	314	65.82	12
9PGO	315	66.0	12
9PGO	316	61.24	12
9PGO	317	53.96	12
9PGO	318	43.74	12
9PGO	319	43.85	12
9PGO	320	43.05	12
9PGO	321	41.99	12
9PGO	322	48.0	12
9PGO	323	46.58	12
9PGO	324	52.17	12
9PGO	325	48.87	12
9PGO	326	50.05	12
9PGO	327	41.58	12
9PGO	328	31.78	12
9PGO	329	25.39	12
9PGO	330	22.75	12
9PGO	331	23.95	12
9PGO	332	28.82	12
9PGO	333	28.26	12
9PGO	334	27.94	12
9PGO	335	26.81	12
9PGO	336	24.62	12
9PGO	337	26.86	12
9PGO	338	29.31	12
9PGO	339	34.09	12
9PGO	340	44.35	12
9PGO	341	60.43	12
9PGO	342	68.23	12
9PGO	343	62.71	12
9PGO	344	51.45	12
9PGO	345	51.27	12
9PGO	346	48.24	12
9PGO	347	56.93	12
9PGO	348	60.09	12
9PGO	349	54.48	12
9PGO	350	41.47	12
9PGO	351	36.11	12
9PGO	352	30.71	12
9PGO	353	28.24	12
9PGO	354	29.47	12
9PGO	355	30.68	12
9PGO	356	35.17	12
9PGO	357	30.38	12
9PGO	358	30.87	12
9PGO	359	22.17	12
9PGO	360	20.9	12
9PGO	361	22.54	12
9PGO	362	24.85	12
9PGO	363	27.89	12
9PGO	364	30.86	12
9PGO	365	34.86	12
9PGO	366	34.96	12
9PGO	367	38.85	12
9PGO	368	39.47	12
9PGO	369	39.01	12
9PGO	370	41.48	12
9PGO	371	42.92	12
9PGO	372	49.42	12
9PGO	373	51.88	12
9PGO	374	57.9	12
9PGO	375	58.26	12
9PGO	376	67.56	12
9PGO	377	72.15	12
9PGO	378	76.05	12
9PVY	20	46.065	10
9PVY	21	42.92	10
9PVY	22	36.35	10
9PVY	23	29.42	10
9PVY	24	28.34	10
9PVY	25	23.695	10
9PVY	26	25.025	10
9PVY	27	19.94	10
9PVY	28	21.65	10
9PVY	29	24.59	10
9PVY	30	28.795	10
9PVY	31	23.68	10
9PVY	32	24.925	10
9PVY	33	24.655	10
9PVY	34	23.12	10
9PVY	35	20.855	10
9PVY	36	23.415	10
9PVY	37	25.16	10
9PVY	38	30.29	10
9PVY	39	25.03	10
9PVY	40	23.585	10
9PVY	41	15.73	10
9PVY	42	20.19	10
9PVY	43	17.255	10
9PVY	44	20.27	10
9PVY	45	19.84	10
9PVY	46	19.045	10
9PVY	47	14.695	10
9PVY	48	11.39	10
9PVY	49	12.385	10
9PVY	50	12.355	10
9PVY	51	19.76	10
9PVY	52	20.93	10
9PVY	53	22.17	10
9PVY	54	21.48	10
9PVY	55	15.65	10
9PVY	56	11.75	10
9PVY	57	19.735	10
9PVY	58	15.36	10
9PVY	59	17.93	10
9PVY	60	24.15	10
9PVY	61	22.18	10
9PVY	62	22.07	10
9PVY	63	19.25	10
9PVY	64	21.77	10
9PVY	65	25.235	10
9PVY	66	26.05	10
9PVY	67	36.685	10
9PVY	68	33.99	10
9PVY	69	31.88	10
9PVY	70	26.665	10
9PVY	71	27.01	10
9PVY	72	25.925	10
9PVY	73	21.815	10
9PVY	74	23.28	10
9PVY	75	22.055	10
9PVY	76	31.535	10
9PVY	77	30.755	10
9PVY	78	43.195	10
9PVY	79	55.61	10
9PVZ	20	52.325	10
9PVZ	21	48.64	10
9PVZ	22	40.65	10
9PVZ	23	34.99	10
9PVZ	24	33.12	10
9PVZ	25	26.985	10
9PVZ	26	27.51	10
9PVZ	27	25.635	10
9PVZ	28	26.23	10
9PVZ	29	25.885	10
9PVZ	30	30.065	10
9PVZ	31	27.765	10
9PVZ	32	22.405	10
9PVZ	33	26.065	10
9PVZ	34	26.605	10
9PVZ	35	22.74	10
9PVZ	36	22.175	10
9PVZ	37	24.645	10
9PVZ	38	26.56	10
9PVZ	39	21.905	10
9PVZ	40	24.515	10
9PVZ	41	16.64	10
9PVZ	42	23.415	10
9PVZ	43	13.825	10
9PVZ	44	16.18	10
9PVZ	45	13.14	10
9PVZ	46	20.225	10
9PVZ	47	16.445	10
9PVZ	48	15.865	10
9PVZ	49	17.31	10
9PVZ	50	17.46	10
9PVZ	51	20.94	10
9PVZ	52	24.055	10
9PVZ	53	21.195	10
9PVZ	54	23.08	10
9PVZ	55	19.315	10
9PVZ	56	18.475	10
9PVZ	57	18.74	10
9PVZ	58	13.575	10
9PVZ	59	21.19	10
9PVZ	60	26.94	10
9PVZ	61	22.08	10
9PVZ	62	24.97	10
9PVZ	63	22.355	10
9PVZ	64	26.35	10
9PVZ	65	25.3	10
9PVZ	66	24.605	10
9PVZ	67	33.655	10
9PVZ	68	28.1	10
9PVZ	69	25.905	10
9PVZ	70	23.865	10
9PVZ	71	23.06	10
9PVZ	72	27.1	10
9PVZ	73	24.05	10
9PVZ	74	28.355	10
9PVZ	75	19.725	10
9PVZ	76	34.23	10
9PVZ	77	30.585	10
9PVZ	78	44.885	10
9PVZ	79	55.41	10
9PW3	21	73.52	10
9PW3	22	71.34	10
9PW3	23	64.22	10
9PW3	24	64.89	10
9PW3	25	55.465	10
9PW3	26	64.125	10
9PW3	27	61.39	10
9PW3	28	57.805	10
9PW3	29	59.38	10
9PW3	30	68.005	10
9PW3	31	62.295	10
9PW3	32	48.705	10
9PW3	33	56.865	10
9PW3	34	51.855	10
9PW3	35	38.835	10
9PW3	36	40.115	10
9PW3	37	49.18	10
9PW3	38	52.115	10
9PW3	39	48.57	10
9PW3	40	56.96	10
9PW3	41	47.695	10
9PW3	42	48.315	10
9PW3	43	31.865	10
9PW3	44	40.85	10
9PW3	45	38.39	10
9PW3	46	47.48	10
9PW3	47	39.245	10
9PW3	48	31.545	10
9PW3	49	29.815	10
9PW3	50	39.115	10
9PW3	51	47.855	10
9PW3	52	54.635	10
9PW3	53	57.475	10
9PW3	54	68.94	10
9PW3	55	58.78	10
9PW3	56	49.575	10
9PW3	57	52.465	10
9PW3	58	46.41	10
9PW3	59	48.355	10
9PW3	60	57.115	10
9PW3	61	50.055	10
9PW3	62	58.575	10
9PW3	63	55.785	10
9PW3	64	54.825	10
9PW3	65	53.635	10
9PW3	66	46.025	10
9PW3	67	54.015	10
9PW3	68	52.185	10
9PW3	69	43.35	10
9PW3	70	49.0	10
9PW3	71	45.33	10
9PW3	72	51.025	10
9PW3	73	45.35	10
9PW3	74	50.59	10
9PW3	75	38.53	10
9PW3	76	53.86	10
9PW3	77	48.41	10
9PW3	78	64.435	10
9PX6	11	95.62	6
9PX6	12	88.55	6
9PX6	13	82.3	6
9PX6	14	79.41	6
9PX6	15	75.3	6
9PX6	16	79.68	6
9PX6	17	77.77	6
9PX6	18	90.34	6
9PX6	19	87.12	6
9PX6	20	85.42	6
9PX6	21	84.45	6
9PX6	22	85.29	6
9PX6	23	88.49	6
9PX6	24	79.79	6
9PX6	25	66.51	6
9PX6	26	64.02	6
9PX6	27	63.65	6
9PX6	28	67.89	6
9PX6	29	68.5	6
9PX6	30	68.21	6
9PX6	31	65.46	6
9PX6	32	63.48	6
9PX6	33	67.86	6
9PX6	34	74.41	6
9PX6	35	78.78	6
9PX6	58	84.21	6
9PX6	59	92.68	6
9PX6	60	96.86	6
9PX6	61	86.89	6
9PX6	62	83.15	6
9PX6	63	79.99	6
9PX6	64	74.95	6
9PX6	65	68.88	6
9PX6	66	77.47	6
9PX6	67	70.33	6
9PX6	68	64.64	6
9PX6	69	63.38	6
9PX6	70	64.47	6
9PX6	71	70.66	6
9PX6	72	79.56	6
9PX6	73	80.38	6
9PX6	74	77.5	6
9PX6	75	81.69	6
9PX6	76	78.06	6
9PX6	77	76.09	6
9PX6	78	77.16	6
9PX6	79	71.2	6
9PX6	80	81.4	6
9PX6	81	74.72	6
9PX6	82	81.77	6
9PX6	83	79.39	6
9PX6	84	78.91	6
9PX6	85	78.51	6
9PX6	86	81.69	6
9PX6	87	73.33	6
9PX6	88	84.94	6
9PX6	89	84.54	6
9PX6	90	88.6	6
9PX6	91	83.4	6
9PX6	92	86.17	6
9PX6	93	76.5	6
9PX6	94	72.85	6
9PX6	95	62.48	6
9PX6	96	71.25	6
9PX6	97	72.16	6
9PX6	98	79.98	6
9PX6	99	88.95	6
9PX6	100	89.19	6
9PX6	101	92.85	6
9PX6	102	91.83	6
9PX6	103	80.3	6
9PX6	104	76.37	6
9PX6	105	76.84	6
9PX6	106	77.5	6
9PX6	107	74.89	6
9PX6	108	76.91	6
9PX6	109	76.39	6
9PX6	110	74.5	6
9PX6	111	73.07	6
9PX6	112	74.89	6
9PX6	113	69.63	6
9PX6	114	72.85	6
9PX6	115	82.42	6
9PX6	116	79.02	6
9PX6	117	85.65	6
9PX6	118	83.1	6
9PX6	119	80.26	6
9PX6	120	80.78	6
9PX6	121	83.92	6
9PX6	122	90.32	6
9PX6	123	102.22	6
9PX7	11	87.15	6
9PX7	12	75.21	6
9PX7	13	70.79	6
9PX7	14	67.25	6
9PX7	15	68.93	6
9PX7	16	75.58	6
9PX7	17	76.2	6
9PX7	18	86.03	6
9PX7	19	83.5	6
9PX7	20	86.47	6
9PX7	21	85.59	6
9PX7	22	84.97	6
9PX7	23	79.93	6
9PX7	24	70.28	6
9PX7	25	60.07	6
9PX7	26	61.35	6
9PX7	27	61.62	6
9PX7	28	60.69	6
9PX7	29	56.91	6
9PX7	30	58.76	6
9PX7	31	61.77	6
9PX7	32	61.63	6
9PX7	33	66.66	6
9PX7	34	63.05	6
9PX7	35	58.87	6
9PX7	58	63.19	6
9PX7	59	72.09	6
9PX7	60	78.33	6
9PX7	61	77.01	6
9PX7	62	78.1	6
9PX7	63	74.62	6
9PX7	64	68.18	6
9PX7	65	64.8	6
9PX7	66	70.05	6
9PX7	67	63.24	6
9PX7	68	59.97	6
9PX7	69	59.44	6
9PX7	70	64.57	6
9PX7	71	67.44	6
9PX7	72	68.67	6
9PX7	73	72.57	6
9PX7	74	68.65	6
9PX7	75	72.74	6
9PX7	76	70.29	6
9PX7	77	74.26	6
9PX7	78	74.73	6
9PX7	79	65.75	6
9PX7	80	68.15	6
9PX7	81	63.61	6
9PX7	82	76.87	6
9PX7	83	71.16	6
9PX7	84	71.69	6
9PX7	85	73.52	6
9PX7	86	76.33	6
9PX7	87	67.95	6
9PX7	88	79.65	6
9PX7	89	85.37	6
9PX7	90	85.0	6
9PX7	91	81.08	6
9PX7	92	82.69	6
9PX7	93	72.41	6
9PX7	94	69.59	6
9PX7	95	53.55	6
9PX7	96	59.09	6
9PX7	97	66.0	6
9PX7	98	73.82	6
9PX7	99	87.16	6
9PX7	100	83.58	6
9PX7	101	79.43	6
9PX7	102	81.46	6
9PX7	103	68.75	6
9PX7	104	66.63	6
9PX7	105	60.19	6
9PX7	106	61.31	6
9PX7	107	57.51	6
9PX7	108	64.33	6
9PX7	109	65.05	6
9PX7	110	70.38	6
9PX7	111	74.0	6
9PX7	112	77.64	6
9PX7	113	70.03	6
9PX7	114	66.68	6
9PX7	115	77.65	6
9PX7	116	73.88	6
9PX7	117	81.68	6
9PX7	118	83.63	6
9PX7	119	78.4	6
9PX7	120	75.42	6
9PX7	121	80.85	6
9PX7	122	82.62	6
9PX7	123	91.59	6
9PX9	11	93.31	6
9PX9	12	84.89	6
9PX9	13	80.86	6
9PX9	14	76.36	6
9PX9	15	76.28	6
9PX9	16	81.61	6
9PX9	17	82.73	6
9PX9	18	94.24	6
9PX9	19	90.67	6
9PX9	20	92.56	6
9PX9	21	98.16	6
9PX9	22	90.46	6
9PX9	23	88.28	6
9PX9	24	83.58	6
9PX9	25	71.61	6
9PX9	26	66.81	6
9PX9	27	64.22	6
9PX9	28	61.17	6
9PX9	29	59.96	6
9PX9	30	59.13	6
9PX9	31	61.64	6
9PX9	32	61.0	6
9PX9	33	63.91	6
9PX9	34	68.26	6
9PX9	35	72.1	6
9PX9	58	80.31	6
9PX9	59	86.9	6
9PX9	60	92.54	6
9PX9	61	86.91	6
9PX9	62	85.81	6
9PX9	63	79.72	6
9PX9	64	72.63	6
9PX9	65	72.55	6
9PX9	66	76.39	6
9PX9	67	73.04	6
9PX9	68	67.48	6
9PX9	69	72.2	6
9PX9	70	71.93	6
9PX9	71	70.49	6
9PX9	72	72.85	6
9PX9	73	66.33	6
9PX9	74	72.1	6
9PX9	75	76.56	6
9PX9	76	77.53	6
9PX9	77	79.07	6
9PX9	78	81.2	6
9PX9	79	76.5	6
9PX9	80	82.49	6
9PX9	81	77.48	6
9PX9	82	82.33	6
9PX9	83	77.33	6
9PX9	84	77.23	6
9PX9	85	78.98	6
9PX9	86	81.48	6
9PX9	87	72.45	6
9PX9	88	81.66	6
9PX9	89	83.33	6
9PX9	90	82.75	6
9PX9	91	76.69	6
9PX9	92	78.8	6
9PX9	93	72.79	6
9PX9	94	74.54	6
9PX9	95	68.24	6
9PX9	96	69.38	6
9PX9	97	74.98	6
9PX9	98	80.46	6
9PX9	99	89.45	6
9PX9	100	90.65	6
9PX9	101	86.07	6
9PX9	102	81.84	6
9PX9	103	73.22	6
9PX9	104	67.61	6
9PX9	105	61.75	6
9PX9	106	73.45	6
9PX9	107	73.32	6
9PX9	108	80.88	6
9PX9	109	79.06	6
9PX9	110	78.98	6
9PX9	111	84.86	6
9PX9	112	83.66	6
9PX9	113	75.51	6
9PX9	114	75.24	6
9PX9	115	86.83	6
9PX9	116	80.82	6
9PX9	117	87.43	6
9PX9	118	87.21	6
9PX9	119	87.05	6
9PX9	120	85.12	6
9PX9	121	87.4	6
9PX9	122	92.55	6
9PX9	123	94.61	6
9QFM	201	39.85	36
9QFM	202	43.333	36
9QFM	203	43.333	36
9QFM	204	43.333	36
9QFM	205	43.333	36
9QFM	206	43.333	36
9QFM	207	43.333	36
9QFM	208	43.333	36
9QFM	209	43.333	36
9QFM	210	30.0	36
9QFM	211	30.0	24
9QFM	212	30.0	24
9QLU	65	79.11	5
9QLU	66	73.728	5
9QLU	67	66.724	5
9QLU	68	59.26	5
9QLU	69	51.34	5
9QLU	70	32.274	5
9QLU	71	25.112	5
9QLU	72	26.782	5
9QLU	73	26.432	5
9QLU	74	24.428	5
9QLU	75	28.86	5
9QLU	76	25.93	5
9QLU	77	28.292	5
9QLU	78	33.128	5
9QLU	79	28.332	5
9QLU	80	43.892	5
9QLU	81	48.198	5
9QLU	82	58.396	5
9QLU	83	58.218	5
9QLU	84	61.2	5
9QLU	85	53.704	5
9QLU	86	49.824	5
9QLU	87	46.14	5
9QLU	88	49.496	5
9QLU	89	50.504	5
9QLU	90	41.492	5
9QLU	91	38.65	5
9QLU	92	41.98	5
9QLU	93	37.154	5
9QLU	94	39.464	5
9QLU	95	34.614	5
9QLU	96	46.322	5
9QLU	97	37.884	5
9QLU	98	38.612	5
9QLU	99	43.158	5
9QLU	100	35.014	5
9QLU	101	34.848	5
9QLU	102	32.69	5
9QLU	103	31.94	5
9QLU	104	29.308	5
9QLU	105	37.974	5
9QLU	106	45.062	5
9QLU	107	49.368	5
9QLU	108	52.866	5
9QLU	109	50.024	5
9QLU	110	47.312	5
9QLU	111	51.448	5
9QLU	112	41.086	5
9QLU	113	43.184	5
9QLU	114	40.362	5
9QLU	115	39.726	5
9QLU	116	40.778	5
9QLU	117	31.278	5
9QLU	118	32.796	5
9QLU	119	35.976	5
9QLU	120	31.918	5
9QLU	121	38.738	5
9QLU	122	29.268	5
9QLU	123	33.71	5
9QLU	124	37.426	5
9QLU	125	40.42	5
9QLU	126	52.36	5
9QLU	127	58.262	5
9QLU	128	58.936	5
9QLU	129	56.4	5
9QLU	130	58.28	5
9QYN	36	99.658	10
9QYN	37	98.282	10
9QYN	38	94.825	10
9QYN	39	91.724	10
9QYN	40	84.736	10
9QYN	41	77.952	10
9QYN	42	78.026	10
9QYN	43	72.41	10
9QYN	44	63.323	10
9QYN	45	53.344	10
9QYN	46	57.933	10
9QYN	47	41.317	10
9QYN	48	50.549	10
9QYN	49	53.689	10
9QYN	50	57.339	10
9QYN	51	44.518	10
9QYN	52	36.241	10
9QYN	53	31.18	10
9QYN	54	39.481	10
9QYN	55	43.392	10
9QYN	56	42.227	10
9QYN	57	57.26	10
9QYN	58	58.173	10
9QYN	59	59.385	10
9QYN	60	57.44	10
9QYN	61	64.77	10
9QYN	62	57.337	10
9QYN	63	55.763	10
9QYN	64	51.16	10
9QYN	65	48.347	10
9QYN	66	48.213	10
9QYN	67	54.745	10
9QYN	68	60.682	10
9QYN	69	59.2	10
9QYN	70	53.205	10
9QYN	71	53.881	10
9QYN	72	60.153	10
9QYN	73	61.293	10
9QYN	74	59.102	10
9QYN	75	56.305	10
9QYN	76	45.361	10
9QYN	77	43.899	10
9QYN	78	42.783	10
9QYN	79	41.577	10
9QYN	80	50.93	10
9QYN	81	62.274	10
9QYN	82	63.796	10
9QYN	83	75.264	10
9QYN	84	72.331	10
9QYN	85	70.7	10
9QYN	86	68.516	10
9QYN	87	62.983	10
9QYN	88	49.036	10
9QYN	89	62.404	10
9QYN	90	64.184	10
9QYN	91	76.162	10
9QYN	92	84.721	10
9QYN	93	95.082	10
9QYN	94	95.737	10
9QYN	95	98.127	10
9QYN	96	97.821	10
9R2F	307	79.4	6
9R2F	308	76.56	6
9R2F	309	72.4	6
9R2F	310	69.33	6
9R2F	311	65.39	6
9R2F	312	63.67	6
9R2F	313	61.45	6
9R2F	314	58.83	6
9R2F	315	56.8	6
9R2F	316	55.49	6
9R2F	317	53.46	6
9R2F	318	52.45	6
9R2F	319	52.09	6
9R2F	320	49.98	6
9R2F	321	47.86	6
9R2F	322	47.04	6
9R2F	323	45.03	6
9R2F	324	43.18	6
9R2F	325	41.17	6
9R2F	326	37.6	6
9R2F	327	34.69	6
9R2F	328	33.92	6
9R2F	329	32.69	6
9R2F	330	32.07	6
9R2F	331	31.44	6
9R2F	332	31.12	6
9R2F	333	30.86	6
9R2F	334	30.37	6
9R2F	335	30.75	6
9R2F	336	31.95	6
9R2F	337	34.06	6
9R2F	338	37.66	6
9R2F	339	39.59	6
9R2F	340	44.07	6
9R2F	341	48.72	6
9R2F	342	51.37	6
9R2F	343	50.94	6
9R2F	344	50.12	6
9R2F	345	49.93	6
9R2F	346	48.05	6
9R2F	347	48.31	6
9R2F	348	45.92	6
9R2F	349	44.03	6
9R2F	350	42.6	6
9R2F	351	39.71	6
9R2F	352	38.51	6
9R2F	353	36.97	6
9R2F	354	37.68	6
9R2F	355	36.7	6
9R2F	356	35.6	6
9R2F	357	34.82	6
9R2F	358	35.6	6
9R2F	359	32.99	6
9R2F	360	31.23	6
9R2F	361	32.74	6
9R2F	362	34.42	6
9R2F	363	35.84	6
9R2F	364	37.93	6
9R2F	365	41.42	6
9R2F	366	43.68	6
9R2F	367	47.09	6
9R2F	368	49.21	6
9R2F	369	51.15	6
9R2F	370	53.8	6
9R2F	371	55.47	6
9R2F	372	58.6	6
9R2F	373	61.89	6
9R2F	374	64.71	6
9R2F	375	69.21	6
9R2F	376	73.49	6
9R2F	377	77.93	6
9R2F	378	82.27	6
9R2H	316	30.0	3
9R2H	317	30.0	3
9R2H	318	30.0	3
9R2H	319	30.0	3
9R2H	320	30.0	3
9R2H	321	30.0	3
9R2H	322	30.0	3
9R2H	323	66.96	3
9R2H	324	73.27	3
9R2H	325	79.14	3
9R2H	326	83.44	3
9R2H	327	71.57	3
9R2H	328	56.12	3
9R2H	329	51.14	3
9R2H	330	45.81	3
9R2H	331	45.55	3
9R2H	332	45.87	3
9R2H	333	46.19	3
9R2H	334	44.7	3
9R2H	335	41.39	3
9R2H	336	38.47	3
9R2H	337	42.79	3
9R2H	338	51.73	3
9R2H	339	51.71	3
9R2H	340	64.12	3
9R2H	341	74.78	3
9R2H	342	90.09	3
9R2H	343	85.33	3
9R2H	344	81.01	3
9R2H	345	78.41	3
9R2H	346	71.49	3
9R2H	347	80.55	3
9R2H	348	82.63	3
9R2H	349	77.89	3
9R2H	350	61.88	3
9R2H	351	64.83	3
9R2H	352	58.95	3
9R2H	353	57.16	3
9R2H	354	54.34	3
9R2H	355	52.55	3
9R2H	356	57.03	3
9R2H	357	53.31	3
9R2H	358	52.3	3
9R2H	359	39.76	3
9R2H	360	40.4	3
9R2H	361	30.0	3
9R2H	362	30.0	3
9R2H	363	30.0	3
9R2H	364	30.0	3
9R2H	365	30.0	3
9R2H	366	30.0	3
9R2H	367	30.0	3
9R2H	368	30.0	3
9R2H	369	30.0	3
9R2H	370	30.0	3
9R2H	371	30.0	3
9R2H	372	30.0	3
9R2H	373	30.0	3
9R2H	374	30.0	3
9R2H	375	30.0	3
9R2H	376	30.0	3
9R2H	377	30.0	3
9R2H	378	30.0	3
9R2H	379	30.0	3
9R2H	380	30.0	3
9R2H	381	30.0	3
9R2H	382	30.0	3
9R2H	383	30.0	3
9R2H	384	30.0	3
9R2H	385	30.0	3
9R2H	386	30.0	3
9R2H	387	30.0	3
9R2H	388	30.0	3
9R2H	389	30.0	3
9R2H	390	30.0	3
9R2H	391	30.0	3
9R2H	392	30.0	3
9R2H	393	30.0	3
9R2H	394	30.0	3
9R2H	395	30.0	3
9R2H	396	30.0	3
9R2H	397	30.0	3
9R2H	398	30.0	3
9R2H	399	30.0	3
9R2H	400	30.0	3
9R2H	401	30.0	3
9R2H	402	30.0	3
9R2H	403	30.0	3
9R2H	404	30.0	3
9R2H	405	30.0	3
9R2H	406	30.0	3
9R2H	407	30.0	3
9R2H	408	30.0	3
9R2H	409	30.0	3
9R2H	410	30.0	3
9R2H	411	30.0	3
9R2H	412	30.0	3
9R2H	413	30.0	3
9R2H	414	30.0	3
9R2H	415	30.0	3
9R2H	416	30.0	3
9R2H	417	30.0	3
9R2H	418	30.0	3
9R2H	419	30.0	3
9R2H	420	30.0	3
9R2H	421	30.0	3
9R2H	422	30.0	3
9R2H	423	30.0	3
9R2H	424	30.0	3
9R2H	425	30.0	3
9R2H	426	30.0	3
9R2H	427	30.0	3
9R2H	428	30.0	3
9R2H	429	30.0	3
9R2H	430	30.0	3
9R2H	431	30.0	3
9R2H	432	30.0	3
9R2H	433	30.0	3
9R2H	434	30.0	3
9R4Z	2	70.17	12
9R4Z	3	68.06	12
9R4Z	4	68.03	12
9R4Z	5	63.98	12
9R4Z	6	67.28	12
9R4Z	7	66.48	12
9R4Z	8	71.63	12
9R4Z	9	74.16	12
9R4Z	10	73.74	12
9R4Z	11	72.51	12
9R4Z	12	73.87	12
9R4Z	13	76.4	12
9R4Z	14	79.11	12
9R4Z	15	79.14	12
9R4Z	16	81.12	12
9R4Z	17	77.3	12
9R4Z	18	72.1	12
9R4Z	19	74.18	12
9R4Z	20	74.4	12
9R4Z	21	78.65	12
9R4Z	22	82.97	12
9R4Z	23	88.48	12
9R4Z	24	91.4	12
9R4Z	25	92.41	12
9R4Z	26	93.32	12
9R4Z	27	89.77	12
9R4Z	28	86.99	12
9R4Z	29	85.1	12
9R4Z	30	88.48	12
9R4Z	31	90.03	12
9R4Z	32	92.57	12
9R4Z	33	92.53	12
9R4Z	34	86.39	12
9R4Z	35	86.76	12
9R4Z	36	79.83	12
9R4Z	37	85.41	12
9R4Z	38	86.86	12
9R4Z	39	90.12	12
9R4Z	40	88.57	12
9R4Z	41	89.95	12
9R4Z	42	89.19	12
9R4Z	43	87.56	12
9R4Z	44	82.94	12
9R4Z	45	78.46	12
9R4Z	46	81.03	12
9R4Z	47	76.64	12
9R4Z	48	76.13	12
9R4Z	49	75.65	12
9R4Z	50	74.9	12
9R4Z	51	69.72	12
9R4Z	52	67.47	12
9R4Z	53	69.08	12
9R4Z	54	66.69	12
9R4Z	55	68.93	12
9R4Z	56	70.23	12
9R4Z	57	68.73	12
9R4Z	58	67.94	12
9R4Z	59	67.91	12
9R4Z	60	70.1	12
9R4Z	61	70.37	12
9R4Z	62	73.01	12
9R4Z	63	76.5	12
9R4Z	64	74.87	12
9R4Z	65	73.51	12
9R4Z	66	74.81	12
9R4Z	67	75.64	12
9R4Z	68	76.32	12
9R4Z	69	77.47	12
9R4Z	70	78.81	12
9RAW	1	111.258	10
9RAW	2	105.902	10
9RAW	3	103.038	10
9RAW	4	98.657	10
9RAW	5	90.718	10
9RAW	6	81.879	10
9RAW	7	82.844	10
9RAW	8	75.559	10
9RAW	9	69.61	10
9RAW	10	67.219	10
9RAW	11	68.157	10
9RAW	12	63.052	10
9RAW	13	61.244	10
9RAW	14	57.927	10
9RAW	15	53.474	10
9RAW	16	49.626	10
9RAW	17	47.871	10
9RAW	18	46.357	10
9RAW	19	46.938	10
9RAW	20	49.369	10
9RAW	21	48.824	10
9RAW	22	52.093	10
9RAW	23	49.492	10
9RAW	24	45.456	10
9RAW	25	44.849	10
9RAW	26	45.962	10
9RAW	27	44.456	10
9RAW	28	45.497	10
9RAW	29	43.618	10
9RAW	30	40.813	10
9RAW	31	40.411	10
9RAW	32	41.647	10
9RAW	33	43.342	10
9RAW	34	46.295	10
9RAW	35	48.518	10
9RAW	36	49.136	10
9RAW	37	52.717	10
9RAW	38	57.201	10
9RAW	39	59.29	10
9RAW	40	64.461	10
9RAX	1	115.167	10
9RAX	2	111.569	10
9RAX	3	109.249	10
9RAX	4	104.2	10
9RAX	5	94.324	10
9RAX	6	85.36	10
9RAX	7	85.986	10
9RAX	8	77.258	10
9RAX	9	70.352	10
9RAX	10	66.809	10
9RAX	11	69.143	10
9RAX	12	63.374	10
9RAX	13	61.975	10
9RAX	14	59.672	10
9RAX	15	55.315	10
9RAX	16	51.044	10
9RAX	17	49.251	10
9RAX	18	49.157	10
9RAX	19	51.097	10
9RAX	20	54.205	10
9RAX	21	53.518	10
9RAX	22	57.571	10
9RAX	23	55.063	10
9RAX	24	50.956	10
9RAX	25	50.708	10
9RAX	26	52.108	10
9RAX	27	53.103	10
9RAX	28	55.397	10
9RAX	29	51.547	10
9RAX	30	47.777	10
9RAX	31	46.606	10
9RAX	32	46.528	10
9RAX	33	48.601	10
9RAX	34	51.795	10
9RAX	35	56.419	10
9RAX	36	56.566	10
9RAX	37	58.998	10
9RAX	38	61.021	10
9RAX	39	62.943	10
9RAX	40	65.289	10
9RB3	14	90.221	10
9RB3	15	89.868	10
9RB3	16	91.345	10
9RB3	17	91.431	10
9RB3	18	99.102	10
9RB3	19	108.754	10
9RB3	20	124.751	10
9RB3	21	129.596	10
9RB3	22	139.87	10
9RB3	23	147.013	10
9RB3	24	150.567	10
9RB3	35	94.498	10
9RB3	36	85.082	10
9RB3	37	78.236	10
9RB3	38	71.509	10
9RB3	39	69.8	10
9RB3	40	65.17	10
9RB3	41	65.316	10
9RB3	42	69.011	10
9RB3	43	75.262	10
9RB3	44	75.828	10
9RB3	45	75.718	10
9RB3	46	77.5	10
9RB3	47	68.861	10
9RB3	48	62.748	10
9RB3	49	62.312	10
9RB3	50	61.826	10
9RB3	51	62.251	10
9RB3	52	59.493	10
9RB3	53	68.089	10
9RB3	54	78.808	10
9RB3	55	85.903	10
9RB3	56	93.234	10
9RB3	57	103.978	10
9RB3	58	107.67	10
9RB3	59	108.347	10
9RB3	60	108.137	10
9RB3	61	109.523	10
9RB3	62	100.715	10
9RB3	63	96.632	10
9RB3	64	86.76	10
9RB3	65	77.695	10
9RB3	66	72.675	10
9RB3	67	66.816	10
9RB3	68	66.429	10
9RB3	69	64.775	10
9RB3	70	62.447	10
9RB3	71	64.529	10
9RB3	72	63.406	10
9RB3	73	62.271	10
9RB3	74	56.492	10
9RB3	75	55.949	10
9RB3	76	57.947	10
9RB3	77	58.052	10
9RB3	78	64.787	10
9RB3	79	73.66	10
9RB3	80	81.602	10
9RB3	81	89.994	10
9RB3	82	96.558	10
9RB3	83	104.095	10
9RB3	84	100.195	10
9RB3	85	100.061	10
9RB3	86	92.08	10
9RB3	87	89.343	10
9RB3	88	87.589	10
9RB3	89	85.117	10
9RB3	90	85.007	10
9RB3	91	90.681	10
9RB3	92	94.58	10
9RB3	93	103.872	10
9RB3	94	114.304	10
9RB3	95	120.574	10
9RB3	96	124.336	10
9RB3	97	131.891	10
9RB3	98	133.054	10
9RB6	37	88.234	10
9RB6	38	87.466	10
9RB6	39	87.152	10
9RB6	40	83.729	10
9RB6	41	82.683	10
9RB6	42	85.488	10
9RB6	43	82.58	10
9RB6	44	80.917	10
9RB6	45	77.852	10
9RB6	46	79.105	10
9RB6	47	70.001	10
9RB6	48	66.184	10
9RB6	49	62.984	10
9RB6	50	67.657	10
9RB6	51	65.492	10
9RB6	52	65.327	10
9RB6	53	61.936	10
9RB6	54	62.151	10
9RB6	55	59.569	10
9RB6	56	64.142	10
9RB6	57	73.42	10
9RB6	58	75.096	10
9RB6	59	75.936	10
9RB6	60	75.57	10
9RB6	61	79.697	10
9RB6	62	77.763	10
9RB6	63	76.375	10
9RB6	64	74.551	10
9RB6	65	74.239	10
9RB6	66	71.209	10
9RB6	67	73.547	10
9RB6	68	74.614	10
9RB6	69	71.359	10
9RB6	70	66.367	10
9RB6	71	68.735	10
9RB6	72	70.699	10
9RB6	73	70.685	10
9RB6	74	65.668	10
9RB6	75	66.178	10
9RB6	76	61.325	10
9RB6	77	60.786	10
9RB6	78	63.633	10
9RB6	79	68.166	10
9RB6	80	75.103	10
9RB6	81	77.991	10
9RB6	82	79.139	10
9RB6	83	84.534	10
9RB6	84	86.779	10
9RB6	85	88.595	10
9RB6	86	85.755	10
9RB6	87	84.473	10
9RB6	88	80.884	10
9RB6	89	76.637	10
9RB6	90	70.929	10
9RB6	91	70.875	10
9RB6	92	70.314	10
9RB6	93	73.091	10
9RB6	94	76.468	10
9RB6	95	77.735	10
9RB6	96	79.84	10
9RB6	97	82.568	10
9RB6	98	87.837	10
9RB7	44	91.279	10
9RB7	45	89.714	10
9RB7	46	90.562	10
9RB7	47	86.752	10
9RB7	48	81.198	10
9RB7	49	77.42	10
9RB7	50	76.858	10
9RB7	51	74.764	10
9RB7	52	71.843	10
9RB7	53	72.324	10
9RB7	54	75.186	10
9RB7	55	79.45	10
9RB7	56	79.958	10
9RB7	57	84.009	10
9RB7	58	86.875	10
9RB7	59	89.584	10
9RB7	60	91.502	10
9RB7	61	87.798	10
9RB7	62	88.759	10
9RB7	63	85.884	10
9RB7	64	91.3	10
9RB7	65	86.526	10
9RB7	66	87.027	10
9RB7	67	85.238	10
9RB7	68	83.227	10
9RB7	69	81.254	10
9RB7	70	81.392	10
9RB7	71	78.903	10
9RB7	72	83.182	10
9RB7	73	78.084	10
9RB7	74	73.51	10
9RB7	75	72.883	10
9RB7	76	74.221	10
9RB7	77	74.772	10
9RB7	78	76.539	10
9RB7	79	80.812	10
9RB7	80	88.673	10
9RB7	81	90.432	10
9RB7	82	90.821	10
9RB7	83	95.342	10
9RB7	84	96.148	10
9RB7	85	99.445	10
9RB7	86	94.149	10
9RB7	87	92.876	10
9RB7	88	86.362	10
9RB7	89	84.435	10
9RB7	90	79.683	10
9RB7	91	79.891	10
9RB7	92	78.447	10
9RB7	93	78.957	10
9RB7	94	82.318	10
9RB7	95	83.355	10
9RB7	96	83.882	10
9RB8	37	88.951	10
9RB8	38	87.105	10
9RB8	39	86.182	10
9RB8	40	84.222	10
9RB8	41	82.776	10
9RB8	42	85.951	10
9RB8	43	89.853	10
9RB8	44	91.898	10
9RB8	45	97.343	10
9RB8	46	100.473	10
9RB8	47	96.295	10
9RB8	48	93.225	10
9RB8	49	91.327	10
9RB8	50	94.043	10
9RB8	51	98.2	10
9RB8	52	100.132	10
9RB8	53	102.547	10
9RB8	54	108.538	10
9RB8	55	108.61	10
9RB8	56	111.028	10
9RB8	57	116.123	10
9RB8	58	117.648	10
9RB8	59	118.718	10
9RB8	60	120.005	10
9RB8	61	120.291	10
9RB8	62	114.271	10
9RB8	63	108.034	10
9RB8	64	105.4	10
9RB8	65	104.285	10
9RB8	66	99.24	10
9RB8	67	98.211	10
9RB8	68	95.831	10
9RB8	69	92.252	10
9RB8	70	90.106	10
9RB8	71	89.764	10
9RB8	72	90.74	10
9RB8	73	90.751	10
9RB8	74	90.229	10
9RB8	75	87.893	10
9RB8	76	87.113	10
9RB8	77	86.335	10
9RB8	78	88.912	10
9RB8	79	94.561	10
9RB8	80	95.947	10
9RB9	37	85.203	10
9RB9	38	83.213	10
9RB9	39	82.229	10
9RB9	40	79.991	10
9RB9	41	79.25	10
9RB9	42	79.408	10
9RB9	43	79.623	10
9RB9	44	80.526	10
9RB9	45	79.959	10
9RB9	46	82.774	10
9RB9	47	72.478	10
9RB9	48	65.342	10
9RB9	49	64.704	10
9RB9	50	65.97	10
9RB9	51	65.791	10
9RB9	52	65.733	10
9RB9	53	67.626	10
9RB9	54	74.047	10
9RB9	55	72.483	10
9RB9	56	73.842	10
9RB9	57	76.072	10
9RB9	58	77.077	10
9RB9	59	77.977	10
9RB9	60	78.52	10
9RB9	61	77.706	10
9RB9	62	75.49	10
9RB9	63	79.566	10
9RB9	64	82.138	10
9RB9	65	81.719	10
9RB9	66	78.001	10
9RB9	67	76.706	10
9RB9	68	73.079	10
9RB9	69	66.984	10
9RB9	70	64.512	10
9RB9	71	63.453	10
9RB9	72	63.854	10
9RB9	73	65.669	10
9RB9	74	68.377	10
9RB9	75	67.366	10
9RB9	76	67.215	10
9RB9	77	70.688	10
9RB9	78	79.816	10
9RB9	79	92.015	10
9RB9	80	96.99	10
9RBA	37	125.689	10
9RBA	38	120.531	10
9RBA	39	120.265	10
9RBA	40	117.959	10
9RBA	41	119.9	10
9RBA	42	119.713	10
9RBA	43	126.895	10
9RBA	44	123.608	10
9RBA	45	122.46	10
9RBA	46	123.954	10
9RBA	47	114.196	10
9RBA	48	110.756	10
9RBA	49	110.936	10
9RBA	50	113.187	10
9RBA	51	116.978	10
9RBA	52	122.656	10
9RBA	53	126.209	10
9RBA	54	133.734	10
9RBA	55	133.437	10
9RBA	56	132.489	10
9RBA	57	128.644	10
9RBA	58	126.394	10
9RBA	59	131.172	10
9RBA	60	132.72	10
9RBA	61	132.679	10
9RBA	62	131.968	10
9RBA	63	138.11	10
9RBA	64	139.184	10
9RBA	65	139.294	10
9RBA	66	129.041	10
9RBA	67	133.23	10
9RBA	68	126.058	10
9RBA	69	118.541	10
9RBA	70	115.222	10
9RBA	71	110.238	10
9RBA	72	108.895	10
9RBA	73	108.935	10
9RBA	74	113.084	10
9RBA	75	109.443	10
9RBA	76	110.194	10
9RBA	77	111.13	10
9RBA	78	116.535	10
9RBA	79	133.192	10
9RBA	80	143.423	10
9RBB	44	87.88	10
9RBB	45	85.386	10
9RBB	46	88.245	10
9RBB	47	83.41	10
9RBB	48	79.737	10
9RBB	49	75.959	10
9RBB	50	74.592	10
9RBB	51	70.861	10
9RBB	52	67.162	10
9RBB	53	65.998	10
9RBB	54	67.768	10
9RBB	55	69.619	10
9RBB	56	75.537	10
9RBB	57	78.666	10
9RBB	58	77.226	10
9RBB	59	80.771	10
9RBB	60	82.997	10
9RBB	61	87.655	10
9RBB	62	83.453	10
9RBB	63	82.509	10
9RBB	64	81.18	10
9RBB	65	82.883	10
9RBB	66	82.979	10
9RBB	67	85.8	10
9RBB	68	87.025	10
9RBB	69	84.226	10
9RBB	70	82.223	10
9RBB	71	80.07	10
9RBB	72	81.501	10
9RBB	73	82.576	10
9RBB	74	83.928	10
9RBB	75	84.438	10
9RBB	76	81.848	10
9RBB	77	82.442	10
9RBB	78	83.16	10
9RBB	79	85.372	10
9RBB	80	87.994	10
9RBB	81	93.79	10
9RBB	82	98.952	10
9RBB	83	99.622	10
9RBB	84	96.745	10
9RBB	85	93.576	10
9RBB	86	87.591	10
9RBB	87	85.189	10
9RBB	88	82.694	10
9RBB	89	83.794	10
9RBB	90	82.049	10
9RBD	103	110.73	20
9RBD	104	110.6	20
9RBD	105	110.942	20
9RBD	106	108.407	20
9RBD	107	101.59	20
9RBD	108	90.977	20
9RBD	109	84.565	20
9RBD	110	75.683	20
9RBD	111	74.513	20
9RBD	112	58.062	20
9RBD	113	47.0	20
9RBD	114	47.407	20
9RBD	115	35.498	20
9RBD	116	45.073	20
9RBD	117	44.188	20
9RBD	118	48.383	20
9RBD	119	56.642	20
9RBD	120	66.93	20
9RBD	121	68.62	20
9RBD	122	67.237	20
9RBD	123	69.847	20
9RBD	124	66.442	20
9RBD	125	68.315	20
9RBD	126	71.885	20
9RBW	101	52.61	15
9RBW	102	51.565	20
9RBW	103	57.89	20
9RBW	104	57.375	20
9RBW	105	56.625	20
9RBW	106	52.76	20
9RBW	107	48.77	20
9RBW	108	42.35	20
9RBW	109	46.755	20
9RBW	110	43.365	20
9RBW	111	43.85	20
9RBW	112	47.85	20
9RBW	113	44.8	20
9RBW	114	40.87	20
9RBW	115	50.8	20
9RBW	116	53.88	20
9RBW	117	43.055	20
9RBW	118	44.98	20
9RBW	119	51.69	20
9RBW	120	49.175	20
9RBW	121	57.505	20
9RBW	122	41.265	20
9RBW	123	42.28	20
9RBW	124	40.34	20
9RBW	125	49.66	20
9RBW	126	58.825	20
9RIV	1	81.11	10
9RIV	2	70.89	10
9RIV	3	70.61	10
9RIV	4	60.74	10
9RIV	5	63.42	10
9RIV	6	61.61	10
9RIV	7	62.16	10
9RIV	8	58.59	10
9RIV	9	53.8	10
9RIV	10	52.4	10
9RIV	11	55.89	10
9RIV	12	57.08	10
9RIV	13	54.74	10
9RIV	14	56.76	10
9RIV	15	55.96	10
9RIV	16	51.69	10
9RIV	17	51.58	10
9RIV	18	49.67	10
9RIV	19	49.28	10
9RIV	20	53.35	10
9RIV	21	54.95	10
9RIV	22	55.21	10
9RIV	23	53.72	10
9RIV	24	47.0	10
9RIV	25	47.62	10
9RIV	26	50.09	10
9RIV	27	49.66	10
9RIV	28	53.01	10
9RIV	29	53.12	10
9RIV	30	48.27	10
9RIV	31	51.47	10
9RIV	32	58.7	10
9RIV	33	59.43	10
9RIV	34	59.51	10
9RIV	35	55.36	10
9RIV	36	54.27	10
9RIV	37	61.36	10
9RIV	38	63.75	10
9RIV	39	68.76	10
9RIV	40	82.15	10
9RIW	15	118.67	8
9RIW	16	102.62	8
9RIW	17	87.02	8
9RIW	18	62.61	8
9RIW	19	60.74	8
9RIW	20	64.61	8
9RIW	21	66.37	8
9RIW	22	70.3	8
9RIW	23	71.52	8
9RIW	24	73.99	8
9RIW	25	66.51	8
9RIW	26	72.6	8
9RIW	27	59.2	8
9RIW	28	60.05	8
9RIW	29	63.28	8
9RIW	30	56.81	8
9RIW	31	63.32	8
9RIW	32	73.16	8
9RIW	33	66.46	8
9RIW	34	62.98	8
9RIW	35	67.96	8
9RIW	36	71.48	8
9RIW	37	70.86	8
9RIW	38	76.22	8
9RIW	39	81.04	8
9RIW	40	102.97	8
9RZF	37	66.248	6
9RZF	38	64.368	6
9RZF	39	61.973	6
9RZF	40	62.365	6
9RZF	41	62.025	6
9RZF	42	61.69	6
9RZF	43	57.54	6
9RZF	44	56.757	6
9RZF	45	54.793	6
9RZF	46	55.492	6
9RZF	47	55.683	6
9RZF	48	54.708	6
9RZF	49	55.907	6
9RZF	50	56.855	6
9RZF	51	58.19	6
9RZF	52	58.582	6
9RZF	53	60.362	6
9RZF	54	63.348	6
9RZF	55	64.742	6
9RZF	56	66.475	6
9RZF	57	67.795	6
9RZF	58	65.198	6
9RZF	59	63.442	6
9RZF	60	57.56	6
9RZF	61	56.132	6
9RZF	62	53.778	6
9RZF	63	51.425	6
9RZF	64	48.453	6
9RZF	65	48.193	6
9RZF	66	47.09	6
9RZF	67	47.057	6
9RZF	68	46.642	6
9RZF	69	46.868	6
9RZF	70	47.532	6
9RZF	71	49.492	6
9RZF	72	51.417	6
9RZF	73	54.228	6
9RZF	74	55.575	6
9RZF	75	56.875	6
9RZF	76	54.167	6
9RZF	77	53.822	6
9RZF	78	54.745	6
9RZF	79	55.503	6
9RZF	80	57.352	6
9RZF	81	58.552	6
9RZF	82	59.525	6
9RZF	83	62.333	6
9RZF	84	61.88	6
9RZF	85	62.745	6
9RZF	86	61.498	6
9RZF	87	59.267	6
9RZF	88	57.872	6
9RZF	89	57.437	6
9RZF	90	56.473	6
9RZF	91	55.497	6
9RZF	92	53.538	6
9RZF	93	53.105	6
9RZF	94	53.468	6
9RZF	95	53.793	6
9RZF	96	53.803	6
9RZF	97	56.717	6
9S2B	297	100.0	6
9S2B	298	100.0	6
9S2B	299	100.0	6
9S2B	300	100.0	6
9S2B	301	100.0	6
9S2B	302	83.98	6
9S2B	303	92.475	6
9S2B	304	100.0	6
9S2B	305	100.0	6
9S2B	306	100.0	6
9S2B	307	100.0	6
9S2B	308	100.0	6
9S2B	309	100.0	6
9S2B	310	100.0	6
9S2B	311	100.0	6
9S2B	312	100.0	6
9S2B	313	100.0	6
9S2B	314	100.0	6
9S2B	315	100.0	6
9S2B	316	100.0	6
9S2B	317	100.0	6
9S2B	318	41.915	6
9SHS	304	140.28	6
9SHS	305	126.17	6
9SHS	306	113.5	6
9SHS	307	94.34	6
9SHS	308	85.02	6
9SHS	309	75.76	6
9SHS	310	77.34	6
9SHS	311	78.47	6
9SHS	312	85.17	6
9SHS	313	87.67	6
9SHS	314	99.51	6
9SHS	315	96.14	6
9SHS	316	90.27	6
9SHS	317	86.22	6
9SHS	318	67.43	6
9SHS	319	72.37	6
9SHS	320	70.47	6
9SHS	321	69.6	6
9SHS	322	65.65	6
9SHS	323	66.96	6
9SHS	324	73.27	6
9SHS	325	79.14	6
9SHS	326	83.44	6
9SHS	327	71.57	6
9SHS	328	56.12	6
9SHS	329	51.14	6
9SHS	330	45.81	6
9SHS	331	45.55	6
9SHS	332	45.87	6
9SHS	333	46.19	6
9SHS	334	44.7	6
9SHS	335	41.39	6
9SHS	336	38.47	6
9SHS	337	42.79	6
9SHS	338	51.73	6
9SHS	339	51.71	6
9SHS	340	64.12	6
9SHS	341	74.78	6
9SHS	342	90.09	6
9SHS	343	85.33	6
9SHS	344	81.01	6
9SHS	345	78.41	6
9SHS	346	71.49	6
9SHS	347	80.55	6
9SHS	348	82.63	6
9SHS	349	77.89	6
9SHS	350	61.88	6
9SHS	351	64.83	6
9SHS	352	58.95	6
9SHS	353	57.16	6
9SHS	354	54.34	6
9SHS	355	52.55	6
9SHS	356	57.03	6
9SHS	357	53.31	6
9SHS	358	52.3	6
9SHS	359	39.76	6
9SHS	360	40.4	6
9SHS	361	40.76	6
9SHS	362	39.51	6
9SHS	363	39.28	6
9SHS	364	39.01	6
9SHS	365	42.32	6
9SHS	366	43.57	6
9SHS	367	45.03	6
9SHS	368	49.36	6
9SHS	369	49.83	6
9SHS	370	49.45	6
9SHS	371	51.63	6
9SHS	372	57.64	6
9SHS	373	57.08	6
9SHS	374	63.66	6
9SHS	375	68.07	6
9SHS	376	72.97	6
9SHS	377	87.93	6
9SHS	378	99.64	6
9SHS	379	127.09	6
9THM	8	30.32	5
9THM	9	24.9	5
9THM	10	25.63	5
9THM	11	25.57	5
9THM	12	27.54	5
9THM	13	32.99	5
9THM	14	27.91	5
9THM	15	29.43	5
9THM	16	24.93	5
9THM	17	19.72	5
9THM	18	20.35	5
9THM	19	19.8	5
9THM	20	20.51	5
9THM	21	19.33	5
9THM	22	19.42	5
9THM	23	20.12	5
9THM	24	18.04	5
9THM	25	18.14	5
9THM	26	17.6	5
9THM	27	19.1	5
9THM	28	19.89	5
9THM	29	19.24	5
9THM	30	19.97	5
9THM	31	24.09	5
9THM	32	27.03	5
9THM	33	30.32	5
9THM	34	27.18	5
9THM	35	25.2	5
9THM	36	29.17	5
9THM	37	27.48	5
9THM	38	26.41	5
9THM	39	25.48	5
9THM	40	33.5	5
9THM	41	39.36	5
9THM	42	43.59	5
9THM	43	42.56	5
9THM	44	36.5	5
9THM	45	30.98	5
9THM	46	27.22	5
9THM	47	22.07	5
9THM	48	18.7	5
9THM	49	18.07	5
9THM	50	15.77	5
9THM	51	17.64	5
9THM	52	16.39	5
9THM	53	17.15	5
9THM	54	18.04	5
9THM	55	18.43	5
9THM	56	16.91	5
9THM	57	16.5	5
9THM	58	18.15	5
9THM	59	18.13	5
9THM	60	18.37	5
9THM	61	17.4	5
9THM	62	18.09	5
9THM	63	19.37	5
9THM	64	20.09	5
9THM	65	20.84	5
9THM	66	22.61	5
9THM	67	25.73	5
9THM	68	26.66	5
9THM	69	28.21	5
9THM	70	26.84	5
9THM	71	26.21	5
9THM	72	23.85	5
9THM	73	22.1	5
9THM	74	22.07	5
9THM	75	19.61	5
9THM	76	22.23	5
9THM	77	21.04	5
9THM	78	20.08	5
9THM	79	18.98	5
9THM	80	19.12	5
9THM	81	18.89	5
9THM	82	18.64	5
9THM	83	18.06	5
9THM	84	20.22	5
9THM	85	19.32	5
9THM	86	22.88	5
9THM	87	23.16	5
9THM	88	20.15	5
9THM	89	22.43	5
9THM	90	20.74	5
9THM	91	22.48	5
9THM	92	30.79	5
9THM	93	45.88	5
9THM	135	126.63	5
9THM	136	108.65	5
9THM	137	92.98	5
9THM	138	76.71	5
9THM	139	69.73	5
9THM	140	55.63	5
9THM	141	42.45	5
9THM	142	36.31	5
9THM	143	34.38	5
9THM	144	35.6	5
9THM	145	55.76	5
9THN	5	51.01	5
9THN	6	44.48	5
9THN	7	37.59	5
9THN	8	33.09	5
9THN	9	30.19	5
9THN	10	33.19	5
9THN	11	34.02	5
9THN	12	38.61	5
9THN	13	42.82	5
9THN	14	37.85	5
9THN	15	29.61	5
9THN	16	26.43	5
9THN	17	22.55	5
9THN	18	21.84	5
9THN	19	21.36	5
9THN	20	22.82	5
9THN	21	20.97	5
9THN	22	21.58	5
9THN	23	21.77	5
9THN	24	19.75	5
9THN	25	19.36	5
9THN	26	19.27	5
9THN	27	19.92	5
9THN	28	21.47	5
9THN	29	19.95	5
9THN	30	20.26	5
9THN	31	24.79	5
9THN	32	28.5	5
9THN	33	30.25	5
9THN	34	28.58	5
9THN	35	25.65	5
9THN	36	27.63	5
9THN	37	26.51	5
9THN	38	28.26	5
9THN	39	29.35	5
9THN	40	37.38	5
9THN	41	41.78	5
9THN	42	47.97	5
9THN	43	51.91	5
9THN	44	45.89	5
9THN	45	39.5	5
9THN	46	34.4	5
9THN	47	25.3	5
9THN	48	21.3	5
9THN	49	20.67	5
9THN	50	17.69	5
9THN	51	18.71	5
9THN	52	18.57	5
9THN	53	19.93	5
9THN	54	20.29	5
9THN	55	20.38	5
9THN	56	21.81	5
9THN	57	18.93	5
9THN	58	18.07	5
9THN	59	18.9	5
9THN	60	19.03	5
9THN	61	18.94	5
9THN	62	18.58	5
9THN	63	21.51	5
9THN	64	22.05	5
9THN	65	24.33	5
9THN	66	24.66	5
9THN	67	25.34	5
9THN	68	25.25	5
9THN	69	26.36	5
9THN	70	28.16	5
9THN	71	28.77	5
9THN	72	24.91	5
9THN	73	24.98	5
9THN	74	25.4	5
9THN	75	22.62	5
9THN	76	24.87	5
9THN	77	25.21	5
9THN	78	27.66	5
9THN	79	26.15	5
9THN	80	28.51	5
9THN	81	22.16	5
9THN	82	20.1	5
9THN	83	20.6	5
9THN	84	22.41	5
9THN	85	22.27	5
9THN	86	25.0	5
9THN	87	26.96	5
9THN	88	24.34	5
9THN	89	28.34	5
9THN	90	23.57	5
9THN	91	29.09	5
9THN	92	38.82	5
9THN	93	59.67	5
9THP	6	56.34	6
9THP	7	51.68	6
9THP	8	46.73	6
9THP	9	40.17	6
9THP	10	44.59	6
9THP	11	47.16	6
9THP	12	53.02	6
9THP	13	58.97	6
9THP	14	51.28	6
9THP	15	41.96	6
9THP	16	38.97	6
9THP	17	31.75	6
9THP	18	32.87	6
9THP	19	29.82	6
9THP	20	28.67	6
9THP	21	28.26	6
9THP	22	28.44	6
9THP	23	30.5	6
9THP	24	28.3	6
9THP	25	30.99	6
9THP	26	31.3	6
9THP	27	28.98	6
9THP	28	30.24	6
9THP	29	31.33	6
9THP	30	31.62	6
9THP	31	31.93	6
9THP	32	35.83	6
9THP	33	37.24	6
9THP	34	39.02	6
9THP	35	33.64	6
9THP	36	37.59	6
9THP	37	33.72	6
9THP	38	35.4	6
9THP	39	33.11	6
9THP	40	33.54	6
9THP	41	46.41	6
9THP	42	52.0	6
9THP	43	49.8	6
9THP	44	43.62	6
9THP	45	41.54	6
9THP	46	39.38	6
9THP	47	36.73	6
9THP	48	30.57	6
9THP	49	28.6	6
9THP	50	26.48	6
9THP	51	27.19	6
9THP	52	25.22	6
9THP	53	29.72	6
9THP	54	28.96	6
9THP	55	29.76	6
9THP	56	27.9	6
9THP	57	29.85	6
9THP	58	28.52	6
9THP	59	30.06	6
9THP	60	29.42	6
9THP	61	27.92	6
9THP	62	28.95	6
9THP	63	31.79	6
9THP	64	32.19	6
9THP	65	33.64	6
9THP	66	32.91	6
9THP	67	34.59	6
9THP	68	37.29	6
9THP	69	38.47	6
9THP	70	38.68	6
9THP	71	38.49	6
9THP	72	35.17	6
9THP	73	35.31	6
9THP	74	35.18	6
9THP	75	32.01	6
9THP	76	34.28	6
9THP	77	32.62	6
9THP	78	30.67	6
9THP	79	30.9	6
9THP	80	36.77	6
9THP	81	30.28	6
9THP	82	31.76	6
9THP	83	30.89	6
9THP	84	31.62	6
9THP	85	30.97	6
9THP	86	37.84	6
9THP	87	39.42	6
9THP	88	33.31	6
9THP	89	36.78	6
9THP	90	32.25	6
9THP	91	39.17	6
9THP	92	49.73	6
9THP	93	73.53	6
9TKE	8	93.63	5
9TKE	9	96.31	5
9TKE	10	98.86	5
9TKE	11	94.74	5
9TKE	12	93.32	5
9TKE	13	89.69	5
9TKE	14	76.99	5
9TKE	15	64.65	5
9TKE	16	61.52	5
9TKE	17	59.46	5
9TKE	18	50.59	5
9TKE	19	42.89	5
9TKE	20	37.96	5
9TKE	21	36.4	5
9TKE	22	40.24	5
9TKE	23	42.07	5
9TKE	24	38.09	5
9TKE	25	38.78	5
9TKE	26	35.75	5
9TKE	27	32.1	5
9TKE	28	34.3	5
9TKE	29	35.22	5
9TKE	30	35.76	5
9TKE	31	32.4	5
9TKE	32	38.15	5
9TKE	33	40.59	5
9TKE	34	39.73	5
9TKE	35	42.02	5
9TKE	36	43.89	5
9TKE	37	50.22	5
9TKE	38	50.55	5
9TKE	39	49.27	5
9TKE	40	57.53	5
9TKE	41	64.28	5
9TKE	42	66.01	5
9TKE	43	67.54	5
9TKE	44	59.89	5
9TKE	45	54.22	5
9TKE	46	44.78	5
9TKE	47	39.1	5
9TKE	48	35.84	5
9TKE	49	36.01	5
9TKE	50	32.61	5
9TKE	51	33.43	5
9TKE	52	33.18	5
9TKE	53	33.06	5
9TKE	54	32.28	5
9TKE	55	36.03	5
9TKE	56	38.16	5
9TKE	57	43.13	5
9TKE	58	49.09	5
9TKE	59	50.25	5
9TKE	60	44.24	5
9TKE	61	45.25	5
9TKE	62	44.1	5
9TKE	63	49.94	5
9TKE	64	54.33	5
9TKE	65	62.21	5
9TKE	66	62.64	5
9TKE	67	63.34	5
9TKE	68	67.16	5
9TKE	69	71.41	5
9TKE	70	72.63	5
9TKE	71	71.62	5
9TKE	72	65.69	5
9TKE	73	59.0	5
9TKE	74	56.71	5
9TKE	75	51.34	5
9TKE	76	54.73	5
9TKE	77	56.26	5
9TKE	78	57.18	5
9TKE	79	54.89	5
9TKE	80	55.85	5
9TKE	81	52.08	5
9TKE	82	51.3	5
9TKE	83	43.42	5
9TKE	84	39.64	5
9TKE	85	39.31	5
9TKE	86	37.71	5
9TKE	87	38.5	5
9TKE	88	39.16	5
9TKE	89	37.34	5
9TKE	90	36.16	5
9TKE	91	36.39	5
9TKE	92	39.84	5
9TKF	13	54.23	4
9TKF	14	50.96	4
9TKF	15	43.35	4
9TKF	16	42.99	4
9TKF	17	38.66	4
9TKF	18	45.96	4
9TKF	19	50.29	4
9TKF	20	55.93	4
9TKF	21	62.74	4
9TKF	22	66.12	4
9TKF	23	71.27	4
9TKF	24	66.94	4
9TKF	25	60.71	4
9TKF	26	52.74	4
9TKF	27	43.14	4
9TKF	28	39.86	4
9TKF	29	36.36	4
9TKF	30	36.24	4
9TKF	31	34.33	4
9TKF	32	31.22	4
9TKF	33	28.77	4
9TKF	34	29.73	4
9TKF	35	32.82	4
9TKF	36	34.86	4
9TKF	37	36.14	4
9TKF	38	39.92	4
9TKF	39	39.47	4
9TKF	40	43.88	4
9TKF	41	52.89	4
9TKF	42	57.16	4
9TKF	43	53.89	4
9TKF	44	49.52	4
9TKF	45	44.24	4
9TKF	46	37.66	4
9TKF	47	27.06	4
9TKF	48	26.08	4
9TKF	49	24.04	4
9TKF	50	32.01	4
9TKF	51	36.35	4
9TKF	52	34.54	4
9TKF	53	36.78	4
9TKF	54	34.73	4
9TKF	55	35.2	4
9TKF	56	32.7	4
9TKF	57	32.15	4
9TKF	58	35.83	4
9TKF	59	37.2	4
9TKF	60	36.48	4
9TKF	61	43.13	4
9TKF	62	46.04	4
9TKF	63	51.8	4
9TKF	64	47.57	4
9TKF	65	44.39	4
9TKF	66	41.85	4
9TKF	67	42.08	4
9TKF	68	41.29	4
9TKF	69	41.3	4
9TKF	70	42.06	4
9TKF	71	44.06	4
9TKF	72	40.31	4
9TKF	73	37.62	4
9TKF	74	35.03	4
9TKF	75	31.66	4
9TKF	76	34.39	4
9TKF	77	34.12	4
9TKF	78	31.46	4
9TKF	79	28.93	4
9TKF	80	26.0	4
9TKF	81	24.02	4
9TKF	82	25.82	4
9TKF	83	25.5	4
9TKF	84	24.95	4
9TKF	85	27.12	4
9TKF	86	28.31	4
9TKF	87	32.29	4
9TKF	88	29.18	4
9TKF	89	26.87	4
9TKF	90	25.07	4
9TKF	91	22.3	4
9TKF	92	25.25	4
9TKF	93	35.42	4
9TKF	94	38.84	4
9TKF	95	38.61	4
9TKF	96	35.45	4
9TKF	97	38.56	4
9TKF	98	39.67	4
9TKF	99	48.06	4
9TKG	14	100.18	5
9TKG	15	74.0	5
9TKG	16	50.52	5
9TKG	17	42.16	5
9TKG	18	37.3	5
9TKG	19	32.88	5
9TKG	20	28.11	5
9TKG	21	26.15	5
9TKG	22	26.65	5
9TKG	23	23.76	5
9TKG	24	23.08	5
9TKG	25	21.21	5
9TKG	26	21.95	5
9TKG	27	19.15	5
9TKG	28	20.53	5
9TKG	29	22.08	5
9TKG	30	24.79	5
9TKG	31	25.52	5
9TKG	32	28.02	5
9TKG	33	28.42	5
9TKG	34	24.95	5
9TKG	35	23.95	5
9TKG	36	25.13	5
9TKG	37	26.57	5
9TKG	38	30.92	5
9TKG	39	31.31	5
9TKG	40	39.37	5
9TKG	41	42.34	5
9TKG	42	43.84	5
9TKG	43	47.19	5
9TKG	44	38.98	5
9TKG	45	33.31	5
9TKG	46	30.51	5
9TKG	47	31.75	5
9TKG	48	34.89	5
9TKG	49	36.6	5
9TKG	50	31.9	5
9TKG	51	33.82	5
9TKG	52	29.92	5
9TKG	53	28.12	5
9TKG	54	26.98	5
9TKG	55	27.45	5
9TKG	56	28.83	5
9TKG	57	27.04	5
9TKG	58	30.99	5
9TKG	59	24.55	5
9TKG	60	21.97	5
9TKG	61	21.38	5
9TKG	62	19.04	5
9TKG	63	21.26	5
9TKG	64	26.58	5
9TKG	65	23.23	5
9TKG	66	25.97	5
9TKG	67	22.54	5
9TKG	68	25.09	5
9TKG	69	26.56	5
9TKG	70	31.79	5
9TKG	71	32.54	5
9TKG	72	28.55	5
9TKG	73	28.72	5
9TKG	74	34.78	5
9TKG	75	36.08	5
9TKG	76	41.01	5
9TKG	77	46.53	5
9TKG	78	44.64	5
9TKG	79	45.75	5
9TKG	80	42.12	5
9TKG	81	36.64	5
9TKG	82	31.94	5
9TKG	83	31.91	5
9TKG	84	29.09	5
9TKG	85	31.02	5
9TKG	86	31.14	5
9TKG	87	28.07	5
9TKG	88	27.74	5
9TKG	89	30.16	5
9TKG	90	26.3	5
9TKG	91	29.99	5
9TKG	92	34.11	5
9TKG	93	54.27	5
9TKG	94	78.22	5
9TKG	95	100.52	5
9TKH	4	84.64	3
9TKH	5	57.8	3
9TKH	6	39.95	3
9TKH	7	34.96	3
9TKH	8	32.24	3
9TKH	9	33.48	3
9TKH	10	42.08	3
9TKH	11	46.14	3
9TKH	12	54.66	3
9TKH	13	48.09	3
9TKH	14	34.13	3
9TKH	15	37.25	3
9TKH	16	33.06	3
9TKH	17	36.74	3
9TKH	18	34.6	3
9TKH	19	35.05	3
9TKH	20	31.48	3
9TKH	21	28.88	3
9TKH	22	28.81	3
9TKH	23	29.47	3
9TKH	24	28.62	3
9TKH	25	27.01	3
9TKH	26	24.0	3
9TKH	27	23.7	3
9TKH	28	24.9	3
9TKH	29	24.52	3
9TKH	30	26.88	3
9TKH	31	30.08	3
9TKH	32	32.53	3
9TKH	33	33.76	3
9TKH	34	36.68	3
9TKH	35	38.89	3
9TKH	36	37.32	3
9TKH	37	37.02	3
9TKH	38	36.17	3
9TKH	39	33.16	3
9TKH	40	35.35	3
9TKH	41	40.13	3
9TKH	42	40.28	3
9TKH	43	40.1	3
9TKH	44	31.7	3
9TKH	45	26.55	3
9TKH	46	24.85	3
9TKH	47	25.38	3
9TKH	48	23.9	3
9TKH	49	22.35	3
9TKH	50	23.77	3
9TKH	51	25.01	3
9TKH	52	27.12	3
9TKH	53	27.2	3
9TKH	54	29.47	3
9TKH	55	31.99	3
9TKH	56	32.31	3
9TKH	57	37.42	3
9TKH	58	45.34	3
9TKH	59	42.56	3
9TKH	60	41.63	3
9TKH	61	39.01	3
9TKH	62	32.08	3
9TKH	63	27.94	3
9TKH	64	27.78	3
9TKH	65	26.53	3
9TKH	66	29.45	3
9TKH	67	26.37	3
9TKH	68	28.23	3
9TKH	69	32.83	3
9TKH	70	36.02	3
9TKH	71	38.76	3
9TKH	72	32.76	3
9TKH	73	34.89	3
9TKH	74	35.34	3
9TKH	75	33.22	3
9TKH	76	37.36	3
9TKH	77	35.75	3
9TKH	78	31.72	3
9TKH	79	34.28	3
9TKH	80	34.49	3
9TKH	81	38.16	3
9TKH	82	41.47	3
9TKH	83	49.65	3
9TKH	84	51.35	3
9TKH	85	45.26	3
9TKH	86	47.29	3
9TKH	87	40.74	3
9TKH	88	44.42	3
9TKH	89	42.72	3
9TKH	90	38.58	3
9TKH	91	42.49	3
9TKH	92	40.19	3
9TKH	93	46.31	3
9TKH	94	43.33	3
9TKH	95	40.58	3
9TKH	96	36.73	3
9TKH	97	42.27	3
9TKH	98	41.34	3
9TKH	99	60.74	3
9TKH	100	94.0	3
9TKI	4	95.06	4
9TKI	5	57.61	4
9TKI	6	35.48	4
9TKI	7	32.78	4
9TKI	8	30.61	4
9TKI	9	31.73	4
9TKI	10	39.59	4
9TKI	11	50.9	4
9TKI	12	56.45	4
9TKI	13	48.5	4
9TKI	14	30.32	4
9TKI	15	33.33	4
9TKI	16	31.79	4
9TKI	17	34.43	4
9TKI	18	30.57	4
9TKI	19	32.98	4
9TKI	20	30.99	4
9TKI	21	29.64	4
9TKI	22	24.43	4
9TKI	23	23.31	4
9TKI	24	20.8	4
9TKI	25	19.44	4
9TKI	26	18.0	4
9TKI	27	19.3	4
9TKI	28	22.67	4
9TKI	29	19.86	4
9TKI	30	26.84	4
9TKI	31	28.91	4
9TKI	32	35.05	4
9TKI	33	32.02	4
9TKI	34	36.89	4
9TKI	35	36.55	4
9TKI	36	35.43	4
9TKI	37	31.4	4
9TKI	38	33.18	4
9TKI	39	33.68	4
9TKI	40	35.25	4
9TKI	41	43.6	4
9TKI	42	42.54	4
9TKI	43	46.05	4
9TKI	44	31.61	4
9TKI	45	23.32	4
9TKI	46	23.75	4
9TKI	47	22.62	4
9TKI	48	20.44	4
9TKI	49	18.63	4
9TKI	50	19.0	4
9TKI	51	22.11	4
9TKI	52	22.35	4
9TKI	53	26.54	4
9TKI	54	26.24	4
9TKI	55	32.76	4
9TKI	56	30.08	4
9TKI	57	36.22	4
9TKI	58	45.99	4
9TKI	59	44.24	4
9TKI	60	50.36	4
9TKI	61	42.6	4
9TKI	62	33.62	4
9TKI	63	25.91	4
9TKI	64	27.03	4
9TKI	65	22.06	4
9TKI	66	27.77	4
9TKI	67	25.5	4
9TKI	68	34.71	4
9TKI	69	32.52	4
9TKI	70	33.37	4
9TKI	71	34.74	4
9TKI	72	29.53	4
9TKI	73	26.26	4
9TKI	74	28.8	4
9TKI	75	26.66	4
9TKI	76	35.25	4
9TKI	77	33.73	4
9TKI	78	28.03	4
9TKI	79	28.84	4
9TKI	80	29.73	4
9TKI	81	30.52	4
9TKI	82	34.89	4
9TKI	83	45.73	4
9TKI	84	48.33	4
9TKI	85	45.17	4
9TKI	86	51.5	4
9TKI	87	38.61	4
9TKI	88	38.62	4
9TKI	89	36.94	4
9TKI	90	35.05	4
9TKI	91	41.14	4
9TKI	92	34.97	4
9TKI	93	48.31	4
9TKI	94	49.27	4
9TKI	95	39.91	4
9TKI	96	37.62	4
9TKI	97	37.89	4
9TKI	98	40.35	4
9TKI	99	52.87	4
9TKI	100	88.8	4
9TKJ	6	73.74	4
9TKJ	7	69.53	4
9TKJ	8	60.09	4
9TKJ	9	60.51	4
9TKJ	10	63.9	4
9TKJ	11	59.38	4
9TKJ	12	59.81	4
9TKJ	13	66.9	4
9TKJ	14	54.19	4
9TKJ	15	49.51	4
9TKJ	16	50.68	4
9TKJ	17	48.84	4
9TKJ	18	57.75	4
9TKJ	19	48.89	4
9TKJ	20	46.61	4
9TKJ	21	44.31	4
9TKJ	22	47.16	4
9TKJ	23	46.3	4
9TKJ	24	44.43	4
9TKJ	25	43.5	4
9TKJ	26	43.6	4
9TKJ	27	46.89	4
9TKJ	28	44.69	4
9TKJ	29	44.36	4
9TKJ	30	44.95	4
9TKJ	31	53.12	4
9TKJ	32	63.18	4
9TKJ	33	61.57	4
9TKJ	34	57.98	4
9TKJ	35	51.01	4
9TKJ	36	57.12	4
9TKJ	37	61.57	4
9TKJ	38	63.87	4
9TKJ	39	63.02	4
9TKJ	40	65.12	4
9TKJ	41	65.3	4
9TKJ	42	71.99	4
9TKJ	43	78.27	4
9TKJ	44	66.43	4
9TKJ	45	59.74	4
9TKJ	46	52.17	4
9TKJ	47	46.94	4
9TKJ	48	51.77	4
9TKJ	49	54.87	4
9TKJ	50	58.18	4
9TKJ	51	67.54	4
9TKJ	52	65.11	4
9TKJ	53	64.78	4
9TKJ	54	58.99	4
9TKJ	55	56.47	4
9TKJ	56	49.8	4
9TKJ	57	49.2	4
9TKJ	58	47.13	4
9TKJ	59	48.56	4
9TKJ	60	53.94	4
9TKJ	61	51.07	4
9TKJ	62	59.03	4
9TKJ	63	53.97	4
9TKJ	64	61.39	4
9TKJ	65	57.19	4
9TKJ	66	60.66	4
9TKJ	67	68.93	4
9TKJ	68	73.44	4
9TKJ	69	86.6	4
9TKJ	70	86.35	4
9TKJ	71	85.36	4
9TKJ	72	87.48	4
9TKJ	73	78.47	4
9TKJ	74	88.6	4
9TKJ	75	88.75	4
9TKJ	76	78.94	4
9TKJ	77	77.78	4
9TKJ	78	70.87	4
9TKJ	79	71.04	4
9TKJ	80	61.43	4
9TKJ	81	62.08	4
9TKJ	82	54.15	4
9TKJ	83	59.11	4
9TKJ	84	55.21	4
9TKJ	85	58.54	4
9TKJ	86	47.18	4
9TKJ	87	46.98	4
9TKJ	88	47.53	4
9TKJ	89	55.36	4
9TKJ	90	52.24	4
9TKJ	91	55.37	4
9TKJ	92	59.85	4
9TKJ	93	64.07	4
9TKJ	94	56.16	4
9TKJ	95	57.77	4
9TKJ	96	57.14	4
9TKJ	97	63.46	4
9TKJ	98	55.58	4
9TKJ	99	68.23	4
9TKK	20	53.61	4
9TKK	21	54.72	4
9TKK	22	42.56	4
9TKK	23	39.75	4
9TKK	24	35.21	4
9TKK	25	39.66	4
9TKK	26	34.58	4
9TKK	27	32.31	4
9TKK	28	31.98	4
9TKK	29	38.99	4
9TKK	30	42.31	4
9TKK	31	43.42	4
9TKK	32	36.13	4
9TKK	33	27.5	4
9TKK	34	31.22	4
9TKK	35	30.83	4
9TKK	36	41.68	4
9TKK	37	42.92	4
9TKK	38	42.95	4
9TKK	39	44.91	4
9TKK	40	41.73	4
9TKK	41	49.81	4
9TKK	42	55.19	4
9TKK	43	64.19	4
9TKK	44	54.24	4
9TKK	45	49.52	4
9TKK	46	47.14	4
9TKK	47	35.79	4
9TKK	48	30.9	4
9TKK	49	30.06	4
9TKK	50	27.07	4
9TKK	51	28.28	4
9TKK	52	29.12	4
9TKK	53	26.91	4
9TKK	54	32.21	4
9TKK	55	36.32	4
9TKK	56	31.63	4
9TKK	57	32.04	4
9TKK	58	31.64	4
9TKK	59	42.13	4
9TKK	60	38.57	4
9TKK	61	47.0	4
9TKK	62	46.39	4
9TKK	63	52.44	4
9TKK	64	48.25	4
9TKK	65	47.52	4
9TKK	66	41.8	4
9TKK	67	46.91	4
9TKK	68	40.61	4
9TKK	69	43.22	4
9TKK	70	37.33	4
9TKK	71	42.56	4
9TKK	72	40.52	4
9TKK	73	35.27	4
9TKK	74	40.38	4
9TKK	75	42.33	4
9TKK	76	47.61	4
9TKK	77	44.44	4
9TKK	78	39.24	4
9TKK	79	35.22	4
9TKK	80	34.43	4
9TKK	81	28.8	4
9TKK	82	29.29	4
9TKK	83	20.87	4
9TKK	84	25.97	4
9TKK	85	30.75	4
9TKK	86	43.73	4
9TKK	87	33.67	4
9TKK	88	26.26	4
9TKK	89	26.69	4
9TKK	90	25.42	4
9TKK	91	27.64	4
9TKK	92	33.07	4
9TKK	93	35.3	4
9TKK	94	37.35	4
9TKK	95	37.36	4
9TKK	96	31.6	4
9TKK	97	48.84	4
9TKK	98	49.92	4
9TKL	20	97.715	8
9TKL	21	82.175	8
9TKL	22	61.42	8
9TKL	23	53.76	8
9TKL	24	48.69	8
9TKL	25	41.91	8
9TKL	26	43.475	8
9TKL	27	37.58	8
9TKL	28	54.595	8
9TKL	29	61.745	8
9TKL	30	64.055	8
9TKL	31	42.4	8
9TKL	32	41.77	8
9TKL	33	39.81	8
9TKL	34	41.46	8
9TKL	35	41.49	8
9TKL	36	53.635	8
9TKL	37	49.175	8
9TKL	38	52.08	8
9TKL	39	53.66	8
9TKL	40	59.725	8
9TKL	41	80.77	8
9TKL	42	85.885	8
9TKL	43	87.07	8
9TKL	44	74.225	8
9TKL	45	61.065	8
9TKL	46	50.23	8
9TKL	47	35.645	8
9TKL	48	30.85	8
9TKL	49	22.63	8
9TKL	50	27.755	8
9TKL	51	23.36	8
9TKL	52	19.75	8
9TKL	53	20.77	8
9TKL	54	21.7	8
9TKL	55	24.88	8
9TKL	56	26.235	8
9TKL	57	28.3	8
9TKL	58	32.96	8
9TKL	59	40.17	8
9TKL	60	36.86	8
9TKL	61	54.29	8
9TKL	62	61.615	8
9TKL	63	56.035	8
9TKL	64	49.655	8
9TKL	65	43.525	8
9TKL	66	44.0	8
9TKL	67	41.47	8
9TKL	68	38.56	8
9TKL	69	34.87	8
9TKL	70	31.865	8
9TKL	71	45.615	8
9TKL	72	37.575	8
9TKL	73	36.03	8
9TKL	74	41.505	8
9TKL	75	47.585	8
9TKL	76	49.39	8
9TKL	77	44.91	8
9TKL	78	31.61	8
9TKL	79	31.89	8
9TKL	80	27.59	8
9TKL	81	21.62	8
9TKL	82	22.22	8
9TKL	83	18.73	8
9TKL	84	21.41	8
9TKL	85	28.055	8
9TKL	86	44.295	8
9TKL	87	33.62	8
9TKL	88	34.965	8
9TKL	89	28.08	8
9TKL	90	32.465	8
9TKL	91	26.09	8
9TKL	92	33.945	8
9TKL	93	39.51	8
9TKL	94	47.95	8
9TKL	95	42.705	8
9TKL	96	43.29	8
9TKL	97	56.775	8
9TKL	98	72.995	8
9TKZ	6	87.62	4
9TKZ	7	86.89	4
9TKZ	8	87.72	4
9TKZ	9	86.08	4
9TKZ	10	86.36	4
9TKZ	11	86.43	4
9TKZ	12	84.4	4
9TKZ	13	81.73	4
9TKZ	14	78.77	4
9TKZ	15	72.44	4
9TKZ	16	67.47	4
9TKZ	17	65.39	4
9TKZ	18	63.55	4
9TKZ	19	62.79	4
9TKZ	20	63.09	4
9TKZ	21	62.94	4
9TKZ	22	65.08	4
9TKZ	23	64.42	4
9TKZ	24	63.83	4
9TKZ	25	65.1	4
9TKZ	26	67.98	4
9TKZ	27	69.19	4
9TKZ	28	71.02	4
9TKZ	29	70.53	4
9TKZ	30	68.0	4
9TKZ	31	69.37	4
9TKZ	32	69.45	4
9TKZ	33	71.63	4
9TKZ	34	70.57	4
9TKZ	35	71.28	4
9TKZ	36	72.93	4
9TKZ	37	75.25	4
9TKZ	38	79.08	4
9TKZ	39	75.87	4
9TKZ	40	73.02	4
9TKZ	41	72.86	4
9TKZ	42	71.28	4
9TKZ	43	72.39	4
9TKZ	44	69.74	4
9TKZ	45	69.14	4
9TKZ	46	66.84	4
9TKZ	47	63.33	4
9TKZ	48	61.55	4
9TKZ	49	64.59	4
9TKZ	50	63.17	4
9TKZ	51	64.77	4
9TKZ	52	66.59	4
9TKZ	53	66.01	4
9TKZ	54	66.13	4
9TKZ	55	67.64	4
9TKZ	56	66.14	4
9TKZ	57	69.67	4
9TKZ	58	72.19	4
9TKZ	59	75.08	4
9TKZ	60	79.54	4
9TKZ	61	82.09	4
9TKZ	62	83.97	4
9TKZ	63	86.16	4
9TKZ	64	82.23	4
9TKZ	65	80.43	4
9TKZ	66	79.79	4
9TKZ	67	78.76	4
9TKZ	68	85.67	4
9TKZ	69	94.66	4
9TKZ	70	101.94	4
9TKZ	71	104.42	4
9TKZ	72	105.19	4
9TKZ	73	107.27	4
9TKZ	74	106.31	4
9TKZ	75	107.34	4
9TKZ	76	110.15	4
9TKZ	77	110.58	4
9TKZ	78	108.19	4
9TKZ	79	103.64	4
9TKZ	80	98.24	4
9TKZ	81	100.53	4
9TKZ	82	96.59	4
9TKZ	83	90.32	4
9TKZ	84	87.67	4
9TKZ	85	85.59	4
9TKZ	86	83.97	4
9TKZ	87	81.74	4
9TKZ	88	79.63	4
9TKZ	89	76.17	4
9TKZ	90	73.86	4
9TKZ	91	73.3	4
9TKZ	92	74.06	4
9TKZ	93	75.86	4
9TKZ	94	76.24	4
9TKZ	95	76.41	4
9TKZ	96	77.97	4
9TKZ	97	78.79	4
9TKZ	98	77.77	4
9TKZ	99	76.94	4
9TKZ	100	75.51	4
9TL2	3	59.39	4
9TL2	4	42.17	4
9TL2	5	26.73	4
9TL2	6	22.87	4
9TL2	7	18.39	4
9TL2	8	21.45	4
9TL2	9	29.45	4
9TL2	10	38.44	4
9TL2	11	33.58	4
9TL2	12	43.77	4
9TL2	13	56.57	4
9TL2	14	40.54	4
9TL2	15	30.36	4
9TL2	16	31.67	4
9TL2	17	34.8	4
9TL2	18	32.68	4
9TL2	19	27.23	4
9TL2	20	20.96	4
9TL2	21	19.73	4
9TL2	22	24.05	4
9TL2	23	22.54	4
9TL2	24	24.51	4
9TL2	25	25.72	4
9TL2	26	20.39	4
9TL2	27	15.98	4
9TL2	28	15.0	4
9TL2	29	16.6	4
9TL2	30	19.92	4
9TL2	31	21.24	4
9TL2	32	20.29	4
9TL2	33	13.26	4
9TL2	34	19.86	4
9TL2	35	17.3	4
9TL2	36	22.64	4
9TL2	37	27.77	4
9TL2	38	32.09	4
9TL2	39	28.69	4
9TL2	40	34.04	4
9TL2	41	46.24	4
9TL2	42	56.62	4
9TL2	43	55.44	4
9TL2	44	42.23	4
9TL2	45	34.02	4
9TL2	46	29.63	4
9TL2	47	25.29	4
9TL2	48	19.08	4
9TL2	49	17.23	4
9TL2	50	17.95	4
9TL2	51	17.72	4
9TL2	52	17.04	4
9TL2	53	14.92	4
9TL2	54	16.76	4
9TL2	55	17.51	4
9TL2	56	15.73	4
9TL2	57	15.67	4
9TL2	58	22.0	4
9TL2	59	25.68	4
9TL2	60	24.15	4
9TL2	61	35.1	4
9TL2	62	37.25	4
9TL2	63	47.77	4
9TL2	64	52.98	4
9TL2	65	42.15	4
9TL2	66	37.87	4
9TL2	67	32.39	4
9TL2	68	30.43	4
9TL2	69	30.41	4
9TL2	70	26.26	4
9TL2	71	33.49	4
9TL2	72	25.51	4
9TL2	73	27.7	4
9TL2	74	31.59	4
9TL2	75	39.82	4
9TL2	76	34.42	4
9TL2	77	25.4	4
9TL2	78	22.41	4
9TL2	79	24.28	4
9TL2	80	19.83	4
9TL2	81	15.01	4
9TL2	82	11.79	4
9TL2	83	11.65	4
9TL2	84	13.35	4
9TL2	85	19.4	4
9TL2	86	27.51	4
9TL2	87	16.61	4
9TL2	88	11.27	4
9TL2	89	11.42	4
9TL2	90	13.03	4
9TL2	91	14.48	4
9TL2	92	21.64	4
9TL2	93	21.35	4
9TL2	94	21.82	4
9TL2	95	18.35	4
9TL2	96	19.2	4
9TL2	97	27.84	4
9TL2	98	32.3	4
9TPT	36	89.49	12
9TPT	37	88.53	12
9TPT	38	87.76	12
9TPT	39	83.86	12
9TPT	40	81.97	12
9TPT	41	81.44	12
9TPT	42	79.45	12
9TPT	43	78.16	12
9TPT	44	73.33	12
9TPT	45	69.79	12
9TPT	46	70.79	12
9TPT	47	67.28	12
9TPT	48	65.52	12
9TPT	49	63.58	12
9TPT	50	65.21	12
9TPT	51	61.27	12
9TPT	52	58.28	12
9TPT	53	58.11	12
9TPT	54	59.76	12
9TPT	55	58.88	12
9TPT	56	61.24	12
9TPT	57	68.75	12
9TPT	58	69.25	12
9TPT	59	69.54	12
9TPT	60	70.04	12
9TPT	61	67.89	12
9TPT	62	66.77	12
9TPT	63	66.21	12
9TPT	64	66.75	12
9TPT	65	68.49	12
9TPT	66	69.79	12
9TPT	67	68.7	12
9TPT	68	70.48	12
9TPT	69	68.08	12
9TPT	70	64.66	12
9TPT	71	62.41	12
9TPT	72	62.46	12
9TPT	73	64.39	12
9TPT	74	61.48	12
9TPT	75	63.38	12
9TPT	76	60.78	12
9TPT	77	60.27	12
9TPT	78	61.17	12
9TPT	79	66.22	12
9TPT	80	68.42	12
9TPT	81	69.03	12
9TPT	82	72.55	12
9TPT	83	74.75	12
9TPT	84	75.6	12
9TPT	85	78.23	12
9TPT	86	77.07	12
9TPT	87	72.58	12
9TPT	88	69.03	12
9TPT	89	67.99	12
9TPT	90	66.57	12
9TPT	91	67.56	12
9TPT	92	69.33	12
9TPT	93	71.74	12
9TPT	94	74.43	12
9TPT	95	71.84	12
9TPT	96	74.99	12
9TPT	97	80.82	12
9TPT	98	85.21	12
9TPT	99	87.01	12
9TPT	100	99.75	6
9TZX	307	102.88	5
9TZX	308	85.01	5
9TZX	309	77.21	5
9TZX	310	62.23	5
9TZX	311	66.65	5
9TZX	312	69.41	5
9TZX	313	77.62	5
9TZX	314	93.91	5
9TZX	315	110.26	5
9TZX	316	117.56	5
9TZX	317	103.05	5
9TZX	318	87.84	5
9TZX	319	82.79	5
9TZX	320	75.47	5
9TZX	321	79.84	5
9TZX	322	91.69	5
9TZX	323	97.65	5
9TZX	324	116.81	5
9TZX	325	116.74	5
9TZX	326	98.75	5
9TZX	327	72.92	5
9TZX	328	59.79	5
9TZX	329	55.02	5
9TZX	330	60.61	5
9TZX	331	71.29	5
9TZX	332	82.64	5
9TZX	333	99.07	5
9TZX	334	108.4	5
9TZX	335	94.91	5
9TZX	336	80.81	5
9TZX	337	72.17	5
9TZX	338	71.65	5
9TZX	339	72.89	5
9TZX	340	74.97	5
9TZX	341	81.26	5
9TZX	342	87.35	5
9TZX	343	91.46	5
9TZX	344	87.36	5
9TZX	345	96.65	5
9TZX	346	95.54	5
9TZX	347	99.91	5
9TZX	348	98.69	5
9TZX	349	88.0	5
9TZX	350	77.39	5
9TZX	351	68.37	5
9TZX	352	62.69	5
9TZX	353	59.44	5
9TZX	354	66.24	5
9TZX	355	65.27	5
9TZX	356	72.32	5
9TZX	357	73.52	5
9TZX	358	74.2	5
9TZX	359	68.14	5
9TZX	360	62.82	5
9TZX	361	60.07	5
9TZX	362	51.09	5
9TZX	363	47.91	5
9TZX	364	50.32	5
9TZX	365	47.94	5
9TZX	366	57.93	5
9TZX	367	68.75	5
9TZX	368	71.88	5
9TZX	369	75.96	5
9TZX	370	91.18	5
9TZX	371	102.32	5
9TZX	372	92.98	5
9TZX	373	76.4	5
9TZX	374	73.35	5
9TZX	375	71.69	5
9TZX	376	77.38	5
9TZX	377	88.34	5
9U02	245	50.02	10
9U02	246	47.23	10
9U02	247	50.38	10
9U02	248	49.37	10
9U02	249	48.06	10
9U02	250	43.41	10
9U02	251	41.15	10
9U02	252	37.8	10
9U02	253	40.82	10
9U02	254	43.16	10
9U02	255	38.17	10
9U02	256	36.64	10
9U02	257	35.5	10
9U02	258	36.19	10
9U02	259	39.23	10
9U02	260	39.32	10
9U02	261	41.53	10
9U02	262	39.3	10
9U02	263	43.17	10
9U02	264	41.55	10
9U02	265	40.14	10
9U02	266	41.17	10
9U02	267	46.08	10
9U02	268	54.51	10
9U02	269	64.2	10
9U02	270	69.14	10
9U02	271	73.01	10
9U02	272	75.01	10
9U02	273	73.97	10
9U02	274	76.28	10
9U02	275	75.78	10
9U02	276	71.03	10
9U02	277	67.43	10
9U02	278	56.75	10
9U02	279	51.14	10
9U02	280	47.46	10
9U02	281	42.7	10
9U02	282	41.42	10
9U02	283	43.35	10
9U02	284	43.75	10
9U02	285	39.28	10
9U02	286	38.11	10
9U02	287	34.78	10
9U02	288	37.28	10
9U02	289	41.34	10
9U02	290	40.62	10
9U02	291	44.33	10
9U02	292	45.31	10
9U02	293	51.04	10
9U02	294	55.89	10
9U4L	21	101.31	6
9U4L	22	102.39	6
9U4L	23	104.62	6
9U4L	24	106.49	6
9U4L	25	103.36	6
9U4L	26	102.76	6
9U4L	27	100.09	6
9U4L	28	103.83	6
9U4L	29	102.35	6
9U4L	30	102.81	6
9U4L	31	99.45	6
9U4L	32	99.48	6
9U4L	33	99.03	6
9U4L	34	100.4	6
9U4L	35	103.1	6
9U4L	36	105.72	6
9U4L	37	108.02	6
9U4L	38	108.11	6
9U4L	39	109.92	6
9U4L	40	109.28	6
9U4L	41	106.55	6
9U4L	42	103.55	6
9U4L	43	102.17	6
9U4L	44	98.15	6
9U4L	45	98.1	6
9U4L	46	97.4	6
9U4L	47	94.1	6
9U4L	48	89.55	6
9U4L	49	92.04	6
9U4L	50	83.46	6
9U4L	51	80.11	6
9U4L	52	76.19	6
9U4L	53	78.56	6
9U4L	54	78.06	6
9U4L	55	84.95	6
9U4L	56	87.33	6
9U4L	57	92.91	6
9U4L	58	107.4	6
9U4L	59	115.21	6
9U4L	60	118.61	6
9U4L	61	119.63	6
9U4L	62	120.77	6
9U4L	63	122.11	6
9U4L	64	122.98	6
9U4L	65	126.83	6
9U4L	66	125.83	6
9U4L	67	129.83	6
9U4L	68	131.01	6
9U4L	69	126.09	6
9U4L	70	115.82	6
9U4L	71	114.9	6
9U4L	72	111.65	6
9U4L	73	110.15	6
9U4L	74	112.39	6
9U4L	75	111.37	6
9U4L	76	114.06	6
9U4L	77	113.73	6
9U4L	78	114.76	6
9U4L	79	119.25	6
9U4L	80	124.0	6
9U4L	81	128.58	6
9U4L	82	128.16	6
9U4L	83	129.74	6
9U4L	84	127.75	6
9U4L	85	123.29	6
9U4L	86	120.37	6
9U4L	87	117.85	6
9U4L	88	116.59	6
9U4L	89	111.92	6
9UF6	37	98.0	12
9UF6	38	94.73	12
9UF6	39	91.36	12
9UF6	40	83.0	12
9UF6	41	75.19	12
9UF6	42	70.63	12
9UF6	43	68.37	12
9UF6	44	60.64	12
9UF6	45	51.46	12
9UF6	46	49.43	12
9UF6	47	42.05	12
9UF6	48	40.45	12
9UF6	49	37.14	12
9UF6	50	40.6	12
9UF6	51	35.71	12
9UF6	52	32.66	12
9UF6	53	31.99	12
9UF6	54	33.71	12
9UF6	55	35.82	12
9UF6	56	40.28	12
9UF6	57	50.65	12
9UF6	58	50.19	12
9UF6	59	51.41	12
9UF6	60	50.76	12
9UF6	61	53.38	12
9UF6	62	49.57	12
9UF6	63	45.75	12
9UF6	64	43.34	12
9UF6	65	45.6	12
9UF6	66	46.13	12
9UF6	67	48.95	12
9UF6	68	50.09	12
9UF6	69	48.0	12
9UF6	70	45.33	12
9UF6	71	42.67	12
9UF6	72	41.71	12
9UF6	73	38.15	12
9UF6	74	36.07	12
9UF6	75	37.25	12
9UF6	76	35.35	12
9UF6	77	35.38	12
9UF6	78	37.69	12
9UF6	79	42.07	12
9UF6	80	46.25	12
9UF6	81	50.0	12
9UF6	82	54.7	12
9UF6	83	58.46	12
9UF6	84	54.63	12
9UF6	85	52.69	12
9UF6	86	49.46	12
9UF6	87	47.57	12
9UF6	88	43.25	12
9UF6	89	45.31	12
9UF6	90	48.07	12
9UF6	91	53.39	12
9UF6	92	57.14	12
9UF6	93	60.64	12
9UF6	94	72.5	12
9UF6	95	75.3	12
9UF6	96	82.05	12
9UF6	97	85.45	12
9UF6	98	88.73	12
9UF6	99	91.24	12
9UFD	37	75.09	12
9UFD	38	74.53	12
9UFD	39	71.68	12
9UFD	40	69.47	12
9UFD	41	68.98	12
9UFD	42	66.26	12
9UFD	43	64.31	12
9UFD	44	58.8	12
9UFD	45	48.7	12
9UFD	46	47.66	12
9UFD	47	43.15	12
9UFD	48	40.57	12
9UFD	49	37.18	12
9UFD	50	37.2	12
9UFD	51	37.38	12
9UFD	52	36.41	12
9UFD	53	36.31	12
9UFD	54	39.03	12
9UFD	55	39.62	12
9UFD	56	42.35	12
9UFD	57	47.98	12
9UFD	58	51.35	12
9UFD	59	54.37	12
9UFD	60	54.15	12
9UFD	61	56.59	12
9UFD	62	51.92	12
9UFD	63	48.02	12
9UFD	64	46.59	12
9UFD	65	46.04	12
9UFD	66	45.16	12
9UFD	67	48.4	12
9UFD	68	47.61	12
9UFD	69	45.76	12
9UFD	70	45.44	12
9UFD	71	44.93	12
9UFD	72	47.64	12
9UFD	73	45.23	12
9UFD	74	43.37	12
9UFD	75	44.14	12
9UFD	76	41.35	12
9UFD	77	40.81	12
9UFD	78	41.38	12
9UFD	79	44.29	12
9UFD	80	47.47	12
9UFD	81	48.97	12
9UFD	82	52.74	12
9UFD	83	54.72	12
9UFD	84	50.83	12
9UFD	85	48.6	12
9UFD	86	45.17	12
9UFD	87	44.64	12
9UFD	88	43.89	12
9UFD	89	43.68	12
9UFD	90	43.27	12
9UFD	91	47.05	12
9UFD	92	48.1	12
9UFD	93	50.89	12
9UFD	94	54.12	12
9UFD	95	61.68	12
9UFD	96	69.75	12
9UFD	97	75.18	12
9UFD	98	77.81	12
9UFD	99	83.37	12
9UFF	37	111.95	12
9UFF	38	108.55	12
9UFF	39	103.69	12
9UFF	40	97.68	12
9UFF	41	90.68	12
9UFF	42	82.98	12
9UFF	43	79.55	12
9UFF	44	72.32	12
9UFF	45	63.42	12
9UFF	46	62.5	12
9UFF	47	56.17	12
9UFF	48	54.05	12
9UFF	49	52.17	12
9UFF	50	53.47	12
9UFF	51	52.33	12
9UFF	52	51.98	12
9UFF	53	52.1	12
9UFF	54	52.88	12
9UFF	55	54.54	12
9UFF	56	56.3	12
9UFF	57	59.24	12
9UFF	58	64.71	12
9UFF	59	66.96	12
9UFF	60	68.85	12
9UFF	61	71.92	12
9UFF	62	67.72	12
9UFF	63	63.41	12
9UFF	64	62.83	12
9UFF	65	61.58	12
9UFF	66	61.18	12
9UFF	67	62.54	12
9UFF	68	61.71	12
9UFF	69	59.79	12
9UFF	70	57.28	12
9UFF	71	55.59	12
9UFF	72	55.56	12
9UFF	73	54.71	12
9UFF	74	53.34	12
9UFF	75	56.1	12
9UFF	76	53.87	12
9UFF	77	53.13	12
9UFF	78	52.73	12
9UFF	79	55.1	12
9UFF	80	57.6	12
9UFF	81	60.47	12
9UFF	82	63.15	12
9UFF	83	66.25	12
9UFF	84	63.59	12
9UFF	85	61.09	12
9UFF	86	57.98	12
9UFF	87	57.49	12
9UFF	88	55.68	12
9UFF	89	55.63	12
9UFF	90	57.67	12
9UFF	91	61.27	12
9UFF	92	65.08	12
9UFF	93	69.78	12
9UFF	94	72.64	12
9UFF	95	76.72	12
9UFF	96	84.98	12
9UFF	97	92.64	12
9UFF	98	100.25	12
9UFF	99	104.62	12
9UFL	37	97.33	6
9UFL	38	87.23	6
9UFL	39	79.36	6
9UFL	40	73.32	6
9UFL	41	68.15	6
9UFL	42	53.95	6
9UFL	43	52.98	6
9UFL	44	45.8	6
9UFL	45	30.85	6
9UFL	46	32.13	6
9UFL	47	22.73	6
9UFL	48	15.16	6
9UFL	49	21.8	6
9UFL	50	13.98	6
9UFL	51	10.04	6
9UFL	52	19.0	6
9UFL	53	20.73	6
9UFL	54	15.63	6
9UFL	55	28.16	6
9UFL	56	25.35	6
9UFL	57	34.48	6
9UFL	58	34.02	6
9UFL	59	32.43	6
9UFL	60	39.59	6
9UFL	61	41.84	6
9UFL	62	42.58	6
9UFL	63	37.31	6
9UFL	64	35.06	6
9UFL	65	30.24	6
9UFL	66	35.16	6
9UFL	67	31.74	6
9UFL	68	31.55	6
9UFL	69	31.18	6
9UFL	70	28.57	6
9UFL	71	31.85	6
9UFL	72	31.79	6
9UFL	73	27.73	6
9UFL	74	23.28	6
9UFL	75	24.94	6
9UFL	76	22.28	6
9UFL	77	22.25	6
9UFL	78	23.37	6
9UFL	79	24.37	6
9UFL	80	25.62	6
9UFL	81	30.0	6
9UFL	82	34.83	6
9UFL	83	46.61	6
9UFL	84	36.77	6
9UFL	85	34.96	6
9UFL	86	30.29	6
9UFL	87	27.4	6
9UFL	88	26.79	6
9UFL	89	24.43	6
9UFL	90	25.29	6
9UFL	91	36.47	6
9UFL	92	42.35	6
9UFL	93	47.3	6
9UFL	94	59.05	6
9UFL	95	71.43	6
9UFL	96	84.87	6
9UFL	97	94.57	6
9UFL	98	106.36	6
9UFL	99	113.05	6
9UFS	37	106.408	6
9UFS	38	102.797	6
9UFS	39	95.827	6
9UFS	40	90.05	6
9UFS	41	87.532	6
9UFS	42	81.195	6
9UFS	43	78.148	6
9UFS	44	69.637	6
9UFS	45	59.293	6
9UFS	46	61.382	6
9UFS	47	51.632	6
9UFS	48	47.352	6
9UFS	49	42.62	6
9UFS	50	43.715	6
9UFS	51	44.205	6
9UFS	52	43.213	6
9UFS	53	43.78	6
9UFS	54	48.438	6
9UFS	55	48.965	6
9UFS	56	48.887	6
9UFS	57	55.772	6
9UFS	58	59.337	6
9UFS	59	60.838	6
9UFS	60	64.138	6
9UFS	61	66.995	6
9UFS	62	63.162	6
9UFS	63	58.23	6
9UFS	64	58.717	6
9UFS	65	59.325	6
9UFS	66	60.92	6
9UFS	67	64.137	6
9UFS	68	63.99	6
9UFS	69	60.313	6
9UFS	70	55.913	6
9UFS	71	55.112	6
9UFS	72	58.372	6
9UFS	73	54.718	6
9UFS	74	52.407	6
9UFS	75	53.953	6
9UFS	76	49.915	6
9UFS	77	50.497	6
9UFS	78	50.02	6
9UFS	79	55.765	6
9UFS	80	59.417	6
9UFS	81	63.567	6
9UFS	82	67.655	6
9UFS	83	74.45	6
9UFS	84	70.857	6
9UFS	85	70.583	6
9UFS	86	66.248	6
9UFS	87	64.432	6
9UFS	88	58.215	6
9UFS	89	57.595	6
9UFS	90	59.945	6
9UFS	91	64.555	6
9UFS	92	70.995	6
9UFS	93	74.145	6
9UFS	94	83.597	6
9UFS	95	93.953	6
9UFS	96	101.99	6
9UFS	97	109.177	6
9UFS	98	116.178	6
9UFS	99	122.4	6
9UFX	38	55.347	12
9UFX	39	54.402	12
9UFX	40	53.507	12
9UFX	41	51.583	12
9UFX	42	51.903	12
9UFX	43	50.147	12
9UFX	44	47.155	12
9UFX	45	42.038	12
9UFX	46	41.695	12
9UFX	47	34.542	12
9UFX	48	31.242	12
9UFX	49	27.427	12
9UFX	50	27.243	12
9UFX	51	23.885	12
9UFX	52	22.343	12
9UFX	53	23.137	12
9UFX	54	25.08	12
9UFX	55	25.017	12
9UFX	56	29.877	12
9UFX	57	36.458	12
9UFX	58	35.185	12
9UFX	59	36.073	12
9UFX	60	37.9	12
9UFX	61	41.772	12
9UFX	62	40.415	12
9UFX	63	39.425	12
9UFX	64	40.515	12
9UFX	65	41.327	12
9UFX	66	42.813	12
9UFX	67	42.805	12
9UFX	68	42.283	12
9UFX	69	39.845	12
9UFX	70	37.063	12
9UFX	71	36.073	12
9UFX	72	38.775	12
9UFX	73	39.088	12
9UFX	74	37.777	12
9UFX	75	36.975	12
9UFX	76	33.637	12
9UFX	77	33.382	12
9UFX	78	31.977	12
9UFX	79	36.117	12
9UFX	80	40.818	12
9UFX	81	46.295	12
9UFX	82	51.612	12
9UFX	83	53.922	12
9UFX	84	50.575	12
9UFX	85	48.852	12
9UFX	86	44.078	12
9UFX	87	41.71	12
9UFX	88	40.463	12
9UFX	89	40.138	12
9UFX	90	39.823	12
9UFX	91	42.335	12
9UFX	92	48.072	12
9UFX	93	49.59	12
9UFX	94	49.798	12
9UFY	38	49.727	12
9UFY	39	46.608	12
9UFY	40	47.118	12
9UFY	41	44.507	12
9UFY	42	43.482	12
9UFY	43	41.765	12
9UFY	44	40.307	12
9UFY	45	34.65	12
9UFY	46	35.308	12
9UFY	47	26.957	12
9UFY	48	23.448	12
9UFY	49	20.898	12
9UFY	50	22.393	12
9UFY	51	21.317	12
9UFY	52	20.745	12
9UFY	53	20.845	12
9UFY	54	24.378	12
9UFY	55	24.48	12
9UFY	56	30.077	12
9UFY	57	39.223	12
9UFY	58	38.747	12
9UFY	59	36.773	12
9UFY	60	41.565	12
9UFY	61	44.522	12
9UFY	62	40.078	12
9UFY	63	34.913	12
9UFY	64	36.633	12
9UFY	65	38.07	12
9UFY	66	39.857	12
9UFY	67	44.312	12
9UFY	68	42.42	12
9UFY	69	36.818	12
9UFY	70	32.663	12
9UFY	71	30.675	12
9UFY	72	33.682	12
9UFY	73	34.077	12
9UFY	74	34.858	12
9UFY	75	34.52	12
9UFY	76	31.267	12
9UFY	77	30.48	12
9UFY	78	26.518	12
9UFY	79	30.375	12
9UFY	80	34.028	12
9UFY	81	41.468	12
9UFY	82	46.047	12
9UFY	83	52.243	12
9UFY	84	49.467	12
9UFY	85	48.62	12
9UFY	86	43.432	12
9UFY	87	41.145	12
9UFY	88	38.075	12
9UFY	89	36.65	12
9UFY	90	38.675	12
9UFY	91	42.395	12
9UFY	92	50.305	12
9UFY	93	50.953	12
9UFY	94	55.992	12
9UFY	95	65.14	12
9UFY	96	71.148	12
9UFY	97	77.343	12
9UG0	39	68.59	12
9UG0	40	71.52	12
9UG0	41	69.08	12
9UG0	42	67.69	12
9UG0	43	60.41	12
9UG0	44	52.5	12
9UG0	45	44.09	12
9UG0	46	44.41	12
9UG0	47	37.56	12
9UG0	48	35.73	12
9UG0	49	31.01	12
9UG0	50	32.11	12
9UG0	51	27.7	12
9UG0	52	27.21	12
9UG0	53	29.34	12
9UG0	54	34.53	12
9UG0	55	33.51	12
9UG0	56	40.93	12
9UG0	57	47.18	12
9UG0	58	44.93	12
9UG0	59	43.78	12
9UG0	60	45.8	12
9UG0	61	47.27	12
9UG0	62	44.85	12
9UG0	63	40.69	12
9UG0	64	43.34	12
9UG0	65	46.41	12
9UG0	66	48.73	12
9UG0	67	54.16	12
9UG0	68	54.02	12
9UG0	69	49.8	12
9UG0	70	44.76	12
9UG0	71	39.67	12
9UG0	72	42.55	12
9UG0	73	42.77	12
9UG0	74	44.09	12
9UG0	75	44.85	12
9UG0	76	37.13	12
9UG0	77	36.11	12
9UG0	78	37.12	12
9UG0	79	40.9	12
9UG0	80	44.2	12
9UG0	81	49.77	12
9UG0	82	56.62	12
9UG0	83	63.47	12
9UG0	84	58.81	12
9UG0	85	56.74	12
9UG0	86	53.02	12
9UG0	87	49.03	12
9UG0	88	46.92	12
9UG0	89	46.67	12
9UG0	90	49.22	12
9UG0	91	57.89	12
9UG0	92	61.26	12
9UG0	93	63.74	12
9UG0	94	72.0	12
9UG0	95	78.46	12
9UG0	96	80.21	12
9UG0	97	82.91	12
9UG1	39	47.06	12
9UG1	40	46.25	12
9UG1	41	43.57	12
9UG1	42	42.59	12
9UG1	43	39.69	12
9UG1	44	34.88	12
9UG1	45	28.04	12
9UG1	46	27.39	12
9UG1	47	20.89	12
9UG1	48	18.21	12
9UG1	49	14.53	12
9UG1	50	13.41	12
9UG1	51	10.63	12
9UG1	52	9.2	12
9UG1	53	9.4	12
9UG1	54	10.26	12
9UG1	55	11.66	12
9UG1	56	16.31	12
9UG1	57	21.7	12
9UG1	58	21.74	12
9UG1	59	21.23	12
9UG1	60	23.3	12
9UG1	61	26.31	12
9UG1	62	25.47	12
9UG1	63	23.64	12
9UG1	64	25.69	12
9UG1	65	26.59	12
9UG1	66	28.8	12
9UG1	67	30.76	12
9UG1	68	31.59	12
9UG1	69	28.99	12
9UG1	70	25.1	12
9UG1	71	23.1	12
9UG1	72	22.37	12
9UG1	73	19.28	12
9UG1	74	18.2	12
9UG1	75	17.61	12
9UG1	76	16.87	12
9UG1	77	18.47	12
9UG1	78	19.8	12
9UG1	79	23.9	12
9UG1	80	27.65	12
9UG1	81	32.35	12
9UG1	82	39.32	12
9UG1	83	42.89	12
9UG1	84	38.28	12
9UG1	85	34.51	12
9UG1	86	31.53	12
9UG1	87	28.87	12
9UG1	88	27.53	12
9UG1	89	27.14	12
9UG1	90	28.21	12
9UG1	91	30.89	12
9UG1	92	35.49	12
9UG1	93	35.9	12
9UG1	94	39.93	12
9UG1	95	44.48	12
9UG1	96	46.49	12
9UG1	97	48.08	12
9UJQ	37	95.167	6
9UJQ	38	91.753	6
9UJQ	39	85.933	6
9UJQ	40	80.285	6
9UJQ	41	75.65	6
9UJQ	42	68.288	6
9UJQ	43	65.347	6
9UJQ	44	57.273	6
9UJQ	45	48.017	6
9UJQ	46	47.752	6
9UJQ	47	36.607	6
9UJQ	48	32.88	6
9UJQ	49	29.268	6
9UJQ	50	30.185	6
9UJQ	51	29.368	6
9UJQ	52	27.935	6
9UJQ	53	29.25	6
9UJQ	54	32.94	6
9UJQ	55	33.542	6
9UJQ	56	35.993	6
9UJQ	57	42.413	6
9UJQ	58	43.327	6
9UJQ	59	44.512	6
9UJQ	60	45.172	6
9UJQ	61	47.35	6
9UJQ	62	44.057	6
9UJQ	63	39.317	6
9UJQ	64	37.968	6
9UJQ	65	39.877	6
9UJQ	66	40.648	6
9UJQ	67	45.587	6
9UJQ	68	44.8	6
9UJQ	69	41.8	6
9UJQ	70	38.755	6
9UJQ	71	36.457	6
9UJQ	72	37.082	6
9UJQ	73	34.085	6
9UJQ	74	32.718	6
9UJQ	75	34.872	6
9UJQ	76	33.7	6
9UJQ	77	33.965	6
9UJQ	78	35.438	6
9UJQ	79	39.46	6
9UJQ	80	43.953	6
9UJQ	81	47.617	6
9UJQ	82	52.298	6
9UJQ	83	57.423	6
9UJQ	84	54.833	6
9UJQ	85	51.837	6
9UJQ	86	48.547	6
9UJQ	87	43.195	6
9UJQ	88	39.095	6
9UJQ	89	38.955	6
9UJQ	90	41.165	6
9UJQ	91	45.082	6
9UJQ	92	48.682	6
9UJQ	93	52.642	6
9UJQ	94	60.248	6
9UJQ	95	69.855	6
9UJQ	96	75.875	6
9UJQ	97	83.568	6
9UJQ	98	90.732	6
9UJQ	99	98.28	6
9ULZ	13	121.21	12
9ULZ	14	121.23	12
9ULZ	15	114.48	12
9ULZ	16	105.54	12
9ULZ	17	101.43	12
9ULZ	18	99.89	12
9ULZ	19	89.17	12
9ULZ	20	94.91	12
9ULZ	21	79.54	12
9ULZ	22	87.09	12
9ULZ	23	78.66	12
9ULZ	24	75.34	12
9ULZ	25	78.38	12
9ULZ	26	80.28	12
9ULZ	27	67.33	12
9ULZ	28	66.98	12
9ULZ	29	70.15	12
9ULZ	30	66.68	12
9ULZ	31	66.17	12
9ULZ	32	61.66	12
9ULZ	33	60.83	12
9ULZ	34	61.12	12
9ULZ	35	67.52	12
9ULZ	36	67.42	12
9ULZ	37	61.99	12
9ULZ	38	59.02	12
9ULZ	39	69.41	12
9ULZ	40	72.45	12
9ULZ	41	73.6	12
9ULZ	42	75.27	12
9ULZ	43	82.98	12
9ULZ	44	82.78	12
9ULZ	45	83.24	12
9ULZ	46	74.04	12
9ULZ	47	69.84	12
9ULZ	48	69.11	12
9UMH	13	90.76	21
9UMH	14	100.0	21
9UMH	15	100.0	21
9UMH	16	100.0	21
9UMH	17	100.0	21
9UMH	18	100.0	21
9UMH	19	100.0	21
9UMH	20	100.0	21
9UMH	21	100.0	21
9UMH	22	100.0	21
9UMH	23	100.0	21
9UMH	24	100.0	21
9UMH	25	100.0	21
9UMH	26	100.0	21
9UMH	27	100.0	21
9UMH	28	100.0	21
9UMH	29	92.96	21
9UMH	30	100.0	21
9UMH	31	100.0	21
9UMH	32	100.0	21
9UMH	33	100.0	21
9UMH	34	100.0	21
9UMH	35	100.0	21
9UMH	36	100.0	21
9UMH	37	100.0	21
9UMH	38	70.01	21
9UMH	39	17.46	21
9V45	132	85.39	10
9V45	133	74.43	10
9V45	134	63.965	10
9V45	135	53.23	10
9V45	136	56.8	10
9V45	137	50.615	10
9V45	138	55.695	10
9V45	139	72.075	10
9V45	140	69.29	10
9V45	141	68.92	10
9V45	142	64.39	10
9V45	143	62.915	10
9V45	144	58.265	10
9V45	145	58.16	10
9V45	146	57.77	10
9V45	147	61.47	10
9V45	148	58.51	10
9V45	149	61.865	10
9V45	150	50.82	10
9V45	151	58.975	10
9V45	152	54.31	10
9V45	153	59.155	10
9V45	154	57.705	10
9V45	155	61.08	10
9V45	156	71.3	10
9V45	157	77.975	10
9V45	158	90.965	10
9V4F	114	146.875	10
9V4F	115	143.325	10
9V4F	116	140.49	10
9V4F	117	139.215	10
9V4F	118	136.875	10
9V4F	119	137.9	10
9V4F	120	136.475	10
9V4F	121	131.98	10
9V4F	122	128.09	10
9V4F	123	126.18	10
9V4F	124	125.18	10
9V4F	125	120.85	10
9V4F	126	124.335	10
9V4F	127	124.94	10
9V4F	128	123.3	10
9V4F	129	126.845	10
9V4F	130	129.89	10
9V4F	131	130.875	10
9V4F	132	131.405	10
9V4F	133	131.85	10
9V4F	134	133.56	10
9V4F	135	130.645	10
9V4F	136	128.29	10
9V4F	137	127.74	10
9V4F	138	126.515	10
9V4F	139	125.095	10
9V91	16	77.24	6
9V91	17	66.41	6
9V91	18	60.28	6
9V91	19	50.7	6
9V91	20	54.2	6
9V91	21	54.01	6
9V91	22	60.14	6
9V91	23	51.1	6
9V91	24	57.07	6
9V91	25	61.29	6
9V91	26	61.18	6
9V91	27	51.29	6
9V91	28	56.3	6
9V91	29	55.96	6
9V91	30	55.35	6
9V91	31	51.65	6
9V91	32	59.12	6
9V91	33	59.52	6
9V91	34	60.81	6
9V91	35	59.31	6
9V91	36	57.38	6
9V91	37	48.67	6
9V91	38	47.61	6
9V91	39	32.31	6
9V91	40	37.22	6
9V91	41	48.67	6
9V91	42	49.78	6
9V91	43	58.73	6
9V91	44	68.76	6
9V91	45	59.65	6
9V91	46	49.0	6
9V91	47	47.09	6
9V91	48	37.92	6
9V91	49	50.18	6
9V91	50	53.44	6
9V91	51	53.9	6
9V91	52	62.79	6
9V91	53	58.11	6
9V91	54	62.48	6
9V91	55	64.44	6
9V91	56	56.8	6
9V91	57	61.94	6
9V91	58	58.46	6
9V91	59	64.71	6
9V91	60	57.87	6
9V91	61	68.32	6
9V91	62	52.85	6
9V91	63	64.85	6
9V91	64	56.71	6
9V91	65	56.53	6
9V91	66	57.29	6
9V91	67	52.52	6
9V91	68	46.5	6
9V91	69	50.17	6
9V91	70	46.47	6
9V91	71	62.84	6
9V91	72	54.62	6
9V91	73	66.55	6
9V91	74	50.25	6
9V91	75	43.62	6
9V91	76	31.03	6
9V91	77	35.17	6
9V91	78	23.43	6
9V91	79	49.19	6
9V91	80	55.11	6
9V91	81	52.33	6
9V91	82	57.99	6
9V91	83	58.04	6
9V91	84	67.63	6
9V91	85	57.3	6
9V91	86	49.44	6
9V91	87	45.08	6
9V91	88	45.0	6
9V91	89	45.42	6
9V91	90	24.75	6
9V91	91	32.29	6
9V91	92	45.88	6
9V91	93	54.17	6
9V91	94	47.96	6
9V91	95	56.41	6
9WAO	12	50.91	12
9WAO	13	49.68	12
9WAO	14	46.18	12
9WAO	15	41.76	12
9WAO	16	38.73	12
9WAO	17	37.04	12
9WAO	18	35.52	12
9WAO	19	35.56	12
9WAO	20	36.96	12
9WAO	21	41.38	12
9WAO	22	45.8	12
9WAO	23	48.02	12
9WAO	24	41.41	12
9WAO	25	37.33	12
9WAO	26	34.28	12
9WAO	27	31.47	12
9WAO	28	30.5	12
9WAO	29	31.0	12
9WAO	30	31.17	12
9WAO	31	30.44	12
9WAO	32	31.84	12
9WAO	33	33.84	12
9WAO	34	36.75	12
9WAO	35	40.07	12
9WAO	36	42.06	12
9WAO	37	43.24	12
9WAO	38	44.37	12
9WAO	39	43.93	12
9WAO	40	41.94	12
9WAO	41	42.12	12
9WAO	42	41.66	12
9WAP	12	87.44	12
9WAP	13	86.83	12
9WAP	14	74.32	12
9WAP	15	56.65	12
9WAP	16	54.17	12
9WAP	17	49.58	12
9WAP	18	45.21	12
9WAP	19	35.96	12
9WAP	20	42.95	12
9WAP	21	54.78	12
9WAP	22	67.16	12
9WAP	23	74.55	12
9WAP	24	58.99	12
9WAP	25	46.31	12
9WAP	26	49.92	12
9WAP	27	45.12	12
9WAP	28	41.87	12
9WAP	29	44.77	12
9WAP	30	40.53	12
9WAP	31	32.05	12
9WAP	32	36.2	12
9WAP	33	46.36	12
9WAP	34	56.49	12
9WAP	35	60.15	12
9WAP	36	70.78	12
9WAP	37	74.54	12
9WAP	38	74.47	12
9WAP	39	71.8	12
9WAP	40	65.57	12
9WAP	41	65.75	12
9WAP	42	70.93	12
9X45	16	77.24	6
9X45	17	66.41	6
9X45	18	60.28	6
9X45	19	50.7	6
9X45	20	54.2	6
9X45	21	54.01	6
9X45	22	60.14	6
9X45	23	51.1	6
9X45	24	57.07	6
9X45	25	61.29	6
9X45	26	61.18	6
9X45	27	51.29	6
9X45	28	56.3	6
9X45	29	55.96	6
9X45	30	55.35	6
9X45	31	51.65	6
9X45	32	59.12	6
9X45	33	59.52	6
9X45	34	60.81	6
9X45	35	59.31	6
9X45	36	57.38	6
9X45	37	48.67	6
9X45	38	47.61	6
9X45	39	32.31	6
9X45	40	37.22	6
9X45	41	48.67	6
9X45	42	49.78	6
9X45	43	58.73	6
9X45	44	68.76	6
9X45	45	59.65	6
9X45	46	49.0	6
9X45	47	47.09	6
9X45	48	37.92	6
9X45	49	50.18	6
9X45	50	53.44	6
9X45	51	53.9	6
9X45	52	62.79	6
9X45	53	58.11	6
9X45	54	62.48	6
9X45	55	64.44	6
9X45	56	56.8	6
9X45	57	61.94	6
9X45	58	58.46	6
9X45	59	64.71	6
9X45	60	57.87	6
9X45	61	68.32	6
9X45	62	52.85	6
9X45	63	64.85	6
9X45	64	56.71	6
9X45	65	56.53	6
9X45	66	57.29	6
9X45	67	52.52	6
9X45	68	46.5	6
9X45	69	50.17	6
9X45	70	46.47	6
9X45	71	62.84	6
9X45	72	54.62	6
9X45	73	66.55	6
9X45	74	50.25	6
9X45	75	43.62	6
9X45	76	31.03	6
9X45	77	35.17	6
9X45	78	23.43	6
9X45	79	49.19	6
9X45	80	55.11	6
9X45	81	52.33	6
9X45	82	57.99	6
9X45	83	58.04	6
9X45	84	67.63	6
9X45	85	57.3	6
9X45	86	49.44	6
9X45	87	45.08	6
9X45	88	45.0	6
9X45	89	45.42	6
9X45	90	24.75	6
9X45	91	32.29	6
9X45	92	45.88	6
9X45	93	54.17	6
9X45	94	47.96	6
9X45	95	56.41	6
9XBK	4	78.79	5
9XBK	5	73.14	5
9XBK	6	75.99	5
9XBK	7	68.4	5
9XBK	8	67.03	5
9XBK	9	62.77	5
9XBK	10	47.85	5
9XBK	11	46.94	5
9XBK	12	31.2	5
9XBK	13	31.75	5
9XBK	14	25.68	5
9XBK	15	29.15	5
9XBK	16	27.37	5
9XBK	17	22.29	5
9XBK	18	24.93	5
9XBK	19	25.31	5
9XBK	20	30.28	5
9XBK	21	37.82	5
9XBK	22	33.72	5
9XBK	23	35.44	5
9XBK	24	46.92	5
9XBK	25	45.98	5
9XBK	26	50.19	5
9XBK	27	41.87	5
9XBK	28	35.61	5
9XBK	29	26.39	5
9XBK	30	27.97	5
9XBK	31	30.08	5
9XBK	32	21.12	5
9XBK	33	19.45	5
9XBK	34	23.01	5
9XBK	35	22.58	5
9XBK	36	26.9	5
9XBK	37	37.31	5
9XBK	38	44.98	5
9XBK	47	53.56	5
9XBK	48	50.86	5
9XBK	49	36.0	5
9XBK	50	36.65	5
9XBK	51	34.98	5
9XBK	52	49.23	5
9XBK	53	62.28	5
9XBK	54	68.91	5
9XBL	7	46.29	5
9XBL	8	46.28	5
9XBL	9	40.83	5
9XBL	10	36.44	5
9XBL	11	35.84	5
9XBL	12	30.3	5
9XBL	13	31.33	5
9XBL	14	29.92	5
9XBL	15	36.12	5
9XBL	16	38.5	5
9XBL	17	40.62	5
9XBL	18	42.46	5
9XBL	19	48.03	5
9XBL	20	42.96	5
9XBL	21	44.23	5
9XBL	22	39.64	5
9XBL	23	36.88	5
9XBL	24	38.77	5
9XBL	25	36.36	5
9XBL	26	37.11	5
9XBL	27	33.63	5
9XBL	28	28.99	5
9XBL	29	28.28	5
9XBL	30	26.59	5
9XBL	31	30.71	5
9XBL	32	30.05	5
9XBL	33	31.58	5
9XBL	34	28.34	5
9XBL	35	29.25	5
9XBL	36	29.27	5
9XBL	37	28.25	5
9XBL	38	30.41	5
9XBL	39	34.32	5
9XBL	40	29.29	5
9XBL	41	39.43	5
9XBL	42	44.21	5
9XBL	43	36.43	5
9XBL	44	36.34	5
9XBL	45	35.17	5
9XBL	46	26.53	5
9XBL	47	27.48	5
9XBL	48	31.52	5
9XBL	49	30.0	5
9XBL	50	32.5	5
9XBL	51	35.08	5
9XBL	52	30.17	5
9XBL	53	27.55	5
9XBL	54	23.21	5
9XBL	55	28.97	5
9XBL	56	36.37	5
9XBL	57	44.43	5
9XBL	58	50.14	5
9XBL	59	61.27	5
9XBL	60	62.87	5
9XBL	61	59.9	5
9XBL	62	59.71	5
9XBM	69	39.89	5
9XBM	70	26.35	5
9XBM	71	21.13	5
9XBM	72	16.48	5
9XBM	73	13.31	5
9XBM	74	16.22	5
9XBM	75	20.92	5
9XBM	76	26.66	5
9XBM	77	32.96	5
9XBM	78	29.47	5
9XBM	79	28.36	5
9XBM	80	21.78	5
9XBM	81	20.37	5
9XBM	82	19.09	5
9XBM	83	23.76	5
9XBM	84	23.66	5
9XBM	85	24.66	5
9XBM	86	26.45	5
9XBM	87	26.15	5
9XBM	88	26.05	5
9XBM	89	32.75	5
9XBM	90	35.75	5
9XBM	91	31.77	5
9XBM	92	31.41	5
9XBM	93	33.69	5
9XBM	94	40.52	5
9XBM	95	47.18	5
9XBM	96	56.86	5
9XBM	97	60.62	5
9XBM	98	66.81	5
9XBM	99	56.13	5
9XBM	100	51.46	5
9XBM	101	39.87	5
9XBM	102	37.42	5
9XBM	103	30.77	5
9XBM	104	26.57	5
9XBM	105	23.17	5
9XBM	106	15.13	5
9XBM	107	16.24	5
9XBM	108	11.76	5
9XBM	109	16.94	5
9XBM	110	7.75	5
9XBM	111	17.96	5
9XBM	112	18.39	5
9XBM	113	13.03	5
9XBM	114	4.02	5
9XBM	115	13.84	5
9XBM	116	11.86	5
9XBM	117	18.95	5
9XBM	118	12.63	5
9XBM	119	16.01	5
9XBM	120	21.15	5
9XBM	121	23.4	5
9XBM	122	22.61	5
9XBM	123	23.12	5
9XBM	124	29.56	5
9XBM	125	24.76	5
9XBM	126	28.62	5
9XBM	127	36.23	5
9XBM	128	37.04	5
9XBM	129	28.32	5
9XBM	130	26.77	5
9XBM	131	31.2	5
9XBM	132	33.23	5
9XBM	133	39.96	5
9XBN	4	87.43	5
9XBN	5	88.62	5
9XBN	6	90.93	5
9XBN	7	86.34	5
9XBN	8	84.0	5
9XBN	9	70.88	5
9XBN	10	60.6	5
9XBN	11	56.85	5
9XBN	12	58.37	5
9XBN	13	53.52	5
9XBN	14	50.7	5
9XBN	15	48.5	5
9XBN	16	59.36	5
9XBN	17	68.44	5
9XBN	18	69.4	5
9XBN	19	75.44	5
9XBN	20	68.12	5
9XBN	21	65.78	5
9XBN	22	58.57	5
9XBN	23	51.1	5
9XBN	24	48.01	5
9XBN	25	57.6	5
9XBN	26	64.22	5
9XBN	27	62.6	5
9XBN	28	69.77	5
9XBN	29	76.37	5
9XBN	30	82.03	5
9XBN	31	73.71	5
9XBN	32	77.29	5
9XBN	33	85.78	5
9XBN	34	88.46	5
9XBN	35	98.17	5
9XBN	47	82.86	5
9XBN	48	82.96	5
9XBN	49	80.68	5
9XBN	50	82.04	5
9XBN	51	79.65	5
9XBN	52	88.99	5
9XBN	53	91.49	5
9XBO	5	99.55	5
9XBO	6	81.6	5
9XBO	7	69.91	5
9XBO	8	64.26	5
9XBO	9	56.57	5
9XBO	10	50.08	5
9XBO	11	52.11	5
9XBO	12	46.05	5
9XBO	13	49.08	5
9XBO	14	46.73	5
9XBO	15	44.25	5
9XBO	16	41.45	5
9XBO	17	45.33	5
9XBO	18	39.81	5
9XBO	19	48.22	5
9XBO	20	44.02	5
9XBO	21	50.15	5
9XBO	22	46.28	5
9XBO	23	44.96	5
9XBO	24	61.04	5
9XBO	25	64.13	5
9XBO	26	62.75	5
9XBO	27	58.88	5
9XBO	28	57.28	5
9XBO	29	52.09	5
9XBO	30	50.96	5
9XBO	31	53.86	5
9XBO	32	61.38	5
9XBO	33	66.77	5
9XBO	34	73.57	5
9XBO	35	79.94	5
9XBO	36	81.23	5
9XBO	37	83.35	5
9XBO	38	85.42	5
9XBO	39	85.08	5
9XBO	40	81.7	5
9XBO	41	78.84	5
9XBO	42	72.76	5
9XBO	43	58.56	5
9XBO	44	51.34	5
9XBO	45	42.76	5
9XBO	46	39.29	5
9XBO	47	35.94	5
9XBO	48	37.26	5
9XBO	49	37.21	5
9XBO	50	34.0	5
9XBO	51	43.08	5
9XBO	52	51.94	5
9XBO	53	50.35	5
9XBO	54	46.69	5
9XBO	55	47.2	5
9XBO	56	43.55	5
9XBO	57	42.4	5
9XBO	58	52.96	5
9XBO	59	54.52	5
9XBO	60	57.89	5
9XBO	61	57.01	5
9XBO	62	60.79	5
9XBO	63	64.46	5
9XBO	64	75.02	5
9XBO	65	85.13	5
9XBO	102	79.15	5
9XBO	103	72.75	5
9XBO	104	68.28	5
9XBO	105	57.16	5
9XBO	106	54.33	5
9XBO	107	46.83	5
9XBO	108	45.8	5
9XBO	109	44.77	5
9XBO	110	45.32	5
9XBO	111	48.49	5
9XBO	112	53.55	5
9XBO	113	54.27	5
9XBO	114	52.21	5
9XBO	115	57.98	5
9XBO	116	59.44	5
9XBO	117	58.97	5
9XBO	118	65.04	5
9XBO	119	64.47	5
9XBO	120	65.91	5
9XBO	121	69.49	5
9XBO	122	71.01	5
9XBO	123	75.07	5
9XBO	124	75.12	5
9XBO	125	74.69	5
9XBO	126	72.45	5
9XBO	127	74.88	5
9XBO	128	82.53	5
9XBO	129	86.01	5
9XBO	130	94.93	5
9XBO	131	97.93	5
9XBO	132	96.49	5
9XBP	87	25.58	5
9XBP	88	15.99	5
9XBP	89	16.72	5
9XBP	90	11.12	5
9XBP	91	9.21	5
9XBP	92	9.97	5
9XBP	93	16.43	5
9XBP	94	16.76	5
9XBP	95	23.28	5
9XBP	96	32.59	5
9XBP	97	39.37	5
9XBP	98	35.08	5
9XBP	99	22.47	5
9XBP	100	14.75	5
9XBP	101	8.6	5
9XBP	102	17.07	5
9XBP	103	9.28	5
9XBP	104	11.95	5
9XBP	105	8.45	5
9XBP	106	11.48	5
9XBP	107	8.13	5
9XBP	108	14.47	5
9XBP	109	10.28	5
9XBP	110	9.27	5
9XBP	111	11.43	5
9XBP	112	7.09	5
9XBP	113	8.68	5
9XBP	114	8.09	5
9XBP	115	13.09	5
9XBP	116	10.85	5
9XBP	117	12.4	5
9XBP	118	13.87	5
9XBP	119	15.32	5
9XBP	120	22.8	5
9XBP	121	28.55	5
9XBP	122	40.04	5
9XBP	123	46.24	5
9XBP	124	46.07	5
9XBP	125	46.23	5
9XBP	126	41.85	5
9XBP	127	38.68	5
9XBP	128	42.39	5
9XBP	129	40.21	5
9XBP	217	73.16	5
9XBP	218	63.0	5
9XBP	219	52.63	5
9XBP	220	53.09	5
9XBP	221	58.81	5
9XBP	222	62.6	5
9XBP	223	62.5	5
9XBP	224	58.96	5
9XBP	225	59.3	5
9XBP	226	60.84	5
9XBP	227	65.96	5
9XBP	228	71.86	5
9XBP	229	73.07	5
9Y0S	42	48.26	10
9Y0S	43	47.15	10
9Y0S	44	46.01	10
9Y0S	45	41.05	10
9Y0S	46	47.75	10
9Y0S	47	41.24	10
9Y0S	48	38.01	10
9Y0S	49	38.22	10
9Y0S	50	35.95	10
9Y0S	51	35.2	10
9Y0S	52	30.69	10
9Y0S	53	34.94	10
9Y0S	54	33.42	10
9Y0S	55	38.33	10
9Y0S	56	40.87	10
9Y0S	57	50.68	10
9Y0S	58	48.57	10
9Y0S	59	53.37	10
9Y0S	60	47.15	10
9Y0S	61	44.62	10
9Y0S	62	36.57	10
9Y0S	63	32.3	10
9Y0S	64	33.17	10
9Y0S	65	39.33	10
9Y0S	66	40.51	10
9Y0S	67	48.82	10
9Y0S	68	47.73	10
9Y0S	69	46.94	10
9Y0S	70	36.95	10
9Y0S	71	33.51	10
9Y0S	72	38.96	10
9Y0S	73	44.0	10
9Y0S	74	46.15	10
9Y0S	75	53.19	10
9Y0S	76	49.65	10
9Y0S	77	47.53	10
9Y0S	78	44.17	10
9Y0S	79	43.54	10
9Y0S	80	49.79	10
9Y0S	81	57.63	10
9Y0S	82	66.61	10
9Y0S	83	72.82	10
9Y0S	84	72.43	10
9Y0S	85	71.42	10
9Y0S	86	64.84	10
9Y0S	87	54.89	10
9Y0S	88	47.7	10
9Y0S	89	46.86	10
9Y0S	90	48.4	10
9Y0S	91	58.58	10
9Y0S	92	62.36	10
9Y0S	93	60.75	10
9Y0S	94	60.53	10
9Y0S	95	62.85	10
9ZLD	11	76.83	5
9ZLD	12	72.54	5
9ZLD	13	65.42	5
9ZLD	14	54.87	5
9ZLD	15	57.74	5
9ZLD	16	52.05	5
9ZLD	17	53.71	5
9ZLD	18	62.97	5
9ZLD	19	60.06	5
9ZLD	20	60.88	5
9ZLD	21	69.21	5
9ZLD	22	66.17	5
9ZLD	23	63.0	5
9ZLD	24	46.71	5
9ZLD	25	48.1	5
9ZLD	26	39.23	5
9ZLD	27	32.23	5
9ZLD	28	38.65	5
9ZLD	29	34.85	5
9ZLD	30	49.46	5
9ZLD	31	39.23	5
9ZLD	32	40.1	5
9ZLD	33	43.97	5
9ZLD	34	56.84	5
9ZLD	35	63.75	5
9ZLD	58	63.35	5
9ZLD	59	81.19	5
9ZLD	60	67.33	5
9ZLD	61	66.37	5
9ZLD	62	70.85	5
9ZLD	63	69.8	5
9ZLD	64	49.91	5
9ZLD	65	47.08	5
9ZLD	66	48.6	5
9ZLD	67	47.03	5
9ZLD	68	52.5	5
9ZLD	69	31.79	5
9ZLD	70	42.96	5
9ZLD	71	41.04	5
9ZLD	72	49.87	5
9ZLD	73	42.91	5
9ZLD	74	38.96	5
9ZLD	75	41.45	5
9ZLD	76	46.66	5
9ZLD	77	39.83	5
9ZLD	78	46.12	5
9ZLD	79	44.17	5
9ZLD	80	47.12	5
9ZLD	81	47.93	5
9ZLD	82	55.73	5
9ZLD	83	56.83	5
9ZLD	84	66.75	5
9ZLD	85	62.99	5
9ZLD	86	59.62	5
9ZLD	87	55.86	5
9ZLD	88	70.11	5
9ZLD	89	78.72	5
9ZLD	90	81.84	5
9ZLD	91	74.18	5
9ZLD	92	73.41	5
9ZLD	93	59.03	5
9ZLD	94	54.91	5
9ZLD	95	49.92	5
9ZLD	96	50.46	5
9ZLD	97	52.65	5
9ZLD	98	56.89	5
9ZLD	99	64.1	5
9ZLD	100	60.84	5
9ZLD	101	66.81	5
9ZLD	102	54.68	5
9ZLD	103	49.07	5
9ZLD	104	50.42	5
9ZLD	105	52.98	5
9ZLD	106	47.68	5
9ZLD	107	45.97	5
9ZLD	108	46.1	5
9ZLD	109	36.48	5
9ZLD	110	41.98	5
9ZLD	111	38.53	5
9ZLD	112	38.68	5
9ZLD	113	27.63	5
9ZLD	114	40.15	5
9ZLD	115	38.5	5
9ZLD	116	39.0	5
9ZLD	117	41.03	5
9ZLD	118	42.63	5
9ZLD	119	37.41	5
9ZLD	120	44.75	5
9ZLD	122	50.26	5
9ZLD	123	60.57	5
9ZLD	124	30.0	5
