Scale	mean_F	mean_P	sd_F	sd_P	n_F	n_P	pooled_sd	cohen_d	eff_FmP	p_mw	fdr	neglog10_fdr
PALJ810111	1.0751779872131204	1.003377870260568	0.05530453458401375	0.04221118584749892	17	48	0.04589175024065964	1.5645539029570112	0.0718001169525524	1.774144959991249e-5	0.009704572931152133	2.0130235718392484
CHOP780202	1.0822557715712635	1.0148348623031636	0.06441685783901625	0.045543024564570725	17	48	0.05100238996059281	1.321916665477696	0.06742090926809996	2.625466079640507e-4	0.023935499092722624	1.6209575123660496
CHOP780208	1.1154421398079573	1.0116243907078342	0.11828956308908731	0.07294726671530172	17	48	0.08673806643786275	1.1969110376064913	0.10381774910012309	2.203357247720067e-4	0.023935499092722624	1.6209575123660496
MEEJ800102	2.768074718414444	1.5829503018898823	1.5416946126040685	0.6195088209104965	17	48	0.9433757510087764	1.2562591472775053	1.1851244165245616	2.4769897478910016e-4	0.023935499092722624	1.6209575123660496
NAKH900108	0.2586093844150065	0.08501006999840996	0.23516798060759234	0.11760413695793377	17	48	0.15608850348852038	1.1121851419977515	0.17359931441659657	1.1400065553737816e-4	0.023935499092722624	1.6209575123660496
WILM950101	0.9982280559091813	0.7054224686166447	0.4318788489069003	0.18463470215384126	17	48	0.2698188158800642	1.0851933596161438	0.2928055872925366	2.625466079640507e-4	0.023935499092722624	1.6209575123660496
HOPT810101	-0.42937478003470164	-0.17612097298771298	0.24418245807738376	0.21305422383068187	17	48	0.22137485170876317	-1.1440044119381945	-0.25325380704698863	3.9230077363598144e-4	0.026823565397360232	1.5714834960785398
NAGK730102	1.0750984148743072	1.0117624601065753	0.06620727531594767	0.0387218780405361	17	48	0.04724228219635058	1.3406624706336594	0.0633359547677319	3.9230077363598144e-4	0.026823565397360232	1.5714834960785398
BLAS910101	0.5640660430352483	0.5175191627745999	0.0951379626545777	0.03483611281137702	17	48	0.05660455763409497	0.822316827587247	0.04654688026064846	5.801699461887069e-4	0.03173529605652227	1.4984574458260225
RICJ880113	0.9037132412580376	0.9795852386003907	0.2005577356705938	0.08670576105996078	17	48	0.12579368775918223	-0.6031463000560203	-0.07587199734235306	5.801699461887069e-4	0.03173529605652227	1.4984574458260225
CORJ870102	0.04330146372772661	-0.09332178773243943	0.2579783617335479	0.11326110653466184	17	48	0.1627035984556374	0.8397063909893647	0.13662325146016605	8.492318975054675e-4	0.03231117178383314	1.490647291749461
GUYH850103	-0.3620323127384989	-0.19576751103797102	0.2042021425386202	0.11365742337235507	17	48	0.14222286920099095	-1.1690440688941566	-0.16626480170052788	9.4511654212309e-4	0.03231117178383314	1.490647291749461
LEVM760101	-0.4903991751062633	-0.2513085865131114	0.2576174417122501	0.19830276019067314	17	48	0.21492321335526765	-1.112446556426344	-0.2390905885931519	9.4511654212309e-4	0.03231117178383314	1.490647291749461
MEEJ800101	2.7095049000385383	1.560127071650213	2.0494090876405795	0.6395369857966552	17	48	1.1712467707773317	0.9813284929063305	1.1493778283883254	7.221976646345855e-4	0.03231117178383314	1.490647291749461
NAKH900104	0.20107362405041043	0.0427077185920771	0.20698267721444485	0.11731412963232478	17	48	0.14542284782633627	1.089002916841882	0.15836590545833334	9.4511654212309e-4	0.03231117178383314	1.490647291749461
SWER830101	0.04629858144651255	-0.08994906115835294	0.26085539682952713	0.11338376880986496	17	48	0.16392772910448666	0.831144574192338	0.1362476426048655	9.4511654212309e-4	0.03231117178383314	1.490647291749461
EISD860101	0.6561987239876709	0.47758019252895534	0.2653421250782722	0.1430662591400485	17	48	0.1820734613281242	0.9810245279888301	0.17861853145871553	0.0018562255465239443	0.0410734612122768	1.3864386981189578
FUKS010104	5.090420850854682	5.44625757485165	0.4439083732338007	0.36947513835493817	17	48	0.3897278774027575	-0.9130389295432283	-0.3558367239969682	0.0018562255465239443	0.0410734612122768	1.3864386981189578
GOLD730101	1.2371978280408928	1.0303997504776672	0.293654435304498	0.13859660281316247	17	48	0.19034432870489942	1.0864420230971805	0.20679807756322566	0.0019523034579875627	0.0410734612122768	1.3864386981189578
ISOY800107	0.8520609837779233	0.9567809487675601	0.09979803690320403	0.10575628922935057	17	48	0.10427533974395214	-1.0042639539394118	-0.10471996498963687	0.0019523034579875627	0.0410734612122768	1.3864386981189578
PUNT030102	-0.029564657652564975	0.008142390705285555	0.05653737473950434	0.03690695781516253	17	48	0.04275500565365214	-0.8819329522092951	-0.037707048357850534	0.0019523034579875627	0.0410734612122768	1.3864386981189578
RICJ880105	0.8666382321128069	0.9333815122799454	0.07940769682617144	0.08037752180746284	17	48	0.08013232900918897	-0.8329132697426637	-0.06674328016713849	0.0015934528059130379	0.0410734612122768	1.3864386981189578
ROBB790101	0.7078449952550265	0.4022730754301899	0.3770061523579148	0.20628916509599787	17	48	0.2604706834048544	1.1731528317522035	0.3055719198248366	0.0015137748427919168	0.0410734612122768	1.3864386981189578
ROSM880105	-0.09950561647386166	-0.3737679328176237	0.37295725712078986	0.23451424291178863	17	48	0.2763253651060938	0.9925339870209179	0.2742623163437621	0.0015137748427919168	0.0410734612122768	1.3864386981189578
ZASB820101	-0.13646614144339658	-0.14671687957866686	0.012310651079364047	0.010113670716773934	17	48	0.010714396073041236	0.9567257048731304	0.010250738135270276	0.0015137748427919168	0.0410734612122768	1.3864386981189578
ZIMJ680105	10.5565445706457	9.609245689668956	1.155995570916176	0.5995821498424736	17	48	0.7794753385726126	1.2153032098635121	0.947298880976744	0.0015137748427919168	0.0410734612122768	1.3864386981189578
FUKS010102	5.166669335827158	5.515298056560756	0.4268652646648197	0.3576193873399425	17	48	0.37641436342007983	-0.9261833623084327	-0.34862872073359785	0.0020529277796850548	0.041590796129174996	1.3810027663097875
PALJ810104	1.0709849916432301	1.0075220875160273	0.07834898647965666	0.05057577220647763	17	48	0.058883626073088176	1.0777682754868165	0.06346290412720279	0.002504826387170711	0.04567133445941263	1.3403562986646809
RADA880102	0.6908613462894025	0.5106453126660121	0.24737009727839995	0.11081309144014521	17	48	0.15716788508657312	1.146646679912513	0.18021603362339045	0.002504826387170711	0.04567133445941263	1.3403562986646809
YUTK870104	18.26509167444788	17.84717199300175	0.3890722174338536	0.5776343679194301	17	48	0.5360662688117934	0.7796045111595259	0.41791968144612923	0.002504826387170711	0.04567133445941263	1.3403562986646809
FINA910103	1.030894912774178	1.0646241600433584	0.03850403855003337	0.036728667358989456	17	48	0.037187585621630076	-0.9070028802720073	-0.03372924726918036	0.0026311977014091556	0.04642790782809059	1.3332208864218638
DIGM050101	1.0210427518980005	1.059707448411183	0.0643099349400269	0.045496842881183275	17	48	0.050937330182112335	-0.7590640572434316	-0.038664696513182495	0.0031971107823772524	0.05465061243626116	1.2624049668122033
BEGF750102	0.7582033789005066	0.7310210846554106	0.0354435833976467	0.028415022452634466	17	48	0.03035462262102625	0.8954910948643182	0.027182294245095995	0.003519823713475075	0.058343744583965636	1.2340057006862677
SUEM840102	21.940287214297705	18.29553202814616	5.896879221543878	3.833846697062748	17	48	4.449353147555708	0.8191651831803516	3.6447551861515457	0.0036920533901672126	0.05939862365945487	1.226223618049599
KOEP990102	0.2806475651900706	0.3641519455357193	0.35736389128223434	0.17379830816077113	17	48	0.2344537133354345	-0.35616574016969565	-0.08350438034564867	0.004255704974326206	0.06125975318306408	1.2128247573082456
NAKH900106	0.17639835690997888	0.024083473925369574	0.2278652521464161	0.13569522589477306	17	48	0.16408385891771832	0.928274627311083	0.1523148829846093	0.0040596932921474595	0.06125975318306408	1.2128247573082456
NOZY710101	0.7795749507351787	0.6495314003416259	0.227726152643649	0.11286752340157818	17	48	0.15058003556564614	0.8636174769454056	0.13004355039355275	0.004255704974326206	0.06125975318306408	1.2128247573082456
WOLS870101	-0.08340111791420746	0.37083823152494216	0.9088250275647434	0.395348990316716	17	48	0.57129129181372	-0.7951098781797338	-0.4542393494391496	0.0040596932921474595	0.06125975318306408	1.2128247573082456
YUTK870103	17.815751340041352	17.43740045567536	0.36142558443399747	0.5604814923882537	17	48	0.5172364278547174	0.7314853788145509	0.37835088436599307	0.004460261376163191	0.06255802494259655	1.2037169711066482
JACR890101	-0.4353133894621164	-0.5707518910177842	0.2408147148671626	0.21081173506399836	17	48	0.21882160050719568	0.6189448447582034	0.13543850155566783	0.0048963181056702176	0.06523927353295839	1.185490883658495
KIDA850101	-0.006077718866046821	0.08290943565512439	0.2532384503512403	0.11989492459419361	17	48	0.16435012336340996	-0.5414486627698075	-0.08898715452117122	0.005128498650671318	0.06523927353295839	1.185490883658495
ROBB760106	0.4012640054435445	-0.3408882090592301	1.0068593002258905	0.6015483188357479	17	48	0.7262393704628267	1.0219112935584953	0.7421522145027746	0.0048963181056702176	0.06523927353295839	1.185490883658495
WOEC730101	7.2591887838009415	7.519566834389638	0.4612813133371154	0.2737218015897019	17	48	0.3315642952761305	-0.7853018382810197	-0.2603780505886961	0.005128498650671318	0.06523927353295839	1.185490883658495
CEDJ970105	5.346576359844199	5.6989039803154835	0.4738293760705244	0.3291124230909297	17	48	0.3712491319551377	-0.9490328465302934	-0.35232762047128485	0.005622942805082365	0.06990340259954668	1.1555016841364092
BROC820102	3.04672752033482	1.7869504106514669	1.6654930352000634	0.8909023375098694	17	48	1.1386855456565066	1.1063432872128287	1.259777109683353	0.005885950020069621	0.07092913641638024	1.1491753277855292
CIDH920102	0.18989682926969687	0.02769817949423091	0.22854108203931037	0.14245486359306117	17	48	0.16853644806010373	0.9623950880798342	0.16219864977546594	0.006742806386931942	0.07092913641638024	1.1491753277855292
GRAR740102	8.218651922642122	8.507467484389672	0.7109286833997944	0.3116913555243882	17	48	0.44815023767359496	-0.6444614717752417	-0.2888155617475494	0.006742806386931942	0.07092913641638024	1.1491753277855292
QIAN880129	-0.027648127920056616	-0.0696990986426748	0.056625843876113115	0.03984034900775491	17	48	0.04470444197607599	0.9406441253672772	0.04205097072261819	0.006159994718473659	0.07092913641638024	1.1491753277855292
RADA880101	-0.7374127555752491	-1.4186871803173422	1.5282105964691581	0.8139011525802307	17	48	1.0427473714703699	0.6533456169555559	0.6812744247420931	0.006445476487153927	0.07092913641638024	1.1491753277855292
ROBB760105	0.3784546025525222	-0.1921240752951533	0.8034208038404234	0.5623265450099687	17	48	0.6323260604066437	0.9023488253524472	0.5705786778476756	0.006742806386931942	0.07092913641638024	1.1491753277855292
ROSM880101	1.6270003375156818	2.1718142327914762	1.338231434404183	0.6962200782561092	17	48	0.9035711040852691	-0.6029563061640147	-0.5448138952757944	0.006445476487153927	0.07092913641638024	1.1491753277855292
VINM940104	0.7946665040935519	0.7968801870950821	0.00410785687893325	0.0033286411485961907	17	48	0.0035428104020404803	-0.6248381229363198	-0.0022136830015302422	0.006742806386931942	0.07092913641638024	1.1491753277855292
Aggrescan	0.09001470438760377	-0.055506587750962885	0.3951149719234487	0.15731062410403002	17	48	0.24106065830985082	0.6036708484862708	0.14552129213856665	0.007374713372939426	0.07203514669639045	1.1424555550693194
KUHL950101	0.8513335490549836	0.8923142494242771	0.1020644905321756	0.05337290902858511	17	48	0.06907115405256405	-0.5933113603126802	-0.040980700369293466	0.007374713372939426	0.07203514669639045	1.1424555550693194
NAKH920101	5.462837164616717	5.785733338569778	0.4389445730547015	0.32957389871016834	17	48	0.36050776102525217	-0.8956705204758222	-0.3228961739530609	0.007374713372939426	0.07203514669639045	1.1424555550693194
WIMW960101	4.218845306616153	4.156035711050807	0.11939403034802083	0.07261650609188161	17	48	0.08691515007602978	0.7226541691569629	0.06280959556534604	0.007374713372939426	0.07203514669639045	1.1424555550693194
FAUJ830101	0.48178324302592357	0.34974277332979614	0.24949056096879668	0.11867080477779915	17	48	0.16221768422822014	0.8139708708352837	0.13204046969612743	0.0077101717118674305	0.07271489528261181	1.138376616975425
ZHOH040101	2.9271320277114925	2.738144818125582	0.2900875221965714	0.2176630747111038	17	48	0.2381523252339369	0.7935560125237845	0.18898720958591042	0.0077101717118674305	0.07271489528261181	1.138376616975425
MIYS990105	-0.05203345982771963	-0.026607039844503556	0.05130663975231371	0.02896501793048753	17	48	0.035978308482016975	-0.7067152697277292	-0.025426419983216077	0.008059241067979032	0.0747187265116022	1.1265705387278706
EISD840101	-0.03194507030326594	-0.10734755738490093	0.18713924482537933	0.0966349402723993	17	48	0.12594015965574215	0.5987167817457747	0.075402487081635	0.008800110778174339	0.08022767659435606	1.0956757848492469
EISD860103	-0.06556083130534941	-0.15609174965611636	0.3072617932225704	0.15342175127450852	17	48	0.20380717388903555	0.4441988798689551	0.09053091835076695	0.009192891816262885	0.08110502941122255	1.0909522138798915
FAUJ880108	0.030626314676086196	0.03839645791459002	0.010802845296451674	0.008895671254945954	17	48	0.009416696516227835	-0.8251453389321296	-0.007770143238503821	0.009192891816262885	0.08110502941122255	1.0909522138798915
CIDH920101	0.04064257828426843	-0.093199548425327	0.20040312857646816	0.16967183735006877	17	48	0.1779800080359459	0.7520065213311142	0.13384212670959544	0.010025694932089919	0.08179037793860368	1.087297785007931
COWR900101	0.1994954952468473	0.06275712553545422	0.43389198593237455	0.15604877730464128	17	48	0.25686459497391967	0.5323363841765604	0.13673836971139308	0.010025694932089919	0.08179037793860368	1.087297785007931
MEEJ810102	2.257349381590889	1.7053253289904196	1.3307590723405414	0.6819984815705814	17	48	0.8926102794746635	0.6184379289530002	0.5520240526004696	0.010466775970205225	0.08179037793860368	1.087297785007931
MIYS990102	-0.05801401413753204	-0.02986335582312732	0.052714314370177116	0.028632181108966624	17	48	0.03629497044170543	-0.7756076936229617	-0.028150658314404716	0.010466775970205225	0.08179037793860368	1.087297785007931
PARJ860101	1.0331368814693105	2.0596169378464175	1.83036948267123	0.9374854919453955	17	48	1.2274076070170359	-0.8362992460766621	-1.026480056377107	0.010466775970205225	0.08179037793860368	1.087297785007931
PARS000101	0.35024515311187937	0.35793755474484673	0.011803813219999376	0.008073389143490347	17	48	0.009165776476989825	-0.8392525883953977	-0.007692401632967361	0.010025694932089919	0.08179037793860368	1.087297785007931
SNEP660101	0.22843119482221713	0.22225701117291094	0.011601888288597435	0.0060291253016220995	17	48	0.0078296622899486	0.788563212647416	0.006174183649306192	0.010466775970205225	0.08179037793860368	1.087297785007931
VHEG790101	-4.822728765233233	-2.733839866702616	3.218800514746347	2.2573608658795603	17	48	2.5363005735560713	-0.8235967457129295	-2.088888898530617	0.009601245589933182	0.08179037793860368	1.087297785007931
MIYS990101	-0.3575242725406153	-0.18500613120601805	0.3252807307781201	0.17621089173276613	17	48	0.22368784741865372	-0.7712450333151656	-0.17251814133459725	0.010925038283440663	0.08299994362558392	1.0809222026011085
PLIV810101	-2.6664744475591986	-2.770707776921897	0.1971658364303266	0.11083535073760802	17	48	0.13797631477334948	0.7554436392501128	0.10423332936269825	0.010925038283440663	0.08299994362558392	1.0809222026011085
BASU050103	0.16993433118680576	0.14064521394178522	0.05069290412753484	0.028425893048695555	17	48	0.03543243157390395	0.8266188896443681	0.029289117245020535	0.011895373210240994	0.08582979760395552	1.0663619115877268
CIDH920105	0.07434560282882904	-0.09438406548548998	0.33354744455255847	0.17575991497518076	17	48	0.2264973144221657	0.744952180756659	0.16872966831431901	0.012941370954630318	0.08582979760395552	1.0663619115877268
CORJ870105	-0.09278678356546494	-0.658349575852422	0.8867516873081104	0.5845434979885907	17	48	0.6742513617764397	0.8388011123876374	0.565562792286957	0.012408613567319673	0.08582979760395552	1.0663619115877268
CORJ870106	-0.013277482108795232	-1.2030607807064748	1.8464805644921274	1.2483715288706787	17	48	1.4242688287535397	0.8353642757448592	1.1897832985976795	0.013494264339927195	0.08582979760395552	1.0663619115877268
FUKS010101	4.8519564117679765	5.2545953959338965	0.842196371635385	0.5971397763582648	17	48	0.667948571614365	-0.602799378989286	-0.4026389841659199	0.013494264339927195	0.08582979760395552	1.0663619115877268
GEIM800106	1.0308230412262633	0.9994155455666196	0.04117515529970063	0.028451006097408835	17	48	0.032163003190629216	0.9765100439623872	0.031407495659643736	0.013494264339927195	0.08582979760395552	1.0663619115877268
GUYH850101	-0.1070200208130604	0.020936990301053424	0.2599686157240554	0.17556824612240357	17	48	0.2003994710480401	-0.6385097248257695	-0.12795701111411384	0.012408613567319673	0.08582979760395552	1.0663619115877268
HARY940101	137.59428845143015	132.47847429337597	7.0435379019547275	7.993307330886818	17	48	7.763111833989534	0.6589901404814769	5.115814158054178	0.012941370954630318	0.08582979760395552	1.0663619115877268
LEVM760106	5.85327871233637	5.7111891598472475	0.21304469045217178	0.18054780684770758	17	48	0.1893301323623231	0.7504856766127648	0.14208955248912236	0.011895373210240994	0.08582979760395552	1.0663619115877268
MIYS990104	-0.05848050612212933	-0.027920164549590547	0.05898027636071967	0.03494446736103681	17	48	0.042361110225959016	-0.7214244718688065	-0.03056034157253878	0.013494264339927195	0.08582979760395552	1.0663619115877268
NADH010101	-1.1873442620266066	-10.472498402250265	37.71846389748088	17.80930438786305	17	48	24.452731360147904	0.3797184863919225	9.285154140223659	0.013494264339927195	0.08582979760395552	1.0663619115877268
PUNT030101	-0.021806591387696403	0.0026373801387656205	0.06740965936210119	0.037802338292842984	17	48	0.04711835545074946	-0.5187781129588048	-0.02444397152646202	0.013494264339927195	0.08582979760395552	1.0663619115877268
QIAN880125	-0.02346057444370849	0.040145443425395305	0.09248077005544564	0.05695360913601074	17	48	0.0677644876070609	-0.9386334954368667	-0.0636060178691038	0.011895373210240994	0.08582979760395552	1.0663619115877268
VINM940101	0.9931343757041827	1.0008342633050917	0.012700314924395944	0.009038906921784785	17	48	0.010095381930929063	-0.7627138481327765	-0.007699887600909006	0.013494264339927195	0.08582979760395552	1.0663619115877268
CASG920101	-0.03194615904163221	-0.14491712924232839	0.24309802157880994	0.15187947369833174	17	48	0.17949280272434545	0.6293899726675414	0.11297097020069617	0.014663006344060116	0.08911849411334315	1.0500321606329912
PRAM820103	0.5769408629307449	0.5896379569944072	0.020165853490094737	0.01851668610960015	17	48	0.0189491242761058	-0.6700623141552233	-0.012697094063662373	0.014663006344060116	0.08911849411334315	1.0500321606329912
ROSG850101	123.8523836001036	119.12816009388757	5.977249826290817	7.083535797393568	17	48	6.8195968544943435	0.6927423434279107	4.7242235062160205	0.014663006344060116	0.08911849411334315	1.0500321606329912
ZHOH040102	2.947885849388747	2.7406261135176586	0.2785235955724335	0.23415586655093543	17	48	0.24618253245901564	0.8418945641709698	0.2072597358710886	0.014663006344060116	0.08911849411334315	1.0500321606329912
GUOD860101	31.13173550758688	25.137256188375236	13.153258000497244	5.852138316499259	17	48	8.335965976140024	0.7191103390260466	5.994479319211642	0.015920078214225496	0.09071127899147235	1.0423387096409762
KARP850102	0.9880560556599919	0.9975259217914878	0.014196397897849398	0.011453288490578232	17	48	0.012208480543926597	-0.7756793400638978	-0.009469866131495919	0.015920078214225496	0.09071127899147235	1.0423387096409762
LIFS790103	1.0633437425236731	1.012486111917213	0.06693377503936376	0.05663729884519056	17	48	0.059421538772910974	0.8558787210277532	0.05085763060646009	0.015920078214225496	0.09071127899147235	1.0423387096409762
NAKH920102	5.388120009167473	5.754260398993902	0.4667586482228547	0.4182756910239097	17	48	0.43110566956806734	-0.8493054387182434	-0.3661403898264295	0.015280164575497248	0.09071127899147235	1.0423387096409762
RACS820111	1.1643505710198336	1.124164826235601	0.07458892660975815	0.04511297469931935	17	48	0.054141145697287764	0.7422403842156923	0.040185744784232647	0.015920078214225496	0.09071127899147235	1.0423387096409762
VENT840101	0.34943232275200575	0.27755738276307096	0.13616063279869878	0.06723904016445681	17	48	0.08989647020026531	0.7995301687465218	0.0718749399889348	0.015280164575497248	0.09071127899147235	1.0423387096409762
MIYS850101	2.6206090073909585	2.472338475857708	0.2939159404166509	0.1605982518357282	17	48	0.20293089799132352	0.7306454216725038	0.14827053153325043	0.01658343845649826	0.09351691583200565	1.0291098245496824
BAEK050101	0.038892315629168145	0.013343123224420191	0.042757339626262325	0.03524688879491914	17	48	0.037297851005704326	0.6850044095259126	0.025549192404747956	0.017270951185336444	0.09406072744836173	1.0265916668233255
BASU050101	0.14474185984226193	0.11303719420836704	0.054375695500108914	0.03278710745921134	17	48	0.039406751034783534	0.8045490887058877	0.03170466563389489	0.01798333702657778	0.09406072744836173	1.0265916668233255
BASU050102	0.12656342337658597	0.10015531161317909	0.04745012107069829	0.03004708047886518	17	48	0.0352895269690919	0.7483271676193407	0.026408111763406877	0.020277161481317908	0.09406072744836173	1.0265916668233255
BIGC670101	81.32056920078827	77.98417654780255	4.378806286216305	5.024635494938172	17	48	4.8687378488206985	0.6852684939267906	3.3363926529857224	0.022822208811566075	0.09406072744836173	1.0265916668233255
BIOV880101	21.038144227663704	7.230289585988983	27.392930744624493	16.749855538375748	17	48	19.99689361694618	0.6904999799555559	13.807854641674721	0.023730128679842633	0.09406072744836173	1.0265916668233255
BULH740101	-0.8967654395606193	-0.7624092666978645	0.31095660571904066	0.136758731827418	17	48	0.19624016928583385	-0.6846517374689897	-0.1343561728627548	0.018721331393591542	0.09406072744836173	1.0265916668233255
CHOP780209	1.051542324969147	1.0056713662774222	0.1081732249704642	0.05490320490287588	17	48	0.0722537586557561	0.6348591345990889	0.04587095869172475	0.019485684520196243	0.09406072744836173	1.0265916668233255
CIDH920104	0.060726536470457934	-0.09911136214345176	0.38151743007164424	0.18070182512590552	17	48	0.24764243368454017	0.6454382483476944	0.15983789861390968	0.01798333702657778	0.09406072744836173	1.0265916668233255
CRAJ730102	1.0596926472811927	0.976708603351591	0.14297575172360022	0.07083910304523233	17	48	0.09452701299869977	0.8778870853640868	0.08298404392960168	0.022822208811566075	0.09406072744836173	1.0265916668233255
ENGD860101	0.5103099557059685	0.8895696427529679	1.0369924487670548	0.7267242278531579	17	48	0.816765536077311	-0.46434340125132384	-0.3792596870469994	0.018721331393591542	0.09406072744836173	1.0265916668233255
FASG890101	-0.8677317737371345	-0.4482367185202067	0.7689698495771223	0.47302785864331914	17	48	0.5631196517870828	-0.7449483495836869	-0.4194950552169278	0.021096542200926157	0.09406072744836173	1.0265916668233255
FAUJ880101	2.1677681981554855	1.9916921299462742	0.29179969212549756	0.2430662463937602	17	48	0.2563222603213135	0.6869324107414262	0.1760760682092113	0.018721331393591542	0.09406072744836173	1.0265916668233255
FUKS010103	5.739055467231278	6.17459190011916	0.7510193568985153	0.5860269914620488	17	48	0.6320234577588181	-0.689114347800179	-0.4355364328878819	0.019485684520196243	0.09406072744836173	1.0265916668233255
GOLD730102	134.6408493938449	129.03227762982425	7.280585449323828	8.350882765663515	17	48	8.092482511128228	0.693059485307273	5.608571764020638	0.023730128679842633	0.09406072744836173	1.0265916668233255
HUTJ700101	40.85970735914576	39.40887316304721	2.3408163147619905	1.9957830973338466	17	48	2.0888167622594764	0.6945722680476664	1.4508341960985476	0.020277161481317908	0.09406072744836173	1.0265916668233255
KRIW790103	65.50017023231088	60.59105506878395	6.319979094815527	6.93174229956708	17	48	6.781603948966315	0.7238870332843896	4.909115163526927	0.017270951185336444	0.09406072744836173	1.0265916668233255
LAWE840101	0.18885275626277553	0.1232271270242353	0.1627006691443725	0.0744756755639352	17	48	0.10421555482287799	0.6297105009907189	0.06562562923854023	0.02194462144678611	0.09406072744836173	1.0265916668233255
MEIH800102	0.9628493713343566	0.9802362562365389	0.042588439225266374	0.02483851081621031	17	48	0.030346446304841648	-0.5729463254947357	-0.01738688490218232	0.019485684520196243	0.09406072744836173	1.0265916668233255
MIYS990103	-0.0555802760899479	-0.025647343750990193	0.05860763334396365	0.03470358808924499	17	48	0.04208110257425309	-0.7113153056325069	-0.029932932338957708	0.023730128679842633	0.09406072744836173	1.0265916668233255
NADH010102	-1.8898720716420714	-9.662035795458928	32.86499227057189	16.57984050203128	17	48	21.894989530308997	0.3549745348385728	7.772163723816857	0.017270951185336444	0.09406072744836173	1.0265916668233255
NADH010103	8.314880228819215	0.9584924986440028	29.567932386159136	15.562677857635043	17	48	20.06792366265695	0.3665744326038184	7.356387730175212	0.022822208811566075	0.09406072744836173	1.0265916668233255
OLSK800101	1.0952868555792807	1.0249014536168377	0.2787374029381604	0.13881267931554692	17	48	0.1846813538026162	0.3811180745278138	0.07038540196244303	0.020277161481317908	0.09406072744836173	1.0265916668233255
OOBM770104	-13.496353641735736	-13.141917192976953	0.5257773258693919	0.6487409465374173	17	48	0.6198273579520209	-0.5718309206774618	-0.3544364487587828	0.022822208811566075	0.09406072744836173	1.0265916668233255
PALJ810103	1.0521147952770133	1.0219546376800044	0.043623687684722065	0.02557226561906624	17	48	0.031163581251237003	0.9678014010604699	0.030160157597008963	0.021096542200926157	0.09406072744836173	1.0265916668233255
PONP800106	11.750863378875813	11.628050611479814	0.2734999443281846	0.2170201758832289	17	48	0.23266673760261364	0.5278484095382755	0.12281276739599889	0.02194462144678611	0.09406072744836173	1.0265916668233255
PRAM900101	2.1357342625179885	3.7230804367362134	4.346922720723424	3.0411601724006525	17	48	3.42033737398018	-0.46409052694444025	-1.5873461742182249	0.018721331393591542	0.09406072744836173	1.0265916668233255
QIAN880120	-0.03555600112944038	-0.1245692118451787	0.13552136103892579	0.08320515853087272	17	48	0.09914253438697958	0.8978306966442494	0.08901321071573833	0.019485684520196243	0.09406072744836173	1.0265916668233255
RACS770102	0.9737273393092685	0.9945620764900247	0.04992580839046737	0.03049158458096774	17	48	0.03642321948611142	-0.5720180004598647	-0.020834737180756235	0.02194462144678611	0.09406072744836173	1.0265916668233255
RADA880107	-0.6137024215639119	-0.6735269973284405	0.24023246274503063	0.1221589946669318	17	48	0.16059209480002273	0.3725250351770125	0.0598245757645286	0.021096542200926157	0.09406072744836173	1.0265916668233255
RADA880108	0.1256653450312619	0.0038054184791152775	0.24184442320552868	0.14534092034931262	17	48	0.17496697228402958	0.6964738828213101	0.12185992655214661	0.023730128679842633	0.09406072744836173	1.0265916668233255
TANGOFREQ	0.6453484976888496	-0.025105188017274196	1.3282092273622228	0.8249866250003743	17	48	0.9776435371705063	0.6857854220021229	0.6704536857061238	0.022822208811566075	0.09406072744836173	1.0265916668233255
TSAJ990101	134.0996213538277	129.34185016210677	6.5579733646582365	7.766865640720095	17	48	7.47838124708137	0.6362033486294613	4.757771191720934	0.022822208811566075	0.09406072744836173	1.0265916668233255
VASM830102	0.4002273063072837	0.43229431170189303	0.05366097249417759	0.03505963651012325	17	48	0.040599353106654724	-0.7898403038681214	-0.03206700539460933	0.018721331393591542	0.09406072744836173	1.0265916668233255
VINM940102	1.307759682727758	1.3161767437158702	0.014255093390060829	0.011005062871083129	17	48	0.011914749572323706	-0.706440444846939	-0.008417060988112235	0.019485684520196243	0.09406072744836173	1.0265916668233255
WOLR790101	0.2664852438989197	0.1722572234649941	0.3269864752065318	0.1865871142070952	17	48	0.23049345909977279	0.4088099540956495	0.09422802043392559	0.021096542200926157	0.09406072744836173	1.0265916668233255
WOLR810101	-3.26197678411252	-3.833001662856179	1.928901799673236	1.1404177432367384	17	48	1.3839015930453833	0.412619568915355	0.5710248787436591	0.022822208811566075	0.09406072744836173	1.0265916668233255
YUTK870101	9.77060877340809	9.052881212981926	1.3084703891063698	0.6743266835829816	17	48	0.8798014794810686	0.8157835343144682	0.7177275604261641	0.01798333702657778	0.09406072744836173	1.0265916668233255
YUTK870102	7.960514693149751	7.552515436294318	0.6546388016486946	0.3563804968359566	17	48	0.4512093647123841	0.9042349046002303	0.40799925685543315	0.023728600148607365	0.09406072744836173	1.0265916668233255
ZHOH040103	13.18290544178009	12.426966310533007	1.5946834839981747	0.9824077195985175	17	48	1.1686997130846606	0.6468206698296006	0.7559391312470822	0.02194462144678611	0.09406072744836173	1.0265916668233255
ZIMJ680101	1.2516622127449215	1.075724925757869	0.36626305645460067	0.19462084769351345	17	48	0.2496540437762561	0.7047243630659167	0.17593728698705258	0.022822208811566075	0.09406072744836173	1.0265916668233255
ZIMJ680102	14.84475780057773	13.965604279878033	1.3817399510813817	1.2213448386690355	17	48	1.264009718298072	0.6955275010728833	0.8791535206996972	0.023730128679842633	0.09406072744836173	1.0265916668233255
CHAM830104	0.6740613868384578	0.5735525021473178	0.1604938526659686	0.11041224617646883	17	48	0.12504621627314555	0.8037738980569615	0.10050888469114005	0.024192626238588033	0.0945240468036261	1.0244576934418892
FAUJ880112	0.049869968381612964	0.07600303113688518	0.03243878032919402	0.04462213902980314	17	48	0.041865193751179634	-0.6242193195280714	-0.02613306275527222	0.024056422371814275	0.0945240468036261	1.0244576934418892
ARGP820103	1.0643692123498585	0.9752611545869374	0.25093505556794804	0.1317381379266768	17	48	0.17011557565524496	0.5238089306031968	0.08910805776292108	0.026644347925943834	0.09588459418086367	1.0182511655061572
FINA910101	1.1468267868374362	1.2153408398454841	0.11038277701747856	0.08915050362954421	17	48	0.09499347491135954	-0.721250097145934	-0.06851405300804791	0.026136541401356576	0.09588459418086367	1.0182511655061572
KANM800104	1.0502128254734697	0.9860664091638826	0.15604600924118242	0.09261913069378375	17	48	0.1121780027112367	0.5718270495037235	0.06414641630958717	0.025640337124412327	0.09588459418086367	1.0182511655061572
KHAG800101	29.54835964677456	33.37540836402059	6.298170836782456	5.0995999511000925	17	48	5.429124163204565	-0.7049108847396667	-3.827048717246033	0.026644347925943834	0.09588459418086367	1.0182511655061572
KYTJ820101	-0.007742194921312888	-0.33923846895504517	1.2059201236019557	0.5704069750663232	17	48	0.7823449389519317	0.4237213759928213	0.3314962740337323	0.026644347925943834	0.09588459418086367	1.0182511655061572
LEVM760107	0.14323225581073626	0.1332823857225351	0.0170406203700257	0.017194919958357757	17	48	0.017155864230921834	0.5799690388239062	0.009949870088201168	0.026644347925943834	0.09588459418086367	1.0182511655061572
MAXF760106	0.9363277511729079	0.9872269250993725	0.06950062451909209	0.0958440678237192	17	48	0.08988806087852527	-0.5662506614226526	-0.05089917392646459	0.026644347925943834	0.09588459418086367	1.0182511655061572
NAKH900110	0.11200090607678986	0.06819308466486715	0.12142382835056001	0.08538028216078304	17	48	0.09582724111551381	0.45715415472636944	0.043807821411922715	0.025640337124412327	0.09588459418086367	1.0182511655061572
QIAN880111	0.04837962690845923	-0.012557230462948519	0.10257242854993948	0.05758499761320721	17	48	0.07173486801702213	0.8494733322287275	0.06093685737140775	0.025640337124412327	0.09588459418086367	1.0182511655061572
QIAN880138	0.0645790773956507	0.03126855981023935	0.06866601200874035	0.051712108041221914	17	48	0.056501863831050346	0.5895472348490159	0.033310517585411356	0.026644347925943834	0.09588459418086367	1.0182511655061572
ROSM880102	-0.3261562463605403	-0.11938962521587644	0.7761392166776052	0.33449171314105663	17	48	0.48626948123802965	-0.4252099486446103	-0.20676662114466388	0.025640337124412327	0.09588459418086367	1.0182511655061572
TSAJ990102	135.68157329718156	130.9773574841074	6.643723973782293	7.870305228279066	17	48	7.57762495562603	0.6208034629084556	4.704215813074171	0.025640337124412327	0.09588459418086367	1.0182511655061572
ARGP820101	0.8720225189570915	0.7576665189337666	0.266720907744966	0.1348807294656247	17	48	0.1778755944593216	0.64289876512248	0.11435600002332491	0.029862644591540824	0.09723134875936208	1.0121936898247437
AURR980107	0.9508804079193549	0.9660556296516385	0.14023866957158468	0.06881221615563203	17	48	0.09234346191885795	-0.1643345551157485	-0.015175221732283584	0.02768213550952476	0.09723134875936208	1.0121936898247437
CHOC760103	0.2994572340486625	0.2804654942942945	0.07262332884819082	0.036932150818226525	17	48	0.048549369930148925	0.3911840623615217	0.018991739754367964	0.028754597199171138	0.09723134875936208	1.0121936898247437
CORJ870104	0.04577578064030691	-0.06633618072242022	0.24784096444660592	0.14489367826821556	17	48	0.17681165050960163	0.6340756451263315	0.11211196136272712	0.029862644591540824	0.09723134875936208	1.0121936898247437
COSI940101	0.04014921216296072	0.04589086415178809	0.009352329497321581	0.008419351715492521	17	48	0.008665819361469818	-0.6625630825350516	-0.0057416519888273745	0.029862644591540824	0.09723134875936208	1.0121936898247437
GRAR740103	75.20974488945863	69.95757355012216	7.518295153278817	8.488893316640413	17	48	8.253212698201237	0.6363790115915909	5.252171339336471	0.02768213550952476	0.09723134875936208	1.0121936898247437
GUYH850105	0.07124565805701379	0.1313506634327724	0.24553062400470643	0.12856926301707985	17	48	0.16626032373463315	-0.36151141791165864	-0.06010500537575862	0.028754597199171138	0.09723134875936208	1.0121936898247437
JOND750101	1.238782971986164	1.0765301650296955	0.37846751973910625	0.19158335853634326	17	48	0.25250803003288574	0.6425649391638649	0.1622528069564686	0.029862644591540824	0.09723134875936208	1.0121936898247437
JURD980101	-0.09432804341377733	-0.4164095564384363	1.2068880272642704	0.5577007275080417	17	48	0.7758627981149558	0.4151268933208185	0.322081513024659	0.028754597199171138	0.09723134875936208	1.0121936898247437
KRIW790101	4.8332527449375045	4.998611312452507	0.44324654520772894	0.2402404177269999	17	48	0.3048837024691218	-0.5423660437597505	-0.16535856751500244	0.028754597199171138	0.09723134875936208	1.0121936898247437
KRIW790102	0.2654890040890663	0.2743259610811263	0.028514222327681	0.01815588944922546	17	48	0.02126995090284185	-0.4154667320308343	-0.008836956992059997	0.028754597199171138	0.09723134875936208	1.0121936898247437
PONP800104	13.027430647521479	12.872544998207669	0.46342482238313465	0.30158440465759917	17	48	0.34985255972143486	0.4427169246300084	0.15488564931381	0.028754597199171138	0.09723134875936208	1.0121936898247437
PTIO830102	1.655143214592558	1.4678133293394713	0.34897863807577534	0.20087381853654082	17	48	0.24704736108766132	0.7582751923693501	0.1873298852530867	0.02768213550952476	0.09723134875936208	1.0121936898247437
RADA880104	-1.1178995309080044	-1.5733968196672263	1.451715343993412	0.6712110958794946	17	48	0.9334547777763222	0.48796931528306964	0.4554972887592219	0.029862644591540824	0.09723134875936208	1.0121936898247437
VASM830103	0.2783146038882654	0.25163575873448163	0.042775516589829025	0.027906621184270255	17	48	0.032337150950565566	0.8250215114673597	0.02667884515378377	0.029862644591540824	0.09723134875936208	1.0121936898247437
VELV850101	0.04014135790633867	0.04588615334448515	0.009347301012798223	0.008420165153569902	17	48	0.008665031069665766	-0.6629861326473082	-0.005744795438146474	0.029862644591540824	0.09723134875936208	1.0121936898247437
CHOP780204	0.9120119555190876	0.9501311549407042	0.07051173776401329	0.064139038497846	17	48	0.06581598286048082	-0.5791784573425436	-0.03811919942161657	0.0310072034117683	0.09861011782696082	1.0060785222699196
NAKH900107	6.158203460859741	5.767584535009382	1.0692196781200647	0.398753295918585	17	48	0.639504874183067	0.610814618652209	0.39061892585035896	0.0310072034117683	0.09861011782696082	1.0060785222699196
PRAM820102	0.12096677642787208	0.1260698507757827	0.008404984682508426	0.008475710718795857	17	48	0.008457804579373257	-0.6033568522446006	-0.005103074347910616	0.0310072034117683	0.09861011782696082	1.0060785222699196
SIMZ760101	1.190521558241507	1.0154965475550104	0.36516918433920637	0.18600930359013915	17	48	0.24429201882542595	0.7164581615397414	0.17502501068649656	0.0310072034117683	0.09861011782696082	1.0060785222699196
CORJ870101	50.24008850271571	49.7062966342884	1.29367658043575	0.7488026291787512	17	48	0.9183382011550395	0.5812584816312022	0.5337918684273077	0.032189213351718614	0.09947739945418126	1.002275576613414
MEEJ810101	2.539798811426658	1.9300051020717013	1.6160965995150876	0.8688411407077812	17	48	1.1074630174726634	0.5506221875892203	0.6097937093549568	0.032189213351718614	0.09947739945418126	1.002275576613414
MEIH800101	0.9338161190365951	0.9477119814458655	0.027287196910844937	0.017837436067336045	17	48	0.020651162287312466	-0.6728852456797401	-0.013895862409270432	0.032189213351718614	0.09947739945418126	1.002275576613414
RACS770101	0.9365648621644443	0.9528622844787067	0.033234519587077974	0.02247404258962367	17	48	0.025638331428011734	-0.6356662624485863	-0.016297422314262344	0.032189213351718614	0.09947739945418126	1.002275576613414
ROSG850102	0.7353122530883837	0.7229685098652919	0.030628847154900243	0.019114445504107885	17	48	0.022601459327198963	0.5461480625827142	0.01234374322309173	0.032189213351718614	0.09947739945418126	1.002275576613414
ARGP820102	1.0140868367048501	0.9305558149659852	0.23799446362952775	0.13123336818741108	17	48	0.1650254954331419	0.5061704042737235	0.08353102173886495	0.03466941409518143	0.10087324207480979	0.9962240206848628
AURR980118	1.0114934766265486	0.9832597228333014	0.04942877427619059	0.026754639091557335	17	48	0.03397813562398516	0.8309388750958135	0.028233753793247218	0.03340962789026189	0.10087324207480979	0.9962240206848628
DESM900102	0.9773506317495483	0.9441834609367437	0.1367241354420867	0.08034845843465857	17	48	0.09779488915468847	0.33915034926152404	0.033167170812804625	0.03340962789026189	0.10087324207480979	0.9962240206848628
GUYH850104	0.03184215717692665	0.07879746366342023	0.18266041071996852	0.11483640251417136	17	48	0.13532119224233324	-0.34699152223257096	-0.046955306486493584	0.03466941409518143	0.10087324207480979	0.9962240206848628
JANJ790102	-0.03370329574581164	-0.08445559912410094	0.18270981714816112	0.11455689384944262	17	48	0.13516129618556205	0.37549435238185197	0.0507523033782893	0.03466941409518143	0.10087324207480979	0.9962240206848628
KANM800102	1.045709206097393	1.005582105855857	0.07206005307493396	0.04386502267315412	17	48	0.052480837024221724	0.7646048065699855	0.040127100241535985	0.03340962789026189	0.10087324207480979	0.9962240206848628
NADH010104	11.932639526075722	4.676305721992447	28.39042833369551	15.426125040690026	17	48	19.550761533809347	0.3711535119250888	7.256333804083274	0.03466941409518143	0.10087324207480979	0.9962240206848628
NISK860101	0.4044177800304982	-0.11354604114882423	0.9913869336686242	0.6124702451106209	17	48	0.7276424149028676	0.711838412070117	0.5179638211793225	0.03466941409518143	0.10087324207480979	0.9962240206848628
OOBM850103	0.09421762070575046	-0.11325058586734753	0.4771109262590491	0.24085607099221898	17	48	0.3179474045848509	0.6525236676927514	0.207468206573098	0.03340962789026189	0.10087324207480979	0.9962240206848628
PALJ810110	1.0422345106586801	1.0225114017485093	0.032508987488056466	0.039325342427843475	17	48	0.03771110494147425	0.5230053306785918	0.019723108910170817	0.03466941409518143	0.10087324207480979	0.9962240206848628
VINM940103	1.0004570919193494	1.0032858906697653	0.007782834898540064	0.006033738696424605	17	48	0.006522540197778776	-0.4336958707252118	-0.002828798750415862	0.03466941409518143	0.10087324207480979	0.9962240206848628
CORJ870108	-0.05869533938845063	0.7412147241139081	1.4904823864077485	0.9589360145473093	17	48	1.1181322512208576	-0.7153984357655001	-0.7999100635023587	0.03596955240634187	0.10301227835742933	0.9871110072844235
RACS820101	1.2408199567345815	1.3053369143789526	0.15059538020283364	0.0765351455677055	17	48	0.10064648460945978	-0.6410254455952175	-0.06451695764437115	0.03596955240634187	0.10301227835742933	0.9871110072844235
TAKK010101	9.576220671668093	8.616388067943973	1.9744335337612287	1.2747538079718546	17	48	1.4840371588744778	0.6467712738756997	0.95983260372412	0.03596955240634187	0.10301227835742933	0.9871110072844235
LEVM780105	1.0434315544897714	1.014692303169985	0.04869989897378096	0.028717883607200345	17	48	0.034894074174702826	0.8236140949290895	0.028739251319786385	0.037311036399754464	0.10574682337132482	0.9757326699389807
RACS820112	1.1683189752977254	1.2113407816036903	0.08761123817882423	0.06012213912532238	17	48	0.06816194892218486	-0.6311704255269972	-0.04302180630596486	0.037311036399754464	0.10574682337132482	0.9757326699389807
AVBF000109	-0.3170645342480603	-0.32641330966499843	0.017376255300046564	0.013809227307199703	17	48	0.014796825934128259	0.6318095149971027	0.009348775416938127	0.04012207986603495	0.11254757788062111	0.9486638469486652
CIDH920103	0.10505543324448317	-0.05917320741243311	0.38152334001049326	0.17688714180116566	17	48	0.24558148705786276	0.6687337983999645	0.16422864065691628	0.04012207986603495	0.11254757788062111	0.9486638469486652
MANP780101	12.976980006413447	12.720334837729922	0.5390087545364415	0.31577773325572966	17	48	0.38493699979319995	0.6667199277320768	0.2566451686835247	0.04159368977399114	0.11490781972915733	0.9396504156140165
OOBM770103	-0.5483587411239557	-0.5333141905167595	0.039085705563183346	0.019395111563226354	17	48	0.025857695007636135	-0.5818210247569728	-0.015044550607196117	0.04159368977399114	0.11490781972915733	0.9396504156140165
QIAN880121	-0.03985876576567004	-0.11748354108833324	0.1340686080312176	0.07973218691564897	17	48	0.09647597638111167	0.8046021220455956	0.07762477532266321	0.04159368977399114	0.11490781972915733	0.9396504156140165
BROC820101	3.1369862278307434	2.0382296521543783	1.9592701464472668	1.098897959864058	17	48	1.3696016002765252	0.8022453941748637	1.098756575676365	0.04311074562346177	0.11559596988251758	0.9370573068176872
CHAM830103	1.017263125095844	0.9522985412811859	0.1283654429030953	0.13333394426820178	17	48	0.13208980852572047	0.4918213186902168	0.06496458381465808	0.04232167510607538	0.11559596988251758	0.9370573068176872
JANJ780102	40.226405983064566	38.49620007491449	6.947112140146819	4.000891725550412	17	48	4.919241778561549	0.3517220714156503	1.7302059081500758	0.04311074562346177	0.11559596988251758	0.9370573068176872
MAXF760102	1.02311221760417	1.010088690153457	0.038335892518887305	0.023204371857431988	17	48	0.027837700121808667	0.467837766544162	0.013023527450713113	0.04311074562346177	0.11559596988251758	0.9370573068176872
NADH010105	17.540056243586513	10.81495425786532	29.371323409078308	16.538466671747777	17	48	20.570542805949714	0.32692875677427724	6.725101985721192	0.04311074562346177	0.11559596988251758	0.9370573068176872
PONJ960101	141.35805549751217	136.9798321242008	7.303608244590486	8.19178637552212	17	48	7.9755929304288555	0.548952712544713	4.378223373311357	0.04311074562346177	0.11559596988251758	0.9370573068176872
CHOP780203	1.0068660049715255	1.0646565828209362	0.12578615825851905	0.09189355770757689	17	48	0.10157822392825007	-0.5689268389869785	-0.057790577849410774	0.044674302440203616	0.11862545356694844	0.9258221140272743
CHOP780211	0.9833243439379862	1.0479624092802537	0.11889282620166572	0.09593547791359375	17	48	0.10225536150909928	-0.6321239726536559	-0.06463806534226757	0.044674302440203616	0.11862545356694844	0.9258221140272743
BULH740102	0.693059003562831	0.6785219425484027	0.02832374489691905	0.016773906046635093	17	48	0.02033835099317317	0.7147610452444184	0.01453706101442831	0.04628542655106861	0.12113936996858626	0.9167146893806413
CHOC750101	141.21252633664994	136.47249266578493	7.338990651048609	8.45480461908461	17	48	8.185844764779132	0.5790524749821482	4.740033670865017	0.04628542655106861	0.12113936996858626	0.9167146893806413
TANS770106	0.9526908017849407	1.0107939120044396	0.10585454900652447	0.05819032945306764	17	48	0.07329331673263724	-0.7927477266644938	-0.05810311021949888	0.04628542655106861	0.12113936996858626	0.9167146893806413
JANJ780101	43.04326326508895	44.25965787126923	6.505609307449829	4.145413434293563	17	48	4.85477429684161	-0.25055636612635834	-1.2163946061802804	0.04794519520556753	0.12198149663928111	0.9137060424146702
LEVM780102	1.0302585941926805	1.0023563555711037	0.06758446174947305	0.037342533806658876	17	48	0.04690794744001605	0.5948296641471479	0.027902238621576814	0.04794519520556753	0.12198149663928111	0.9137060424146702
MUNV940103	0.9141579313984954	0.9380258818280263	0.05392482440485659	0.03708021183216762	17	48	0.042003111400413566	-0.5682424380898559	-0.023867950429530826	0.04794519520556753	0.12198149663928111	0.9137060424146702
NAKH900103	6.048483284951457	5.674756176169295	1.125406619388785	0.4891979155973251	17	48	0.707246248990368	0.5284257206251401	0.37372710878216253	0.04794519520556753	0.12198149663928111	0.9137060424146702
PRAM900103	1.0302585941926805	1.0023563555711037	0.06758446174947305	0.037342533806658876	17	48	0.04690794744001605	0.5948296641471479	0.027902238621576814	0.04794519520556753	0.12198149663928111	0.9137060424146702
RACS820105	1.1665137545799567	1.1355527316102654	0.06336203205365594	0.04948576436532342	17	48	0.05335289445028295	0.5803063411778417	0.030961022969691276	0.04794519520556753	0.12198149663928111	0.9137060424146702
BIOV880102	3.6696850568352346	-6.079364014532602	28.248552689512113	17.199192061204243	17	48	20.575399635482892	0.47382064232450233	9.749049071367835	0.05141502733624021	0.12960377858490044	0.8873823364696727
GUYH850102	-0.025080818994847986	0.022131396236683865	0.1321748186730118	0.08087483820800001	17	48	0.096521868354694	-0.48913490835091006	-0.04721221523153185	0.05141502733624021	0.12960377858490044	0.8873823364696727
FAUJ880109	0.7235587196240973	0.7843528298460734	0.3176607555316536	0.18221426655058623	17	48	0.2244934162998202	-0.27080576002631174	-0.060794110221976005	0.05322729621814881	0.13115013978075404	0.8822312421992258
FAUJ880110	1.1555655282728128	1.2849493758953727	0.4776464656918255	0.28717322789813765	17	48	0.3456384956976795	-0.3743328628988376	-0.12938384762255994	0.05322209291432017	0.13115013978075404	0.8822312421992258
MEIH800103	86.41051491874123	85.3787638672805	4.776621643939339	2.5166917900075196	17	48	3.2434145608839042	0.3181064375500476	1.0317510514607307	0.05322729621814881	0.13115013978075404	0.8822312421992258
PONP800107	4.013800731861806	3.7141343273392513	0.6842610759833235	0.38353972125155805	17	48	0.4781784095762456	0.6266832598906215	0.29966640452255433	0.05322729621814881	0.13115013978075404	0.8822312421992258
RACS770103	1.6091261829549044	1.6374632912507676	0.41402353521166574	0.23016468819881974	17	48	0.28819387315311656	-0.09832654659111299	-0.028337108295863223	0.05322729621814881	0.13115013978075404	0.8822312421992258
PONP930101	0.659008854638951	0.4506402005318141	0.42680796165241874	0.23086951517360896	17	48	0.29330560017149815	0.7104148505357623	0.2083686541071369	0.05509261954689029	0.13513750175851566	0.8692241139926614
PARS000102	0.3531612737481027	0.3565638417353132	0.015139091603053314	0.009909255541907575	17	48	0.011465725838068984	-0.2967599291370769	-0.003402567987210503	0.05701212275360447	0.1392215676170609	0.8562934804473294
GRAR740101	0.543560408301163	0.6410553002555487	0.16378440268910566	0.12729923482369912	17	48	0.13748562769344988	-0.7091278818740886	-0.09749489195438565	0.058986939466192635	0.1408989340087658	0.8510922925958391
LIFS790101	1.064461277627006	1.000882586296365	0.10722881306183148	0.0649360832733353	17	48	0.07788401576355351	0.8163252845572077	0.06357869133064087	0.058986939466192635	0.1408989340087658	0.8510922925958391
PONP800101	12.561515152029207	12.359620689651075	0.4495688005873987	0.28155983900794423	17	48	0.3323739293557238	0.6074317043141301	0.20189446237813158	0.058986939466192635	0.1408989340087658	0.8510922925958391
PONP800108	6.20918912681925	6.100114801689234	0.27542067739512427	0.14945257331565087	17	48	0.18954834208157786	0.5754433087210674	0.10907432513001591	0.058986939466192635	0.1408989340087658	0.8510922925958391
QIAN880124	-0.05035592445893915	3.705564071122282e-4	0.10895093910966498	0.05862749027777371	17	48	0.0746922253333647	-0.6791400395375832	-0.050726480866051374	0.058986939466192635	0.1408989340087658	0.8510922925958391
AVBF000101	0.284067296486757	0.27132246796825304	0.03147966657078054	0.026407810446514392	17	48	0.027783749901106235	0.45871520453027476	0.012744828518503948	0.061018210977861816	0.144489010410781	0.8401651833534819
CORJ870107	-0.007601157782498678	-0.37700888743348066	0.740896381383857	0.4583264188829746	17	48	0.544172666935918	0.6788428601734301	0.36940772965098195	0.061018210977861816	0.144489010410781	0.8401651833534819
CHOP780214	0.08505255703315026	0.09268188970372818	0.020896326820067822	0.013810739654794414	17	48	0.015912020261387792	-0.4794697684675089	-0.007629332670577915	0.06310708569342716	0.1456522188789226	0.8366828949049585
CORJ870103	0.15059265441354944	-0.31067839436100875	1.3323488878732384	0.7365047378409627	17	48	0.9249375843446213	0.4987050548944866	0.46127104877455816	0.06310708569342716	0.1456522188789226	0.8366828949049585
LEVM780106	0.9773889618143715	1.031498148636028	0.11367253839975976	0.09061386480846663	17	48	0.09699076564371377	-0.5578797781679683	-0.05410918682165644	0.06310708569342716	0.1456522188789226	0.8366828949049585
OOBM770101	-1.7724824916128823	-1.7615446398129637	0.061877383797922736	0.037659477467098676	17	48	0.04506046615492886	-0.24273720920488426	-0.010937851799918574	0.06310708569342716	0.1456522188789226	0.8366828949049585
PONP800102	7.882422985938188	7.711252698863038	0.43653403220911813	0.2662931814705143	17	48	0.3182755651851996	0.5378053039527211	0.17117028707515036	0.06310708569342716	0.1456522188789226	0.8366828949049585
PONP800103	2.681646965015192	2.6544436599995804	0.0884869740686531	0.05093709158844819	17	48	0.06264345015144851	0.4342561744259627	0.027203305015611523	0.06310708569342716	0.1456522188789226	0.8366828949049585
chargecounter	0.10227467295253496	0.14372377535416267	0.06607016290066216	0.08105341808506732	17	48	0.07752297378128795	-0.5346686327922118	-0.041449102401627705	0.06410947227914647	0.14734403922980302	0.8316674287449484
FODM020101	1.0357999190254605	0.9932436082591987	0.07346757519797155	0.06182729539486649	17	48	0.06498139332125157	0.6548999427555245	0.04255631076626187	0.06525471855335936	0.14872637936953156	0.8276119945005055
NAKH920103	5.510540049931416	5.7069085580195384	0.41229581544804006	0.3191373797460974	17	48	0.34518669407033525	-0.5688762384569501	-0.19636850808812234	0.06525471855335936	0.14872637936953156	0.8276119945005055
RICJ880114	1.049292403747408	1.0505984008857474	0.3290092288784292	0.1113310490479816	17	48	0.19167182103440733	-0.006813714876246214	-0.0013059971383393432	0.0663479649729253	0.15059060929539478	0.8222021095320596
CHOP780216	0.9700871167233397	1.0450359399444002	0.16196946368618453	0.1193943049682559	17	48	0.1315192494471986	-0.5698696087157225	-0.07494882322106056	0.06746227043559372	0.15248703276144532	0.8167670864128931
GEIM800107	1.0306185641982493	1.0014534386139982	0.06051550986602334	0.0372377559238861	17	48	0.04432323602576391	0.6580098431282906	0.029165125584251106	0.06973090753514934	0.15632297713822413	0.8059771824994674
SUEM840101	0.9169291300448769	0.8922399067300851	0.049123170945033136	0.03483796658431186	17	48	0.0389652916003281	0.6336209046767108	0.02468922331479173	0.06973090753514934	0.15632297713822413	0.8059771824994674
WERD780101	0.5494820230511124	0.5312977319088354	0.04982642559824738	0.03234944571219624	17	48	0.03756637194860954	0.4840576877413895	0.01818429114227693	0.07206180072163662	0.16088899997851117	0.7934736477091777
CHAM810101	0.6369562252182096	0.5959927190740159	0.07830487285363102	0.06038084935323903	17	48	0.06540002151922426	0.6263530988617882	0.04096350614419375	0.07445612487476506	0.16356425825902204	0.7863115914759641
LIFS790102	1.0741515590470034	0.9751297793916539	0.30240984418688077	0.14567104817513943	17	48	0.197627594820309	0.5010523947598722	0.09902177965534953	0.07445612487476506	0.16356425825902204	0.7863115914759641
NAKH920108	6.548392405865339	5.885628554040875	2.0631411071385246	0.9402344901608811	17	48	1.319299608452577	0.5023603793848073	0.6627638518244643	0.07445612487476506	0.16356425825902204	0.7863115914759641
WEBA780101	0.814944303125836	0.8288545582405404	0.023394559039456593	0.019272639088266996	17	48	0.020398534533987617	-0.6819242378185291	-0.01391025511470445	0.07445612487476506	0.16356425825902204	0.7863115914759641
NAKH900112	6.405683334972251	5.700255259216537	1.997426508412797	0.8650182441959247	17	48	1.2535882526683964	0.5627270950043878	0.7054280757557132	0.07691505819799466	0.16695451124723443	0.777401841459503
QIAN880119	0.02943410307086381	-0.028015557646635235	0.13376934396577103	0.0818345672573897	17	48	0.09767633048858994	0.5881635850786802	0.057449660717499046	0.07691505819799466	0.16695451124723443	0.777401841459503
ROBB760110	-0.7099871842395173	-0.08087021303492219	1.6563486788881634	1.0861502263736749	17	48	1.2557348061119087	-0.5009950892039935	-0.6291169712045952	0.07691505819799466	0.16695451124723443	0.777401841459503
JANJ780103	30.45499720005059	31.384949442404185	6.15044207777976	4.091795380783839	17	48	4.70082415541699	-0.1978274897353826	-0.9299522423535933	0.07943978151050943	0.1690800018920181	0.7719077559832304
JANJ790101	1.4168640478173102	1.3114624496435716	0.3940055836966995	0.2259383925135921	17	48	0.27840560192928443	0.3785900766483529	0.10540159817373862	0.07943978151050943	0.1690800018920181	0.7719077559832304
NAKH900105	6.001836386148224	5.634361712098417	1.184324824028403	0.5539688702763941	17	48	0.7649612040688349	0.48038341303481263	0.3674746740498067	0.07943978151050943	0.1690800018920181	0.7719077559832304
OOBM850101	1.65339722930191	1.5037840612284246	0.43520637022884257	0.23544883316629103	17	48	0.2990984481938624	0.5002137890615624	0.14961316807348535	0.07943978151050943	0.1690800018920181	0.7719077559832304
WILM950102	1.1099960668127293	0.7771001033667844	0.9399035176537701	0.551840626425135	17	48	0.6719731378998045	0.49540070081727267	0.33289596344594496	0.07943978151050943	0.1690800018920181	0.7719077559832304
AVBF000108	-0.4744429227703773	-0.48864713654648007	0.04435487758718491	0.03062104761196184	17	48	0.03462890911393326	0.4101836915904337	0.014204213776102759	0.08203147751772435	0.17061299696652174	0.7679878881987274
CHOC760102	41.15468325158773	42.20528700899661	7.584563441053918	4.5312135297145835	17	48	5.470568810418172	-0.19204653004420907	-1.0506037574088865	0.08203147751772435	0.17061299696652174	0.7679878881987274
CHOP780215	0.08849500965853355	0.09160540756169946	0.01056248188865425	0.00821573253671254	17	48	0.008870742574422961	-0.35063557273481677	-0.003110397903165918	0.08203147751772435	0.17061299696652174	0.7679878881987274
OOBM850105	5.082116732251857	5.362259312905776	0.7376054025646677	0.42624397818408494	17	48	0.5231791149534132	-0.5354620867823915	-0.2801425806539193	0.08203147751772435	0.17061299696652174	0.7679878881987274
QIAN880130	-0.08788626533154856	-0.053931708698599194	0.06332846997596969	0.0495069300016712	17	48	0.05335742302785136	-0.6363605044273944	-0.03395455663294936	0.08203147751772435	0.17061299696652174	0.7679878881987274
RADA880105	-3.4426981087425603	-3.749234380826286	1.9011244961720937	0.957066961769465	17	48	1.265408626872742	0.24224291313809182	0.3065362720837257	0.08203147751772435	0.17061299696652174	0.7679878881987274
CHOP780101	1.0002478050664125	1.0513730252498685	0.1350984162681116	0.10303198503738405	17	48	0.11204860343260246	-0.45627717452282174	-0.051125220183456	0.08469133006057258	0.1748156888420121	0.7574195941743747
PALJ810106	1.0024687123661689	1.054662435115762	0.12224698001260423	0.0969452502172784	17	48	0.10395612004100246	-0.5020745553893982	-0.05219372274959322	0.08469133006057258	0.1748156888420121	0.7574195941743747
TANS770110	0.9896246309260788	1.0305724619493268	0.1053470386942476	0.06842538959675527	17	48	0.07944485681009714	-0.5154245682779524	-0.04094783102324806	0.09022024114396998	0.18552808987124655	0.7315903267361712
GEIM800111	0.9756739669459544	1.0227847817626248	0.10106200495182546	0.06940532752314056	17	48	0.07866143419665066	-0.5989061259536034	-0.04711081481667034	0.09309166599637697	0.1865243271062938	0.7292645180696367
KARP850101	1.0545556304424262	1.0621082615131916	0.022881417065767528	0.01831305659918572	17	48	0.0195745404475788	-0.38583950877373574	-0.007552631070765425	0.09309166599637697	0.1865243271062938	0.7292645180696367
KRIW710101	4.926860536932419	5.077073104761313	0.481943711126429	0.3655409739240618	17	48	0.39833911972534725	-0.3770972028367806	-0.15021256782889392	0.09309166599637697	0.1865243271062938	0.7292645180696367
NISK800101	0.07784940082161687	-0.019659488039157517	0.23504896086507912	0.14998687644706324	17	48	0.17553922322323015	0.5554820573449504	0.09750888886077438	0.09309166599637697	0.1865243271062938	0.7292645180696367
PALJ810114	0.9393169833676686	0.9974193418655941	0.1275879456310259	0.07937369387956057	17	48	0.0939915190440902	-0.6181659695346609	-0.058102358497925555	0.09309166599637697	0.1865243271062938	0.7292645180696367
QIAN880136	-0.06809941963350356	-0.02749491812472247	0.0876036720709746	0.0650546703731997	17	48	0.07145868272537524	-0.5682234818801423	-0.040604501508781095	0.09309166599637697	0.1865243271062938	0.7292645180696367
RICJ880106	0.8918811658149143	0.9319416195772114	0.11246499873860116	0.10166581853045799	17	48	0.10451423021219264	-0.3833014287237578	-0.040060453762297166	0.09309166599637697	0.1865243271062938	0.7292645180696367
CHOP780213	0.08098761714941546	0.08720036530784517	0.011288984945632753	0.010205892265895987	17	48	0.010491561260462315	-0.5921662185629688	-0.006212748158429704	0.09603597836318584	0.18896287829015343	0.723623504489183
NADH010106	14.500891102474814	10.48654914840393	26.09391859987279	17.44552565161464	17	48	19.999428790899504	0.20072283043891542	4.0143419540708845	0.09603597836318584	0.18896287829015343	0.723623504489183
PRAM900104	0.9813502485292667	1.0335684751281589	0.12018473680780381	0.09852384719836824	17	48	0.10445144032554117	-0.49992825791721934	-0.05221822659889219	0.09603597836318584	0.18896287829015343	0.723623504489183
QIAN880133	-0.004853448452698096	0.09859970754563127	0.24451974794119394	0.18224664339096477	17	48	0.19990827056798677	-0.5175031313331582	-0.10345315599832937	0.09603597836318584	0.18896287829015343	0.723623504489183
RICJ880110	1.0116239787733625	0.9477073662882117	0.14037818261166493	0.10958196830388182	17	48	0.11816603277345272	0.5409051229441829	0.06391661248515079	0.09603597836318584	0.18896287829015343	0.723623504489183
ISOY800103	0.9801687259499718	1.032048805289622	0.14783370640054871	0.0990477695145514	17	48	0.11344312093584924	-0.4573223912711965	-0.05188007933965011	0.09905435578129869	0.19350975932989423	0.7132971272019712
QIAN880126	0.016595068071493933	0.05852275351394499	0.08720715291395102	0.06715961421874737	17	48	0.07277611330434057	-0.5761187776972196	-0.041927685442451054	0.09905435578129869	0.19350975932989423	0.7132971272019712
HOPA770101	1.8120072027028007	1.9521176078737443	0.2451795908062461	0.30625275838275734	17	48	0.2919549283753667	-0.479904230254348	-0.14011040517094364	0.10214797199156932	0.19884320526472746	0.7014892448412025
LEVM780103	0.9814806774211222	1.0330262060552458	0.12126409316209659	0.09882067725599498	17	48	0.10497614381701326	-0.491021357423587	-0.05154552863412354	0.10531799604948378	0.2028483937995339	0.6928284267901257
MONM990101	0.964822413284447	0.9788533733532225	0.18113971446913116	0.09036198467875065	17	48	0.12010273958099664	-0.11682464627972265	-0.014030960068775578	0.1053141920373007	0.2028483937995339	0.6928284267901257
QIAN880114	0.016631213319268204	0.05106411972116571	0.093538595489444	0.05397472126047474	17	48	0.06629841348027136	-0.5193624491805345	-0.0344329064018975	0.10531799604948378	0.2028483937995339	0.6928284267901257
DESM900101	0.9976178271938974	0.9774912264651886	0.14162280346863973	0.10149368364300045	17	48	0.11304288994371327	0.1780439330481578	0.020126600728708754	0.10856559141790122	0.20764118358598588	0.68268650424224675
GEIM800110	0.9396628079134378	0.9840646323850711	0.07659137279805545	0.051511045030713104	17	48	0.058901186950175564	-0.7538358184393256	-0.04440182447163332	0.10856559141790122	0.20764118358598588	0.68268650424224675
TANS770103	1.0356874948431007	1.0125690535796834	0.0424960353023081	0.0387103411755192	17	48	0.03970599539254762	0.5822405668176854	0.023118441263417333	0.1118919150424336	0.2132574129902829	0.6710958634907144
CHAM820101	0.1479087582802407	0.13972137716459207	0.014258301301992163	0.01716177277949996	17	48	0.01647293567202671	0.4970201595306362	0.008187381115648623	0.11529811641007982	0.2182286147969331	0.6610883040060455
DAWD720101	4.6329658453467575	4.410756263588299	0.41470555642295837	0.39659289987421575	17	48	0.4012703993388299	0.553765197045662	0.22220958175845862	0.11529811641007982	0.2182286147969331	0.6610883040060455
RICJ880112	1.0182138746640539	0.9369417530399999	0.17665164123094665	0.13624484264822664	17	48	0.1475588515125177	0.5507776781331174	0.08127212162405395	0.11702752728870837	0.22073812905835682	0.656122642781311
FUKS010107	6.200281843471082	6.043113332419039	1.0104023970007843	0.5537305244093557	17	48	0.6985884891737724	0.22498010414962272	0.15716851105204288	0.11878533659176753	0.2225191065606056	0.6526326924692011
QIAN880135	-0.04774664894843027	0.018656728620801682	0.13916548995283567	0.10494279085930937	17	48	0.11460650672046062	-0.5794032072820958	-0.06640337756923195	0.11878533659176753	0.2225191065606056	0.6526326924692011
FAUJ880105	1.5339910114660469	1.510437765824971	0.06078872454481458	0.053289799010397904	17	48	0.05529072231960485	0.42598911088423974	0.02355324564107586	0.12235470726949423	0.2253468851057688	0.6471484406581282
ISOY800102	1.0145060062364994	1.00100902019839	0.04785286200063413	0.03902232305190164	17	48	0.041443632048743934	0.3256709262893478	0.013496986038109338	0.12235470726949423	0.2253468851057688	0.6471484406581282
QIAN880139	0.05447433737912011	0.031196037331563294	0.05936293459057408	0.04193879784787001	17	48	0.0469802183975152	0.4954915247645595	0.023278300047556814	0.12235470726949423	0.2253468851057688	0.6471484406581282
RICJ880101	1.0710800497664001	1.0937778060284913	0.12974280452817333	0.10527232521525118	17	48	0.11199471789358245	-0.20266809621913223	-0.02269775626209114	0.12235470726949423	0.2253468851057688	0.6471484406581282
RICJ880102	1.0710800497664001	1.0937778060284913	0.12974280452817333	0.10527232521525118	17	48	0.11199471789358245	-0.20266809621913223	-0.02269775626209114	0.12235470726949423	0.2253468851057688	0.6471484406581282
NAKH920105	7.030264307018043	6.1373740404503225	2.5322914011307094	1.1935192691720042	17	48	1.6405135829611293	0.5442748391976445	0.8928902665677203	0.12600734974879535	0.22975340104197017	0.6387380510285632
QIAN880103	-0.010940199346694929	0.006725777556786431	0.08107328816153829	0.06402064639001613	17	48	0.0687533292204439	-0.25694722137511206	-0.01766597690348136	0.12600734974879535	0.22975340104197017	0.6387380510285632
RICJ880111	1.0038059906068564	0.9395462192034669	0.1944089226777915	0.1620742740842417	17	48	0.17086691063769094	0.3760808407172934	0.06425977140338945	0.12600734974879535	0.22975340104197017	0.6387380510285632
FASG760102	268.80575678243235	265.3155774775566	16.370368614857938	8.122711822946336	17	48	10.829714064463865	0.32227806607824333	3.4901793048757668	0.1297443739573055	0.23422499192952512	0.6303667673421862
NAKH900111	6.541901586709744	6.072449166990993	1.792695443279442	0.9191994215942567	17	48	1.2027198498209597	0.3903256604508813	0.46945241971875085	0.1297443739573055	0.23422499192952512	0.6303667673421862
SNEP660102	0.04693846490923119	0.042053645441261334	0.07550515382167221	0.04999659196844491	17	48	0.057556105802689037	0.08487056933135383	0.004884819467969856	0.1297443739573055	0.23422499192952512	0.6303667673421862
GEIM800105	1.0431534381067626	1.0259157660999205	0.04006469965916916	0.0320564485258531	17	48	0.0342680445963301	0.5030246753177207	0.01723767200684212	0.13356687743021542	0.23954453099779616	0.6206137399992896
ISOY800105	1.039461193243781	1.091677533823087	0.24099480910570015	0.1646793578423357	17	48	0.18703461357457452	-0.27918009175604497	-0.05221634057930613	0.13356687743021542	0.23954453099779616	0.6206137399992896
FAUJ880103	3.215779937862696	3.058982884173871	0.3005482820263728	0.371160170025961	17	48	0.354561707806954	0.4422278273044514	0.15679705368882502	0.13747594428346332	0.2449489951891024	0.6109243377333629
YANJ020101	0.646865685772501	0.6170156831475543	0.054554126226194	0.07436729570576203	17	48	0.06986968510956369	0.4272239466678362	0.029850002624946748	0.13747594428346332	0.2449489951891024	0.6109243377333629
FAUJ880102	0.6256531637411678	0.5933784879300655	0.07626047661953302	0.06577944847132504	17	48	0.0685931818125665	0.47052308929616365	0.032274675811102216	0.141472644175535	0.24963076246457305	0.602701896772494
PTIO830101	0.9140934756851387	0.8864839767387276	0.06189964352358022	0.0424493242032009	17	48	0.04813942627031953	0.5735319484568466	0.02760949894641107	0.141472644175535	0.24963076246457305	0.602701896772494
SNEP660104	-0.009885518530680967	0.028866128436603616	0.08473940897809439	0.06293505707779924	17	48	0.0691273135534583	-0.5605837255243071	-0.038751646967284586	0.141472644175535	0.24963076246457305	0.602701896772494
CHOC760104	0.10454331380061795	0.10040773950948575	0.029163517298578995	0.01676931187055455	17	48	0.02063478086635334	0.2004176500791232	0.004135574291132191	0.1455580312587846	0.2543777734778121	0.5945208382973658
QIAN880115	0.04312065421896695	0.07802314075325292	0.07914078615349816	0.052753629054108256	17	48	0.060554403888934766	-0.5763822991025064	-0.03490248653428597	0.1455580312587846	0.2543777734778121	0.5945208382973658
ROSM880104	0.22288028748555896	0.08480534536105168	0.47056777447899156	0.2359263279112596	17	48	0.3126695704893399	0.44160019124475297	0.13807494212450727	0.1455580312587846	0.2543777734778121	0.5945208382973658
CHAM830101	1.0065822428265612	1.0485318644839223	0.10077403236882009	0.07894187902563021	17	48	0.08501932945583256	-0.4934127559680877	-0.04194962165736116	0.14972869304004288	0.25918996609907263	0.5863818151168448
COHE430101	0.7368297329704039	0.7210810062659089	0.0409384557387706	0.020643828352578525	17	48	0.02726856264155348	0.5775415049011843	0.01574872670449501	0.1497331431212193	0.25918996609907263	0.5863818151168448
MCMT640101	15.07714300914073	14.462757763933928	1.27701289984641	2.0002956602371675	17	48	1.843684111010264	0.3332378044252628	0.6143852452068028	0.1497331431212193	0.25918996609907263	0.5863818151168448
AURR980114	1.006696346965803	0.9282967239746251	0.17699235058380883	0.11431580734445226	17	48	0.13306052767933924	0.5892027061557433	0.07839962299117786	0.15399899971972783	0.26406725030310696	0.5782854567808808
AURR980116	1.008440599946957	1.0040633225124005	0.1311344336735812	0.05241146320835107	17	48	0.08010380412992206	0.05464506314153215	0.004377277434556515	0.15399899971972783	0.26406725030310696	0.5782854567808808
JOND750102	2.1891641300993476	2.1615998587643857	0.05762811515252854	0.046711966774376765	17	48	0.049711926162141304	0.5544800506232218	0.027564271334961976	0.15399899971972783	0.26406725030310696	0.5782854567808808
QIAN880132	0.03558463108591253	0.09689034901764489	0.177464796496347	0.1420166127396434	17	48	0.15180552637261507	-0.40384378221682177	-0.061305717931732354	0.15835660230576581	0.26984754349300283	0.568881531099933
ROBB760113	-0.17261265255233185	0.274711924231901	1.507140717042641	1.160452579439169	17	48	1.2575873168236835	-0.3557006108443035	-0.4473245767842329	0.15835660230576581	0.26984754349300283	0.568881531099933
BEGF750103	0.692818759141527	0.7198961183753199	0.07834579057698154	0.05511123920020821	17	48	0.06184462028530275	-0.43782885413281003	-0.02707735923379284	0.1628069323445417	0.27571328790236627	0.5595423027240806
ZIMJ680103	7.410816033679765	9.229846644917945	3.289004371134506	4.102506661848289	17	48	3.911962035326018	-0.46499188765429417	-1.8190306112381798	0.1628069323445417	0.27571328790236627	0.5595423027240806
CHOC760101	157.3082635219415	153.57463794329706	8.11053130491945	9.0616763326169	17	48	8.8298272042211	0.42284242854260945	3.7336255786444497	0.16735095042878012	0.2790883228187278	0.5542583342081898
KARP850103	0.9090949637113008	0.9123965013775082	0.011434201177594907	0.008075514841131275	17	48	0.009047415208122068	-0.3649150160858615	-0.0033015376662073326	0.16735095042878012	0.2790883228187278	0.5542583342081898
OOBM770105	-9.214096215408064	-9.042951213099583	0.40182131388872705	0.3967945101294241	17	48	0.39807717219352023	-0.4299292053483577	-0.1711450023084815	0.16735095042878012	0.2790883228187278	0.5542583342081898
PALJ810112	1.0179228307167605	1.0012900159692946	0.09157196442821931	0.05346792397072477	17	48	0.0652870684968684	0.25476430678249457	0.016632814747465918	0.16735095042878012	0.2790883228187278	0.5542583342081898
WILM950104	1.045538123679232	0.7974516158611549	0.8011498957819602	0.4172493431944226	17	48	0.541192366187017	0.45840725649176506	0.24808650781807717	0.16735095042878012	0.2790883228187278	0.5542583342081898
NAKH920106	5.463989425180253	5.633794565949334	0.421872021892871	0.2502177717183855	17	48	0.3031641576908726	-0.5601095527335568	-0.16980514076908015	0.1719895951881703	0.284224497184076	0.546338493145466
ROBB760108	-0.17545570899401808	0.2609902804887161	1.4828033510366183	1.0911200158490417	17	48	1.2027403117820268	-0.3628763293350323	-0.43644598948273416	0.1719895951881703	0.284224497184076	0.546338493145466
WARP780101	7.453727825768633	7.3853752982289045	0.5222542105228424	0.3306919694896818	17	48	0.38839880430591656	0.17598542215359514	0.06835252753972831	0.1719895951881703	0.284224497184076	0.546338493145466
FASG760105	2.204283627798061	2.1870579026816044	0.047245240446938966	0.028606478857072955	17	48	0.03431306467148815	0.5020165141579411	0.01722572511645648	0.176723782195634	0.290294020603639	0.5371619095544399
LEWP710101	0.3424677840068865	0.3600531314250983	0.053451492694491023	0.0464203445089862	17	48	0.048303088600179366	-0.3640625874625029	-0.017585347418211827	0.176723782195634	0.290294020603639	0.5371619095544399
BURA740102	0.34576997938607307	0.3436269788966059	0.017238198445975315	0.012000329905219395	17	48	0.01352414648822795	0.15845735561446062	0.002143000489467195	0.1815544028715784	0.29556624515105173	0.529345165614469
QIAN880134	-0.0388843893414055	0.03166767259921584	0.16458759531192876	0.13861602682612198	17	48	0.1456513645914334	-0.48438998246619175	-0.07055206194062133	0.1815544028715784	0.29556624515105173	0.529345165614469
SNEP660103	-0.025318207731902253	-0.03979227492973975	0.03138797349415606	0.022603026078691864	17	48	0.025126798162954458	0.5760410500362618	0.0144740671978375	0.1815544028715784	0.29556624515105173	0.529345165614469
NAKH900113	1.2649175928059722	1.242648411286689	0.207707650344334	0.1794884615119107	17	48	0.18705896513407338	0.11904899347284399	0.022269181519283254	0.19150838356893762	0.3108459519650115	0.5074547839197764
GEIM800108	1.0093932367610905	1.0453077054436928	0.11248554009769252	0.08032077572274232	17	48	0.08959033902123048	-0.4008743473343876	-0.035914468682602285	0.19663339580266812	0.3182203180593475	0.4972720945217786
PALJ810105	1.0184559361416683	1.0599825160288954	0.1509629152788553	0.11298448380328831	17	48	0.12373903843744903	-0.33559804902006785	-0.04152657988722708	0.20185814394332385	0.32380177342228195	0.4897207769989452
QIAN880116	-0.04126781142792071	-0.01899519097565929	0.054705718101813156	0.05038839750841259	17	48	0.05151914543981166	-0.43231735041649477	-0.022272620452261416	0.20185814394332385	0.32380177342228195	0.4897207769989452
TANS770104	0.9613741533538233	1.0084770837301733	0.09211312543201489	0.10217176561176132	17	48	0.09971336072743285	-0.4723833399328123	-0.04710293037635005	0.20185814394332385	0.32380177342228195	0.4897207769989452
EISD860102	1.3241554888405997	1.4397520496985028	0.2501747769723764	0.36012082267648216	17	48	0.3356275342492979	-0.34441918216411904	-0.11559656085790304	0.20718338222680163	0.3284907538494507	0.4834768501793161
OOBM850104	-1.9752057266855345	-1.3705031470818811	2.417713672053464	1.0222677358846566	17	48	1.5047116615663794	-0.40187272754579983	-0.6047025796036534	0.20718338222680163	0.3284907538494507	0.4834768501793161
QIAN880127	0.0203256435952132	0.004674504591700311	0.046043737838907015	0.024517589114728268	17	48	0.031414455518698016	0.4982145558498464	0.01565113900351289	0.20718338222680163	0.3284907538494507	0.4834768501793161
WOLS870103	-0.2541629297288827	-0.14282962623830367	0.32498114995350547	0.22454053156268283	17	48	0.25384256869610433	-0.43859193539703434	-0.11133330349057904	0.20718338222680163	0.3284907538494507	0.4834768501793161
AURR980109	1.0132742796151923	0.9507280262715857	0.14581817552124052	0.10670561537877106	17	48	0.11787491336195152	0.5306154766922251	0.06254625334360664	0.2126098341881172	0.3341884462669544	0.47600856883294385
FINA770101	0.937360013268116	0.9175499634481361	0.05341961255044685	0.04524301139145965	17	48	0.04745326754262319	0.4174643990993086	0.019810049819979914	0.2126098341881172	0.3341884462669544	0.47600856883294385
NAGK730103	0.9896006414593213	1.0266548740424142	0.10781292415988364	0.07871307910836693	17	48	0.08703021009171603	-0.4257628764085901	-0.03705423258309293	0.2126098341881172	0.3341884462669544	0.47600856883294385
BHAR880101	0.4428373226172855	0.44835311113122095	0.013956054859547058	0.01590386736555979	17	48	0.01543249218288094	-0.35741398398724367	-0.005515788513935471	0.21813819158624653	0.34091883085050534	0.4673490095995106
HUTJ700102	43.62265207036534	42.82117498438456	2.577111925029731	2.498786509714041	17	48	2.51890941688315	0.31818416359430285	0.8014770859807783	0.21813819158624653	0.34091883085050534	0.4673490095995106
AVBF000102	0.22624795584712934	0.21143199902343024	0.04153892307899221	0.03759836354996639	17	48	0.03863723229963074	0.3834632022501441	0.0148159568236991	0.22376911333711622	0.34674703964703274	0.45998723802813485
CHOP780210	1.0094081767712708	1.049675059077023	0.15533088117848132	0.11445318952466912	17	48	0.1260965209925228	-0.31933380864758254	-0.04026688230575215	0.22376911333711622	0.34674703964703274	0.45998723802813485
ROBB760102	-1.445405413619029	-1.1862319379522441	0.7965142746706243	0.5993617987641876	17	48	0.6550776572103874	-0.39563778861037807	-0.25917347566678495	0.22376911333711622	0.34674703964703274	0.45998723802813485
PALJ810115	0.9925892643854483	1.0266650631492515	0.1243678130117734	0.10360826296857994	17	48	0.10925485263390337	-0.31189277128024856	-0.03407579876380329	0.2295032244561009	0.3526355724086719	0.45267388000732184
QIAN880137	-0.05046542014288257	-0.045857394769996944	0.05071799237353185	0.044275143246870166	17	48	0.0459969955116769	-0.10018100794683042	-0.004608025372885627	0.2295032244561009	0.3526355724086719	0.45267388000732184
VASM830101	0.15809547066680874	0.14902707596142323	0.026274098384408	0.020499073048251108	17	48	0.022109114596423642	0.4101654394994364	0.009068394705385507	0.2295032244561009	0.3526355724086719	0.45267388000732184
ANDN920101	4.329224271445663	4.353004512143944	0.08028856819643153	0.051688958100479535	17	48	0.06025241103463362	-0.3946769978152615	-0.02378024069828033	0.23534111501139005	0.3575877497534176	0.446617367688261
FINA910102	1.3629610170478421	1.3888042137033068	0.40055336024402055	0.28222396851170733	17	48	0.3164950719384082	-0.08165434139996303	-0.02584319665546464	0.23533599846022493	0.3575877497534176	0.446617367688261
NAKH920104	5.647713002054438	5.748480757970769	0.3953692617639481	0.29444694119539033	17	48	0.3230785128862157	-0.3118986620810028	-0.10076775591633069	0.23534111501139005	0.3575877497534176	0.446617367688261
RICJ880109	1.0372650065736604	0.9967197398358589	0.0971668623461047	0.08653263616747371	17	48	0.08935336937263953	0.4537631543440893	0.040545266737801455	0.23533599846022493	0.3575877497534176	0.446617367688261
RADA880106	151.52488929437436	147.12439642633518	10.146851054345104	11.91933206371518	17	48	11.49509888164568	0.38281470332242934	4.40049286803918	0.24128333908960364	0.3645911228784895	0.4381939098220775
RICJ880116	0.9937423237935445	0.9707142832935848	0.09158728575026368	0.05204992840869767	17	48	0.06443205622894717	0.3574003663352597	0.023028040499959768	0.24127819717609977	0.3645911228784895	0.4381939098220775
KIMC930101	-0.39686368812827644	-0.383838475228464	0.03237976278608186	0.03628800374892554	17	48	0.035336407720061934	-0.3686060281791888	-0.013025212899812455	0.2473304137750408	0.372698998167899	0.42864177464819425
GARJ730101	0.5800292604458773	0.5373745343840037	0.12808182677787625	0.09554297328596183	17	48	0.10476859440943147	0.407132751014876	0.042654726061873594	0.25348281814395507	0.37780681614371503	0.4227302110862339
PALJ810116	1.028926573350993	1.067594203331224	0.18071051936403248	0.11316157034275519	17	48	0.13359267017577564	-0.2894442481713544	-0.0386676299802311	0.25348281814395507	0.37780681614371503	0.4227302110862339
RACS820104	1.1529252313706906	1.1875902260798734	0.08850587807275458	0.09003451719579093	17	48	0.08964876071247377	-0.3866756710710394	-0.03466499470918283	0.25348281814395507	0.37780681614371503	0.4227302110862339
WILM950103	0.8161858269712089	0.6969762609530539	0.4505475744114692	0.45355177456139145	17	48	0.45279069138124617	0.26327742218927713	0.11920956601815502	0.25348281814395507	0.37780681614371503	0.4227302110862339
GEOR030105	1.0051122164462718	1.0015446193701687	0.05410362946457671	0.03197884717070749	17	48	0.03881164055033186	0.09192080070608087	0.0035675970761031017	0.26610533627901056	0.3934043755259967	0.4051608140754818
KANM800103	0.9937884369595984	0.9471425846469133	0.1293082308789695	0.09960805800790491	17	48	0.1079280229372299	0.4321940775271498	0.04664585231268514	0.26610533627901056	0.3934043755259967	0.4051608140754818
SUYM030101	0.05256649726766647	0.041124212266422905	0.04502496114058844	0.0399239347693025	17	48	0.04127919278352997	0.2771925570649466	0.011442285001243564	0.26610533627901056	0.3934043755259967	0.4051608140754818
HUTJ700103	206.44709523549417	203.4820850055832	10.276635483132191	10.572989945042584	17	48	10.498517854134361	0.28242179240028054	2.9650102299109733	0.27257620934422283	0.39972972255037503	0.3982335578702583
QIAN880110	-0.045228870304446764	-0.09502597780176289	0.14473389992389277	0.08548840224541386	17	48	0.10378969684339284	0.4797885436784197	0.049797107497316126	0.27257620934422283	0.39972972255037503	0.3982335578702583
QIAN880123	-0.08653197786980565	-0.06468707240808651	0.08645345249244445	0.050706423556398324	17	48	0.061776714739225615	-0.35361066955294973	-0.021844905461719147	0.27257620934422283	0.39972972255037503	0.3982335578702583
FUKS010106	6.218342075364041	5.891012751785027	1.435172061542244	0.7797103065840008	17	48	0.9882569645495902	0.3312188381371015	0.327329323579014	0.2791539288071606	0.4071925308200449	0.3902001969124312
RICJ880103	1.0529513519321616	1.133627533217506	0.29548617888096007	0.21068449772492878	17	48	0.23513681653522592	-0.34310314511406326	-0.08067618128534448	0.2791539288071606	0.4071925308200449	0.3902001969124312
CHAM830105	0.3206644930249466	0.3259107301817322	0.17645445711920735	0.08834537600429822	17	48	0.11717639420967182	-0.044772133433276434	-0.005246237156785627	0.28247768422377506	0.4109449289106515	0.38621637440791773
CHOP780212	0.08588726344919576	0.0893348029395553	0.010706845842490645	0.006620656283394658	17	48	0.007862246517065507	-0.43849292729202016	-0.003447539490359544	0.28583876924174845	0.41145738625062206	0.38567513706054624
QIAN880109	-0.032723523085040195	-0.0677485908721504	0.09667986846371805	0.07840974831707231	17	48	0.08342966975599825	0.41981549117413414	0.03502506778711021	0.28583876924174845	0.41145738625062206	0.38567513706054624
QIAN880122	0.008734171351684174	-0.003152029864677568	0.1497006808367621	0.07450315096789538	17	48	0.09915904477973495	0.11987006573898457	0.011886201216361742	0.28583876924174845	0.41145738625062206	0.38567513706054624
RICJ880104	0.883248703290633	0.9026891698255318	0.11046717819934057	0.08886454536204903	17	48	0.09481833994808515	-0.2050285477001903	-0.019440466534898837	0.28583876924174845	0.41145738625062206	0.38567513706054624
FAUJ880111	0.07728674095437396	0.08797217454618747	0.06706658806382676	0.051022774627906	17	48	0.05553820959793508	-0.192397876510063	-0.010685433591813509	0.29252546578350785	0.41684670828286347	0.3800236236505329
GEOR030109	0.9900190463788124	0.9938333305213762	0.04583337998199371	0.025462878245603005	17	48	0.03189367590471629	-0.1195937449781308	-0.0038142841425637952	0.29263096157334473	0.41684670828286347	0.3800236236505329
MITS020101	0.7142245910840052	0.7389850992486373	0.40425044938760407	0.23571395708464227	17	48	0.2880163433086769	-0.08596910814222607	-0.024760508164632156	0.29263096157334473	0.41684670828286347	0.3800236236505329
QIAN880131	-0.028369917363581156	0.014395012914497672	0.12438009601888679	0.06967516090764952	17	48	0.08689475944556845	-0.4921462531335634	-0.04276493027807883	0.29263096157334473	0.41684670828286347	0.3800236236505329
AURR980105	0.9740398926571451	0.9891253142674433	0.0648434553490335	0.05507947747355468	17	48	0.05771591272520855	-0.2613736991758495	-0.015085421610298244	0.2995306922172992	0.42446447834938517	0.3721586481817165
FAUJ880106	3.676146234474416	3.590698868212911	0.2241977336422499	0.29084931154405785	17	48	0.2754540296832539	0.3102055408656078	0.08544736626150495	0.2995306922172992	0.42446447834938517	0.3721586481817165
PALJ810113	1.1307116730538411	1.1685227948414636	0.2604380262473182	0.22458605072885945	17	48	0.2342117978811335	-0.16143986822906445	-0.03781112178762247	0.30653810224366057	0.4332722013624866	0.36323917429856306
CHAM830107	0.2350481249561782	0.2537936762981941	0.10656702407152367	0.07793913761665626	17	48	0.08611605504639555	-0.21767777601884614	-0.018745551342015915	0.3100716447920716	0.4371370868589257	0.35938234625590276
ISOY800104	0.9535336101369773	0.9923501311903472	0.11027474134515809	0.08812363048752568	17	48	0.09424383159672917	-0.41187333320090763	-0.03881652105336986	0.3136532865693873	0.4410497371554109	0.35551243240484387
AURR980120	0.9265192979714142	0.9182113452422399	0.05982592306354359	0.05702880354705064	17	48	0.0577520185210159	0.1438556251700714	0.008307952729174284	0.3208762931794002	0.4466140772751448	0.35006759208732385
CHOP780207	1.011290668585508	1.0050862457084635	0.09639337788367738	0.0863840547559295	17	48	0.08903277119616729	0.06968695676532734	0.006204422877044591	0.3208762931794002	0.4466140772751448	0.35006759208732385
DAYM780101	5.657500459268424	5.849360032153465	0.5935182868694172	0.37143042949473754	17	48	0.4386192226377531	-0.4374171558903467	-0.19185957288504074	0.3208762931794002	0.4466140772751448	0.35006759208732385
GEIM800103	1.023000655262022	1.0016992439889394	0.11173641196036503	0.06178881714322634	17	48	0.07758249419529813	0.27456466170655397	0.021301411273082715	0.3208762931794002	0.4466140772751448	0.35006759208732385
FUKS010105	6.162869628838223	5.7960634829480115	1.6082206523585643	0.8767535049592354	17	48	1.1092019436578342	0.33069374606448	0.36680614589021143	0.3282071223777993	0.4545045466852056	0.34246176790863825
RACS820107	1.1498649262422118	1.1731474937004567	0.1328314681255522	0.10816235997345526	17	48	0.11493025491654847	-0.20257996882675036	-0.023282567458244863	0.32820183702278277	0.4545045466852056	0.34246176790863825
AURR980102	0.9976320240135041	1.009405603625186	0.04347219103195939	0.03930727866356756	17	48	0.040405724806330284	-0.2913839478963449	-0.011773579611681795	0.33564572607054427	0.4601458951393176	0.33710444786603283
MONM990201	1.4058187052473659	1.520546148241758	0.4022382100543003	0.41480383410964217	17	48	0.4116489030150437	-0.2787021710833986	-0.11472744299439208	0.33564572607054427	0.4601458951393176	0.33710444786603283
PALJ810108	0.9613006510430729	0.9755309983756347	0.09023284091270095	0.07249506617236202	17	48	0.07738602231931839	-0.18388782503696888	-0.014230347332561788	0.33564572607054427	0.4601458951393176	0.33710444786603283
TANS770102	1.0134974599373325	0.9542404972318551	0.1870131169673671	0.10883110590950916	17	48	0.13311054878829826	0.44517104951404646	0.05925696270547742	0.33564572607054427	0.4601458951393176	0.33710444786603283
AURR980104	0.9969633289977219	1.0135125911719933	0.05576586178780381	0.0498566102826236	17	48	0.05142174454080272	-0.32183393080216754	-0.01654926217427144	0.3431920070808773	0.4669801688389052	0.33070156214631763
AURR980106	0.9426372624137107	0.9493780850138985	0.07091213582398725	0.06598827433462554	17	48	0.06727292865137972	-0.10020111708113623	-0.0067408226001878235	0.3431920070808773	0.4669801688389052	0.33070156214631763
CHOP780206	1.0125854494144522	1.0397777116587077	0.08204465916693325	0.07192287889531425	17	48	0.07462366336776675	-0.3643919504493405	-0.027192262244255527	0.3431920070808773	0.4669801688389052	0.33070156214631763
CRAJ730103	1.007527429361946	1.0328265731084507	0.11635562860047771	0.08790549660150733	17	48	0.09593357527946962	-0.26371521829353556	-0.02529914374650466	0.35084581849874297	0.47621008118812014	0.3222014149831574
LEVM760105	1.419528190848379	1.3892254208678172	0.09819306968918333	0.10317650523747965	17	48	0.10193395394495439	0.2972784710865398	0.030302769980561806	0.3586069630654278	0.48314780491819953	0.31591998924700937
MUNV940104	0.8549068761613907	0.8775858152224655	0.06619466639150715	0.06931391187989298	17	48	0.06853517294215797	-0.33090948906213813	-0.022678939061074765	0.3586069630654278	0.48314780491819953	0.31591998924700937
QIAN880118	0.07620961519663272	0.05050387021001868	0.06835736369642714	0.04047848089455649	17	48	0.04908261827830116	0.5237239961580908	0.025705744986614036	0.3586069630654278	0.48314780491819953	0.31591998924700937
ROBB760107	-0.03331954831607925	0.16466031117481217	0.7102537506203126	0.5587232046900937	17	48	0.6008384665113854	-0.32950596628809525	-0.19797985949089142	0.3664699557325329	0.49012696906908687	0.3096913999243385
TANS770105	1.031276542085007	1.0587394331350806	0.17139846743126477	0.11596528971809617	17	48	0.1322631173868831	-0.20763831665740834	-0.0274628910500736	0.3664751925946189	0.49012696906908687	0.3096913999243385
TANS770108	0.967490089464003	0.9459351425120278	0.2253760122041894	0.1680387844849541	17	48	0.18429833066958407	0.11695682144088178	0.02155494695197513	0.3664751925946189	0.49012696906908687	0.3096913999243385
KUMS000101	5.8548183102573494	5.788737921634843	0.9200584350391614	0.5723724856246056	17	48	0.6777858760804566	0.09749449044975676	0.06608038862250609	0.374450207431044	0.4995713743043441	0.30140245488124207
FUKS010108	6.146535422737931	5.784057150028374	1.4091738795208548	0.6980837484044063	17	48	0.9316005990165187	0.38909192747645416	0.36247827270955657	0.382531655947823	0.5091114739743533	0.29318711504752876
JUKT750101	3.523744422927167	3.6019264162734084	0.3747083682133962	0.22358161991669834	17	48	0.2700961790859822	-0.28945982727639086	-0.07818199334624154	0.39071913408362474	0.5187460348149096	0.2850452099224263
BLAM930101	0.5285697114823553	0.49627898738364334	0.14653117394666695	0.09228928464009777	17	48	0.10866110311509454	0.29716911731062984	0.032290724098711976	0.3990121849206845	0.5271972588203248	0.27802685653677384
RICJ880107	1.0046386565398908	0.9408495588455129	0.22402634656139678	0.1418756613581584	17	48	0.166621609037604	0.38283808482477	0.0637890976943779	0.3990121849206845	0.5271972588203248	0.27802685653677384
GEOR030107	0.9883252682981241	0.9948627703591437	0.057379393846980556	0.024315273825803545	17	48	0.03573852282179053	-0.1829259170452789	-0.006537502061019662	0.41591291050753504	0.5482032820424618	0.26105836870775034
FASG760103	-6.002587612079055	-6.476800815107374	5.8254376656333084	2.7259601232195223	17	48	3.763276894063835	0.12601071257242316	0.47421320302831926	0.43322910687187943	0.5696546188916299	0.24438837690977416
CEDJ970101	5.734936008560303	5.858679854810464	0.5920259639992844	0.3622487773264673	17	48	0.43233313464200335	-0.28622336882096205	-0.12374384625016077	0.4420412932907196	0.5784607354785254	0.23772611457521287
RICJ880117	0.9796587123256927	0.9893555627800102	0.11545304782616354	0.08400660264695493	17	48	0.09300577184571858	-0.10426073846688846	-0.009696850454317563	0.4420412932907196	0.5784607354785254	0.23772611457521287
AURR980101	0.9852274710212501	0.9800005826412502	0.028295130396851453	0.031002166632866222	17	48	0.03033755707265386	0.1722910110224842	0.00522688837999985	0.4509551826825854	0.587315440303272	0.2311285815674553
ISOY800106	0.9462743656129768	0.9536418770241445	0.08704689335833064	0.07823542705402668	17	48	0.08056460903953867	-0.09144848462619483	-0.007367511411167649	0.4509551826825854	0.587315440303272	0.2311285815674553
CHAM830102	0.09941188443869207	0.09793543724322482	0.046465264505992185	0.029482847222473567	17	48	0.03459482759437922	0.04267826429946263	0.0014764471954672592	0.4599699399529907	0.59621696008124625	0.2245956741186608
GEOR030106	0.9766968739243376	0.9713443653635901	0.023294752873333754	0.020850120632566294	17	48	0.02149733173229516	0.2489847869215519	0.0053525085607474265	0.4599699399529907	0.59621696008124625	0.2245956741186608
JUNJ780101	466.46517995572134	479.7918939668275	50.09429629820603	30.863768607073514	17	48	36.7146677880245	-0.3629806508954178	-13.326714011106162	0.4782984444910597	0.6170501158882302	0.20967956178551428
PRAM820101	0.2997057003511667	0.3021213777313418	0.009022915785454633	0.007463326004736834	17	48	0.007888676026917351	-0.30622088826216315	-0.002415677380175063	0.4782984444910597	0.6170501158882302	0.20967956178551428
FASG760101	127.11413720668429	125.4068838285726	6.2903021020522285	6.25315924590078	17	48	6.262613221264974	0.2726103812885386	1.7072533781116874	0.48761024831552413	0.6275830725378628	0.20232877891961654
NAKH900109	5.94822096703139	5.898164562678349	0.9077137046352561	0.5118131239095657	17	48	0.6361451663995075	0.07868707803967703	0.05005640435304137	0.4970190332506749	0.6366965133211222	0.19606752841406452
QIAN880101	-0.028061026309253594	-0.034324213233220546	0.028714200660497586	0.027300671653851114	17	48	0.027666505660018152	0.22638156769534165	0.006263186923966952	0.4970190332506749	0.6366965133211222	0.19606752841406452
KANM800101	0.9822695342579842	0.9636225633151544	0.07881562307857515	0.060433443515567904	17	48	0.06559179809017492	0.2842881501311215	0.018646970942829855	0.5065236913043687	0.6458472241106985	0.18987020270557228
KOEP990101	0.13031970380235824	0.16384029821050702	0.13119299826475575	0.10249529530017254	17	48	0.11049197815862694	-0.30337581937419206	-0.03352059440814878	0.5065236913043687	0.6458472241106985	0.18987020270557228
KLEP840101	0.0025347361893090187	-0.008282286919607673	0.05778437717249982	0.04019047005601694	17	48	0.04531064215714135	0.23873029809205287	0.010817023108916692	0.5107522216623048	0.6497243377890249	0.18727086484997957
AVBF000103	-0.38302038549153283	-0.3919385049968827	0.02767977186591513	0.02644534224971006	17	48	0.02676424239863371	0.33321023522807197	0.008918119505349875	0.516123060257067	0.6520076534887198	0.18574730634107076
BEGF750101	0.5738023317120662	0.5490529692166437	0.09052237331006996	0.0693076859409596	17	48	0.07526418040181257	0.32883321605700294	0.024749362495422478	0.516123060257067	0.6520076534887198	0.18574730634107076
RACS820103	1.324440185826488	1.3568383619464772	0.3876990515509648	0.18524503872455916	17	48	0.2525365891661461	-0.12829101805391907	-0.032398176119989186	0.516123060257067	0.6520076534887198	0.18574730634107076
LEVM760104	225.19112603551557	227.287007841801	6.151572713020652	6.5573870971109685	17	48	6.456739864792795	-0.32460372419738065	-2.0958818062854334	0.5258159238960995	0.6627219132976185	0.17866866896391312
ROBB760112	0.008402393155850812	0.1784882843126003	0.95919378966906	0.8043897079998041	17	48	0.8463915500525969	-0.20095414604054107	-0.1700858911567495	0.5356010123006152	0.6735028821343368	0.17166054145196755
BUNA790101	8.148628067729296	8.140627101981018	0.27180266990679786	0.2027470765214056	17	48	0.2223263289637135	0.03598748643749049	0.008000965748278688	0.5454770021774018	0.6843484408051349	0.16472271788796283
NAKH900102	2.683695826275377	2.728704149889976	0.1665925081911447	0.09972827651491648	17	48	0.12028394250778006	-0.37418397398877795	-0.04500832361459883	0.5554425172476876	0.6952564231910414	0.15785499017536034
FASG760104	9.405478772484125	9.393052132456413	0.11005979944971066	0.0689512423456396	17	48	0.08138302744799826	0.15269326317029094	0.01242664002771221	0.5654961286849707	0.7046159052179475	0.15204755776217652
GEOR030103	0.9805852046619571	0.9813701574798291	0.015811319724878644	0.014533051906581548	17	48	0.014868106056674532	-0.05279440534523732	-7.849528178720533e-4	0.5654961286849707	0.7046159052179475	0.15204755776217652
PALJ810107	0.9827116771375556	0.9824886388215607	0.026196063688458955	0.023754707322825166	17	48	0.024397888174285648	0.009141705806733662	2.2303831599490564e-4	0.5756363556038562	0.7139979286061436	0.1463030481625183
TANS770109	1.0166383861576738	1.0521688337691908	0.1410464186613162	0.11955155136087145	17	48	0.12536020651719407	-0.28342684332323403	-0.035530447611517024	0.5756363556038562	0.7139979286061436	0.1463030481625183
CEDJ970104	5.614245814947027	5.712423628004038	0.5927189898047335	0.34260230271488934	17	48	0.4204634761671009	-0.23349902814862755	-0.09817781305701168	0.5961704753396643	0.7328207865411155	0.13500222035539383
PONP800105	14.168244870044745	14.151012479100693	0.4619864841617417	0.322495183503934	17	48	0.3630350878092485	0.0474675631163968	0.017232390944052156	0.5961704753396643	0.7328207865411155	0.13500222035539383
QIAN880107	-0.10748013334361196	-0.13778662583894166	0.13875710365761956	0.10817709830703975	17	48	0.11670502207331508	0.25968456161458847	0.030306492495329698	0.5961704753396643	0.7328207865411155	0.13500222035539383
RADA880103	-2.4302177865950796	-2.3178703720668334	0.5091467496663538	0.4210863633673004	17	48	0.4451044410627122	-0.25240686042136606	-0.11234741452824615	0.5961704753396643	0.7328207865411155	0.13500222035539383
AVBF000105	-0.265845057490105	-0.2753987318367603	0.027373192290407265	0.02969813323502152	17	48	0.029125259050009747	0.32802023598317404	0.009553674346655272	0.6065611512026661	0.7439214119010278	0.12847294104072815
AVBF000107	-0.49537622430586536	-0.4950050215993811	0.03919519812071423	0.043693515764681154	17	48	0.042596112224012	-0.008714473859307351	-3.712027064842749e-4	0.6170320099717339	0.7533850657467376	0.12298299300993062
MUNV940105	1.3949689493491366	1.4112815355236914	0.08849559637303904	0.08781437384127891	17	48	0.0879878823850468	-0.18539582647493102	-0.016312586174554777	0.6170320099717339	0.7533850657467376	0.12298299300993062
WERD780104	-0.16321691615536307	-0.17103441305125178	0.0858951641019861	0.05766170219358036	17	48	0.06598660839984198	0.11847096078220963	0.007817496895888704	0.6275813195745918	0.7645589795262845	0.11658900666132703
CEDJ970102	5.658726645775985	5.761672386838755	0.6046258923359006	0.3371920094845158	17	48	0.4215049892219624	-0.24423374264867534	-0.10294574106276944	0.6382072998743183	0.7740563038386965	0.11122744815804425
QIAN880102	-0.06406221856329247	-0.05847901927115503	0.05032741835751496	0.04180848710150516	17	48	0.04412809915753448	-0.12652254229682044	-0.005583199292137443	0.6382072998743183	0.7740563038386965	0.11122744815804425
AURR980113	0.975246259561197	0.9377349049312252	0.13678679246093803	0.10024455080221945	17	48	0.11067409712923175	0.3389352667243411	0.037511354629971794	0.6489081235088112	0.7801159199105928	0.10784085931338312
NAKH920107	5.620123264712665	5.689018105718007	0.42241180914598164	0.2467977878009915	17	48	0.3012576217326945	-0.22869078169405568	-0.06889484100534204	0.6489081235088112	0.7801159199105928	0.10784085931338312
QIAN880117	0.0020475448969318535	-0.002852245356433314	0.06881860853355923	0.05910873646328754	17	48	0.061719619764409116	0.07938788787209368	0.004899790253365168	0.6489081235088112	0.7801159199105928	0.10784085931338312
RACS820110	1.2105058396834034	1.2392975565290643	0.12693288255198948	0.12068723508852437	17	48	0.12230364997947446	-0.23541175468183326	-0.028791716845660842	0.6489081235088112	0.7801159199105928	0.10784085931338312
AURR980115	0.9255797795791919	0.9202716725219735	0.15348361008683056	0.09802214002180959	17	48	0.1146774270950586	0.04628728767012185	0.005308107057218403	0.6596819167785896	0.7861568812154432	0.10449077985418263
KUMS000102	5.904722056110105	5.918979602219479	0.8673285664221283	0.5484834627398592	17	48	0.6445786687413063	-0.02211917148486408	-0.014257546109374353	0.6596819167785896	0.7861568812154432	0.10449077985418263
MUNV940102	0.9630013732001017	0.9690717644176606	0.07246805045461968	0.049776144474856586	17	48	0.056410643998687185	-0.10761074129379194	-0.006070391217558924	0.6596819167785896	0.7861568812154432	0.10449077985418263
ROBB760103	-0.9276906838012334	-1.3122968476670118	1.8453538420287174	1.3152116921019905	17	48	1.4681001501433377	0.26197542710436167	0.3846061638657784	0.6596819167785896	0.7861568812154432	0.10449077985418263
CRAJ730101	0.9911384803459796	0.9779451772417087	0.13115489599070634	0.07397956209006311	17	48	0.09193299504479444	0.14350998896361927	0.013193303104270915	0.6705267605822839	0.7956141822961156	0.09929748392109769
MAXF760105	1.0149127914193425	1.0750717596558432	0.25228776880277826	0.22759599212901585	17	48	0.23411375838009346	-0.25696468525711375	-0.06015896823650069	0.6705267605822839	0.7956141822961156	0.09929748392109769
AURR980110	0.9315529024628659	0.9244348655636115	0.12630248061484967	0.0941742883220417	17	48	0.10328497371133279	0.06891648071817606	0.007118036899254387	0.6814406913991037	0.7998885368998063	0.09697052698551395
AURR980117	1.0711274819594139	1.0763929856390333	0.16156157151763678	0.15341673193766095	17	48	0.1555256760951762	-0.03385616968092856	-0.005265503679619421	0.6814406913991037	0.7998885368998063	0.09697052698551395
CEDJ970103	5.8131116835722185	5.796724473716863	0.908212789100752	0.44115287627199806	17	48	0.5955463405529992	0.02751626320151472	0.016387209855355245	0.6814406913991037	0.7998885368998063	0.09697052698551395
CHAM820102	0.5628821235959134	0.4987317987905722	0.3371743789611741	0.24767253086199142	17	48	0.2731952051914327	0.2348149732730115	0.06415032480534116	0.6814406913991037	0.7998885368998063	0.09697052698551395
RACS820102	1.0396969778058984	1.0445457763671977	0.08209561748122995	0.051915365802441216	17	48	0.061011278069421755	-0.07947380738003983	-0.004848798561299272	0.6814406913991037	0.7998885368998063	0.09697052698551395
FUKS010111	5.994397722696654	6.103824619713545	0.6434426497802791	0.43419916205277626	17	48	0.4957782718732896	-0.22071741184506408	-0.10942689701689101	0.6924217023174957	0.8093048529223721	0.09188785539258525
QIAN880105	-0.04524334547500046	-0.061528937074624965	0.10904314937424399	0.09473196171783499	17	48	0.09856359880888435	0.16522927121606432	0.016285591599624505	0.6924217023174957	0.8093048529223721	0.09188785539258525
TANS770107	1.2138225444387083	1.184340931527945	0.4516066215945455	0.3479819462713865	17	48	0.3770073068307378	0.07819904913407816	0.029481612910763344	0.7034677441091438	0.8204623795899822	0.08594132772612295
BURA740101	0.31055170723805653	0.30108378786292106	0.04495434686417252	0.03296083377261272	17	48	0.03638329271469546	0.26022711713806246	0.00946791937513547	0.7145767263473954	0.8228915143411059	0.08465741609825832
GEOR030104	0.9806165604684359	0.9778551676533918	0.042554215512542536	0.029315982218739763	17	48	0.033182238593391415	0.08321900306009289	0.0027613928150441724	0.7145767263473954	0.8228915143411059	0.08465741609825832
MAXF760103	1.042278415976679	1.0100448019979906	0.1741658094858429	0.10334385584284932	17	48	0.12518541401062444	0.25748697828289036	0.03223361397868829	0.7145767263473954	0.8228915143411059	0.08465741609825832
NAKH900101	5.637503826312737	5.719840494335724	0.6411014120476773	0.3452639210565139	17	48	0.4396772546847486	-0.18726615294671725	-0.08233666802298689	0.7145767263473954	0.8228915143411059	0.08465741609825832
QIAN880128	0.02729571691136307	0.021455638213304123	0.034363863249424816	0.030011009361387272	17	48	0.031174127870490495	0.18733735623081146	0.005840078698058946	0.7145767263473954	0.8228915143411059	0.08465741609825832
RACS820109	1.4349441614066711	1.4337575458176723	0.703902498155737	0.5274628361283951	17	48	0.577403337267186	0.002055089592337609	0.0011866155889987962	0.7145767263473954	0.8228915143411059	0.08465741609825832
QIAN880113	-0.04262691095699818	-0.04721722037758151	0.05492394024243798	0.030852943647185306	17	48	0.038422406156900867	0.11946959807354202	0.004590309420583333	0.7257465185691323	0.8305090913332958	0.08065560909546102
RICJ880115	1.1303033138773915	1.1299294850889372	0.23366775989711205	0.2610710462782594	17	48	0.2543912821354964	0.0014695031422309293	3.738287884542668e-4	0.7257465185691323	0.8305090913332958	0.08065560909546102
WOLS870102	-0.8023775277796696	-0.8378808878061154	0.537634259812743	0.47247242365976155	17	48	0.48984332674684145	0.07247901132435841	0.03550336002644572	0.7257465185691323	0.8305090913332958	0.08065560909546102
FAUJ880107	10.975140693405178	10.823782686867183	1.0079035732531083	1.1255075059038977	17	48	1.0968350548273749	0.13799523079777623	0.15135800653799514	0.7369749514790386	0.8398443717896544	0.07580118386058256
LEVM760102	1.8275750165245512	1.786698973093205	0.22039706663369518	0.21143710635106042	17	48	0.21374823563630688	0.19123453023910286	0.04087604343134621	0.7369749514790386	0.8398443717896544	0.07580118386058256
BUNA790103	6.3544483761645525	6.330832643019598	0.32778514382761414	0.28797930256821963	17	48	0.29859186211085914	0.07909034418421966	0.02361573314495491	0.7482598181951605	0.845657273869324	0.0728056112220662
JOND920101	0.056790466140725346	0.057662770191314924	0.005987754009543241	0.0033619745093053516	17	48	0.004187824721393297	-0.20829526272516996	-8.723040505895785e-4	0.7482598181951605	0.845657273869324	0.0728056112220662
NADH010107	22.823165779462244	26.661830063826073	27.726120045856675	26.781247426380524	17	48	27.02434492378687	-0.14204467472530782	-3.83866428436383	0.7482598181951605	0.845657273869324	0.0728056112220662
RACS820106	1.2732368930996327	1.3002115320130943	0.2430816894891847	0.20425120088475737	17	48	0.21477900484848103	-0.12559253141381846	-0.026974638913461524	0.7482598181951605	0.845657273869324	0.0728056112220662
FUKS010112	5.587849456212036	5.604419875482061	0.6619409170211904	0.3704924248413933	17	48	0.46225963938163167	-0.03584656296662856	-0.016570419270024672	0.7709898453380186	0.8695493719585489	0.060705754247326806
CHOP780205	0.96033545039112	0.9536010144208578	0.1442372517735334	0.09110185314697573	17	48	0.10712319685557149	0.06286627143271241	0.0067344359702622425	0.7939182430270757	0.8899042601143656	0.05065671418721386
ROBB760111	0.3365072016098647	0.43158719565306897	1.047463539464894	0.7880561741522374	17	48	0.861370327086374	-0.11038224913646244	-0.09507999404320427	0.7939182430270757	0.8899042601143656	0.05065671418721386
ZIMJ680104	5.921820373835541	5.908013061398413	0.2511697638981076	0.17158783964051705	17	48	0.19490218060275197	0.07084226761561781	0.013807312437127628	0.7939182430270757	0.8899042601143656	0.05065671418721386
AURR980108	0.9858724045530518	0.9599826700985319	0.12604995053005763	0.09040905913793607	17	48	0.10066335103699274	0.2571912636308492	0.02588973445451992	0.8054509521516304	0.8936747886956223	0.04882049369874294
AURR980111	0.9717166306497347	0.9457592390597211	0.12399992624244685	0.08647703357981724	17	48	0.09738605406483246	0.2665411576562391	0.025957391590013534	0.8054509521516304	0.8936747886956223	0.04882049369874294
GEIM800101	0.9801880740462221	0.9650952878686906	0.08832235336282086	0.06446744168787504	17	48	0.07128612238688956	0.21172123931245382	0.015092786177531514	0.8054509521516304	0.8936747886956223	0.04882049369874294
MUNV940101	0.7665764353884658	0.7811421659177362	0.0868029960782527	0.06598034450150952	17	48	0.07184266733035888	-0.20274484607165127	-0.01456573052927046	0.8054509521516304	0.8936747886956223	0.04882049369874294
ROBB760109	0.023910318723771688	0.04623543622885824	0.8358784574111915	0.667357071842981	17	48	0.7139345642945599	-0.03127053741563283	-0.022325117505086554	0.8054509521516304	0.8936747886956223	0.04882049369874294
GEIM800102	1.0282578132625353	1.0318866543295833	0.0358890432086986	0.03475761410809705	17	48	0.03504842148651657	-0.10353793161395351	-0.003628841067047972	0.8170261391180424	0.8974162612400988	0.047006065287834284
LEVM760103	103.75665617819882	102.72378968407294	8.212023004317743	8.663593628330668	17	48	8.55116840930175	0.12078659250849941	1.0328664941258836	0.8170261391180424	0.8974162612400988	0.047006065287834284
PALJ810109	0.9887111024459075	0.9744291386112286	0.09214980303889854	0.04937624620698386	17	48	0.06305100261124978	0.22651446040813167	0.014281963834678946	0.8170241751878375	0.8974162612400988	0.047006065287834284
RACS820113	21.578256889088816	22.012524363463303	2.8536985436897275	1.9688653136398073	17	48	2.227140544617006	-0.19498880545464906	-0.43426747437448654	0.8170261391180424	0.8974162612400988	0.047006065287834284
RICJ880108	0.9811519574854567	0.9798285734673186	0.11343805947715958	0.06498051614038418	17	48	0.08011371529795391	0.016518819695432844	0.0013233840181381407	0.8170261391180424	0.8974162612400988	0.047006065287834284
QIAN880112	-0.021041296592222553	-0.039621611264631124	0.07643692640823099	0.05941405154745428	17	48	0.06416657971547902	0.28956373792705686	0.01858031467240857	0.8286413720215605	0.9083503617150174	0.04174660653318568
GEOR030102	0.9821655186288734	0.9798679509414718	0.03337870264166546	0.019018786602689963	17	48	0.023511825495103517	0.09771966399971825	0.002297567687401525	0.8519821181374926	0.9265093809566768	0.03315017906813338
KUMS000104	5.724009670951794	5.540757419424573	1.0304360284432248	0.721880518756256	17	48	0.8114362561134619	0.22583690357261754	0.1832522515272217	0.8519821181374926	0.9265093809566768	0.03315017906813338
PALJ810102	0.9738124868052612	0.9600756763048145	0.08835651508021829	0.06411244716248218	17	48	0.07105766231356798	0.1933192009586245	0.013736810500446728	0.8519821181374926	0.9265093809566768	0.03315017906813338
WERD780102	-0.16688990179841773	-0.16593669137185912	0.09987670713548118	0.06185286241412926	17	48	0.07340010009575626	-0.012986500363283773	-9.532104265586039e-4	0.8519821181374926	0.9265093809566768	0.03315017906813338
BUNA790102	4.3898287059211265	4.39589647815099	0.049770465948311526	0.04356698987068126	17	48	0.045223162872443996	-0.1341739905936826	-0.006067772229863877	0.8637026423572407	0.9336864532992305	0.029798942253519763
CHOP780201	0.9650139487198718	0.9528828271648149	0.0916200932509884	0.07193718861452977	17	48	0.07741159235694176	0.15670936594510027	0.012131121555056912	0.8637026423572407	0.9336864532992305	0.029798942253519763
LEVM780104	0.9729672505883031	0.9598168601838226	0.07950606746923018	0.0616875714199589	17	48	0.06666561787416661	0.19725895932296436	0.013150390404480516	0.8637026423572407	0.9336864532992305	0.029798942253519763
AVBF000104	-0.697695379300007	-0.7008489348518553	0.030884170234194566	0.02385925478462851	17	48	0.025825028269974175	0.12211237559475545	0.003153555551848264	0.8754532377238488	0.9371290039822804	0.028200620572993804
GEIM800109	1.1768956509379969	1.1749617998999988	0.15937036235585128	0.14682601242507418	17	48	0.15011122124322918	0.012882787988677846	0.0019338510379980356	0.8754532377238488	0.9371290039822804	0.028200620572993804
GEOR030101	0.980499895190933	0.9790753648808939	0.026636880372805937	0.017244237864451863	17	48	0.02005091538647248	0.07104564966645643	0.001424530310039085	0.8754532377238488	0.9371290039822804	0.028200620572993804
GEOR030108	0.9737328328283021	0.9661358691039561	0.04632024665741747	0.030313960303885886	17	48	0.0350779279635992	0.21657390174897168	0.00759696372434604	0.8754532377238488	0.9371290039822804	0.028200620572993804
WERD780103	0.15786511724653213	0.14941997481286579	0.10772661029300228	0.06155869466729083	17	48	0.07598930447225347	0.11113593540983098	0.008445142433666342	0.8754532377238488	0.9371290039822804	0.028200620572993804
FUKS010110	5.741147291627679	5.720307999826822	0.82166057028569	0.5017629504096516	17	48	0.5994047606832491	0.03476664379025383	0.020839291800856863	0.8872313567312523	0.942360295401932	0.025783020361624637
PALJ810101	0.9625125786872043	0.9554050382027747	0.07350615270788641	0.061361410870316	17	48	0.06466224098042211	0.10991794247560321	0.007107540484429631	0.8872313567312523	0.942360295401932	0.025783020361624637
RACS820108	1.0537959217804984	1.0294071927567625	0.11019052295358048	0.07011907671704964	17	48	0.08216856588205493	0.29681337092755855	0.0243887290237359	0.8872313567312523	0.942360295401932	0.025783020361624637
TANS770101	0.9572874295713852	0.9424523545631851	0.10229939021803966	0.08164333307603086	17	48	0.0873532723607811	0.1698284976311961	0.014835075008200138	0.8872313567312523	0.942360295401932	0.025783020361624637
DAYM780201	78.62329443445473	79.1563359354474	5.01128439603573	4.269736982864204	17	48	4.469736461462854	-0.11925568891777864	-0.5330415009926668	0.8990344336278419	0.9512027760046992	0.02172689093587098
ONEK900102	-0.20584567109729277	-0.21080256985242596	0.13565006774835453	0.09409410260069687	17	48	0.10619979380461277	0.04667522014452246	0.004956898755133193	0.8990344336278419	0.9512027760046992	0.02172689093587098
AURR980112	0.9837957524556932	0.9571126849065044	0.1362150823489966	0.08778138111096882	17	48	0.10227837902661982	0.2608866879112745	0.02668306754918881	0.9227051169291747	0.9687518214208418	0.013787467936185878
GEIM800104	0.9927220916831783	0.9749966330610096	0.08516459642317031	0.05332946225921708	17	48	0.06295849203926103	0.2815419818364622	0.017725458622168677	0.9227051169291747	0.9687518214208418	0.013787467936185878
ROBB760101	-0.8875858353378243	-1.0421034990668256	1.4792588916600706	1.2290568413897618	17	48	1.297180114448101	0.11911812554630666	0.15451766372900133	0.9227051169291747	0.9687518214208418	0.013787467936185878
ROSM880103	0.5451624169518839	0.53666065773245	0.09833804075284684	0.06371928788101669	17	48	0.07406055690422614	0.11479469740456179	0.008501759219433969	0.9227051169291747	0.9687518214208418	0.013787467936185878
AVBF000106	-0.2509670891822485	-0.257775099408079	0.02994961478275948	0.03197962866939301	17	48	0.03147647480118005	0.2162888401205355	0.006808010225830496	0.9345675157774267	0.9755886090271992	0.010733279151164291
JOND920102	81.24300731262541	81.48929980676651	4.323140642553471	3.6810609905986102	17	48	3.854275282424397	-0.06390111657675372	-0.24629249414110177	0.9345675157774267	0.9755886090271992	0.010733279151164291
ONEK900101	12.073956458632571	12.062205818577086	0.2724347421037622	0.17385160165346533	17	48	0.20346509590932527	0.05775260863770909	0.011750640055485206	0.9345675157774267	0.9755886090271992	0.010733279151164291
FAUJ880104	4.528578391613346	4.483031902512694	0.3702931187717767	0.3123866429235353	17	48	0.3280627696127285	0.138834678358712	0.0455464891006514	0.9464444608382521	0.9768021133557055	0.010193409446334928
LEVM780101	0.9857984983714376	0.9718302869780235	0.09386210460911878	0.060498841684718474	17	48	0.0704843422475623	0.19817467182077844	0.013968211393414087	0.9464444608382521	0.9768021133557055	0.010193409446334928
MAXF760104	1.1577455711512417	1.1775941898002271	0.40341408560674596	0.3675576951166588	17	48	0.37698730086207033	-0.05265062935434938	-0.01984861864898546	0.9464444608382521	0.9768021133557055	0.010193409446334928
NAGK730101	0.9752574609980263	0.9689527777560166	0.07954233756147383	0.062106129196104115	17	48	0.06696585078206967	0.0941477360233557	0.006304683242009723	0.9464444608382521	0.9768021133557055	0.010193409446334928
PRAM900102	0.9857984983714376	0.9718302869780235	0.09386210460911878	0.060498841684718474	17	48	0.0704843422475623	0.19817467182077844	0.013968211393414087	0.9464444608382521	0.9768021133557055	0.010193409446334928
QIAN880104	-0.038251026737766466	-0.05847737066325087	0.09370821274273543	0.06728211922325927	17	48	0.07488225612868972	0.27010863415659114	0.020226343925484405	0.9464444608382521	0.9768021133557055	0.010193409446334928
CHAM830108	0.3816526156658517	0.3578536867104628	0.1888940130698217	0.09751705606202979	17	48	0.12710733205152636	0.18723490274928706	0.023798928955388876	0.9523844480747019	0.9810815312558606	0.008294899752370681
ISOY800101	0.9701168585521612	0.9526798028415504	0.11865362113780235	0.09013203156245347	17	48	0.09816383416431296	0.17763217848055485	0.017437055710610827	0.9583333206121016	0.9853539969451497	0.006407717420598275
FAUJ880113	4.22896398542107	4.204152021042638	0.24547550452926106	0.17128288969146757	17	48	0.1928487154144869	0.12866025228689715	0.024811964378431917	0.9702314556478829	0.988299080520283	0.005111608687657472
MAXF760101	0.9649826339963183	0.9525707034304652	0.10927556758976019	0.0834686175689992	17	48	0.09072091079898018	0.13681443954366285	0.012411930565853102	0.9702314556478829	0.988299080520283	0.005111608687657472
OOBM770102	-1.2240120724606858	-1.2280741200133993	0.02748181730063037	0.025750659520624376	17	48	0.02620115664611508	0.155033138711296	0.004062047552713555	0.9702314556478829	0.988299080520283	0.005111608687657472
QIAN880106	-0.14828677182917907	-0.16252607075869824	0.10642822151941277	0.09131529873196725	17	48	0.09538062423038923	0.14928921931905728	0.014239298929519167	0.9702314556478829	0.988299080520283	0.005111608687657472
RACS820114	22.11203293106124	22.342232064712224	1.7814867830262406	1.6295524342011427	17	48	1.6694493717878807	-0.13788925710544597	-0.23019913365098432	0.9702314556478829	0.988299080520283	0.005111608687657472
AURR980103	0.9956791394658774	0.9995498628312749	0.030908189847073213	0.027418525285928013	17	48	0.028345518122296867	-0.1365550401547524	-0.0038707233653975104	0.9821362203007719	0.9930286737606694	0.003038211045158674
CHAM830106	1.9473465139197415	1.8857656408790424	0.34603784890875255	0.30455571075708765	17	48	0.3156077933461444	0.19511835366232516	0.061580873040699036	0.9821362203007719	0.9930286737606694	0.003038211045158674
KUMS000103	5.544826284610923	5.443438482738201	1.1378341058031378	0.7061091839737913	17	48	0.8371190361467298	0.12111515506732629	0.1013878018727219	0.9821362203007719	0.9930286737606694	0.003038211045158674
ROBB760104	-1.1557570797288548	-1.2705854291033747	1.5829855990073696	1.150922515630343	17	48	1.2746039437454695	0.0900894351833658	0.11482834937451991	0.9821362203007719	0.9930286737606694	0.003038211045158674
FINA910104	1.0559147054567277	1.0626654840652108	0.07087859006363793	0.04928619097011101	17	48	0.055570552557392	-0.12148122157883898	-0.0067507786084830546	0.988090130582247	0.9972053531890943	0.0012153987861501766
AURR980119	0.9611309863001222	0.9585088358478893	0.03314803362711527	0.03898842027176556	17	48	0.037591207421804954	0.06975435566115701	0.0026221504522329075	0.9940449644969184	0.9995268301099529	2.0554370463211352e-4
ISOY800108	1.093822916007188	1.102243464424186	0.2122661106801922	0.2017486791395097	17	48	0.20447102934529182	-0.04118210997401634	-0.00842054841699813	0.9940449644969184	0.9995268301099529	2.0554370463211352e-4
FUKS010109	5.5592813325386565	5.547027132529549	1.1070117982765542	0.654143377278575	17	48	0.7940160045179869	0.015433190186823105	0.012254200009107485	1	1	-0
OOBM850102	1.2260880365395335	1.2540438813884747	0.18882635648678306	0.11652813255656141	17	48	0.1385119416827551	-0.20182985314703547	-0.027955844848941203	1	1	-0
QIAN880108	-0.048081677061935245	-0.0587287901130837	0.10775465862777837	0.0978283910406488	17	48	0.10044232220731848	0.10600225897975782	0.010647113051148453	1	1	-0
