Scale	mean_F	mean_P	sd_F	sd_P	n_F	n_P	pooled_sd	cohen_d	eff_FmP	p_mw	fdr	neglog10_fdr
NAGK730102	1.0514695547418509	0.9776001812587037	0.07160051972915382	0.0459693302010037	17	48	0.05365166587256981	1.3768328025190721	0.07386937348314715	1.5432559651975533e-4	0.042208050648153084	1.374604704995551
PALJ810111	1.0572887210976853	0.9894456852126299	0.06357714869778597	0.04507085386215627	17	48	0.05041853545127565	1.345597115779351	0.06784303588505547	1.3681428659698388e-4	0.042208050648153084	1.374604704995551
NAKH900108	0.2424646439619891	0.011502024241377974	0.22388404549222032	0.1520565144965932	17	48	0.1731446171605523	1.333928963592589	0.23096261972061113	2.477377282621404e-4	0.045170845786463604	1.3451417775600336
CHOP780202	1.0541426028131058	0.9825675111537215	0.07135896085196533	0.05781135319642495	17	48	0.06153522554832473	1.1631564038580637	0.07157509165938425	4.912863975834286e-4	0.06718341486953386	1.1727379251549217
CHOP780208	1.0756965529028932	0.9774223026332384	0.11263131485274104	0.07064129086950968	17	48	0.08333447925171343	1.179274787004015	0.09827425026965486	8.961025692565604e-4	0.07386363085077743	1.131569347921156
NAKH900104	0.18339171647932903	-0.04710465945681671	0.22560862237337503	0.1813140602696	17	48	0.19352630209843866	1.1910338462360635	0.23049637593614575	8.961025692565604e-4	0.07386363085077743	1.131569347921156
RADA880102	0.6627386243935662	0.43750210127111233	0.26996983658713075	0.1426669052749495	17	48	0.18356133692767232	1.2270368417026873	0.2252365231224539	9.452384203938613e-4	0.07386363085077743	1.131569347921156
MEEJ800102	2.599873387036072	1.1707955207896557	1.783717410196194	0.817067309885781	17	48	1.1428418856915885	1.2504598266291342	1.4290778662464165	0.0015936413304089955	0.08717218077337206	1.0596220891985155
NAKH900106	0.1585892423566036	-0.0723461060726541	0.25753983240587874	0.2084737779171397	17	48	0.22196489426867938	1.0404138419732265	0.2309353484292577	0.001513955519148861	0.08717218077337206	1.0596220891985155
PALJ810104	1.0459415771477523	0.976488803750278	0.08095109413162853	0.055949304352229924	17	48	0.06324235735997556	1.0982002616086712	0.06945277339747424	0.0013654846531606475	0.08717218077337206	1.0596220891985155
BAEK050101	0.02834739437988506	-0.006730126223092331	0.051401845356186714	0.03464760337639087	17	48	0.03958030755824722	0.88623668604284	0.03507752060297739	0.002384292860068151	0.09135263809199237	1.0392789065243397
BLAS910101	0.5409176323327696	0.47618366760221453	0.09902288655618167	0.05378526266784353	17	48	0.06817958005085555	0.949462649700535	0.06473396473055504	0.002505099764862679	0.09135263809199237	1.0392789065243397
MEEJ800101	2.4708215301473286	0.9721895507680062	2.087833730808459	1.0661221543238668	17	48	1.3982175050115906	1.071816061526779	1.4986319793793226	0.002384292860068151	0.09135263809199237	1.0392789065243397
ROBB760106	0.08319465169235857	-0.7100824242793542	0.9865226436830736	0.6679324187513573	17	48	0.7615764297582139	1.041625035879279	0.7932770759717127	0.002268841288597691	0.09135263809199237	1.0392789065243397
WILM950101	0.9129439692927764	0.5417050425078483	0.5326973936722342	0.23027873565009827	17	48	0.3341084827140998	1.111132898420305	0.3712389267849281	0.001856439405724806	0.09135263809199237	1.0392789065243397
AURR980107	0.9619221510028937	1.0092114769015479	0.11910217798286335	0.07916444049163131	17	48	0.09098357315600762	-0.5197567457322014	-0.0472893258986542	0.0070530301711343715	0.09872047078319776	1.0055927822203004
BASU050101	0.13475562178318304	0.09675712355929318	0.059398802843196714	0.03249694856841662	17	48	0.0410353917671424	0.9259933093733924	0.03799849822388986	0.00842310704645103	0.09872047078319776	1.0055927822203004
BASU050102	0.12056007420785574	0.08771568582134502	0.05233708422003394	0.028718569354037975	17	48	0.03620713530581691	0.9071247451392283	0.032844388386510714	0.01002651048607356	0.09872047078319776	1.0055927822203004
BASU050103	0.16060435603534437	0.12342575794075833	0.05426221739886323	0.027729572850505962	17	48	0.03635143382356427	1.0227546532287146	0.03717859809458604	0.004896786386226188	0.09872047078319776	1.0055927822203004
BROC820102	2.9811576657858625	1.5854794128942233	2.065306763291865	1.0009682693204873	17	48	1.3530619819725591	1.03149617052794	1.3956782528916392	0.006160555541711066	0.09872047078319776	1.0055927822203004
CIDH920101	0.026702225389778258	-0.1311378868868517	0.23516652007437472	0.17358366823971627	17	48	0.1911130015163632	0.8258993947259816	0.15784011227662997	0.008800849408819155	0.09872047078319776	1.0055927822203004
CIDH920102	0.16753547769223942	-0.012936752066370388	0.25697517560880956	0.1435042795340023	17	48	0.17926097546978156	1.0067569323755712	0.1804722297586098	0.006160555541711066	0.09872047078319776	1.0055927822203004
CORJ870102	0.005095482768602225	-0.1612374838858967	0.27380320372920847	0.13344295994106148	17	48	0.17978917182184048	0.925155641849912	0.16633296665449893	0.005371088449841751	0.09872047078319776	1.0055927822203004
CRAJ730102	1.0505824063558253	0.951887270431922	0.14625481147702984	0.06712144356703106	17	48	0.09377413448919451	1.0524771725328572	0.09869513592390333	0.005886491248756846	0.09872047078319776	1.0055927822203004
EISD860101	0.5780808371113496	0.3539786581800453	0.2979417201204765	0.21953242265739897	17	48	0.24186606137083116	0.9265548777747237	0.2241021789313043	0.005623464992121314	0.09872047078319776	1.0055927822203004
FASG890101	-0.6527642310526758	-0.08024283300084155	0.8833532778217926	0.48438244855755924	17	48	0.6109119772557458	-0.9371585749941188	-0.5725213980518342	0.00674340809694997	0.09872047078319776	1.0055927822203004
FAUJ830101	0.4069719186447712	0.23089530281476728	0.2843817375881255	0.1546955810272016	17	48	0.1959393951442197	0.8986279441171291	0.17607661583000395	0.0073753582971358075	0.09872047078319776	1.0055927822203004
FUKS010104	5.411960569797454	5.803961108838528	0.8784872980768551	0.6063745430862137	17	48	0.6857885392044121	-0.5716055556948151	-0.39200053904107346	0.006160555541711066	0.09872047078319776	1.0055927822203004
GOLD730101	1.2402059393782927	1.0031856359199343	0.34050870657677235	0.15989953238002946	17	48	0.22027501963994886	1.0760198947923403	0.23702030345835845	0.005886491248756846	0.09872047078319776	1.0055927822203004
GUYH850103	-0.3227380071247718	-0.14641424809112394	0.23010302991933215	0.11052478835375394	17	48	0.15020080345351294	-1.1739202120061891	-0.17632375903364786	0.005623464992121314	0.09872047078319776	1.0055927822203004
HOPT810101	-0.24363879016229048	0.0830176366610695	0.42265141488776503	0.4051730269890751	17	48	0.4096826305673755	-0.7973401907983472	-0.32665642682336	0.004460696301094508	0.09872047078319776	1.0055927822203004
ISOY800107	0.8916589895932038	1.0263997963995364	0.1161907582728197	0.1786470958662197	17	48	0.16503965687049407	-0.8164147294129626	-0.1347408068063326	0.005128984373608962	0.09872047078319776	1.0055927822203004
KOEP990102	0.3078942366595782	0.40060768759398646	0.34430483990796107	0.15679136373176503	17	48	0.2201067257853789	-0.4212204356935964	-0.09271345093440825	0.00674340809694997	0.09872047078319776	1.0055927822203004
LEVM760101	-0.31793339789080655	-0.010955921546717361	0.43247283771479045	0.38648779574724046	17	48	0.39866934323975456	-0.770005222497073	-0.3069774763440892	0.00805993160839983	0.09872047078319776	1.0055927822203004
MIYS990101	-0.3032711080703777	-0.08025127006093191	0.3642502711935598	0.17194398236175798	17	48	0.23611923996497217	-0.9445220899513753	-0.2230198380094458	0.01002651048607356	0.09872047078319776	1.0055927822203004
MIYS990102	-0.04886252535106899	-0.012588013796748586	0.059077877747756226	0.028035948487971928	17	48	0.038376953936091376	-0.9452160172672344	-0.036274511554320404	0.01002651048607356	0.09872047078319776	1.0055927822203004
MIYS990103	-0.03916588691853617	-2.411195683433491e-4	0.06732204538030252	0.03627677252572349	17	48	0.046182578189166705	-0.8428452649558575	-0.03892476735019282	0.00674340809694997	0.09872047078319776	1.0055927822203004
MIYS990104	-0.04130816355804112	-0.0028209446186310723	0.06864312074649227	0.036779969476219684	17	48	0.04696673217790016	-0.819457031705517	-0.03848721893941005	0.00805993160839983	0.09872047078319776	1.0055927822203004
NADH010105	15.10268147822094	3.5429729466455684	28.049505704846723	14.566236610374261	17	48	18.923669996704017	0.6108597610077092	11.559708531575373	0.010467618474269597	0.09872047078319776	1.0055927822203004
NAKH900107	6.150460645309699	5.467765999424199	1.076230318058911	0.47943147618253246	17	48	0.6823804105565251	1.0004604987542332	0.6826946458854994	0.0070530301711343715	0.09872047078319776	1.0055927822203004
NISK860101	0.166183507897175	-0.4630122710073077	1.0802813455252085	0.5952389735617114	17	48	0.7488050591170551	0.8402664635391107	0.6291957789044826	0.009602034853503702	0.09872047078319776	1.0055927822203004
PRAM820103	0.5741907344039721	0.5909523643112463	0.022430910117458812	0.020503365535341808	17	48	0.021009660505905615	-0.7978058428199124	-0.016761629907274256	0.00805993160839983	0.09872047078319776	1.0055927822203004
PUNT030102	-0.009138155119602729	0.03937753686828751	0.06438150646316522	0.04509712821232212	17	48	0.05069453333328331	-0.9570201912883068	-0.04851569198789024	0.004460696301094508	0.09872047078319776	1.0055927822203004
QIAN880129	-0.018885453382689744	-0.06465119747305821	0.06390527301732861	0.04220906150851152	17	48	0.04864473931358956	0.9408158977960273	0.04576574409036847	0.009602034853503702	0.09872047078319776	1.0055927822203004
RADA880101	-1.1960898838553562	-2.212395063449058	1.5220536816385655	1.2123303430722612	17	48	1.2980104862437256	0.782971470850561	1.0163051795937017	0.01002651048607356	0.09872047078319776	1.0055927822203004
RICJ880105	0.8815442771518114	0.9742626608886282	0.10173826465165921	0.12602043051288797	17	48	0.1203186767569356	-0.7706067439897458	-0.09271838373681685	0.00842310704645103	0.09872047078319776	1.0055927822203004
RICJ880113	0.933566198384734	1.038274239669809	0.2131168874671597	0.12682840850616522	17	48	0.15341182505366957	-0.6825291417297461	-0.10470804128507505	0.002901893288088784	0.09872047078319776	1.0055927822203004
ROBB790101	0.6307744652164629	0.30563703803977865	0.42163645370606945	0.2058642978990795	17	48	0.2770680369004253	1.1734930914948316	0.3251374271766842	0.005371088449841751	0.09872047078319776	1.0055927822203004
ROSM880105	-0.2816301061699687	-0.6396048576800809	0.4496213934941987	0.39790877661821156	17	48	0.4116580084256896	0.869592584580392	0.3579747515101122	0.005371088449841751	0.09872047078319776	1.0055927822203004
SWER830101	0.007251368825859434	-0.15920330469731592	0.275895393668681	0.1330916282739255	17	48	0.1804061213564783	0.92266643876382	0.16645467352317536	0.004896786386226188	0.09872047078319776	1.0055927822203004
VHEG790101	-3.342557258868085	-0.31955847010333965	3.422562694555042	3.7401215340472813	17	48	3.6620813181231497	-0.8254865269660533	-3.0229987887647454	0.010467618474269597	0.09872047078319776	1.0055927822203004
VINM940101	0.9980043293182911	1.007047705349551	0.016984356050908405	0.010477128114338744	17	48	0.01245607752666298	-0.7260211741539054	-0.009043376031259931	0.010467618474269597	0.09872047078319776	1.0055927822203004
YUTK870101	9.693953296252507	8.721486403869122	1.3724934376391484	0.7881800161760728	17	48	0.9704974625472271	1.0020292993152085	0.9724668923833857	0.010467618474269597	0.09872047078319776	1.0055927822203004
YUTK870102	7.9330797994183095	7.286373679887402	0.7524206582040158	0.5782569568704121	17	48	0.6270882780595305	1.0312840187861316	0.6467061195309078	0.005371088449841751	0.09872047078319776	1.0055927822203004
YUTK870103	17.74049283996525	17.09823060175452	0.4493032789266875	1.1936118170553889	17	48	1.0555319576985056	0.6084725654456982	0.6422622382107299	0.00674340809694997	0.09872047078319776	1.0055927822203004
YUTK870104	18.176428368707917	17.48376892096116	0.47753314318633666	1.214068906542764	17	48	1.0758893110563772	0.6438017746143965	0.692659447746756	0.004060096833025118	0.09872047078319776	1.0055927822203004
ZASB820101	-0.13693532785422927	-0.15004261378693592	0.019127871404859807	0.014890533564321112	17	48	0.016072861359482323	0.8154917559202303	0.013107285932706658	0.007710839139353633	0.09872047078319776	1.0055927822203004
ZIMJ680105	10.236555912942002	9.198981758926035	1.473045117240982	0.806378859719749	17	48	1.017929686603884	1.0192984522119823	1.0375741540159673	0.00919365544138175	0.09872047078319776	1.0055927822203004
FUKS010102	5.415575175577022	5.848134239013512	0.7532167337381008	0.585730031449012	17	48	0.6324820299294129	-0.6839072779423713	-0.4325590634364902	0.01092590840466227	0.0996078649558377	1.0017063686840677
MIYS990105	-0.03612657010825035	-0.0023788402853472516	0.059014351784078004	0.03317598762386372	17	48	0.04129903891045151	-0.8171553312918037	-0.0337477298229031	0.01092590840466227	0.0996078649558377	1.0017063686840677
SNEP660101	0.22658671339715744	0.21888479746875736	0.0124528201203613	0.007564217775940899	17	48	0.00905922402823707	0.8501739116279344	0.007701915928400083	0.01140194346625206	0.10224365698426029	0.9903636253468515
BEGF750102	0.7461004799422228	0.7220112715208625	0.040741620860630774	0.026267351786848827	17	48	0.030599004525420782	0.7872546442269938	0.02408920842136031	0.011896300595034486	0.10495607137877198	0.9789924337844638
CHAM830104	0.738789047059225	0.6210308972105152	0.16859317511794855	0.11373275412245118	17	48	0.129879681138406	0.9066710729234165	0.1177581498487098	0.012409570611676711	0.10606304882167439	0.9744358930820739
KANM800102	1.0220217072546574	0.9782487227091564	0.067811199795403	0.04926690193972274	17	48	0.054576790162493165	0.8020439533943692	0.04377298454550094	0.012409570611676711	0.10606304882167439	0.9744358930820739
CASG920101	-0.1249337501405268	-0.2695738658802365	0.2619212230251973	0.16007587268496398	17	48	0.1911529358991856	0.7566722167217623	0.14464011573970972	0.013495282789023885	0.10698434326950819	0.9706797749239717
KARP850102	0.9951836232857866	1.0045116867032586	0.016812187915866653	0.011345032169997207	17	48	0.012953980256370408	-0.7200924528879664	-0.009328063417472054	0.013495282789023885	0.10698434326950819	0.9706797749239717
PARS000101	0.35299921782503774	0.3605336880683718	0.014484197811658215	0.00916393389841547	17	48	0.010767103744039089	-0.6997675904725393	-0.0075344702433340904	0.013495282789023885	0.10698434326950819	0.9706797749239717
QIAN880121	-0.07279639261673565	-0.15575374613098228	0.12975259220518257	0.08243118219601357	17	48	0.09666929827783693	0.8581561570439784	0.08295735351424663	0.013495282789023885	0.10698434326950819	0.9706797749239717
TANGOFREQ	0.4271488237672473	-0.5033099328228685	1.4062494659693512	0.8448720831534661	17	48	1.0172294796781296	0.9146989692871763	0.9304587565901158	0.013495282789023885	0.10698434326950819	0.9706797749239717
Aggrescan	0.004605235929456992	-0.1847296122517483	0.3885509345390111	0.174179291931351	17	48	0.24693213737016387	0.7667485091152096	0.1893348481812053	0.014068977148585153	0.10839057042642364	0.965008498147261
KHAG800101	28.098961468231238	33.7526282533914	7.893956469009561	8.004257575002732	17	48	7.976389094450513	-0.7088002751888871	-5.653666785160162	0.014068977148585153	0.10839057042642364	0.965008498147261
GUYH850101	-0.032945605488631916	0.15324970439914334	0.2907799083427591	0.20711874552845513	17	48	0.23125130612241626	-0.8051643599764581	-0.18619530988777527	0.014664089014012685	0.10988022863924574	0.9590804455687357
NADH010101	-6.733203774429078	-23.077966880440492	35.30136064519513	18.011598707164353	17	48	23.6329768090062	0.6916083080901875	16.344763106011413	0.014664089014012685	0.10988022863924574	0.9590804455687357
BIOV880101	13.22521321567357	-4.899131572708453	31.6589052077906	17.45652640349412	17	48	21.951933503033334	0.8256377410161883	18.12434478838202	0.015281280423492801	0.11145147188867416	0.9529141916170488
RADA880108	0.06372269207131474	-0.09648922013979518	0.269904848034742	0.14775106973030336	17	48	0.18651379056148357	0.8589815891297146	0.16021191221110992	0.015281280423492801	0.11145147188867416	0.9529141916170488
KUHL950101	0.8810370762845617	0.9467094788122631	0.10084157457746348	0.07408632819976699	17	48	0.08171545868400025	-0.803671711391371	-0.06567240252770135	0.01592122795722876	0.11165271400774529	0.9521307158145577
PONP800104	12.930078657860399	12.69320570808844	0.45519454238181656	0.34221215539483285	17	48	0.3741522402505958	0.6330924267974676	0.23687294977195883	0.01592122795722876	0.11165271400774529	0.9521307158145577
WIMW960101	4.188954394303661	4.08809287240167	0.1383304971857925	0.1275661566639578	17	48	0.13038417389534007	0.7735718138840456	0.10086152190199105	0.01592122795722876	0.11165271400774529	0.9521307158145577
BULH740101	-0.89424624821747	-0.7271263048898168	0.3258542346145687	0.12825448037680107	17	48	0.19808642762917367	-0.8436718523719806	-0.16711994332765323	0.01658462281475707	0.11339735849590148	0.9453970618806367
KIDA850101	0.06924628344001028	0.2165598050671871	0.29031602624036634	0.1833022998963177	17	48	0.21557312976365292	-0.6833575306379156	-0.1473135216271768	0.01658462281475707	0.11339735849590148	0.9453970618806367
RICJ880106	0.9124813618994192	1.0067825061770452	0.10751506325683241	0.15025088676182086	17	48	0.14063305189372768	-0.6705475207128881	-0.09430114427762604	0.017272170881848545	0.1166404626218661	0.9331507665147389
ARGP820102	0.9776163077193123	0.820109172220402	0.2857155072222335	0.15528900925693845	17	48	0.19678057265093168	0.8004201501045105	0.15750713549891027	0.02027852979588847	0.11837651287224998	0.9267344575948245
AURR980106	0.9569376368780917	1.0014161015066816	0.07007431782087907	0.09244708755217104	17	48	0.08730991762992478	-0.5094319847731159	-0.04447846462858984	0.02467079061688574	0.11837651287224998	0.9267344575948245
BROC820101	3.039348415657177	1.5452920261273417	2.406225869023632	1.2261297594581129	17	48	1.6099802508622634	0.9279967184253706	1.4940563895298353	0.019487014588480244	0.11837651287224998	0.9267344575948245
CHOP780204	0.9258470154823527	0.9934021313495925	0.06908525574520027	0.1053806505959046	17	48	0.0974519167087221	-0.6932148504493555	-0.06755511586723983	0.02027852979588847	0.11837651287224998	0.9267344575948245
COWR900101	0.08770562708288188	-0.09348752154343067	0.46863209954259033	0.1837463558003267	17	48	0.2845409756313026	0.6367910569797713	0.18119314862631253	0.017984592786534997	0.11837651287224998	0.9267344575948245
DIGM050101	1.0240880317586438	1.0610836056765467	0.05497202394063907	0.05104469237367931	17	48	0.05207017910469564	-0.7104944625505741	-0.03699557391790287	0.02027852979588847	0.11837651287224998	0.9267344575948245
EISD840101	-0.09689705487659947	-0.20574057812560317	0.19258734143616457	0.14471227264078904	17	48	0.1582491160680303	0.6877986174798763	0.1088435232490037	0.022823696228341694	0.11837651287224998	0.9267344575948245
GEIM800106	1.0241793482473167	0.9902053793857594	0.04646165276375336	0.042635383146142736	17	48	0.043638927931468514	0.7785243696845802	0.033973968861557347	0.02194606843687337	0.11837651287224998	0.9267344575948245
GRAR740102	8.433041878015224	8.834613560860854	0.7496132673626882	0.42041421081303304	17	48	0.523993849418878	-0.7663671687959358	-0.4015716828456295	0.02027852979588847	0.11837651287224998	0.9267344575948245
GUOD860101	28.83426475617869	21.681998221443727	14.587115152742957	5.755065854494365	17	48	8.874092536820875	0.8059715971022822	7.152266534734963	0.02467079061688574	0.11837651287224998	0.9267344575948245
JACR890101	-0.5837367038659	-0.8141157017071307	0.27468236848944405	0.40474748846603714	17	48	0.3760017591073145	0.6127072341049294	0.23037899784123061	0.023731657246390397	0.11837651287224998	0.9267344575948245
KANM800104	1.0169337917717032	0.9366810124556837	0.14956155280470082	0.0946490770147135	17	48	0.11119449390311482	0.7217333925360077	0.08025277931601948	0.022823696228341694	0.11837651287224998	0.9267344575948245
MEEJ810102	2.12367887906985	1.4168427398301349	1.4963216666621018	0.7110965717426342	17	48	0.9725567531171947	0.7267813800831635	0.7068361392397153	0.02109794948973949	0.11837651287224998	0.9267344575948245
MIYS850101	2.55106846840923	2.3739105167991412	0.32338529041432945	0.15410257595221744	17	48	0.2104185594789692	0.8419312063002466	0.17715795161008874	0.02109794948973949	0.11837651287224998	0.9267344575948245
NADH010104	5.3595736449003555	-6.218941469501606	28.81541136055601	14.764150891339515	17	48	19.32607172022978	0.5991137403408279	11.578515114401961	0.023731657246390397	0.11837651287224998	0.9267344575948245
NAKH900103	6.055653145341766	5.324506752706719	1.2004220413373339	0.6537915897813172	17	48	0.8275614498076599	0.8834949873571063	0.731146392635047	0.02467079061688574	0.11837651287224998	0.9267344575948245
NAKH920101	5.518833597964799	5.7992403783751385	0.5027934375455433	0.33438858607753214	17	48	0.3842155272899055	-0.7298163673608157	-0.2804067804103392	0.02467079061688574	0.11837651287224998	0.9267344575948245
PARJ860101	1.2821793397307693	2.522446540464727	2.035516260488796	0.926371508389029	17	48	1.3009577620274826	-0.9533493222724301	-1.240267200733958	0.017984592786534997	0.11837651287224998	0.9267344575948245
PLIV810101	-2.692930027675184	-2.8161705820379064	0.21937517463533984	0.10688906690476888	17	48	0.14403456867136813	0.855631779922987	0.12324055436272241	0.02467079061688574	0.11837651287224998	0.9267344575948245
PONP930101	0.5321312500008385	0.3010304993066389	0.43535905751155207	0.21598449242514295	17	48	0.2879902249449042	0.8024603985722494	0.2311007506941996	0.02467079061688574	0.11837651287224998	0.9267344575948245
RACS820101	1.2545150567745915	1.3500303767596304	0.1592125894118664	0.07950129033105517	17	48	0.10560782278909506	-0.9044341362456506	-0.09551531998503893	0.022823696228341694	0.11837651287224998	0.9267344575948245
RADA880104	-1.4105198684151796	-2.159170485778582	1.4851217524507128	0.9320730869081469	17	48	1.0992141288178472	0.6810780517973696	0.7486506173634022	0.023731657246390397	0.11837651287224998	0.9267344575948245
ROBB760105	0.0705225585090735	-0.4808927148279644	0.8346017876340998	0.6303802568402532	17	48	0.6880128725817931	0.801460692541743	0.5514152733370379	0.023731657246390397	0.11837651287224998	0.9267344575948245
ROSM880101	2.013683742127328	2.8224879916358665	1.3528299275575115	0.9852637533888485	17	48	1.0904155331594643	-0.74173947904524	-0.8088042495085386	0.02027852979588847	0.11837651287224998	0.9267344575948245
VINM940102	1.3100563862805907	1.3192647304121852	0.016378106666087664	0.010956212941815327	17	48	0.012556976396936448	-0.7333249534371201	-0.009208344131594437	0.01872262394380126	0.11837651287224998	0.9267344575948245
VINM940104	0.7964438268595695	0.79944517382349	0.005279953966964232	0.003986796366496149	17	48	0.004351774405268053	-0.6896834910116724	-0.003001346963920515	0.02109794948973949	0.11837651287224998	0.9267344575948245
WOEC730101	7.4809186004523545	7.842341788038255	0.5472329847048774	0.4717643808600453	17	48	0.4920288366186727	-0.7345569216423945	-0.36142318758590086	0.02467079061688574	0.11837651287224998	0.9267344575948245
WOLR790101	0.16644990370880433	-0.0017709357812185217	0.31693598230075354	0.2635780157264013	17	48	0.27810078901566837	0.6048916297053195	0.16822083949002287	0.02027852979588847	0.11837651287224998	0.9267344575948245
WOLR810101	-3.881863971922172	-4.889035021219647	1.855713256081884	1.60293864984962	17	48	1.670762233776678	0.6028212925431126	1.007171049297475	0.022823696228341694	0.11837651287224998	0.9267344575948245
WOLS870101	0.08621224915151357	0.6321028509823174	0.9875403182067356	0.417109401082889	17	48	0.6143889201463659	-0.8885098411292253	-0.5458906018308038	0.01872262394380126	0.11837651287224998	0.9267344575948245
ZHOH040101	2.9116459463590414	2.696652140982906	0.34429927945186206	0.22235034395752196	17	48	0.2588232420019278	0.8306588068104563	0.21499380537613533	0.02194606843687337	0.11837651287224998	0.9267344575948245
ZHOH040102	2.9757641395992214	2.762562675246896	0.317304346469187	0.24625028552916048	17	48	0.266099257033312	0.8012102954711945	0.21320146435232523	0.02027852979588847	0.11837651287224998	0.9267344575948245
ZHOH040103	12.864218249979572	11.890871345608126	1.8069957292037957	0.9587510979950798	17	48	1.2308618056957012	0.7907848792345104	0.9733469043714464	0.023731657246390397	0.11837651287224998	0.9267344575948245
FODM020101	1.0465767898268425	0.9932240407075242	0.07591993590611812	0.06516164889296784	17	48	0.06805521679162792	0.7839626649441768	0.05335274911931831	0.025641950146731773	0.12091505801950242	0.917519611400935
RACS770102	0.9856438514099504	1.012374283683623	0.05359478234023035	0.02960123632476358	17	48	0.03719134801404379	-0.7187271691141418	-0.026730432273672555	0.025641950146731773	0.12091505801950242	0.917519611400935
CIDH920105	0.035928849139588485	-0.1586486755263399	0.3456927801715077	0.15811665503458217	17	48	0.22136292015284875	0.8789978219097159	0.1945775246659284	0.026646004245834354	0.12146136935392828	0.9155618269554077
NADH010103	0.404461447984416	-11.506767742945607	30.301897670268914	15.762312929874962	17	48	20.458418516737968	0.582216517918279	11.911229190930023	0.026646004245834354	0.12146136935392828	0.9155618269554077
NAKH920102	5.410355479408614	5.73969897586809	0.5213622521529439	0.4023041075388429	17	48	0.4356345769109338	-0.7560086226277918	-0.3293434964594759	0.026646004245834354	0.12146136935392828	0.9155618269554077
ROSG850102	0.7247543843093093	0.708681812727671	0.034297762851338655	0.020369829791556875	17	48	0.024663800662118627	0.6516664565135069	0.01607257158163833	0.026646004245834354	0.12146136935392828	0.9155618269554077
CORJ870101	49.741132561228014	49.07243776555463	1.31736000457139	0.7994074919782852	17	48	0.9578618550624101	0.6981119376862674	0.6686947956733817	0.027683835833170644	0.12311429431499465	0.9096915199222907
FAUJ880108	0.03228284399676424	0.040525052112807165	0.012315701006706052	0.009165383867247594	17	48	0.010059366754015883	-0.819356557683165	-0.008242208116042926	0.027683835833170644	0.12311429431499465	0.9096915199222907
NOZY710101	0.7537881815265495	0.6165394682653448	0.24763142329012414	0.1198484955921599	17	48	0.1621401146916118	0.8464821523177641	0.1372487132612047	0.027683835833170644	0.12311429431499465	0.9096915199222907
VENT840101	0.3379791114999596	0.25541919420647563	0.14153153094629797	0.07038861886993673	17	48	0.09372054020548126	0.8809159348897502	0.08255991729348394	0.0282139754492091	0.12446003686062401	0.9049700747289929
CIDH920104	-0.0014854115646242363	-0.19625509901144242	0.38025354355055574	0.15701835033508157	17	48	0.2347662785131555	0.8296322993248962	0.1947696874468182	0.028756342226530302	0.12470111414870233	0.904129666277096
COSI940101	0.04127443569682533	0.04826467526293449	0.01002946591865937	0.009631448610348682	17	48	0.009734074250587438	-0.7181206333706879	-0.006990239566109155	0.029864435015502754	0.12470111414870233	0.904129666277096
MEIH800101	0.9402234934909677	0.9558519120475969	0.029434546829562	0.016883030983497263	17	48	0.02080102535129325	-0.7513292394337457	-0.01562841855662922	0.029864435015502754	0.12470111414870233	0.904129666277096
NAKH900112	6.35022484320047	5.138062167195025	2.172771843497319	1.0324815308934139	17	48	1.4121797346666976	0.8583628884120335	1.2121626760054456	0.029864435015502754	0.12470111414870233	0.904129666277096
PONP800108	6.12608025013231	5.983999731094616	0.2800476525135747	0.1559123918446915	17	48	0.19507160580271157	0.7283505892774048	0.14208051903769459	0.028756342226530302	0.12470111414870233	0.904129666277096
VELV850101	0.04126688705967504	0.04825982776460276	0.010025686557974048	0.0096343727108189	17	48	0.009735244201937507	-0.7183117916585995	-0.006992940704927723	0.029864435015502754	0.12470111414870233	0.904129666277096
VINM940103	1.0020108361599922	1.0062144143965286	0.008431858502851853	0.0058596528432107555	17	48	0.006608447915673162	-0.6360916042883262	-0.004203578236536387	0.029864435015502754	0.12470111414870233	0.904129666277096
KRIW790101	5.010809375415611	5.201665199149219	0.485200049059941	0.24179216484749885	17	48	0.3215658020458937	-0.5935202764701005	-0.19085582373360843	0.03100903991729186	0.1284995820815049	0.891098284783982
CEDJ970105	5.418247463520353	5.749033368813043	0.5570785191287501	0.37402843150379594	17	48	0.4279993175994934	-0.7728654969544321	-0.33078590529269025	0.03219109661495026	0.13239496126599845	0.878128543113944
CORJ870108	0.33999508140989904	1.2521715803097264	1.7087908308511301	1.0043598546446155	17	48	1.2223460229309808	-0.7462506375343546	-0.9121764988998273	0.033411558577635045	0.13438325398504686	0.8716548470188669
LIFS790101	1.0317547418950916	0.9737948380435482	0.10347791851624033	0.06643173683653288	17	48	0.07753566817778092	0.7475256899656514	0.05795990385154348	0.033411558577635045	0.13438325398504686	0.8716548470188669
NAKH900105	6.015549860636617	5.262717914107927	1.2873203502101167	0.7466607636030421	17	48	0.9147617163280318	0.8229814749469966	0.7528319465286897	0.033411558577635045	0.13438325398504686	0.8716548470188669
CORJ870106	-0.5971643798739752	-1.8046564781272743	2.2986328322928147	1.4022057705439253	17	48	1.6759262515577502	0.7204923827232564	1.207492098253299	0.03467139286249755	0.13450533259422806	0.8712604972947442
GEIM800107	1.0135013113283031	0.9776050068387026	0.05922779251404213	0.04596615762840072	17	48	0.04967076076318192	0.7226848137226124	0.03589630448960057	0.03467139286249755	0.13450533259422806	0.8712604972947442
PALJ810103	1.0289462999005239	1.0018023564270266	0.0425873819962159	0.03878404673507425	17	48	0.03978443280517185	0.6822754921861955	0.027143943473497245	0.03467139286249755	0.13450533259422806	0.8712604972947442
QIAN880120	-0.08092188744088781	-0.15677486207080088	0.13633632483957703	0.09146368851568885	17	48	0.10469797775720723	0.7244932161518419	0.07585297462991307	0.03467139286249755	0.13450533259422806	0.8712604972947442
QIAN880125	-0.030235707093371138	0.035905418807651295	0.10605212934145798	0.0633723527135848	17	48	0.07650162933871286	-0.8645714669445922	-0.06614112590102243	0.03467139286249755	0.13450533259422806	0.8712604972947442
CORJ870107	-0.20997317804861304	-0.6333629961653165	0.8360794287571275	0.48469923480714866	17	48	0.5939687387626221	0.7128149858504759	0.4233898181167035	0.03869699935367349	0.14906520173562957	0.8266237278282719
MANP780101	12.836542939199564	12.544593432578964	0.541669986719502	0.2940681105120179	17	48	0.372866981523293	0.782985678774462	0.2919495066206004	0.04012425726535584	0.14930590968809282	0.8259230020932298
NADH010106	12.232883851888372	4.951197653978334	24.799904416579388	15.679679629192677	17	48	18.428594391716373	0.39512976644508196	7.281686197910038	0.04012425726535584	0.14930590968809282	0.8259230020932298
PONP800101	12.439741801125761	12.201817587137695	0.4521714061394127	0.2663396434212196	17	48	0.32380117244401285	0.7347849057872219	0.23792421398806596	0.04012425726535584	0.14930590968809282	0.8259230020932298
PUNT030101	-0.001875425410390559	0.03247236797233928	0.07056877226034826	0.045354664509245544	17	48	0.052909081758973624	-0.6491852105693423	-0.03434779338272984	0.04012425726535584	0.14930590968809282	0.8259230020932298
ZIMJ680102	14.952198183973813	14.043776797448214	1.5192791606312455	1.313175181699391	17	48	1.3684628869991315	0.6638261038395089	0.9084213865255997	0.04012425726535584	0.14930590968809282	0.8259230020932298
ARGP820103	1.0221303684350298	0.8810575390975416	0.28402583081015775	0.14369615494609445	17	48	0.189452605521683	0.7446338832291347	0.14107282933748821	0.04159591833941399	0.1516864488777297	0.8190532157887347
EISD860103	-0.13186040834200768	-0.2662169101109823	0.30330679473319927	0.1612926920162465	17	48	0.2068141108100701	0.6496486204094765	0.13435650176897462	0.04159591833941399	0.1516864488777297	0.8190532157887347
HUTJ700101	41.62179899205694	39.99243485804899	2.825704908485201	2.3470934018842775	17	48	2.4774204493637786	0.6576857531092004	1.6293641340079503	0.04159591833941399	0.1516864488777297	0.8190532157887347
CORJ870104	-0.0075652518290554496	-0.15020766771443989	0.26655205230829626	0.14524313052930377	17	48	0.18379990814875835	0.7760744677300756	0.14264241588538443	0.04311302592675497	0.15214725923829012	0.817735866561862
DESM900102	0.9311165056791554	0.8709434609821985	0.1330159973030971	0.09615300474640831	17	48	0.10672810014679217	0.563797581088727	0.060173044696956834	0.04311302592675497	0.15214725923829012	0.817735866561862
MEIH800102	0.9760240732154326	0.9989889427514076	0.04714970626654907	0.026125632959846677	17	48	0.03276886482025742	-0.700813704165251	-0.022964869535974985	0.04311302592675497	0.15214725923829012	0.817735866561862
NISK800101	0.0018710709448290198	-0.11665630810778398	0.24247767875120754	0.1466026739944527	17	48	0.17597199290734905	0.6735582014748154	0.118527379052613	0.04311302592675497	0.15214725923829012	0.817735866561862
ROSM880102	-0.16920170632796092	0.17674677270190794	0.7793953106649671	0.4069026101360172	17	48	0.5270626948182733	-0.6563706413506442	-0.34594847902986886	0.04311302592675497	0.15214725923829012	0.817735866561862
MAXF760106	0.9626614306762001	1.0094675731221856	0.07628021579981405	0.10340961110819327	17	48	0.09723931219094632	-0.4813499950932752	-0.046806142445985466	0.04467663503561651	0.15467164154735588	0.8105893052306129
NADH010102	-12.188331635869748	-25.00650987657037	34.240333929942885	18.668289894958185	17	48	23.616695977213144	0.5427591672039305	12.818178240700622	0.04467663503561651	0.15467164154735588	0.8105893052306129
PTIO830102	1.566281335749037	1.38598485493477	0.33515124667378277	0.19684341726901344	17	48	0.2396540589998846	0.752319746081805	0.18029648081426708	0.04467663503561651	0.15467164154735588	0.8105893052306129
FAUJ880110	1.2514679740290704	1.4761204973393385	0.4579614938950552	0.33047563611307185	17	48	0.36707173606399907	-0.6120125883816341	-0.22465252331026808	0.04628781197429331	0.15629279722184222	0.8060610360491899
GUYH850102	9.83108214441839e-4	0.06336135558249079	0.14075182167443395	0.07628256958681696	17	48	0.09681201181088119	-0.6443234284801626	-0.06237824736804895	0.04628781197429331	0.15629279722184222	0.8060610360491899
KRIW790102	0.2776720061983373	0.28985597232107574	0.036808142634021226	0.023147092230848498	17	48	0.02727271446714467	-0.4467456342644732	-0.012183966122738421	0.04628781197429331	0.15629279722184222	0.8060610360491899
SIMZ760101	1.2268991941412988	1.0292459190509602	0.4002209054638125	0.1927954974650582	17	48	0.26155284911151017	0.7556915390589811	0.1976532750903386	0.04628781197429331	0.15629279722184222	0.8060610360491899
CORJ870105	-0.372183773347857	-0.9445150278645675	1.1156177869456303	0.6639690472699998	17	48	0.8031073466391623	0.7126460203754805	0.5723312545167105	0.04794763397268967	0.1609040232089647	0.7934330967610779
FAUJ880101	2.1728507241297166	2.0141949585666277	0.3032844872076973	0.26054336154964464	17	48	0.27203516683057816	0.5832178516165843	0.1586557655630889	0.051417574255686174	0.17045704919915355	0.7683850339481957
QIAN880136	-0.07751503733574323	-0.016489161730454213	0.11071470553964748	0.07932574417037633	17	48	0.08836027439188152	-0.6906483261316811	-0.06102587560528902	0.051417574255686174	0.17045704919915355	0.7683850339481957
PONP800102	7.737797675736382	7.5274510949946105	0.4472181973258042	0.2601865992061511	17	48	0.3182748133050061	0.6608960934027605	0.21034658074177148	0.0532298979014817	0.1743518212701227	0.7585735116465758
RADA880107	-0.6900331576427188	-0.7918922469457054	0.24172905100241632	0.17308284525108683	17	48	0.19284575206446233	0.5281894374781886	0.1018590893029866	0.0532298979014817	0.1743518212701227	0.7585735116465758
FUKS010101	5.239010944656208	5.757760771761023	1.2790769035839369	0.9616918326728635	17	48	1.051413327820764	-0.4933833473273676	-0.5187498271048154	0.05509527642110356	0.17727715413143322	0.7513472287191235
GUYH850105	0.13880617158360134	0.23805311291718181	0.23346904478843697	0.16585671443725086	17	48	0.18537914194989652	-0.5353727517004286	-0.09924694133358047	0.05509527642110356	0.17727715413143322	0.7513472287191235
LAWE840101	0.1765150930484163	0.09715765062982934	0.18611558683860838	0.11258445621732215	17	48	0.13510497954534495	0.5873761476863436	0.07935744241858697	0.05509527642110356	0.17727715413143322	0.7513472287191235
KRIW710101	5.061594713714892	5.273476202418165	0.5149071287794743	0.3181853873003237	17	48	0.3779737295142881	-0.5605719978887154	-0.2118814887032734	0.057014835220718756	0.182380788688498	0.739020910557984
ENGD860101	1.0771269420370189	1.734318482191994	1.1419580429114962	1.2488532936257961	17	48	1.2225910200888803	-0.5375399699134044	-0.657191540154975	0.058989707902166906	0.18333733080957554	0.736749095791164
MEEJ810101	2.4154010178517673	1.637113107756575	1.7655823300217852	0.8536718367476402	17	48	1.1555800361283473	0.6735041154767317	0.7782879100951923	0.058989707902166906	0.18333733080957554	0.736749095791164
OOBM850103	-0.03785420670637659	-0.27980109923722	0.4763545482078795	0.25090441629634685	17	48	0.3234096796725754	0.7481127119503471	0.24194689253084342	0.058989707902166906	0.18333733080957554	0.736749095791164
PRAM900101	4.507680152753468	7.258734264358337	4.781700468403401	5.22552481684684	17	48	5.116456024285418	-0.5376874341432634	-2.7510541116048683	0.058989707902166906	0.18333733080957554	0.736749095791164
QIAN880111	0.04917611086679794	-0.02120870859951306	0.11306918125444808	0.061303609609883486	17	48	0.07778546666182497	0.9048582272098651	0.070384819466311	0.058989707902166906	0.18333733080957554	0.736749095791164
CORJ870103	-0.1318979744311621	-0.7443736968269109	1.3593085382384629	0.7226972256598987	17	48	0.926772907518461	0.6608692565643958	0.6124757223957488	0.061021035731502575	0.18441163837089453	0.7342116737338088
LEVM760106	5.867048060779437	5.737606936161793	0.2495728746714484	0.18973910583214004	17	48	0.20658329906841527	0.6265807797695032	0.12944112461764412	0.061021035731502575	0.18441163837089453	0.7342116737338088
LEVM780105	1.0213415659793827	0.9960754716763872	0.047632280078303946	0.03794415388397999	17	48	0.04062410144431858	0.6219483854338663	0.025266094302995534	0.061021035731502575	0.18441163837089453	0.7342116737338088
WERD780101	0.5386895452680369	0.5147292537176933	0.055301228908926754	0.03156312281355287	17	48	0.03898604932075491	0.6145862935023771	0.023960291550343626	0.061021035731502575	0.18441163837089453	0.7342116737338088
ZIMJ680101	1.2874378476554595	1.0733869094772386	0.40821435421888685	0.19133589433586343	17	48	0.26388027268052705	0.811166882631529	0.21405093817822096	0.061021035731502575	0.18441163837089453	0.7342116737338088
FAUJ880112	0.0703951697058521	0.10924901566371402	0.05216017200677657	0.07021341939142985	17	48	0.06609725602982544	-0.5878284257417535	-0.03885384595786191	0.06181862662044644	0.18579554264496814	0.7309647092224343
NAKH920105	6.691608352115826	5.307750301797137	2.65072951390253	1.2465221479568473	17	48	1.7157130599872898	0.8065789569317264	1.3838580503186888	0.06310996708529706	0.18761495649813856	0.7267325430054908
RACS770101	0.9413550720154593	0.9592305631889625	0.03487326124888975	0.020637032653330698	17	48	0.025031727197432515	-0.7141133742995031	-0.017875491173503177	0.06310996708529706	0.18761495649813856	0.7267325430054908
GEIM800110	0.9460998481357268	0.9889985114982389	0.07741118962751439	0.056014776495652015	17	48	0.062150568604847745	-0.6902376651654003	-0.042898663362512135	0.06525765687468656	0.19088737064413663	0.7192228041416929
KYTJ820101	-0.3105433792945472	-0.8139207538399943	1.1838908720148602	0.5828909140016764	17	48	0.7806627930635675	0.6448076929221068	0.5033773745454471	0.06525765687468656	0.19088737064413663	0.7192228041416929
SUEM840102	22.14644858861065	18.754697299434866	7.016873098587719	4.892463552105986	17	48	5.510142899819493	0.6155468834187392	3.391751289175783	0.06525765687468656	0.19088737064413663	0.7192228041416929
FINA910103	1.0520077683811964	1.0826185809806157	0.06242790132822427	0.05804322637497697	17	48	0.05918757428647017	-0.5171830906815307	-0.030610812599419335	0.06746526594718359	0.19220573163077825	0.7162336656867015
JANJ790102	-0.1251109333964196	-0.21023791510838974	0.2125626756055608	0.1635939974645738	17	48	0.1773162840565452	0.48008552719739833	0.08512698171197014	0.06746526594718359	0.19220573163077825	0.7162336656867015
JURD980101	-0.392255221599492	-0.8904346901611296	1.1743507608674633	0.5887365474384205	17	48	0.7802756869374152	0.6384659638915494	0.49817946856163764	0.06746526594718359	0.19220573163077825	0.7162336656867015
NAKH920108	6.198740020275187	5.173108520508542	2.12353384510889	0.9974847690522067	17	48	1.3738729955179625	0.7465257000556826	1.0256314997666447	0.06746526594718359	0.19220573163077825	0.7162336656867015
RADA880105	-3.8622667178248586	-4.59421347728697	1.9341117257850216	1.296159134244424	17	48	1.4843840593468594	0.49309796535013556	0.7319467594621112	0.06746526594718359	0.19220573163077825	0.7162336656867015
BIOV880102	-5.773542971593515	-18.724583514871362	32.04141502787729	18.6525370804965	17	48	22.809960922899887	0.5677800407924307	12.951040543277848	0.0697339604663001	0.19561269935931358	0.70860295382939
FAUJ880109	0.8000693563454069	0.924794818739815	0.3102137961122619	0.26363079743810314	17	48	0.2762066705110688	-0.45156571404892915	-0.12472546239440807	0.0697339604663001	0.19561269935931358	0.70860295382939
MUNV940103	0.926078370702238	0.9498609665679013	0.05163588923963491	0.03850145564894585	17	48	0.042226009252218054	-0.5632214904233244	-0.023782595865663336	0.0697339604663001	0.19561269935931358	0.70860295382939
JANJ780101	46.190665035860505	48.71056319916812	7.295641425454233	6.071603545280685	17	48	6.404670310661472	-0.3934469755785699	-2.519898163307616	0.07206491126906046	0.20009901758465012	0.6987550435907389
JANJ790101	1.2996848304583162	1.1242342431085315	0.37851433667182255	0.2221651252626252	17	48	0.27057155156589224	0.6484443258516676	0.1754505873497847	0.07206491126906046	0.20009901758465012	0.6987550435907389
CHOP780213	0.08255518291572227	0.0894677494611104	0.012577095481343422	0.010943357797221796	17	48	0.01138051526591454	-0.6074036529867647	-0.006912566545388132	0.07445929320151608	0.20466951447853918	0.6889468406776288
QIAN880135	-0.03567224026796315	0.03861123743594923	0.14254203302196708	0.10880129990548032	17	48	0.11828568278169592	-0.6280005826318599	-0.07428347770391239	0.07445929320151608	0.20466951447853918	0.6889468406776288
AURR980102	1.0009066881630906	1.022826893404868	0.04009754834065213	0.03889208396289356	17	48	0.03920174544437732	-0.5591640115331016	-0.021920205241777513	0.07691828443240586	0.2093248835051045	0.6791791418160948
JANJ780102	37.749897521485124	34.73473164909536	6.883185148045058	4.746267999748484	17	48	5.370146196779984	0.5614681168638763	3.0151658723897654	0.07691828443240586	0.2093248835051045	0.6791791418160948
CHOP780211	0.9887303888456479	1.0582717543715294	0.12427825656886779	0.10219067872389692	17	48	0.10822810254281515	-0.6425444398636749	-0.06954136552588153	0.07944306574513989	0.2151255295177798	0.6673080476748804
FINA910101	1.186601103146654	1.2451298131449724	0.14675000678344213	0.11533385538955647	17	48	0.12406848129535404	-0.4717451957760863	-0.058528709998318496	0.08203481980831859	0.2199659138977954	0.6576446126005752
chargecounter	0.15622297145057606	0.2166308532210635	0.11236596167975191	0.13336098023054554	17	48	0.1283546580159022	-0.47063256374383666	-0.06040788177048745	0.08196797416703146	0.2199659138977954	0.6576446126005752
ARGP820101	0.8826383171594584	0.7576896858535327	0.2910804848499697	0.14084183829329905	17	48	0.19056963394318863	0.6556586625085011	0.1249486313059257	0.08469473042503356	0.22273085356967962	0.6522196185881558
JOND750101	1.2542422309349708	1.0768703632840957	0.41314488251963605	0.20026087373704432	17	48	0.2706818764223217	0.6552779594823592	0.1773718676508751	0.08469473042503356	0.22273085356967962	0.6522196185881558
MEIH800103	85.43562552994352	83.71340130706156	4.809267298687888	2.58121382170199	17	48	3.293114694137501	0.5229772974345279	1.7222242228819624	0.08469473042503356	0.22273085356967962	0.6522196185881558
TAKK010101	9.71261971865606	8.671041139567347	2.1622512204892086	1.3277118831575394	17	48	1.5819305622991113	0.6584224389564394	1.0415785790887124	0.08469473042503356	0.22273085356967962	0.6522196185881558
AURR980118	1.0328229186018827	1.0043619869188336	0.06007275611939503	0.039998866531395165	17	48	0.045935689113498344	0.6195821208369714	0.028460931683049084	0.08742398176123302	0.2255703680348795	0.6467179518702926
GEOR030103	0.9856301400194923	0.9949110597690204	0.0197399840057981	0.020500511208163662	17	48	0.020310059516766916	-0.4569617209573517	-0.00928091974952805	0.08742398176123302	0.2255703680348795	0.6467179518702926
LIFS790103	1.040907064288117	0.9976391316298046	0.07306477108000828	0.06438879521961914	17	48	0.0666992145559266	0.648702281524362	0.043267932658312525	0.08742398176123302	0.2255703680348795	0.6467179518702926
PARS000102	0.3581536946872	0.36359926993681313	0.01721863332175509	0.012016495744452965	17	48	0.013528524435545359	-0.40252543989980405	-0.005445575249613144	0.08742398176123302	0.2255703680348795	0.6467179518702926
CHOC760103	0.27995941850256856	0.25266740736872917	0.06973893895111563	0.03779754394854829	17	48	0.04796875092892753	0.5689539670164927	0.02729201113383939	0.09022375755346858	0.22848331195253385	0.6411455145945494
GUYH850104	0.12218043606331588	0.20252224517938985	0.21161173099508795	0.16121881991379614	17	48	0.17539403557905187	-0.4580646591021797	-0.08034180911607397	0.09022375755346858	0.22848331195253385	0.6411455145945494
OOBM770101	-1.7488194752487998	-1.7277244362585458	0.06164565819661009	0.04696355670588321	17	48	0.051093603914283116	-0.412870445107845	-0.021095038990254	0.09022375755346858	0.22848331195253385	0.6411455145945494
OOBM770103	-0.5349374798899766	-0.519643134208647	0.04170688103136349	0.022479869196815452	17	48	0.02861418651476414	-0.5345022013272376	-0.01529434568132959	0.09022375755346858	0.22848331195253385	0.6411455145945494
BHAR880101	0.44425797475627526	0.45253892693803277	0.015896195269616706	0.015714284507712065	17	48	0.01576068297382766	-0.5254183588051948	-0.008280952181757506	0.09309524029637835	0.23252555453022353	0.6335293112402792
FASG760102	268.9476026623876	264.4429999007144	15.74274911835061	7.0069084968459	17	48	9.978464454635175	0.45143246059074044	4.504602761673198	0.09309524029637835	0.23252555453022353	0.6335293112402792
PONP800103	2.644837393195818	2.609773659173653	0.0944377113095238	0.055663936619562177	17	48	0.06765035829249284	0.518308179101779	0.035063734022164894	0.09309524029637835	0.23252555453022353	0.6335293112402792
CHOP780207	1.0538158521491037	1.0220498956892625	0.08401248218084892	0.08292425900430976	17	48	0.08320198152511489	0.38179326835205785	0.03176595645984115	0.09603961041029717	0.23663813916411058	0.6259152584669259
KRIW790103	67.62256875431606	63.71441761940051	6.860962335011166	8.262602815664843	17	48	7.930134724533025	0.4928227918783173	3.908151134915556	0.09603961041029717	0.23663813916411058	0.6259152584669259
NAKH900110	0.06295386022030215	0.00362631516551866	0.141169546496576	0.10784195154427918	17	48	0.1172073268088809	0.5061760784931424	0.05932754505478349	0.09603961041029717	0.23663813916411058	0.6259152584669259
BULH740102	0.6947827601177508	0.6785261389496489	0.03226974073576247	0.01774668636099452	17	48	0.022347823261012048	0.7274364477574489	0.016256621168101892	0.09905804538942081	0.2429809454170995	0.6144277824703092
CHAM830103	1.018688289000513	0.9629735271114352	0.10758280839847807	0.1436000906898646	17	48	0.1353637846795678	0.4115928201990306	0.055714761889077646	0.10215171893099086	0.24507451866338595	0.6107018416617176
HOPA770101	2.0620476890233665	2.2706546581117286	0.4227410298230232	0.499930732887874	17	48	0.48150070174117227	-0.43324333346558125	-0.20860696908836207	0.10215171893099086	0.24507451866338595	0.6107018416617176
OLSK800101	1.0194102979686943	0.926718865753361	0.2616179391303435	0.1403221674621068	17	48	0.17908709148558677	0.5175774057550833	0.09269143221533327	0.10215171893099086	0.24507451866338595	0.6107018416617176
PRAM820102	0.11887590097279009	0.12369147597054296	0.00910311625855737	0.009889553180215699	17	48	0.009695867986531695	-0.4966625994126645	-0.0048155749977528695	0.10215171893099086	0.24507451866338595	0.6107018416617176
ROSG850101	124.65735574953291	120.71862763161614	7.5108555745612025	7.887536425424527	17	48	7.793596347677391	0.5053800507759897	3.9387281179167672	0.10215171893099086	0.24507451866338595	0.6107018416617176
BIGC670101	83.02419206120413	80.36909493500403	4.909692611166395	6.008858918149085	17	48	5.74964653571231	0.4617844087821253	2.655097126200104	0.10532180004600093	0.2472576164170065	0.6068503217047698
CHOP780209	1.0379464577515918	0.9857895182846583	0.11064121850488703	0.06662955877733037	17	48	0.08013085315772417	0.6508970940852364	0.05215693946693345	0.10532180004600093	0.2472576164170065	0.6068503217047698
CIDH920103	0.04457856414888525	-0.1365251516689711	0.39385299962540277	0.15309651769396937	17	48	0.23849842834441976	0.7593497243357986	0.18110371581785636	0.10532180004600093	0.2472576164170065	0.6068503217047698
KARP850101	1.0531896021423761	1.0620353411802186	0.02385427605900988	0.017395718508239996	17	48	0.019242455472471744	-0.4596990779319814	-0.00884573903784247	0.10532180004600093	0.2472576164170065	0.6068503217047698
OOBM850105	5.258792858198314	5.509982172739992	0.924881930385203	0.45363940717467577	17	48	0.6089097049634054	-0.4125230924949279	-0.25118931454167814	0.10532180004600093	0.2472576164170065	0.6068503217047698
FUKS010103	5.889737871157703	6.26025635771281	0.9438586827907637	0.5868848315565133	17	48	0.6951338373850711	-0.5330174804163035	-0.370518486555107	0.10856945215196652	0.2516419081657868	0.5992170302795533
NAKH900111	6.221347204703974	5.418006592444292	1.8317294788209229	1.0135200947436893	17	48	1.2721885050025559	0.6314635048978599	0.8033406122596825	0.10856945215196652	0.2516419081657868	0.5992170302795533
SNEP660102	0.02677843377217849	0.009184204402961051	0.06511207790095988	0.05765639164063406	17	48	0.05963826397369353	0.2950157867938319	0.017594229369217437	0.10856945215196652	0.2516419081657868	0.5992170302795533
JANJ780103	33.33164226675629	35.31669473736264	6.834088352214307	5.53473000376083	17	48	5.891934653805333	-0.336910130074897	-1.9850524706063482	0.11189583214833465	0.2582574691356078	0.5879471092760238
CHOC760104	0.09560422135622099	0.08683863492855272	0.027642314090930164	0.01740556492152745	17	48	0.020495599176868995	0.42768139404096894	0.008765586427668268	0.11530208947514978	0.26389222988663985	0.5785733970745153
QIAN880124	-0.061272350653995084	-0.007567199511635552	0.11579010417855344	0.06298791326293546	17	48	0.07978035331410552	-0.6731626134935181	-0.053705151142359533	0.11530208947514978	0.26389222988663985	0.5785733970745153
MONM990101	1.0052385033689841	1.0437069659007743	0.17272626088289061	0.10174541494990921	17	48	0.1236931600394172	-0.3109991087585719	-0.03846846253179015	0.11878936515563003	0.27074076141720677	0.5674463540340655
CHAM830105	0.3476160981495599	0.39977697195567913	0.17335061344747954	0.10217730257163606	17	48	0.1241796201284314	-0.42004375397647714	-0.05216087380611922	0.12235879082334367	0.2743043384441352	0.5617673234656573
DESM900101	0.9374349460511514	0.8984241518087593	0.14314974642648323	0.11262551593110892	17	48	0.12110872852377362	0.32211381225701047	0.039010794242392066	0.12235879082334367	0.2743043384441352	0.5617673234656573
OOBM850101	1.5855070189712104	1.4149484594164725	0.453811703793567	0.2661482361299941	17	48	0.3242662175203058	0.5259831284893479	0.17055855955473787	0.12235879082334367	0.2743043384441352	0.5617673234656573
RICJ880104	0.8905653481504683	0.9415153616989914	0.13340106956978573	0.1214118228777006	17	48	0.12456607670379385	-0.40901997475345847	-0.05095001354852313	0.12235879082334367	0.2743043384441352	0.5617673234656573
CHAM810101	0.6472854867865532	0.6035063332920446	0.08202453541119238	0.06730108735721702	17	48	0.07132887162788366	0.6137648401744035	0.04377915349450856	0.12601148773471485	0.2779366281890686	0.5560542154674645
GOLD730102	137.46192535864174	133.03219280468022	8.208521330967244	10.037618012129112	17	48	9.606136101846728	0.4611357268933471	4.429732553961514	0.12601148773471485	0.2779366281890686	0.5560542154674645
PONP800106	11.629235028712799	11.499154509770495	0.33426631543364116	0.23808352919752548	17	48	0.2658284611367013	0.489340074370029	0.13008051894230377	0.12601148773471485	0.2779366281890686	0.5560542154674645
RACS770103	1.6934371450150323	1.7597414143108878	0.3965508625251553	0.22167555430274	17	48	0.2767619973383865	-0.2395714365899296	-0.06630426929585553	0.12601148773471485	0.2779366281890686	0.5560542154674645
AURR980119	0.9730005840344846	0.9856908352068929	0.04681074527443969	0.05280589194707192	17	48	0.05134966631221696	-0.24713405332079186	-0.012690251172408296	0.12974856576762403	0.28163676775750135	0.5503106485646065
EISD860102	1.5445889848796208	1.8044006358947091	0.4495460978513242	0.6935488254642259	17	48	0.6404479564587212	-0.40567176207678934	-0.2598116510150883	0.12974856576762403	0.28163676775750135	0.5503106485646065
YANJ020101	0.6702241680382456	0.6358020956416557	0.06395835343638083	0.0764620908610793	17	48	0.07348835870605755	0.46840170338098097	0.0344220723965899	0.12974856576762403	0.28163676775750135	0.5503106485646065
ZIMJ680103	10.467850790695742	13.328334214027183	5.0728970205831025	6.7971345846469635	17	48	6.403368854550389	-0.44671539127387805	-2.8604834233314413	0.12974856576762403	0.28163676775750135	0.5503106485646065
AVBF000101	0.2799555496543927	0.26891477680590403	0.028837787135353093	0.026656005289160557	17	48	0.02722667649441415	0.4055130581491935	0.011040772848488645	0.13357112240690636	0.2876511966794401	0.5411338148934918
HARY940101	140.5289125247383	136.98595405611474	7.157303462116098	9.972044039320327	17	48	9.3379155543594	0.37941641772178364	3.542958468623567	0.13357112240690636	0.2876511966794401	0.5411338148934918
LEVM780102	1.0122559599531116	0.9902637371793737	0.06319689574322664	0.03914791293651257	17	48	0.046450492369743066	0.4734551056785614	0.021992222773737913	0.14147699330671945	0.3011202931469865	0.5212599754577499
PRAM900103	1.0122559599531116	0.9902637371793737	0.06319689574322664	0.03914791293651257	17	48	0.046450492369743066	0.4734551056785614	0.021992222773737913	0.14147699330671945	0.3011202931469865	0.5212599754577499
RACS820111	1.145783738193084	1.1194094820574492	0.07999447479133041	0.062362022347726725	17	48	0.06727931378881083	0.392011372446862	0.02637425613563482	0.14147699330671945	0.3011202931469865	0.5212599754577499
FUKS010107	5.960883084388184	5.66490579008869	0.9994328094500757	0.5918576469984609	17	48	0.7176432144253858	0.4124295866665201	0.2959772942994947	0.14556243127476573	0.30390324392098034	0.517264664153481
PALJ810114	0.9415773968725931	0.9990092426091055	0.13581766464615805	0.08049885284495122	17	48	0.09756610115984422	-0.5886454931966668	-0.05743184573651239	0.14556243127476573	0.30390324392098034	0.517264664153481
QIAN880119	-0.014875133648291409	-0.05753053800989288	0.1288018273756191	0.08583699690801344	17	48	0.09853966275498241	0.43287548555614175	0.042655404361601465	0.14556243127476573	0.30390324392098034	0.517264664153481
RICJ880112	1.0692933169778969	0.97763387192984	0.2168724489018888	0.1690350421595709	17	48	0.18237682440067793	0.5025827450898207	0.0916594450480569	0.14556243127476573	0.30390324392098034	0.517264664153481
TANS770106	0.9907073848068806	1.0514943118170432	0.11429660481820694	0.07752263483351915	17	48	0.08832462587896041	-0.6882217321074727	-0.06078692701016264	0.14556243127476573	0.30390324392098034	0.517264664153481
FUKS010108	6.0082240771666005	5.334376346929921	1.5168693847014703	0.750768781224267	17	48	1.0024257130246652	0.672217124402613	0.6738477302366794	0.14973759315741594	0.30908099417776047	0.5099276994902255
GRAR740101	0.5526461250106066	0.6323701366980089	0.1713524742807443	0.10678424409785413	17	48	0.12634808571291145	-0.6309870959861746	-0.07972401168740229	0.14973759315741594	0.30908099417776047	0.5099276994902255
ROBB760107	-0.21269340110690382	0.19966826589512165	0.8632822985349814	0.7105997092899538	17	48	0.7523175065643419	-0.5481218546743446	-0.4123616670020255	0.14973759315741594	0.30908099417776047	0.5099276994902255
PONP800107	3.8582796055923425	3.5525043364707587	0.6911852661596265	0.3688314258153468	17	48	0.4720356847880707	0.6477799856569475	0.3057752691215838	0.15400349885887313	0.31669140554813385	0.49936372246221206
CHOP780203	1.0258934354503322	1.0794413039876325	0.13094371141885475	0.0889719077902677	17	48	0.10129260668320819	-0.52864537986243	-0.053547868537300314	0.1583611495775882	0.32082795858866947	0.4937277920970504
JOND750102	2.1737022954216165	2.137754147134558	0.056345573653498626	0.07657459506064834	17	48	0.0719776865043292	0.4994346169336291	0.0359481482870585	0.1583611495775882	0.32082795858866947	0.4937277920970504
LEVM780106	0.9913553003020301	1.040821856441398	0.11382546546907008	0.09086597421597956	17	48	0.09721202266820143	-0.5088522466835645	-0.0494665561393679	0.1583611495775882	0.32082795858866947	0.4937277920970504
RACS820112	1.1570998545143338	1.1910203792828278	0.09753821813549934	0.05878293695094499	17	48	0.07066853622324508	-0.4799947272338779	-0.03392052476849394	0.1583611495775882	0.32082795858866947	0.4937277920970504
QIAN880138	0.04541179877832079	0.02823625464367556	0.06113851181864428	0.05574352624310225	17	48	0.05716193868899258	0.30047168673011876	0.017175544134645233	0.16281152672549914	0.32862695615811083	0.48329681573185007
CHOC760102	43.92616900620287	46.02854617338804	7.817667837214956	5.706165980246665	17	48	6.309718386959446	-0.33319667190381064	-2.1023771671851677	0.17199428050268695	0.33480737165469665	0.47520498845143994
COHE430101	0.7368965280282317	0.718028998847274	0.04427401501873721	0.020372854763287828	17	48	0.028415990194644074	0.663975777430902	0.018867529180957687	0.17199428050268695	0.33480737165469665	0.47520498845143994
GEIM800111	0.9835985428129302	1.028726042593625	0.10247743544855592	0.0678305872719844	17	48	0.0780996981064359	-0.5778191321456091	-0.04512749978069486	0.17199428050268695	0.33480737165469665	0.47520498845143994
LIFS790102	1.0106687111763688	0.9116517672146291	0.27824450227842074	0.12385530331194122	17	48	0.17637021165447658	0.5614153491844859	0.09901694396173966	0.17199428050268695	0.33480737165469665	0.47520498845143994
QIAN880116	-0.04546254849167444	-0.014685115817210008	0.06256425188029202	0.0502826408776735	17	48	0.053668698064807806	-0.5734708272091685	-0.030777432674464436	0.1673555908418485	0.33480737165469665	0.47520498845143994
QIAN880126	0.010760688036439767	0.0637335508597375	0.1126595312834816	0.07484626135598516	17	48	0.0860386562490296	-0.6156867753719155	-0.05297286282329774	0.1673555908418485	0.33480737165469665	0.47520498845143994
RACS820105	1.1556658660816392	1.13836012253383	0.08002444902741453	0.05555250155179258	17	48	0.06267937804481825	0.27609947781286104	0.017305743547809227	0.17199428050268695	0.33480737165469665	0.47520498845143994
TANS770104	0.9622757691258546	1.0168522207215531	0.10229834315280269	0.11102604788975773	17	48	0.10887578707894896	-0.5012726250706562	-0.05457645159569857	0.17199428050268695	0.33480737165469665	0.47520498845143994
TSAJ990101	136.70851213577546	133.5207793737708	7.184987888572019	9.579014954666967	17	48	9.031328724970699	0.3529638726570657	3.187732762004657	0.17199428050268695	0.33480737165469665	0.47520498845143994
WILM950104	0.9589671483263906	0.6503342735450343	0.7986236575869857	0.43416719719797914	17	48	0.5500988400955422	0.5610498555636882	0.30863287478135637	0.17199428050268695	0.33480737165469665	0.47520498845143994
QIAN880122	-0.01610733845282775	-0.039127166898630515	0.13510089888584506	0.07027527139565173	17	48	0.09121324162900085	0.2523737566463564	0.023019828445802765	0.17672851122719907	0.34280317603290034	0.4649551630406328
GRAR740103	78.08371467397585	74.06323509272816	8.576586586896019	10.293604027802175	17	48	9.885828194012142	0.4066912252918672	4.020479581247685	0.1815591743820146	0.3460378689441184	0.46087637122593017
JOND920102	79.97287004147441	81.14960058454702	3.716123918611474	4.527666695593761	17	48	4.33597395707618	-0.271387825370173	-1.1767305430726083	0.1815591743820146	0.3460378689441184	0.46087637122593017
OOBM850104	-1.8590401704697046	-0.9182551260304147	2.6082856009121005	1.322016374651108	17	48	1.74116200604951	-0.540320223603902	-0.9407850444392899	0.1815591743820146	0.3460378689441184	0.46087637122593017
RICJ880114	1.079364786615683	1.0840975592202482	0.334867697541977	0.13071001227344572	17	48	0.20303968027283867	-0.023309594450727136	-0.004732772604565172	0.1815591743820146	0.3460378689441184	0.46087637122593017
WEBA780101	0.8166723890521647	0.8274979109506893	0.03082824041375936	0.02237446346639078	17	48	0.024796014604358717	-0.4365831393171405	-0.010825521898524593	0.1815591743820146	0.3460378689441184	0.46087637122593017
TSAJ990102	138.38437570583923	135.32841837476755	7.188909244879573	9.749299284756692	17	48	9.167040663932793	0.33336356225572056	3.0559573310716814	0.1864871360846976	0.35297046172432384	0.452261636954624
VASM830103	0.27370787298556126	0.25415626081387416	0.04920119904696826	0.03609844810093985	17	48	0.039836517446252974	0.4907962197766394	0.019551612171687105	0.1864871360846976	0.35297046172432384	0.452261636954624
AVBF000108	-0.4798292694267175	-0.49123844814642387	0.04572959587385281	0.033439816447296954	17	48	0.03695031783481947	0.30877078705274724	0.01140917871970637	0.19151323610763007	0.3587593840783344	0.44519673025756923
LEVM760107	0.14866435508070214	0.14067843548410258	0.02093063786260529	0.020942916194867166	17	48	0.020939798570305954	0.3813751870528558	0.007985919596599556	0.19151323610763007	0.3587593840783344	0.44519673025756923
WILM950102	1.026792436579551	0.5547715568766957	1.075768552008957	0.6238646887146484	17	48	0.7643773654755995	0.6175233608718406	0.47202087970285544	0.19151323610763007	0.3587593840783344	0.44519673025756923
FASG760105	2.186796902719618	2.165862959333091	0.044890231633902766	0.04065455366274418	17	48	0.041770990315795474	0.5011598534835534	0.020933943386526987	0.19663828678353115	0.3633822394276741	0.4396363029692353
MITS020101	0.8461377485357855	0.9675902693750125	0.44723706075064545	0.33461781091442566	17	48	0.3665125768659232	-0.33137340573078466	-0.12145252083922697	0.19663828678353115	0.3633822394276741	0.4396363029692353
PONP800105	14.15496764387052	14.077714333342009	0.4313528811955228	0.2944653447988178	17	48	0.33457880122323935	0.23089720641615513	0.07725331052851203	0.19663828678353115	0.3633822394276741	0.4396363029692353
WILM950103	0.7869667895201394	0.5989958897556319	0.5652128005687969	0.4681141008740803	17	48	0.49458329897500813	0.3800591329186915	0.18797089976450754	0.19663828678353115	0.3633822394276741	0.4396363029692353
GEIM800105	1.0216955089491375	1.004599732395819	0.040380960089893884	0.04699702923074026	17	48	0.045408171168856926	0.37649119339656895	0.01709577655331862	0.20186307191387606	0.3705338937479537	0.4311720597644006
PRAM900104	0.9941641252840985	1.0415798040899267	0.1221403622976514	0.09977870967527813	17	48	0.10590610262742305	-0.4477143207944894	-0.0474156788058282	0.20186307191387606	0.3705338937479537	0.4311720597644006
CHOC750101	143.974734639459	141.0073451543344	7.541561006179216	10.326244580138791	17	48	9.695093386433108	0.3060712637669947	2.967389485124613	0.20718834568149924	0.3752716062509274	0.4256542938737112
CHOP780214	0.08756262367960929	0.09331528851229144	0.02175340809498576	0.013509360265278686	17	48	0.016010415515896794	-0.3593076536314945	-0.00575266483268215	0.20718834568149924	0.3752716062509274	0.4256542938737112
LEVM780103	0.9939365741826947	1.0408956286970472	0.12337650012634019	0.10022778229412325	17	48	0.10658417678536744	-0.4405818568070922	-0.04695905451435256	0.20718834568149924	0.3752716062509274	0.4256542938737112
QIAN880134	-0.010774161649903899	0.05620149240589772	0.16146804921140567	0.14074464344793117	17	48	0.146286111463314	-0.457840142073897	-0.06697565405580161	0.20718834568149924	0.3752716062509274	0.4256542938737112
NAGK730103	0.9889940405078144	1.0284309502171753	0.11383440607212313	0.08456087398329203	17	48	0.09287368092226073	-0.42462955401080066	-0.03943690970936098	0.21814322128209188	0.3899488302003407	0.4089923781520241
NAKH900113	1.2047815967372115	1.179006219317686	0.197225547554341	0.2119770343366366	17	48	0.20832960113910565	0.12372402807181876	0.025775377419525514	0.21814322128209188	0.3899488302003407	0.4089923781520241
ROBB760102	-1.2439254101388995	-0.9181292768245052	0.7801993091374462	0.9455434418051228	17	48	0.906413114123498	-0.35943448769432174	-0.3257961333143943	0.21814322128209188	0.3899488302003407	0.4089923781520241
SUYM030101	0.04713938208255947	0.03009355597959306	0.0514854563414367	0.04679802772189236	17	48	0.04803184115390655	0.3548859609263599	0.017045826102966406	0.21814322128209188	0.3899488302003407	0.4089923781520241
DAYM780201	77.16182404350583	79.01339841841187	5.1670294288115635	5.787805842741162	17	48	5.636628824934092	-0.32848967572876975	-1.8515743749060363	0.22377417368577313	0.39741712014973346	0.40075342805054237
PONJ960101	144.31437075725242	141.78025208686702	6.822026772817373	10.071543116536516	17	48	9.353831134118028	0.27091772708427647	2.5341186703853964	0.22377417368577313	0.39741712014973346	0.40075342805054237
TANS770103	1.0146120872291977	0.9935097065738718	0.05540320511429146	0.05277416808532744	17	48	0.05345411095221896	0.3947756361374838	0.02110238065532588	0.2295083137437778	0.40628170750112125	0.391172730984354
AURR980116	1.036875062192963	1.0355064856145033	0.12269188117698959	0.0595100804706512	17	48	0.08040580589440156	0.01702086762561719	0.0013685765784596793	0.23534623147356679	0.41393694088759175	0.38306581421836206
RICJ880115	1.1155807459311757	1.0888546070266762	0.22229842610951694	0.2966218563684446	17	48	0.27962384457784056	0.09557889794716548	0.026726138904499486	0.23534623147356679	0.41393694088759175	0.38306581421836206
FUKS010105	5.976736565007324	5.435784694906597	1.5911551048204937	0.7761416307601088	17	48	1.0451778700183367	0.5175691962280418	0.5409518701007272	0.24128848091170016	0.4189993620911111	0.37778663822826625
FUKS010106	5.989844604880002	5.4762971215721326	1.446809467815626	0.7202081793629618	17	48	0.9584297160209558	0.5358217454274349	0.5135474833078693	0.24128848091170016	0.4189993620911111	0.37778663822826625
MAXF760102	1.0068102296976378	0.9935593438414516	0.04366334881244088	0.03548905635182336	17	48	0.037733199803563613	0.3511731293706695	0.013250885856186168	0.24128848091170016	0.4189993620911111	0.37778663822826625
MCMT640101	15.617074161895067	15.165446463256751	1.3892837264296143	2.2275010578279493	17	48	2.04739289738179	0.22058672725487022	0.4516276986383154	0.24128848091170016	0.4189993620911111	0.37778663822826625
PALJ810110	1.0251104184671247	1.01505043530932	0.03687032047586755	0.044991468590056295	17	48	0.04307425188780414	0.2335498056706379	0.010059983157804764	0.2534880050456627	0.4360312539621934	0.3604823801423156
QIAN880128	0.022936591341416922	0.012560918103256814	0.04465491503287396	0.04350485360115428	17	48	0.04379979351763514	0.23688863359555665	0.010375673238160108	0.2534880050456627	0.4360312539621934	0.3604823801423156
RICJ880116	1.0097105006785785	0.9941756343888707	0.09186298016584891	0.06514703602474937	17	48	0.07286596961188922	0.2131978257127733	0.015534866289707794	0.2534880050456627	0.4360312539621934	0.3604823801423156
CHOP780216	0.9929608912102271	1.0601772802522067	0.16633104056696169	0.11668701724053801	17	48	0.13108834174699885	-0.5127564217091672	-0.06721638904197957	0.2597461988004897	0.4440036585745871	0.35261345129932486
ISOY800103	1.002956001545572	1.0487212193463735	0.15049121347547734	0.09565789752232813	17	48	0.11215296054217345	-0.4080607197488302	-0.04576521780080145	0.2597461988004897	0.4440036585745871	0.35261345129932486
FAUJ880111	0.11911843942957663	0.13709155138526166	0.10376735447387381	0.09089942902594896	17	48	0.0943339065221145	-0.19052653089768556	-0.01797311195568503	0.2660008322979915	0.45065782213713	0.3461530864159652
ROSM880104	0.20911294425119284	0.05315207678920431	0.48262586429726473	0.22997066435845614	17	48	0.3140242989813526	0.4966522271298815	0.15596086746198853	0.26611056042101094	0.45065782213713	0.3461530864159652
SNEP660103	-0.018914991730626354	-0.030836224009321272	0.038276649196825115	0.029633066544156064	17	48	0.03204986336346996	0.3719589111347848	0.011921232278694918	0.26611056042101094	0.45065782213713	0.3461530864159652
FAUJ880104	4.6536045395674375	4.694493528731115	0.3862463842636974	0.4135582522229425	17	48	0.40679565528200967	-0.1005148128618329	-0.04088898916367789	0.2791591819807067	0.4684051305013699	0.3293783566905547
FINA910102	1.389373831997022	1.4138202667461963	0.4932575287110734	0.35834248566290694	17	48	0.3969744039276278	-0.06158189169705567	-0.024446434749174406	0.2791591819807067	0.4684051305013699	0.3293783566905547
PALJ810112	1.0025094717507352	0.986009225533938	0.08165192766885065	0.05357653339883356	17	48	0.06192462243719733	0.26645695310506656	0.016500246216797243	0.2791591819807067	0.4684051305013699	0.3293783566905547
PALJ810106	1.0116938955031973	1.0525477609169576	0.12652641505076115	0.09713229894926734	17	48	0.10537710541311476	-0.38769204424052955	-0.04085386541376024	0.28584403374200407	0.47669721480754945	0.3217573855121146
WARP780101	7.2646128484319465	7.146486992777288	0.5359025791366219	0.33937724081789317	17	48	0.398576435753811	0.2963693913094781	0.11812585565465827	0.28584403374200407	0.47669721480754945	0.3217573855121146
QIAN880133	0.037542486660623944	0.11669739281526352	0.23900056851628804	0.17947464190242243	17	48	0.1963097754910114	-0.4032142869944035	-0.07915490615463958	0.29263623521753185	0.48654109624313047	0.31288047067244945
CHOP780101	1.0144450258262978	1.0543879480415494	0.13873718320919529	0.10222097472289418	17	48	0.11262221557061747	-0.3546629056520935	-0.03994292221525164	0.3065433874648649	0.5081188877069125	0.294034661270714
ISOY800102	0.9985659482335602	0.9852241817051349	0.05506494382699984	0.044735209345838224	17	48	0.04757160009019004	0.2804565434656568	0.013341766528425225	0.31365857414585835	0.5136863474783968	0.28930197660306717
NAKH920103	5.555944406466756	5.65453476960359	0.4030381904712177	0.35525133258408476	17	48	0.3679760487565218	-0.2679260334198226	-0.09859036313683411	0.31365857414585835	0.5136863474783968	0.28930197660306717
OOBM770104	-13.630837044282641	-13.407908115391189	0.6691240574623303	0.7419055457901549	17	48	0.7241147030014842	-0.30786411043361356	-0.22292892889145222	0.31365857414585835	0.5136863474783968	0.28930197660306717
QIAN880103	-0.009661305043217222	2.86015145639089e-4	0.07979449718472023	0.06516192831287315	17	48	0.06917199668088031	-0.14380559570583898	-0.00994732018885631	0.31365857414585835	0.5136863474783968	0.28930197660306717
CHAM820101	0.15389956409229427	0.14955085351566452	0.015538682989539964	0.021511431959593205	17	48	0.02016285711265024	0.2156792835625143	0.00434871057662975	0.3208815807728532	0.5223875734605676	0.2820071625938043
QIAN880139	0.03578138531773009	0.016211695091924484	0.05998662301763277	0.03947736531480621	17	48	0.0455690737773465	0.4294511299796086	0.019569690225805608	0.3208815807728532	0.5223875734605676	0.2820071625938043
AURR980117	1.073617531764994	1.0752201868582776	0.1637567865388151	0.16653756812279705	17	48	0.16583575529335973	-0.009664110676545233	-0.0016026550932835004	0.32821240761476955	0.5280358440155263	0.2773365957809845
LEWP710101	0.3475414551879419	0.36162091473876	0.060670825763749645	0.054872222354725074	17	48	0.056401387820728316	-0.24962966506373319	-0.01407945955081813	0.32821240761476955	0.5280358440155263	0.2773365957809845
QIAN880118	0.03735892369733822	0.020365124610522378	0.0608613095434986	0.06906271103116911	17	48	0.06707488264706522	0.2533556290546769	0.01699379908681584	0.32821240761476955	0.5280358440155263	0.2773365957809845
TANS770110	1.0040933138033294	1.0369751564946814	0.10848190662077407	0.06688554780305926	17	48	0.07953794948846585	-0.41341074170035413	-0.03288184269135197	0.32821240761476955	0.5280358440155263	0.2773365957809845
GEIM800108	1.013585109401536	1.0444359985909428	0.11611632978095836	0.08077535757302985	17	48	0.0910596330903148	-0.3387987425647573	-0.030850889189406816	0.33565100654399255	0.5384196497934426	0.2688790987819641
AURR980105	0.9882458439560439	1.0017465932018497	0.07009969557402616	0.058153707659969335	17	48	0.061408158511197894	-0.21985269666316262	-0.013500749245805799	0.3431972803518577	0.5457235824199598	0.2630272785907462
SUEM840101	0.9131039634613458	0.8925301839172567	0.051955138525586496	0.036030378003721865	17	48	0.04066983306265517	0.5058732233396077	0.02057377954408912	0.3431972803518577	0.5457235824199598	0.2630272785907462
VASM830102	0.40832869271412825	0.4296444338380091	0.05799345093362063	0.04014339770882909	17	48	0.04534733457816558	-0.4700549949002786	-0.02131574112388085	0.3431972803518577	0.5457235824199598	0.2630272785907462
GEOR030104	0.9889625390991845	0.9912507174315904	0.04185311612630759	0.030057021457601498	17	48	0.033449295102578894	-0.06840737077982534	-0.00228817833240591	0.3508510820981297	0.5562769330657303	0.2547089484179137
AURR980110	0.9409744754789955	0.954349772173311	0.13275627095815043	0.11273369955759925	17	48	0.11814071038779335	-0.11321496756208307	-0.013375296694315475	0.3586122144957013	0.563680693474565	0.24896683986679305
AURR980112	0.9873381052594122	0.9909114488063644	0.12107207408836604	0.08905943420646871	17	48	0.09818346501759227	-0.03639455529820519	-0.003573343546952157	0.3586122144957013	0.563680693474565	0.24896683986679305
FAUJ880102	0.6325571119060123	0.6020115486924694	0.0748570177017038	0.07315128867583319	17	48	0.07358823536807997	0.41508758921527905	0.030545563213542848	0.3586122144957013	0.563680693474565	0.24896683986679305
ANDN920101	4.349219165122342	4.370171986453841	0.07921228663197301	0.05613157557341892	17	48	0.06280213437179166	-0.33363231267678584	-0.020952821331499116	0.36648042933170905	0.5695022580808092	0.24450454960052445
KUMS000102	5.856458283699416	5.775655403797472	0.8309867051507593	0.5012829494096767	17	48	0.6023630510039772	0.13414315464281365	0.08080287990194357	0.36648042933170905	0.5695022580808092	0.24450454960052445
RICJ880111	0.9894154332875807	0.9225156205614685	0.20861025756583554	0.15992087751617176	17	48	0.17358507932128053	0.38540070948316063	0.06689981272611223	0.36648042933170905	0.5695022580808092	0.24450454960052445
TANS770102	1.0623759714966468	1.0041532015223191	0.17682224667637203	0.12573648452156272	17	48	0.14048170513478958	0.4144509060340915	0.058222769974327626	0.36648042933170905	0.5695022580808092	0.24450454960052445
BEGF750103	0.7088664792694884	0.7310180250336369	0.08017697115803125	0.0537314881856386	17	48	0.06153408784677138	-0.3599882039254235	-0.02215154576414846	0.3744554269262281	0.5753570745186707	0.24006254250665404
ISOY800108	1.0750913277358718	1.0652431223268153	0.2069788442592605	0.22093848481244485	17	48	0.21747808256223716	0.045283668556523084	0.00984820540905651	0.3744554269262281	0.5753570745186707	0.24006254250665404
KUMS000101	5.812443492943479	5.709454173445902	0.8999662954484343	0.4978454725132652	17	48	0.6249823452577313	0.16478756604733516	0.10298931949757684	0.3744554269262281	0.5753570745186707	0.24006254250665404
RICJ880107	0.9976357537896471	0.922121878100298	0.243547614424064	0.14736499675578912	17	48	0.17682023130410873	0.42706581216645195	0.07551387568934909	0.3744554269262281	0.5753570745186707	0.24006254250665404
AURR980104	1.0099338274539584	1.02184256485442	0.0641464417104143	0.056403559743419145	17	48	0.05846722710772895	-0.20368226764917607	-0.011908737400461611	0.38253685562967843	0.5844906704732796	0.23322241657110596
PALJ810116	1.0319494766098027	1.068108491057843	0.18422787274829341	0.11998978118694516	17	48	0.1391426858297339	-0.2598700336450829	-0.03615901444804015	0.38253685562967843	0.5844906704732796	0.23322241657110596
AVBF000109	-0.31766759633087926	-0.323502839271563	0.02163242903010306	0.019194784350090446	17	48	0.019842258834172045	0.29408158564257547	0.005835242940683716	0.39072431136003277	0.5871598854778515	0.23124362289906206
FAUJ880103	3.357878888898125	3.286950448850019	0.3102102729348407	0.46536278321055924	17	48	0.43127947435196573	0.16446050476824078	0.07092844004810583	0.39072431136003277	0.5871598854778515	0.23124362289906206
MUNV940102	0.9603462582745577	0.9572000918376244	0.07029725027609497	0.05718815111879478	17	48	0.06078586300195529	0.051758193131715764	0.0031461664369332176	0.39072431136003277	0.5871598854778515	0.23124362289906206
QIAN880137	-0.03888856036701149	-0.03135149078302722	0.047306655066260216	0.04991079409605614	17	48	0.04926246842090131	-0.1529982119366639	-0.007537069583984271	0.39072431136003277	0.5871598854778515	0.23124362289906206
RICJ880101	1.0799910583707515	1.0943741962162783	0.12713920545901836	0.12328655300852007	17	48	0.1242763195089795	-0.11573514489610841	-0.014383137845526806	0.39072431136003277	0.5871598854778515	0.23124362289906206
RICJ880102	1.0799910583707515	1.0943741962162783	0.12713920545901836	0.12328655300852007	17	48	0.1242763195089795	-0.11573514489610841	-0.014383137845526806	0.39072431136003277	0.5871598854778515	0.23124362289906206
MAXF760104	1.1352253731002122	1.1163113874179345	0.398453521230491	0.3998940504222001	17	48	0.399528693781713	0.04734074417346261	0.018913985682277756	0.3990173371808832	0.5963455831637791	0.22450199300227425
TANS770107	1.1809704646483328	1.1323361717038278	0.44037187048196347	0.35377881716253073	17	48	0.37765635610302095	0.1287792252362833	0.04863429294450494	0.3990173371808832	0.5963455831637791	0.22450199300227425
GEIM800102	1.0291143971143788	1.0319728478120325	0.031414576881467565	0.03911606734784015	17	48	0.03731103635060152	-0.07661139912581351	-0.0028584506976536694	0.40741542292137956	0.600690663983813	0.22134911786423328
ISOY800104	0.9661246774731029	1.0072370579201435	0.11798866794438766	0.09516745847597562	17	48	0.10145081961172774	-0.40524443867862037	-0.041112380447040575	0.40741542292137956	0.600690663983813	0.22134911786423328
NAKH920106	5.577840905673663	5.690788682677891	0.5819894154985017	0.3121331292197169	17	48	0.39837886017557417	-0.28351850034022585	-0.11294777700422731	0.40741542292137956	0.600690663983813	0.22134911786423328
OOBM770102	-1.213743365022064	-1.2079148401066702	0.026589031409218984	0.0353099519354258	17	48	0.03331210815369641	-0.17496715874305938	-0.005828524915393762	0.40741542292137956	0.600690663983813	0.22134911786423328
SNEP660104	-0.020180723694884772	0.01541750434803901	0.10215942624013215	0.07243137277228538	17	48	0.08102136213646755	-0.43936842215716215	-0.035598228042923785	0.40741542292137956	0.600690663983813	0.22134911786423328
AURR980114	1.0221291463919004	0.9595154081508706	0.19593093789276939	0.12966878784737226	17	48	0.14930955711241065	0.41935519367919566	0.06261373824102989	0.4159180048390096	0.6034672377902871	0.2193463027548957
CHAM830101	1.01808878595279	1.0503370775146825	0.10041814180467194	0.07668223953552476	17	48	0.08335320207755804	-0.3868872551757069	-0.03224829156189246	0.4159180048390096	0.6034672377902871	0.2193463027548957
PTIO830101	0.9120294706766232	0.8848710355487347	0.06377018880073212	0.04391693662381976	17	48	0.049715853852312725	0.5462731306710753	0.027158435127888514	0.4159180048390096	0.6034672377902871	0.2193463027548957
QIAN880109	-0.029934413980470517	-0.06588519765647644	0.111514346204248	0.08992966965983132	17	48	0.09587296723705142	0.3749835298944648	0.03595078367600592	0.4159180048390096	0.6034672377902871	0.2193463027548957
QIAN880115	0.05153022437920419	0.08675766109455321	0.0877859997729208	0.0499385874421208	17	48	0.0617873524758826	-0.5701399283793446	-0.035227436715349024	0.4159180048390096	0.6034672377902871	0.2193463027548957
WERD780102	-0.16386465431044844	-0.18431552072809765	0.10558142868715849	0.06907370091731836	17	48	0.07994087982005246	0.2558248853863538	0.020450866417649205	0.4159180048390096	0.6034672377902871	0.2193463027548957
GARJ730101	0.565475831330593	0.5299959625609187	0.15146038715361843	0.11552041856918896	17	48	0.12562588930607838	0.28242481677666065	0.03547986876967424	0.42452446532614674	0.6110917961405322	0.21389354661041862
NAKH900109	5.823549424406584	5.614320737790575	0.907252794207056	0.5405833483592128	17	48	0.6534954715979329	0.3201685332331408	0.2092286866160098	0.42452446532614674	0.6110917961405322	0.21389354661041862
RACS820109	1.4075401350403411	1.3374262043036307	0.7035311967011575	0.5665094103854414	17	48	0.6042592892194733	0.11603285541092336	0.07011393073671046	0.42452446532614674	0.6110917961405322	0.21389354661041862
PALJ810105	1.0203150019297291	1.0585500840627042	0.15539973997020495	0.1162539206240598	17	48	0.1273408778472227	-0.30025772383042365	-0.03823508213297511	0.4332341326612445	0.620364059072515	0.20735337107543195
QIAN880112	8.622436066671078e-4	-0.030944170018529712	0.08252518010208627	0.06547743721919252	17	48	0.07020031887272053	0.4530807571239769	0.031806413625196824	0.4332341326612445	0.620364059072515	0.20735337107543195
BURA740102	0.3395177262204683	0.3362186562078394	0.017655760582650042	0.013708819776779513	17	48	0.014811195825715244	0.22274163757263962	0.0032990700126288575	0.44204628080550445	0.6296857177099243	0.20087615708718937
ROBB760113	-0.006966564098494311	0.3591588969643845	1.546820173186743	1.1416286140618708	17	48	1.2569697077820485	-0.29127628040369846	-0.36612546106287885	0.44204628080550445	0.6296857177099243	0.20087615708718937
BUNA790103	6.422993485178343	6.326552081770748	0.35520285886208436	0.38093207592577355	17	48	0.37456513874238373	0.2574756522494337	0.09644140340759488	0.45096012924580176	0.6374035935334716	0.19558549240392722
CHOP780215	0.08841392710117477	0.09097128306524396	0.010805694386490606	0.008804739828206645	17	48	0.009353558308210538	-0.2734099558479636	-0.0025573559640691967	0.45096012924580176	0.6374035935334716	0.19558549240392722
GEOR030101	0.9852438542728246	0.987478936204866	0.027787897572101445	0.022349273688222374	17	48	0.023848299543394243	-0.09372080923315007	-0.0022350819320414717	0.45096012924580176	0.6374035935334716	0.19558549240392722
DAWD720101	4.772749769217689	4.630872759390455	0.44380238336151134	0.5003319610292545	17	48	0.4865977810889681	0.291569372777912	0.14187700982723417	0.45997484288458484	0.6468026710999175	0.1892281952567319
NAKH920107	5.63733418225092	5.602412875894886	0.41809198951321397	0.2772151536302598	17	48	0.31894374119593016	0.10949048952988243	0.03492130635603452	0.45997484288458484	0.6468026710999175	0.1892281952567319
CHOP780210	1.0239536791028356	1.0538083678509296	0.1604306876042882	0.11378437901669339	17	48	0.1272612410657848	-0.23459372624427918	-0.029854688748093938	0.4690895319774281	0.6529057862383032	0.18514948253624605
ISOY800105	1.0682096213785677	1.0978551473118627	0.25262258378187746	0.1703866996053866	17	48	0.19459266390598215	-0.1523465753447846	-0.029645525933295058	0.4690895319774281	0.6529057862383032	0.18514948253624605
PALJ810108	0.969394653101908	0.9829652831705321	0.0899707548391354	0.08599325816489133	17	48	0.08702064056945234	-0.15594725549961025	-0.013570630068624134	0.4690895319774281	0.6529057862383032	0.18514948253624605
QIAN880114	0.02183555013308815	0.054400727784335	0.10240954817229994	0.05136972280538014	17	48	0.06806035191796762	-0.4784750112737779	-0.03256517765124685	0.4690895319774281	0.6529057862383032	0.18514948253624605
CEDJ970103	5.743290623574807	5.557458187207002	0.8971144653568538	0.45865002047562176	17	48	0.6011093232252992	0.3091491500592705	0.18583243636780455	0.4783032521188476	0.6573665299221347	0.18219241196745994
CHAM830106	2.0911167638228014	2.123005520226738	0.33566527166662674	0.39537219588044575	17	48	0.38109574553294884	-0.08367649541545379	-0.031888756403936735	0.4783032521188476	0.6573665299221347	0.18219241196745994
QIAN880110	-0.03959013290763077	-0.08798971130593762	0.15052719240837434	0.09091947973446834	17	48	0.10918554942785377	0.4432782419644983	0.04839957839830685	0.4783032521188476	0.6573665299221347	0.18219241196745994
ROBB760110	-0.4765130208103365	0.053776852398686764	1.743120467823002	1.0583054181020792	17	48	1.2677688830404448	-0.4182859196995339	-0.5302898732090232	0.4783032521188476	0.6573665299221347	0.18219241196745994
WOLS870102	-0.5729184627741123	-0.5239548114148053	0.47732187646165863	0.619381705385809	17	48	0.5865714551718669	-0.08347431660301395	-0.048963651359307026	0.4783032521188476	0.6573665299221347	0.18219241196745994
CHAM830102	0.09158826424570875	0.08722373547448282	0.040095992503809956	0.03246675689143509	17	48	0.03456424018692943	0.12627295573754235	0.004364528771225923	0.4876150042769388	0.6602114043056573	0.1803169780604789
FAUJ880105	1.5299988679286387	1.5116949187722555	0.057908633032680894	0.05908955957666991	17	48	0.05879188893289508	0.3113345988470503	0.018303949156383226	0.4876150042769388	0.6602114043056573	0.1803169780604789
FINA770101	0.9488305691574024	0.9303054617186801	0.05957271601200125	0.05174872760318682	17	48	0.05384358355761649	0.34405413263214685	0.018525107438722266	0.4876150042769388	0.6602114043056573	0.1803169780604789
GEOR030109	0.9914212491752498	0.9958900316544661	0.04999879274710006	0.03154040802113824	17	48	0.0371084945803505	-0.12042478493812639	-0.004468782479216338	0.4876150042769388	0.6602114043056573	0.1803169780604789
ROBB760108	-0.021177442547408897	0.34484943786747185	1.5340630481670186	1.0626576977805458	17	48	1.2000524853381793	-0.30500905992601896	-0.36602688041488074	0.4876150042769388	0.6602114043056573	0.1803169780604789
WERD780104	-0.20024862967251647	-0.22234454393994707	0.08963721572815925	0.07909393572779239	17	48	0.08190027506735367	0.2697904768849582	0.0220959142674306	0.4876150042769388	0.6602114043056573	0.1803169780604789
BUNA790101	8.133757267622265	8.123982609405267	0.3410055367493244	0.2606654691797958	17	48	0.2832364343595014	0.03451059620596309	0.009774658216997523	0.49702373487732954	0.6712888468590105	0.17309056834885833
CHAM830107	0.24313839947603688	0.2613852279771201	0.11543155647602658	0.08721115070098069	17	48	0.09517427570259383	-0.19172017193072197	-0.018246828501083223	0.5017594495079688	0.6760158100513767	0.1700431470498132
AURR980108	0.9703880441202393	0.9708867208186451	0.1223035609444033	0.08988746300384023	17	48	0.09912947350240549	-0.0050305593360562275	-4.986766984058644e-4	0.5065283359368895	0.6774352072309988	0.16913223622872248
GEIM800103	1.0326914578835862	1.006423270224999	0.12449286882027703	0.09166162262180078	17	48	0.10101568981478876	0.2600406699865115	0.026268187658587294	0.5065283359368895	0.6774352072309988	0.16913223622872248
KARP850103	0.9155362740098825	0.9151061155735618	0.017141028168811093	0.011436767552305695	17	48	0.013122512579460843	0.032780188528372035	4.301584363206601e-4	0.5065283359368895	0.6774352072309988	0.16913223622872248
AURR980101	0.9966777472085854	1.0041638653445155	0.03366735484878648	0.04355142298073764	17	48	0.041266073419006864	-0.1814109634303633	-0.007486118135930142	0.5161276452475679	0.6852471406563584	0.1641527679734421
MONM990201	1.6519085717270994	1.7630093511557716	0.6821853312669721	0.6537013755797401	17	48	0.6610516774406958	-0.16806670827734085	-0.11110077942867225	0.5161276452475679	0.6852471406563584	0.1641527679734421
RICJ880110	1.0258115137302706	0.9818018382026229	0.16037518151658126	0.10877599451246764	17	48	0.12393273775478147	0.35510936274745314	0.044009675527647674	0.5161276452475679	0.6852471406563584	0.1641527679734421
QIAN880131	-3.0783145248153065e-4	0.0373101068607128	0.12457496805490541	0.06679218133952311	17	48	0.08526140482241722	-0.4412071134828839	-0.037617938313194335	0.5258204466106671	0.6947434403285867	0.15817554507962536
RICJ880117	1.010343537971222	1.0228320600383887	0.1349775282464465	0.11622349751829907	17	48	0.12126151031914648	-0.10298834341002595	-0.012488522067166663	0.5258204466106671	0.6947434403285867	0.15817554507962536
FAUJ880106	3.8295370879776134	3.772491665503645	0.23782301575659293	0.3770625896512257	17	48	0.3470336387646779	0.16438009490097452	0.057045422473968266	0.5356054701218038	0.7025807965386731	0.15330372484183502
GEOR030108	0.9820294410416321	0.9813301045693095	0.04273345577036025	0.035488390806392725	17	48	0.03746138505573367	0.018668195831046525	6.993364723226758e-4	0.5356054701218038	0.7025807965386731	0.15330372484183502
LEVM760104	223.47047676514427	225.2340227304411	5.354947565274989	7.614208253361253	17	48	7.108777582422903	-0.24808005945457562	-1.763545965296828	0.5356054701218038	0.7025807965386731	0.15330372484183502
KIMC930101	-0.40053547539336487	-0.3889788678613436	0.03154768652973258	0.041136006662010324	17	48	0.038925273031962755	-0.2968921379827385	-0.011556607532021257	0.5454813925067341	0.7121200995254977	0.1474467561346778
MUNV940104	0.8613962682920081	0.8807561839187457	0.06664579546710613	0.0800848542165794	17	48	0.0768945923517114	-0.25177213422481554	-0.019359915626737556	0.5454813925067341	0.7121200995254977	0.1474467561346778
AURR980111	0.9759537705745953	0.9819768325954553	0.11887934261878368	0.10164157170308712	17	48	0.1062845982692004	-0.05666918931757765	-0.006023062020860004	0.5554468375081566	0.7216850834132107	0.14165227108892495
RACS820102	1.0416550550363555	1.0554591786065597	0.08815043385839495	0.05912229235439302	17	48	0.06768436551703812	-0.20394848152531356	-0.013804123570204219	0.5554468375081566	0.7216850834132107	0.14165227108892495
PALJ810102	0.9753163578807418	0.9751829149451465	0.08680990349287872	0.06830622990718027	17	48	0.0734485219345503	0.0018168226137234191	1.3344293559525156e-4	0.5655003763235414	0.7330064119644009	0.13489222635671935
AURR980115	0.9566494454786857	0.9682468102455322	0.16850171721710133	0.12420983182771524	17	48	0.13682366872935217	-0.08476139307291168	-0.011597364766846474	0.5756405280939627	0.740883220864465	0.13025024078040565
CHOC760101	160.75445990304212	159.46848551808074	8.003529056868386	11.681661044250001	17	48	10.866126382424186	0.11834708521717768	1.2859743849613778	0.5756405280939627	0.740883220864465	0.13025024078040565
CRAJ730101	0.9921866228902975	0.9888956851463707	0.1285523192406036	0.08407420247954887	17	48	0.09731550244984148	0.033817199326725646	0.0032909377439267473	0.5756405280939627	0.740883220864465	0.13025024078040565
LEVM760102	1.9223037855330498	1.9362062709846544	0.2003812598610082	0.27300147928776586	17	48	0.25651335403961883	-0.05419790132819866	-0.013902485451604552	0.5858657604438441	0.7487583433709876	0.1256583252573338
LEVM760103	105.18777331756505	104.66597053412873	7.631522705381904	10.572722925450572	17	48	9.908805057925823	0.05266051561070285	0.5218027834363141	0.5858657604438441	0.7487583433709876	0.1256583252573338
TANS770108	1.0088102852179477	0.9903122814742944	0.20916336469824365	0.23996098044224753	17	48	0.2325261139267461	0.07955237126390377	0.01849800374365329	0.5858657604438441	0.7487583433709876	0.1256583252573338
FAUJ880113	4.223391128659216	4.228837520366399	0.267720029042084	0.20122990079466282	17	48	0.22002804485657756	-0.024753170491213318	-0.005446391707183196	0.596174490071457	0.7548783473821458	0.122123031572901
KANM800103	0.9987969870575977	0.9592437077439129	0.13801194376973727	0.10087130146541409	17	48	0.11148226854227858	0.3547943527780348	0.0395532793136848	0.596174490071457	0.7548783473821458	0.122123031572901
NAKH920104	5.737550908949168	5.6602853168347504	0.42950252200318106	0.3435706122638076	17	48	0.3673040919621737	0.2103586477941409	0.07726559211441764	0.596174490071457	0.7548783473821458	0.122123031572901
RICJ880103	1.0741760007831183	1.1133662703734684	0.30949408371515885	0.22871889121417688	17	48	0.2517010374508757	-0.15570166093573945	-0.0391902695903501	0.596174490071457	0.7548783473821458	0.122123031572901
AVBF000102	0.223888014724559	0.21352814377077278	0.03813352863293979	0.0415955693557341	17	48	0.04074419842376414	0.2542661619216883	0.01035987095378621	0.606565083389945	0.7609887628768347	0.11862175618161484
AVBF000107	-0.49271195913263455	-0.492535947322651	0.04572209979017168	0.044106720065860305	17	48	0.044522527921902026	-0.003953320222344572	-1.7601180998355614e-4	0.606565083389945	0.7609887628768347	0.11862175618161484
MUNV940101	0.7663115680872383	0.7657946403443757	0.08759894788011625	0.07652181852546573	17	48	0.07948144238892735	0.006503753924508785	5.169277428626051e-4	0.606565083389945	0.7609887628768347	0.11862175618161484
QIAN880106	-0.1488438942392342	-0.14876454632275016	0.0999734743498596	0.10046042624587145	17	48	0.10033697980463689	-7.908142804231388e-4	-7.934791648403494e-5	0.606565083389945	0.7609887628768347	0.11862175618161484
GEIM800109	1.1750397877926146	1.1746486163873977	0.14625554936472773	0.1660777881195363	17	48	0.16127453974627554	0.0024255000561920546	3.9117140521693905e-4	0.617035857218573	0.7688351113862402	0.11416679139947442
QIAN880102	-0.0580922823573754	-0.051018372267063364	0.05367819284164017	0.052195587425635445	17	48	0.05257608296300194	-0.13454616037657247	-0.007073910090312038	0.617035857218573	0.7688351113862402	0.11416679139947442
QIAN880132	0.06998865598595605	0.10652771450932207	0.17066122386184457	0.14343467896204432	17	48	0.15081571264298732	-0.24227620506532827	-0.036539058523366016	0.617035857218573	0.7688351113862402	0.11416679139947442
KLEP840101	0.015432632038871867	-0.0018671781063645213	0.10341436721883747	0.08291036705943686	17	48	0.08856856038220415	0.19532676234751575	0.017299810145236388	0.6275098589513246	0.7766720328043824	0.1097623330808346
QIAN880130	-0.0779014583138145	-0.058523034963056116	0.06428514963895712	0.04377589317309192	17	48	0.04979142880779077	-0.3891919516020451	-0.01937842335075838	0.6275850795238336	0.7766720328043824	0.1097623330808346
RICJ880109	1.0234505757804078	0.9950721504330573	0.09185351161034733	0.08197878866446577	17	48	0.0845959214835878	0.3354585522524993	0.028378425347350467	0.6275850795238336	0.7766720328043824	0.1097623330808346
CHOP780205	0.9779363001018567	0.9799764509516701	0.1654688568330959	0.1151787300562833	17	48	0.12980985206106	-0.015716456165851746	-0.002040150849813349	0.638210970209973	0.784497529673832	0.10540841963690738
OOBM770105	-9.363455822387888	-9.250712052537267	0.39163090967691394	0.44206308109745346	17	48	0.4298158592635356	-0.26230714251400705	-0.11274376985062062	0.638210970209973	0.784497529673832	0.10540841963690738
QIAN880127	0.009420814058451448	-0.0019373276656468967	0.062334274425446874	0.0331818276046356	17	48	0.0425231162904063	0.26710511164161477	0.011358141724098344	0.638210970209973	0.784497529673832	0.10540841963690738
ROBB760111	0.30078722190167995	0.36035924541852704	1.1141595143043295	0.7986829754400907	17	48	0.8894680419337868	-0.0669748891565929	-0.059572023516847095	0.6489117019584277	0.7958625582315246	0.09916192642746355
QIAN880123	-0.08761276977096215	-0.0786580333800137	0.07928809847097348	0.053983545644498906	17	48	0.061406029816480155	-0.14582829109308695	-0.008954736390948445	0.6596854011155935	0.803670187996057	0.09492214145057934
ROSM880103	0.569259688921731	0.5701012487177066	0.09441707594282862	0.07891993585756511	17	48	0.08312985564138517	-0.010123436273077152	-8.41559795975666e-4	0.6596854011155935	0.803670187996057	0.09492214145057934
VASM830101	0.16019080524319626	0.15440133864845126	0.023888068543925306	0.024335302762418017	17	48	0.024222501753489077	0.23901191766498955	0.005789466594744996	0.6596854011155935	0.803670187996057	0.09492214145057934
WERD780103	0.14474649533249986	0.12146478488714783	0.11313130232359854	0.07167855760637336	17	48	0.08416314459503438	0.27662595732818723	0.02328171044535203	0.6705301486282819	0.8150666473326004	0.08880687790375001
AVBF000104	-0.6970678500829437	-0.6986574476571898	0.037505786205887494	0.026734281614347957	17	48	0.029840546936933325	0.05326971980794095	0.0015895975742461488	0.6814439810261488	0.8210349286812849	0.08563836661884333
GEOR030105	0.9799062994695608	0.9757354642968598	0.07133180187586216	0.046272810986906686	17	48	0.05375528738310391	0.07758930099240731	0.004170835172701004	0.6814439810261488	0.8210349286812849	0.08563836661884333
HUTJ700102	44.78130140209825	44.233313439497195	3.148548049829481	3.297729905154085	17	48	3.2604891441844095	0.16806924923472838	0.5479879626010558	0.6814439810261488	0.8210349286812849	0.08563836661884333
ZIMJ680104	6.009702509499768	6.011725395071234	0.4242546387402636	0.3518276384555443	17	48	0.37156166087437786	-0.00544427960276033	-0.0020228855714661265	0.6814439810261488	0.8210349286812849	0.08563836661884333
BLAM930101	0.5231274353660275	0.4973953710981165	0.15040056027408588	0.1058089894810312	17	48	0.11873110492795351	0.21672555210806205	0.02573206426791097	0.6924248914503108	0.8287886556308971	0.08155620213385745
RACS820104	1.153321240326172	1.1723403493889955	0.09304968007000325	0.08181969599500727	17	48	0.08481273789249284	-0.22424826194069872	-0.019019109062823558	0.6924248914503108	0.8287886556308971	0.08155620213385745
RADA880103	-2.583728371562067	-2.575296655836403	0.4938426236165087	0.4921054537474094	17	48	0.49254722016769725	-0.017118593670660008	-0.008431715725663924	0.6924248914503108	0.8287886556308971	0.08155620213385745
ISOY800101	0.976403878776096	0.9738918261090287	0.11863981252435171	0.09780608335373908	17	48	0.10349525631947608	0.02427215271889332	0.0025120526670673327	0.7034708307273004	0.834704000884671	0.07846750484310752
QIAN880101	-0.018706437484101602	-0.02583531440253746	0.03839413406146905	0.031814606166940304	17	48	0.033607846605164346	0.21211941967565395	0.007128876918435858	0.7034708307273004	0.834704000884671	0.07846750484310752
RACS820103	1.3979398033014363	1.4734107176493587	0.4357358800564367	0.24258618809348875	17	48	0.3035167125291117	-0.24865488861897067	-0.07547091434792241	0.7034708307273004	0.834704000884671	0.07846750484310752
TANS770109	1.0076364205444381	1.0263193914381241	0.14632669763800388	0.14669971686080813	17	48	0.14660507173264498	-0.12743741176810724	-0.01868297089368598	0.7034708307273004	0.834704000884671	0.07846750484310752
GEOR030107	0.9929481659336292	1.0002158308675781	0.0534310432959293	0.02462152504149499	17	48	0.03431190697244605	-0.21181174627761656	-0.007267664933948925	0.725749394326684	0.8537310079498841	0.06867894449261722
RACS820107	1.1725429883427385	1.1834583066152198	0.15360996270770944	0.11116974487629644	17	48	0.12333949807980844	-0.08849815705767156	-0.010915318272481267	0.725749394326684	0.8537310079498841	0.06867894449261722
RACS820113	21.317201494937244	21.73716669238269	2.8948608432316054	2.0518957026300835	17	48	2.295497593209003	-0.18295170454017057	-0.41996519744544614	0.725749394326684	0.8537310079498841	0.06867894449261722
ROBB760103	-1.0990061129622632	-1.364103976283543	1.8803181017894728	1.3246420569143271	17	48	1.4855886430634688	0.17844634486072464	0.2650978633212797	0.725749394326684	0.8537310079498841	0.06867894449261722
FAUJ880107	10.986487292887915	10.93957029105232	1.0904835969825033	1.234230548345473	17	48	1.19935663168996	0.03911847451869814	0.04691700183559533	0.7369777190107858	0.8595454420019186	0.06573115831492149
ISOY800106	0.9756915980119815	0.9743698529382718	0.09820439424995778	0.09028282316032533	17	48	0.09235903821470458	0.014310944540554975	0.0013217450737096348	0.7369777190107858	0.8595454420019186	0.06573115831492149
MAXF760103	1.0676639126681433	1.0346407635143093	0.18467930689986453	0.1269665141851787	17	48	0.14383447504904606	0.22959133505770035	0.033023149153833975	0.7369777190107858	0.8595454420019186	0.06573115831492149
WOLS870103	-0.3027408037212729	-0.2670611794519396	0.43510144914377175	0.3155860422587468	17	48	0.3498288967248227	-0.10199164392471295	-0.0356796242693333	0.7369777190107858	0.8595454420019186	0.06573115831492149
ROBB760104	-1.0562570718972228	-1.0676474527036395	1.7015192683446432	1.4194749473557033	17	48	1.4961506908804119	0.007613124049499285	0.011390380806416633	0.748262475720848	0.8708501579134126	0.06005656507227785
AURR980109	0.9991296919199776	0.9627919765528635	0.14824524618025522	0.10572014660082973	17	48	0.11798127843910106	0.3079956061492473	0.036337715367114054	0.7596014213389178	0.8784396986731249	0.05628804570239267
AVBF000106	-0.24828550961422027	-0.25323110189920284	0.03343969359114839	0.03548682067960536	17	48	0.034978267286943476	0.1413904309327704	0.004945592284982564	0.7596014213389178	0.8784396986731249	0.05628804570239267
MAXF760101	0.9727892261658365	0.9726592723746024	0.11345368868541664	0.09428620047347822	17	48	0.09950453039126349	0.0013060087889783128	1.2995379123414974e-4	0.7596014213389178	0.8784396986731249	0.05628804570239267
PALJ810107	0.981492092283997	0.9783887157732356	0.025093915724361295	0.028864454815056343	17	48	0.027955077636090883	0.11101298129663813	0.003103376510761424	0.7709922777724996	0.8897315948134119	0.05074098714389545
CHAM830108	0.4010227012200809	0.3889148544439496	0.17686669283664713	0.10056457681576017	17	48	0.124456356584223	0.09728588485504631	0.012107846776131304	0.7824327333166634	0.8972551470109326	0.04708404170240161
FUKS010111	5.930322562528056	5.934277811747373	0.640938060494638	0.4514287970675511	17	48	0.5063228724408788	-0.007811713502591957	-0.003955249219317558	0.7824327333166634	0.8972551470109326	0.04708404170240161
KUMS000103	5.572279511791975	5.463522839610255	1.2231685074052787	0.640383885889744	17	48	0.8281990469052447	0.13131706995813855	0.1087566721817197	0.7824327333166634	0.8972551470109326	0.04708404170240161
KUMS000104	5.726450259220982	5.459932779260243	1.1325772765624873	0.6672537357094727	17	48	0.8111269384307714	0.3285767829094064	0.26651747996073905	0.7939204440524084	0.9047385060347237	0.04347692554212028
PALJ810115	1.0052606230589127	1.0302602205485059	0.12015446776062486	0.10928636621531958	17	48	0.11214634008643058	-0.222919423588198	-0.02499959748959313	0.7939204440524084	0.9047385060347237	0.04347692554212028
QIAN880117	-0.017193765935759647	-5.97348850039813e-4	0.06803638495355564	0.0630214881239974	17	48	0.06433215755313934	-0.25798011005632665	-0.016596417085719833	0.7939204440524084	0.9047385060347237	0.04347692554212028
CHOP780212	0.08682773691538219	0.0884787898370163	0.011852785514112125	0.007137134956913786	17	48	0.008583793399207172	-0.1923453704962905	-0.0016510529216341163	0.8054530352798847	0.9121797314660391	0.039919581963804664
FASG760104	9.3958530313616	9.39008863736054	0.11624119037874862	0.07481639508018509	17	48	0.08722115652516754	0.06608940113511355	0.0057643940010603245	0.8054530352798847	0.9121797314660391	0.039919581963804664
PALJ810113	1.1302578834365131	1.1598715232920735	0.2626161810952102	0.2447213280710265	17	48	0.24938772555977604	-0.11874537846275156	-0.029613639855560425	0.8054530352798847	0.9121797314660391	0.039919581963804664
CEDJ970101	5.72257975908726	5.70351543682767	0.5888048564352615	0.377047543889077	17	48	0.4405769397514765	0.04327126669485652	0.019064322259589872	0.8170281029850187	0.919576897804126	0.03641194788798752
DAYM780101	5.651304596499775	5.749889981419538	0.5854248038115025	0.35926044659882933	17	48	0.42816986752463726	-0.23024830189408613	-0.09858538491976354	0.8170281029850187	0.919576897804126	0.03641194788798752
QIAN880104	-0.03950776216549071	-0.059619981130479935	0.09284442891657811	0.07230693683149585	17	48	0.07803653845550093	0.2577282304296197	0.02011221896498922	0.8170281029850187	0.919576897804126	0.03641194788798752
FUKS010110	5.728827140534469	5.64411985425802	0.8496512364654394	0.4625429904363108	17	48	0.5856210707258395	0.14464521601222496	0.08470728627644952	0.8286432153380417	0.9269280956848852	0.03295395394445063
QIAN880108	-0.048809057560058766	-0.05820844926956005	0.11290800893622045	0.10631208789224292	17	48	0.10802540245168392	0.08701093905857293	0.009399391709501284	0.8286432153380417	0.9269280956848852	0.03295395394445063
RACS820108	1.0648769953028716	1.0473278139912032	0.10698250065532561	0.07924445625321633	17	48	0.0871296450513029	0.20141458514303864	0.017549181311668383	0.8286432153380417	0.9269280956848852	0.03295395394445063
AURR980120	0.9377309478238748	0.9408719436858685	0.07647631089433414	0.07401623873597321	17	48	0.07464869969729183	-0.042077033822836035	-0.0031409958619936784	0.8402959142223689	0.9342314330886907	0.029545524559142725
CHOP780201	0.9666856708381166	0.9670825766586674	0.09407592609074553	0.07758363057445009	17	48	0.0820866562415251	-0.004835205120097936	-3.969058205507414e-4	0.8402959142223689	0.9342314330886907	0.029545524559142725
ROBB760101	-0.8178277755578667	-0.820214809105481	1.4745218017994026	1.3523063698925795	17	48	1.3843677202805726	0.0017242770924552366	0.00238703354761427	0.8402959142223689	0.9342314330886907	0.029545524559142725
AVBF000103	-0.3815035851515904	-0.3874106892452376	0.032717732923067164	0.030610680832671194	17	48	0.031159306100752997	0.18957752379166254	0.0059071040936471975	0.8519837167922325	0.9376963643568434	0.02793776783843397
GEIM800104	1.0040369500896298	0.9965100274138686	0.08724070541005077	0.06647858666303545	17	48	0.07231840614779121	0.10408031753878819	0.007526922675761161	0.8519821181374926	0.9376963643568434	0.02793776783843397
GEOR030102	0.9860847798802218	0.9831960174690366	0.03408274800244786	0.02406502360426307	17	48	0.02696412412313094	0.10713355264178918	0.002888762411185186	0.8519837167922325	0.9376963643568434	0.02793776783843397
KOEP990101	0.10928394324120999	0.12967939443060178	0.14485734355249247	0.12399166852431394	17	48	0.129609504555408	-0.15736076809608313	-0.02039545118939179	0.8519837167922325	0.9376963643568434	0.02793776783843397
NADH010107	28.89784666994149	30.123230120315448	28.878638420637945	30.306954737537676	17	48	29.9506612453828	-0.04091340222289292	-1.2253834503739576	0.8519837167922325	0.9376963643568434	0.02793776783843397
CHOP780206	1.0203659740756772	1.0307375622097623	0.07557184648334762	0.08474313621760324	17	48	0.08251054988689875	-0.12570014559716258	-0.010371588134085119	0.8637041170574262	0.9486870522699038	0.022877026652485435
BUNA790102	4.405772890648882	4.405613224190267	0.051700916404031245	0.05009979091411302	17	48	0.05051123424392986	0.0031610088528716907	1.59666458614538e-4	0.8754545874934796	0.95203510806945	0.021347035901561635
CHAM820102	0.60205166630386	0.5264838819077833	0.3627973022116555	0.27500728602986363	17	48	0.2997489284368607	0.2521036014712371	0.0755677843960767	0.8754545874934796	0.95203510806945	0.021347035901561635
FASG760101	129.48677151446705	129.46817796337564	5.716197562251581	7.609039494163059	17	48	7.175775261746116	0.002591155716725863	0.018593551091413474	0.8754545874934796	0.95203510806945	0.021347035901561635
JUKT750101	3.5213799935885395	3.532112334470622	0.372842515108405	0.21535963890876444	17	48	0.2643961085157367	-0.040591901833697916	-0.010732340882082525	0.8754545874934796	0.95203510806945	0.021347035901561635
ONEK900102	-0.20763841286358323	-0.21316615919759166	0.15372237675742514	0.11404963890206048	17	48	0.12532074101754	0.044108790684813805	0.005527746334008432	0.8754545874934796	0.95203510806945	0.021347035901561635
NAKH900102	2.697405211382643	2.7162228628850738	0.19717404498866983	0.10370973145751604	17	48	0.13378257407982114	-0.14065846491489253	-0.018817651502430532	0.8872325806755368	0.95912296764727	0.018125709047184878
QIAN880105	-0.03800976147922002	-0.0579167320007358	0.10549177239784044	0.09640257729130264	17	48	0.09879019771704318	0.20150754813279867	0.019906970521515778	0.8872325806755368	0.95912296764727	0.018125709047184878
ROBB760112	0.07782191696740628	0.14315542221398553	0.9563297002147885	0.8346279390591872	17	48	0.8671559275681209	-0.07534228063204568	-0.06533350524657924	0.8872325806755368	0.95912296764727	0.018125709047184878
JOND920101	0.056897036423048546	0.05667652502100083	0.006165140864333901	0.0033927329691997472	17	48	0.004270874653081676	0.05163143851309306	2.205114020477142e-4	0.8990355309341855	0.9661540970943016	0.014953600105776335
MAXF760105	1.00058687762553	1.0366778602767506	0.2588394745059649	0.2592944007299949	17	48	0.2591789395577296	-0.139251216602735	-0.03609098265122057	0.8990355309341855	0.9661540970943016	0.014953600105776335
PALJ810109	0.9949914399127983	0.9877777003879752	0.08523106610993543	0.05122585601341296	17	48	0.06166492987595472	0.11698285458743311	0.007213739524823071	0.8990355309341855	0.9661540970943016	0.014953600105776335
AURR980113	0.9767683645244271	0.9429533600668167	0.14409894711976673	0.09604388904265009	17	48	0.11025081436051962	0.30670979306361784	0.03381500445761032	0.9108608560314386	0.9668968572676454	0.014619851365415246
AVBF000105	-0.26376666248462294	-0.2712996871124721	0.03159141165188292	0.033166406497957525	17	48	0.032773578954570955	0.22985053412357104	0.007533024627849161	0.9108608560314386	0.9668968572676454	0.014619851365415246
BURA740101	0.31152670619634804	0.30698658504245063	0.045375256017754245	0.036706182865765255	17	48	0.03909040867743765	0.1161441209622832	0.004540121153897403	0.9227059588550474	0.9668968572676454	0.014619851365415246
CEDJ970104	5.639482882867531	5.656226998316302	0.6406358910982803	0.34454086805779505	17	48	0.4390813783312403	-0.03813442399312817	-0.016744115448770636	0.9108608560314386	0.9668968572676454	0.014619851365415246
LEVM780101	0.9953379549864791	0.9839860234335815	0.09374141251748619	0.06839901971377124	17	48	0.07564382452885668	0.1500708302839322	0.011351931552897598	0.9227059588550474	0.9668968572676454	0.014619851365415246
LEVM780104	0.987060909838606	0.9758068104777865	0.08441255437862456	0.07225606935411823	17	48	0.07552901562044899	0.1490036546666242	0.011254099360819447	0.9227059588550474	0.9668968572676454	0.014619851365415246
NAGK730101	0.9860671844060679	0.9821243734387871	0.0858511253599749	0.07638688083332998	17	48	0.07889812228348031	0.04997344490803326	0.003942810967280774	0.9227059588550474	0.9668968572676454	0.014619851365415246
ONEK900101	12.075576858081758	12.079113087722927	0.28366095161156196	0.209762529241909	17	48	0.23078305435518698	-0.015322743912238427	-0.003536229641168731	0.9108608560314386	0.9668968572676454	0.014619851365415246
PRAM820101	0.3005417163360408	0.3012004089938827	0.01354385136668615	0.010156335890097757	17	48	0.011114897065531057	-0.05926214646508571	-6.586926578418528e-4	0.9227059588550474	0.9668968572676454	0.014619851365415246
PRAM900102	0.9953379549864791	0.9839860234335815	0.09374141251748619	0.06839901971377124	17	48	0.07564382452885668	0.1500708302839322	0.011351931552897598	0.9227059588550474	0.9668968572676454	0.014619851365415246
RACS820114	21.722254523159386	22.040881619694716	1.8545051576929363	2.1539460471385157	17	48	2.0819814968597696	-0.1530403113648762	-0.31862709653533017	0.9227059588550474	0.9668968572676454	0.014619851365415246
RICJ880108	0.984801271543259	0.9749047564953862	0.13854497994057138	0.08269054538491898	17	48	0.09987996918383604	0.09908408191093437	0.009896515047872811	0.9108608560314386	0.9668968572676454	0.014619851365415246
TANS770105	1.0459914680358926	1.0469799280657688	0.18065335422309114	0.11702203025516487	17	48	0.13603194430101279	-0.0072663816940593574	-9.884600298761814e-4	0.9108608560314386	0.9668968572676454	0.014619851365415246
FASG760103	-6.451343978753796	-6.042305343135518	6.577722881673157	3.7629558394567773	17	48	4.642412029519926	-0.08810907627700953	-0.4090386356182778	0.9345682291292942	0.9700357141057379	0.01321227588476728
FINA910104	1.0650408012107182	1.070901650822175	0.09529633709228222	0.06724932292464968	17	48	0.07536771520521357	-0.07776339770283092	-0.00586084961145672	0.9345682291292942	0.9700357141057379	0.01321227588476728
KANM800101	0.9892693602027991	0.9791151455695268	0.08322365021785917	0.06854654376804512	17	48	0.07255587473933185	0.13995027514660724	0.010154214633272263	0.9345682291292942	0.9700357141057379	0.01321227588476728
QIAN880107	-0.11479027342060563	-0.13506329423352162	0.14090388369950563	0.11246876447449644	17	48	0.12032864726658478	0.16848041820001244	0.020273020812915987	0.9345682291292942	0.9700357141057379	0.01321227588476728
ROBB760109	0.2123383064356865	0.17441877338195544	0.8542576880067392	0.6718527659666554	17	48	0.7225533176321695	0.05247990996428414	0.03791953305373105	0.9345682291292942	0.9700357141057379	0.01321227588476728
CRAJ730103	1.0249315753235881	1.0336240301068733	0.11532215642035454	0.08580822137702507	17	48	0.09418409753629957	-0.0922921704477235	-0.008692454783285175	0.9464450451403852	0.9749631632613762	0.01101179280867905
FUKS010109	5.63725511821798	5.584703439395663	1.1486059122065604	0.6595506145994828	17	48	0.8121503720152684	0.06470683340563543	0.052551678822316816	0.9464450451403852	0.9749631632613762	0.01101179280867905
FUKS010112	5.692308251831982	5.581145061875955	0.7596770542720646	0.3989008385855829	17	48	0.5150508673097469	0.21582953648182837	0.11116318995602636	0.9464450451403852	0.9749631632613762	0.01101179280867905
QIAN880113	-0.021427918571299425	-0.036397215861459345	0.07152927780027395	0.04003319723223638	17	48	0.04995043173334747	0.29968304118112854	0.01496929729015992	0.9464450451403852	0.9749631632613762	0.01101179280867905
JUNJ780101	464.7035352898525	469.15046617826954	48.89661024860811	30.463330199534244	17	48	36.04907078533498	-0.1233577119060195	-4.446930888417057	0.9583337754745433	0.9835057695770643	0.007223088019039712
RACS820106	1.262147187153091	1.2736160407967285	0.24875240493752085	0.22323837007136507	17	48	0.22998642221429913	-0.049867524931324084	-0.011468853643637589	0.9583337754745433	0.9835057695770643	0.007223088019039712
AURR980103	1.010794900130124	1.0137400538634835	0.03915616570384784	0.03954300372031485	17	48	0.0394451185411306	-0.0746645932953294	-0.0029451537333595734	0.9702317807668822	0.9882994116936399	0.00511146315809039
BEGF750101	0.5693081135509445	0.5478098089417712	0.09174365940106774	0.06302997891154086	17	48	0.07142439248087186	0.30099387425564295	0.021498304609173235	0.9702317807668822	0.9882994116936399	0.00511146315809039
GEIM800101	0.9983708473963712	0.9878423473938843	0.10013643701726628	0.07809161243187868	17	48	0.0842386060412894	0.12498426193479882	0.01052850000248684	0.9702317807668822	0.9882994116936399	0.00511146315809039
TANS770101	0.9701249825849039	0.9647346671614421	0.1103275852517363	0.09607369165079357	17	48	0.09988660759716561	0.05396434570288436	0.0053903154234618	0.9702317807668822	0.9882994116936399	0.00511146315809039
GEOR030106	0.9847802021579318	0.9849502059575646	0.02624820306494058	0.025969468924539413	17	48	0.026040541191276183	-0.006528428053164881	-1.7000379963272305e-4	0.982136415459122	0.9911967144947228	0.0038401461791852227
NAKH900101	5.651733054863608	5.636752560166615	0.6624179533610931	0.33220720628966693	17	48	0.4401975968788479	0.034031295952567646	0.01498049469699314	0.982136415459122	0.9911967144947228	0.0038401461791852227
OOBM850102	1.2311405509278637	1.2473770530177877	0.19905202902246244	0.14914555951917546	17	48	0.16327180894548643	-0.09944461444256479	-0.016236502089924	0.982136415459122	0.9911967144947228	0.0038401461791852227
PALJ810101	0.9772776520015961	0.970638517752247	0.078594080318844	0.07253666887678137	17	48	0.0741219697279809	0.08957039692433974	0.006639134249349143	0.982136415459122	0.9911967144947228	0.0038401461791852227
RADA880106	155.54235146538682	154.0241908331	10.67245217247118	15.498277385163016	17	48	14.42641979787754	0.10523474663548739	1.518160632286822	0.982136415459122	0.9911967144947228	0.0038401461791852227
CEDJ970102	5.679372750629626	5.660127601448612	0.623288060280453	0.3462784074954503	17	48	0.4337272690315229	0.044371545335359634	0.019245149181013943	0.9940450295641984	0.9976929012323238	0.0010031178554473301
HUTJ700103	211.5965110239245	210.1968411785191	12.334380563635243	15.12583434125438	17	48	14.468006156230523	0.09674241428233404	1.3996698454054126	0.9940450295641984	0.9976929012323238	0.0010031178554473301
RACS820110	1.200420867748586	1.2189154941150682	0.13352499538385312	0.1489023768835714	17	48	0.14515142223987335	-0.12741608784182992	-0.018494626366482247	0.9940450295641984	0.9976929012323238	0.0010031178554473301
LEVM760105	1.4664871291773127	1.4625623385057502	0.09838301524228114	0.13421499540028203	17	48	0.12608322632762903	0.031128571070697858	0.003924790671562484	1	1	-0
MUNV940105	1.4107387213219265	1.4144881210689453	0.09567278523579614	0.10380482308970479	17	48	0.10180110161724926	-0.0368306402136568	-0.0037493997470188223	1	1	-0
